e: Daemon compilation failed: Connection to the Kotlin daemon has been unexpectedly lost. This might be caused by the daemon being killed by another process or the operating system, or by JVM crash.
org.jetbrains.kotlin.gradle.tasks.DaemonCrashedException: Connection to the Kotlin daemon has been unexpectedly lost. This might be caused by the daemon being killed by another process or the operating system, or by JVM crash.
	at org.jetbrains.kotlin.compilerRunner.GradleKotlinCompilerWork.compileWithDaemon(GradleKotlinCompilerWork.kt:250)
	at org.jetbrains.kotlin.compilerRunner.GradleKotlinCompilerWork.compileWithDaemonOrFallbackImpl(GradleKotlinCompilerWork.kt:175)
	at org.jetbrains.kotlin.compilerRunner.GradleKotlinCompilerWork.run(GradleKotlinCompilerWork.kt:135)
	at org.jetbrains.kotlin.compilerRunner.GradleCompilerRunnerWithWorkers$GradleKotlinCompilerWorkAction.execute(GradleCompilerRunnerWithWorkers.kt:73)
	at org.gradle.workers.internal.DefaultWorkerServer.execute(DefaultWorkerServer.java:63)
	at org.gradle.workers.internal.NoIsolationWorkerFactory$1$1.create(NoIsolationWorkerFactory.java:66)
	at org.gradle.workers.internal.NoIsolationWorkerFactory$1$1.create(NoIsolationWorkerFactory.java:62)
	at org.gradle.internal.classloader.ClassLoaderUtils.executeInClassloader(ClassLoaderUtils.java:100)
	at org.gradle.workers.internal.NoIsolationWorkerFactory$1.lambda$execute$0(NoIsolationWorkerFactory.java:62)
	at org.gradle.workers.internal.AbstractWorker$1.call(AbstractWorker.java:44)
	at org.gradle.workers.internal.AbstractWorker$1.call(AbstractWorker.java:41)
	at org.gradle.internal.operations.DefaultBuildOperationRunner$CallableBuildOperationWorker.execute(DefaultBuildOperationRunner.java:204)
	at org.gradle.internal.operations.DefaultBuildOperationRunner$CallableBuildOperationWorker.execute(DefaultBuildOperationRunner.java:199)
	at org.gradle.internal.operations.DefaultBuildOperationRunner$2.execute(DefaultBuildOperationRunner.java:66)
	at org.gradle.internal.operations.DefaultBuildOperationRunner$2.execute(DefaultBuildOperationRunner.java:59)
	at org.gradle.internal.operations.DefaultBuildOperationRunner.execute(DefaultBuildOperationRunner.java:157)
	at org.gradle.internal.operations.DefaultBuildOperationRunner.execute(DefaultBuildOperationRunner.java:59)
	at org.gradle.internal.operations.DefaultBuildOperationRunner.call(DefaultBuildOperationRunner.java:53)
	at org.gradle.internal.operations.DefaultBuildOperationExecutor.call(DefaultBuildOperationExecutor.java:73)
	at org.gradle.workers.internal.AbstractWorker.executeWrappedInBuildOperation(AbstractWorker.java:41)
	at org.gradle.workers.internal.NoIsolationWorkerFactory$1.execute(NoIsolationWorkerFactory.java:59)
	at org.gradle.workers.internal.DefaultWorkerExecutor.lambda$submitWork$0(DefaultWorkerExecutor.java:170)
	at java.base/java.util.concurrent.FutureTask.run(FutureTask.java:264)
	at org.gradle.internal.work.DefaultConditionalExecutionQueue$ExecutionRunner.runExecution(DefaultConditionalExecutionQueue.java:187)
	at org.gradle.internal.work.DefaultConditionalExecutionQueue$ExecutionRunner.access$700(DefaultConditionalExecutionQueue.java:120)
	at org.gradle.internal.work.DefaultConditionalExecutionQueue$ExecutionRunner$1.run(DefaultConditionalExecutionQueue.java:162)
	at org.gradle.internal.Factories$1.create(Factories.java:31)
	at org.gradle.internal.work.DefaultWorkerLeaseService.withLocks(DefaultWorkerLeaseService.java:264)
	at org.gradle.internal.work.DefaultWorkerLeaseService.runAsWorkerThread(DefaultWorkerLeaseService.java:128)
	at org.gradle.internal.work.DefaultWorkerLeaseService.runAsWorkerThread(DefaultWorkerLeaseService.java:133)
	at org.gradle.internal.work.DefaultConditionalExecutionQueue$ExecutionRunner.runBatch(DefaultConditionalExecutionQueue.java:157)
	at org.gradle.internal.work.DefaultConditionalExecutionQueue$ExecutionRunner.run(DefaultConditionalExecutionQueue.java:126)
	at java.base/java.util.concurrent.Executors$RunnableAdapter.call(Executors.java:539)
	at java.base/java.util.concurrent.FutureTask.run(FutureTask.java:264)
	at org.gradle.internal.concurrent.ExecutorPolicy$CatchAndRecordFailures.onExecute(ExecutorPolicy.java:64)
	at org.gradle.internal.concurrent.AbstractManagedExecutor$1.run(AbstractManagedExecutor.java:47)
	at java.base/java.util.concurrent.ThreadPoolExecutor.runWorker(ThreadPoolExecutor.java:1136)
	at java.base/java.util.concurrent.ThreadPoolExecutor$Worker.run(ThreadPoolExecutor.java:635)
	at java.base/java.lang.Thread.run(Thread.java:840)
Caused by: java.rmi.UnmarshalException: Error unmarshaling return header; nested exception is: 
	java.io.EOFException
	at java.rmi/sun.rmi.transport.StreamRemoteCall.executeCall(StreamRemoteCall.java:255)
	at java.rmi/sun.rmi.server.UnicastRef.invoke(UnicastRef.java:165)
	at java.rmi/java.rmi.server.RemoteObjectInvocationHandler.invokeRemoteMethod(RemoteObjectInvocationHandler.java:215)
	at java.rmi/java.rmi.server.RemoteObjectInvocationHandler.invoke(RemoteObjectInvocationHandler.java:160)
	at jdk.proxy4/jdk.proxy4.$Proxy134.compile(Unknown Source)
	at org.jetbrains.kotlin.compilerRunner.GradleKotlinCompilerWork.incrementalCompilationWithDaemon(GradleKotlinCompilerWork.kt:342)
	at org.jetbrains.kotlin.compilerRunner.GradleKotlinCompilerWork.compileWithDaemon(GradleKotlinCompilerWork.kt:239)
	... 38 more
Caused by: java.io.EOFException
	at java.base/java.io.DataInputStream.readUnsignedByte(DataInputStream.java:290)
	at java.base/java.io.DataInputStream.readByte(DataInputStream.java:268)
	at java.rmi/sun.rmi.transport.StreamRemoteCall.executeCall(StreamRemoteCall.java:241)
	... 44 more

exception: app/src/main/java/com/hydra/panel/MainActivity.kt:27:62: error: unresolved reference: vpn_key
exception:     data object Keys : TopDest("keys", "Ключи", Icons.Filled.vpn_key)
exception:                                                              ^
exception: app/src/main/java/com/hydra/panel/MainActivity.kt:64:28: error: unresolved reference: entries
exception:     val topLevel = TopDest.entries
exception:                            ^
exception: app/src/main/java/com/hydra/panel/MainActivity.kt:65:34: error: unresolved reference: it
exception:     val showBar = topLevel.any { it.route == currentRoute }
exception:                                  ^
exception: app/src/main/java/com/hydra/panel/MainActivity.kt:70:26: error: overload resolution ambiguity: 
exception: public inline fun <T> Iterable<TypeVariable(T)>.forEach(action: (TypeVariable(T)) -> Unit): Unit defined in kotlin.collections
exception: public inline fun <K, V> Map<out TypeVariable(K), TypeVariable(V)>.forEach(action: (Map.Entry<TypeVariable(K), TypeVariable(V)>) -> Unit): Unit defined in kotlin.collections
exception:                 topLevel.forEach { d ->
exception:                          ^
exception: app/src/main/java/com/hydra/panel/MainActivity.kt:70:36: error: cannot infer a type for this parameter. Please specify it explicitly.
exception:                 topLevel.forEach { d ->
exception:                                    ^
exception: app/src/main/java/com/hydra/panel/MainActivity.kt:71:21: error: @Composable invocations can only happen from the context of a @Composable function
exception:                     NavigationBarItem(
exception:                     ^
exception: app/src/main/java/com/hydra/panel/MainActivity.kt:142:25: error: this material API is experimental and is likely to change or to be removed in the future.
exception:     Scaffold(topBar = { CenterAlignedTopAppBar(title = { Text("Ещё") }) }) { p ->
exception:                         ^
exception: app/src/main/java/com/hydra/panel/MainActivity.kt:162:43: error: unresolved reference: clickable
exception:     this.then(androidx.compose.foundation.clickable(onClick = onClick))
exception:                                           ^
exception: app/src/main/java/com/hydra/panel/data/api/ApiClient.kt:10:18: error: unresolved reference: converter
exception: import retrofit2.converter.kotlinx.serialization.asConverterFactory
exception:                  ^
exception: app/src/main/java/com/hydra/panel/data/api/ApiClient.kt:33:35: error: unresolved reference: PanelApi
exception:     fun create(context: Context): PanelApi {
exception:                                   ^
exception: app/src/main/java/com/hydra/panel/data/api/ApiClient.kt:66:39: error: unresolved reference: asConverterFactory
exception:             .addConverterFactory(json.asConverterFactory(JSON))
exception:                                       ^
exception: app/src/main/java/com/hydra/panel/data/api/ApiClient.kt:68:14: error: not enough information to infer type variable T
exception:             .create(PanelApi::class.java)
exception:              ^
exception: app/src/main/java/com/hydra/panel/data/api/ApiClient.kt:68:21: error: unresolved reference: PanelApi
exception:             .create(PanelApi::class.java)
exception:                     ^
exception: app/src/main/java/com/hydra/panel/data/api/PanelApi.kt:294:1: error: unclosed comment
exception: 
exception: ^
exception: app/src/main/java/com/hydra/panel/data/model/Models.kt:171:1: error: unclosed comment
exception: 
exception: ^
exception: app/src/main/java/com/hydra/panel/data/repo/PanelRepository.kt:5:33: error: unresolved reference: PanelApi
exception: import com.hydra.panel.data.api.PanelApi
exception:                                 ^
exception: app/src/main/java/com/hydra/panel/data/repo/PanelRepository.kt:21:22: error: unresolved reference: PanelApi
exception:     private val api: PanelApi,
exception:                      ^
exception: app/src/main/java/com/hydra/panel/data/repo/PanelRepository.kt:43:41: error: unresolved reference: isRedirect
exception:         if (resp.code() == 401 || (resp.isRedirect && loc.contains("/login"))) {
exception:                                         ^
exception: app/src/main/java/com/hydra/panel/data/repo/PanelRepository.kt:107:22: error: overload resolution ambiguity: 
exception: public inline operator fun <T : Any, R : ClosedRange<TypeVariable(T)>> TypeVariable(R).contains(element: TypeVariable(T)?): Boolean where R : Iterable<TypeVariable(T)> defined in kotlin.ranges
exception: public inline operator fun <T : Any, R : OpenEndRange<TypeVariable(T)>> TypeVariable(R).contains(element: TypeVariable(T)?): Boolean where R : Iterable<TypeVariable(T)> defined in kotlin.ranges
exception: public operator fun <T> Array<out TypeVariable(T)>.contains(element: TypeVariable(T)): Boolean defined in kotlin.collections
exception: public operator fun CharArray.contains(element: Char): Boolean defined in kotlin.collections
exception: public operator fun CharSequence.contains(char: Char, ignoreCase: Boolean = ...): Boolean defined in kotlin.text
exception: public operator fun <T> Iterable<TypeVariable(T)>.contains(element: TypeVariable(T)): Boolean defined in kotlin.collections
exception: public inline operator fun <K, V> Map<out TypeVariable(K), TypeVariable(V)>.contains(key: TypeVariable(K)): Boolean defined in kotlin.collections
exception: public inline operator fun CharRange.contains(element: Char?): Boolean defined in kotlin.ranges
exception: public operator fun <T> Sequence<TypeVariable(T)>.contains(element: TypeVariable(T)): Boolean defined in kotlin.sequences
exception:         return !html.contains('name="password"') || html.contains("Уже настроена") ||
exception:                      ^
exception: app/src/main/java/com/hydra/panel/data/repo/PanelRepository.kt:107:31: error: too many characters in a character literal ''name="password"''
exception:         return !html.contains('name="password"') || html.contains("Уже настроена") ||
exception:                               ^
exception: app/src/main/java/com/hydra/panel/data/repo/PanelRepository.kt:159:37: error: unresolved reference: Server
exception:     suspend fun listServers(): List<Server> = unwrap(api.listServers()).servers
exception:                                     ^
exception: app/src/main/java/com/hydra/panel/data/repo/PanelRepository.kt:159:47: error: not enough information to infer type variable T
exception:     suspend fun listServers(): List<Server> = unwrap(api.listServers()).servers
exception:                                               ^
exception: app/src/main/java/com/hydra/panel/data/repo/PanelRepository.kt:161:40: error: unresolved reference: Server
exception:     suspend fun getServer(id: String): Server = unwrap(api.getServer(id))
exception:                                        ^
exception: app/src/main/java/com/hydra/panel/data/repo/PanelRepository.kt:161:49: error: not enough information to infer type variable T
exception:     suspend fun getServer(id: String): Server = unwrap(api.getServer(id))
exception:                                                 ^
exception: app/src/main/java/com/hydra/panel/data/repo/PanelRepository.kt:190:67: error: unresolved reference: MetricPoint
exception:     suspend fun serverMetrics(id: String, limit: Int = 100): List<MetricPoint> {
exception:                                                                   ^
exception: app/src/main/java/com/hydra/panel/data/repo/PanelRepository.kt:193:13: error: unresolved reference: MetricPoint
exception:             MetricPoint(
exception:             ^
exception: app/src/main/java/com/hydra/panel/data/repo/PanelRepository.kt:211:45: error: unresolved reference: ProtocolInstance
exception:     suspend fun protocols(id: String): List<ProtocolInstance> {
exception:                                             ^
exception: app/src/main/java/com/hydra/panel/data/repo/PanelRepository.kt:213:27: error: unresolved reference: ProtocolInstance
exception:         return rows.map { ProtocolInstance(
exception:                           ^
exception: app/src/main/java/com/hydra/panel/data/repo/PanelRepository.kt:222:38: error: unresolved reference: Alert
exception:     suspend fun activeAlerts(): List<Alert> {
exception:                                      ^
exception: app/src/main/java/com/hydra/panel/data/repo/PanelRepository.kt:226:27: error: unresolved reference: Alert
exception:         return rows.map { Alert(
exception:                           ^
exception: app/src/main/java/com/hydra/panel/data/repo/PanelRepository.kt:236:41: error: unresolved reference: TokenListResponse
exception:     suspend fun listTokens(id: String): TokenListResponse = unwrap(api.listTokens(id))
exception:                                         ^
exception: app/src/main/java/com/hydra/panel/data/repo/PanelRepository.kt:236:61: error: not enough information to infer type variable T
exception:     suspend fun listTokens(id: String): TokenListResponse = unwrap(api.listTokens(id))
exception:                                                             ^
exception: app/src/main/java/com/hydra/panel/data/repo/PanelRepository.kt:240:39: error: unresolved reference: ForecastResult
exception:     suspend fun forecast(id: String): ForecastResult = unwrap(api.forecast(id))
exception:                                       ^
exception: app/src/main/java/com/hydra/panel/data/repo/PanelRepository.kt:240:56: error: not enough information to infer type variable T
exception:     suspend fun forecast(id: String): ForecastResult = unwrap(api.forecast(id))
exception:                                                        ^
exception: app/src/main/java/com/hydra/panel/data/repo/PanelRepository.kt:241:38: error: unresolved reference: ForecastResult
exception:     suspend fun allForecasts(): List<ForecastResult> = unwrap(api.allForecasts()).forecasts
exception:                                      ^
exception: app/src/main/java/com/hydra/panel/data/repo/PanelRepository.kt:241:56: error: not enough information to infer type variable T
exception:     suspend fun allForecasts(): List<ForecastResult> = unwrap(api.allForecasts()).forecasts
exception:                                                        ^
exception: app/src/main/java/com/hydra/panel/data/repo/PanelRepository.kt:243:39: error: unresolved reference: WeeklyReport
exception:     suspend fun weeklyReports(): List<WeeklyReport> = unwrap(api.weeklyReports()).reports
exception:                                       ^
exception: app/src/main/java/com/hydra/panel/data/repo/PanelRepository.kt:243:55: error: not enough information to infer type variable T
exception:     suspend fun weeklyReports(): List<WeeklyReport> = unwrap(api.weeklyReports()).reports
exception:                                                       ^
exception: app/src/main/java/com/hydra/panel/data/repo/PanelRepository.kt:246:20: error: not enough information to infer type variable T
exception:         val body = unwrap(api.generateWeeklyReport()).string()
exception:                    ^
exception: app/src/main/java/com/hydra/panel/data/repo/PanelRepository.kt:251:20: error: not enough information to infer type variable T
exception:         val body = unwrap(api.catchUpReports()).string()
exception:                    ^
exception: app/src/main/java/com/hydra/panel/data/repo/PanelRepository.kt:257:37: error: unresolved reference: ClientPerson
exception:     suspend fun listClients(): List<ClientPerson> {
exception:                                     ^
exception: app/src/main/java/com/hydra/panel/data/repo/PanelRepository.kt:265:27: error: unresolved reference: ClientPerson
exception:         return rows.map { ClientPerson(
exception:                           ^
exception: app/src/main/java/com/hydra/panel/data/repo/PanelRepository.kt:278:50: error: unresolved reference: AccessKey
exception:     suspend fun clientKeys(clientId: Long): List<AccessKey> {
exception:                                                  ^
exception: app/src/main/java/com/hydra/panel/data/repo/PanelRepository.kt:284:27: error: unresolved reference: AccessKey
exception:         return rows.map { AccessKey(
exception:                           ^
exception: app/src/main/java/com/hydra/panel/data/repo/PanelRepository.kt:295:53: error: unresolved reference: DeviceRegistration
exception:     suspend fun clientDevices(clientId: Long): List<DeviceRegistration> {
exception:                                                     ^
exception: app/src/main/java/com/hydra/panel/data/repo/PanelRepository.kt:301:27: error: unresolved reference: DeviceRegistration
exception:         return rows.map { DeviceRegistration(
exception:                           ^
exception: app/src/main/java/com/hydra/panel/data/repo/PanelRepository.kt:322:34: error: unresolved reference: AccessKey
exception:     suspend fun listKeys(): List<AccessKey> {
exception:                                  ^
exception: app/src/main/java/com/hydra/panel/data/repo/PanelRepository.kt:330:27: error: unresolved reference: AccessKey
exception:         return rows.map { AccessKey(
exception:                           ^
exception: app/src/main/java/com/hydra/panel/data/repo/PanelRepository.kt:353:9: error: not enough information to infer type variable T
exception:         unwrap(api.downloadKeyConf(keyId)).string()
exception:         ^
exception: app/src/main/java/com/hydra/panel/data/repo/PanelRepository.kt:364:20: error: not enough information to infer type variable T
exception:         val html = unwrap(api.serverLogsPage(id, source)).string()
exception:                    ^
exception: app/src/main/java/com/hydra/panel/data/repo/PanelRepository.kt:380:20: error: not enough information to infer type variable T
exception:         val html = unwrap(api.serverConfigsPage(id, source)).string()
exception:                    ^
exception: app/src/main/java/com/hydra/panel/data/repo/PanelRepository.kt:433:13: error: unresolved reference: isNull
exception:         if (isNull) null else content
exception:             ^
exception: app/src/main/java/com/hydra/panel/data/repo/PanelRepository.kt:444:37: error: unresolved reference: BackupInfo
exception:     suspend fun listBackups(): List<BackupInfo> {
exception:                                     ^
exception: app/src/main/java/com/hydra/panel/data/repo/PanelRepository.kt:445:20: error: not enough information to infer type variable T
exception:         val html = unwrap(api.databasePage()).string()
exception:                    ^
exception: app/src/main/java/com/hydra/panel/data/repo/PanelRepository.kt:449:33: error: unresolved reference: BackupInfo
exception:         val out = mutableListOf<BackupInfo>()
exception:                                 ^
exception: app/src/main/java/com/hydra/panel/data/repo/PanelRepository.kt:457:25: error: unresolved reference: BackupInfo
exception:                 out.add(BackupInfo(
exception:                         ^
exception: app/src/main/java/com/hydra/panel/data/repo/PanelRepository.kt:469:59: error: not enough information to infer type variable T
exception:     suspend fun downloadBackup(name: String): ByteArray = unwrap(api.backupFile(name)).bytes()
exception:                                                           ^
exception: app/src/main/java/com/hydra/panel/data/repo/PanelRepository.kt:479:20: error: not enough information to infer type variable T
exception:         val html = unwrap(api.settingsPage()).string()
exception:                    ^
exception: app/src/main/java/com/hydra/panel/data/repo/PanelRepository.kt:487:20: error: not enough information to infer type variable T
exception:         val html = unwrap(api.backupSettingsPage()).string()
exception:                    ^
exception: app/src/main/java/com/hydra/panel/data/repo/PanelRepository.kt:506:38: error: unresolved reference: SessionInfo
exception:     suspend fun listSessions(): List<SessionInfo> {
exception:                                      ^
exception: app/src/main/java/com/hydra/panel/data/repo/PanelRepository.kt:508:27: error: unresolved reference: SessionInfo
exception:         return rows.map { SessionInfo(
exception:                           ^
exception: app/src/main/java/com/hydra/panel/data/repo/PanelRepository.kt:537:20: error: not enough information to infer type variable T
exception:         val html = unwrap(api.rotateCliToken()).string()
exception:                    ^
exception: app/src/main/java/com/hydra/panel/ui/components/Common.kt:143:30: error: unresolved reference: launch
exception:             if (!busy) scope.launch {
exception:                              ^
exception: app/src/main/java/com/hydra/panel/ui/components/Common.kt:145:31: error: suspend function 'invoke' should be called only from a coroutine or another suspend function
exception:                 runCatching { onAction() }
exception:                               ^
exception: app/src/main/java/com/hydra/panel/ui/components/Common.kt:217:31: error: unresolved reference: CoroutineScope
exception: class ActionRunner(val scope: CoroutineScope, private val host: SnackbarHostState) {
exception:                               ^
exception: app/src/main/java/com/hydra/panel/ui/components/Common.kt:220:40: error: suspend function 'invoke' should be called only from a coroutine or another suspend function
exception:             val result = runCatching { block() }
exception:                                        ^
exception: app/src/main/java/com/hydra/panel/ui/components/Common.kt:222:36: error: suspend function 'showSnackbar' should be called only from a coroutine or another suspend function
exception:                 onSuccess = { host.showSnackbar(it.take(160)) },
exception:                                    ^
exception: app/src/main/java/com/hydra/panel/ui/components/Common.kt:223:36: error: suspend function 'showSnackbar' should be called only from a coroutine or another suspend function
exception:                 onFailure = { host.showSnackbar(("Ошибка: " + (it.message ?: it.javaClass.simpleName)).take(160)) },
exception:                                    ^
exception: app/src/main/java/com/hydra/panel/ui/screens/ClientsScreen.kt:4:1: error: expecting a top level declaration
exception: androidx.compose.foundation.layout.*
exception: ^
exception: app/src/main/java/com/hydra/panel/ui/screens/ClientsScreen.kt:4:9: error: expecting a top level declaration
exception: androidx.compose.foundation.layout.*
exception:         ^
exception: app/src/main/java/com/hydra/panel/ui/screens/ClientsScreen.kt:4:10: error: expecting a top level declaration
exception: androidx.compose.foundation.layout.*
exception:          ^
exception: app/src/main/java/com/hydra/panel/ui/screens/ClientsScreen.kt:4:17: error: expecting a top level declaration
exception: androidx.compose.foundation.layout.*
exception:                 ^
exception: app/src/main/java/com/hydra/panel/ui/screens/ClientsScreen.kt:4:18: error: expecting a top level declaration
exception: androidx.compose.foundation.layout.*
exception:                  ^
exception: app/src/main/java/com/hydra/panel/ui/screens/ClientsScreen.kt:4:28: error: expecting a top level declaration
exception: androidx.compose.foundation.layout.*
exception:                            ^
exception: app/src/main/java/com/hydra/panel/ui/screens/ClientsScreen.kt:4:29: error: expecting a top level declaration
exception: androidx.compose.foundation.layout.*
exception:                             ^
exception: app/src/main/java/com/hydra/panel/ui/screens/ClientsScreen.kt:4:35: error: expecting a top level declaration
exception: androidx.compose.foundation.layout.*
exception:                                   ^
exception: app/src/main/java/com/hydra/panel/ui/screens/ClientsScreen.kt:4:36: error: expecting a top level declaration
exception: androidx.compose.foundation.layout.*
exception:                                    ^
exception: app/src/main/java/com/hydra/panel/ui/screens/ClientsScreen.kt:4:37: error: imports are only allowed in the beginning of file
exception: androidx.compose.foundation.layout.*
exception:                                     ^
exception: app/src/main/java/com/hydra/panel/ui/screens/ClientsScreen.kt:16:35: error: unresolved reference: AccessKey
exception: import com.hydra.panel.data.model.AccessKey
exception:                                   ^
exception: app/src/main/java/com/hydra/panel/ui/screens/ClientsScreen.kt:17:35: error: unresolved reference: ClientPerson
exception: import com.hydra.panel.data.model.ClientPerson
exception:                                   ^
exception: app/src/main/java/com/hydra/panel/ui/screens/ClientsScreen.kt:18:35: error: unresolved reference: DeviceRegistration
exception: import com.hydra.panel.data.model.DeviceRegistration
exception:                                   ^
exception: app/src/main/java/com/hydra/panel/ui/screens/ClientsScreen.kt:27:60: error: composable calls are not allowed inside the calculation parameter of inline fun <T> remember(crossinline calculation: () -> TypeVariable(T)): TypeVariable(T)
exception:     val repo = remember { PanelRepository.get(LocalContext.current) }
exception:                                                            ^
exception: app/src/main/java/com/hydra/panel/ui/screens/ClientsScreen.kt:28:20: error: type 'State<List<[Error type: Unresolved type for ClientPerson]>>' has no method 'setValue(Nothing?, KProperty<*>, [Error type: Error delegation type for remember { mutableStateOf<List<ClientPerson>>(emptyList()) }])' and thus it cannot serve as a delegate for var (read-write property)
exception:     var clients by remember { mutableStateOf<List<ClientPerson>>(emptyList()) }
exception:                    ^
exception: app/src/main/java/com/hydra/panel/ui/screens/ClientsScreen.kt:28:20: error: property delegate must have a 'getValue(Nothing?, KProperty<*>)' method. None of the following functions is suitable: 
exception: public inline operator fun <T> State<List<[Error type: Unresolved type for ClientPerson]>>.getValue(thisObj: Any?, property: KProperty<*>): List<[Error type: Unresolved type for ClientPerson]> defined in androidx.compose.runtime
exception:     var clients by remember { mutableStateOf<List<ClientPerson>>(emptyList()) }
exception:                    ^
exception: app/src/main/java/com/hydra/panel/ui/screens/ClientsScreen.kt:28:51: error: unresolved reference: ClientPerson
exception:     var clients by remember { mutableStateOf<List<ClientPerson>>(emptyList()) }
exception:                                                   ^
exception: app/src/main/java/com/hydra/panel/ui/screens/ClientsScreen.kt:53:9: error: unresolved reference: Column
exception:         Column(Modifier.padding(pad)) {
exception:         ^
exception: app/src/main/java/com/hydra/panel/ui/screens/ClientsScreen.kt:53:25: error: unresolved reference: padding
exception:         Column(Modifier.padding(pad)) {
exception:                         ^
exception: app/src/main/java/com/hydra/panel/ui/screens/ClientsScreen.kt:54:13: error: @Composable invocations can only happen from the context of a @Composable function
exception:             MessageBar(error, true) { error = null }
exception:             ^
exception: app/src/main/java/com/hydra/panel/ui/screens/ClientsScreen.kt:55:13: error: @Composable invocations can only happen from the context of a @Composable function
exception:             OutlinedTextField(
exception:             ^
exception: app/src/main/java/com/hydra/panel/ui/screens/ClientsScreen.kt:58:56: error: unresolved reference: fillMaxWidth
exception:                 singleLine = true, modifier = Modifier.fillMaxWidth().padding(horizontal = 12.dp),
exception:                                                        ^
exception: app/src/main/java/com/hydra/panel/ui/screens/ClientsScreen.kt:60:26: error: @Composable invocations can only happen from the context of a @Composable function
exception:             if (loading) LoadingBlock()
exception:                          ^
exception: app/src/main/java/com/hydra/panel/ui/screens/ClientsScreen.kt:61:28: error: @Composable invocations can only happen from the context of a @Composable function
exception:             val filtered = remember(clients, query) {
exception:                            ^
exception: app/src/main/java/com/hydra/panel/ui/screens/ClientsScreen.kt:61:28: error: not enough information to infer type variable T
exception:             val filtered = remember(clients, query) {
exception:                            ^
exception: app/src/main/java/com/hydra/panel/ui/screens/ClientsScreen.kt:63:21: error: unresolved reference: it
exception:                     it.displayName.contains(query, true) ||
exception:                     ^
exception: app/src/main/java/com/hydra/panel/ui/screens/ClientsScreen.kt:64:26: error: unresolved reference: it
exception:                         (it.tgUsername ?: "").contains(query, true) ||
exception:                          ^
exception: app/src/main/java/com/hydra/panel/ui/screens/ClientsScreen.kt:65:26: error: unresolved reference: it
exception:                         (it.telegramId?.toString() ?: "").contains(query)
exception:                          ^
exception: app/src/main/java/com/hydra/panel/ui/screens/ClientsScreen.kt:68:13: error: @Composable invocations can only happen from the context of a @Composable function
exception:             LazyColumn(contentPadding = PaddingValues(12.dp), verticalArrangement = Arrangement.spacedBy(8.dp)) {
exception:             ^
exception: app/src/main/java/com/hydra/panel/ui/screens/ClientsScreen.kt:68:41: error: unresolved reference: PaddingValues
exception:             LazyColumn(contentPadding = PaddingValues(12.dp), verticalArrangement = Arrangement.spacedBy(8.dp)) {
exception:                                         ^
exception: app/src/main/java/com/hydra/panel/ui/screens/ClientsScreen.kt:68:85: error: unresolved reference: Arrangement
exception:             LazyColumn(contentPadding = PaddingValues(12.dp), verticalArrangement = Arrangement.spacedBy(8.dp)) {
exception:                                                                                     ^
exception: app/src/main/java/com/hydra/panel/ui/screens/ClientsScreen.kt:69:44: error: unresolved reference: id
exception:                 items(filtered, key = { it.id }) { c ->
exception:                                            ^
exception: app/src/main/java/com/hydra/panel/ui/screens/ClientsScreen.kt:70:53: error: unresolved reference: id
exception:                     Card(onClick = { onOpenClient(c.id) }, modifier = Modifier.fillMaxWidth()) {
exception:                                                     ^
exception: app/src/main/java/com/hydra/panel/ui/screens/ClientsScreen.kt:70:80: error: unresolved reference: fillMaxWidth
exception:                     Card(onClick = { onOpenClient(c.id) }, modifier = Modifier.fillMaxWidth()) {
exception:                                                                                ^
exception: app/src/main/java/com/hydra/panel/ui/screens/ClientsScreen.kt:71:25: error: unresolved reference: Row
exception:                         Row(Modifier.padding(14.dp), verticalAlignment = Alignment.CenterVertically) {
exception:                         ^
exception: app/src/main/java/com/hydra/panel/ui/screens/ClientsScreen.kt:71:38: error: unresolved reference: padding
exception:                         Row(Modifier.padding(14.dp), verticalAlignment = Alignment.CenterVertically) {
exception:                                      ^
exception: app/src/main/java/com/hydra/panel/ui/screens/ClientsScreen.kt:72:29: error: @Composable invocations can only happen from the context of a @Composable function
exception:                             StatusDot(if (c.status == "blocked") "blocked" else "active")
exception:                             ^
exception: app/src/main/java/com/hydra/panel/ui/screens/ClientsScreen.kt:72:45: error: unresolved reference: status
exception:                             StatusDot(if (c.status == "blocked") "blocked" else "active")
exception:                                             ^
exception: app/src/main/java/com/hydra/panel/ui/screens/ClientsScreen.kt:73:29: error: unresolved reference: Spacer
exception:                             Spacer(Modifier.width(10.dp))
exception:                             ^
exception: app/src/main/java/com/hydra/panel/ui/screens/ClientsScreen.kt:73:45: error: unresolved reference: width
exception:                             Spacer(Modifier.width(10.dp))
exception:                                             ^
exception: app/src/main/java/com/hydra/panel/ui/screens/ClientsScreen.kt:74:29: error: unresolved reference: Column
exception:                             Column(Modifier.weight(1f)) {
exception:                             ^
exception: app/src/main/java/com/hydra/panel/ui/screens/ClientsScreen.kt:75:40: error: unresolved reference: displayName
exception:                                 Text(c.displayName, style = MaterialTheme.typography.titleSmall)
exception:                                        ^
exception: app/src/main/java/com/hydra/panel/ui/screens/ClientsScreen.kt:75:75: error: @Composable invocations can only happen from the context of a @Composable function
exception:                                 Text(c.displayName, style = MaterialTheme.typography.titleSmall)
exception:                                                                           ^
exception: app/src/main/java/com/hydra/panel/ui/screens/ClientsScreen.kt:76:33: error: @Composable invocations can only happen from the context of a @Composable function
exception:                                 Text(
exception:                                 ^
exception: app/src/main/java/com/hydra/panel/ui/screens/ClientsScreen.kt:78:47: error: unresolved reference: tgUsername
exception:                                         if (c.tgUsername != null) append("@${c.tgUsername} · ")
exception:                                               ^
exception: app/src/main/java/com/hydra/panel/ui/screens/ClientsScreen.kt:78:80: error: unresolved reference: tgUsername
exception:                                         if (c.tgUsername != null) append("@${c.tgUsername} · ")
exception:                                                                                ^
exception: app/src/main/java/com/hydra/panel/ui/screens/ClientsScreen.kt:79:47: error: unresolved reference: telegramId
exception:                                         if (c.telegramId != null) append("${c.telegramId} · ")
exception:                                               ^
exception: app/src/main/java/com/hydra/panel/ui/screens/ClientsScreen.kt:79:79: error: unresolved reference: telegramId
exception:                                         if (c.telegramId != null) append("${c.telegramId} · ")
exception:                                                                               ^
exception: app/src/main/java/com/hydra/panel/ui/screens/ClientsScreen.kt:80:59: error: unresolved reference: keysActive
exception:                                         append("ключи ${c.keysActive ?: 0}/${c.keysTotal ?: 0}")
exception:                                                           ^
exception: app/src/main/java/com/hydra/panel/ui/screens/ClientsScreen.kt:80:80: error: unresolved reference: keysTotal
exception:                                         append("ключи ${c.keysActive ?: 0}/${c.keysTotal ?: 0}")
exception:                                                                                ^
exception: app/src/main/java/com/hydra/panel/ui/screens/ClientsScreen.kt:82:51: error: unresolved reference: sp
exception:                                     fontSize = 12.sp, color = MaterialTheme.colorScheme.onSurfaceVariant,
exception:                                                   ^
exception: app/src/main/java/com/hydra/panel/ui/screens/ClientsScreen.kt:82:77: error: @Composable invocations can only happen from the context of a @Composable function
exception:                                     fontSize = 12.sp, color = MaterialTheme.colorScheme.onSurfaceVariant,
exception:                                                                             ^
exception: app/src/main/java/com/hydra/panel/ui/screens/ClientsScreen.kt:85:35: error: unresolved reference: status
exception:                             if (c.status == "blocked") {
exception:                                   ^
exception: app/src/main/java/com/hydra/panel/ui/screens/ClientsScreen.kt:86:33: error: @Composable invocations can only happen from the context of a @Composable function
exception:                                 AssistChip(onClick = {}, label = { Text("блок", fontSize = 11.sp) })
exception:                                 ^
exception: app/src/main/java/com/hydra/panel/ui/screens/ClientsScreen.kt:86:95: error: unresolved reference: sp
exception:                                 AssistChip(onClick = {}, label = { Text("блок", fontSize = 11.sp) })
exception:                                                                                               ^
exception: app/src/main/java/com/hydra/panel/ui/screens/ClientsScreen.kt:92:121: error: unresolved reference: padding
exception:                     item { Text("Нет клиентов", color = MaterialTheme.colorScheme.onSurfaceVariant, modifier = Modifier.padding(24.dp)) }
exception:                                                                                                                         ^
exception: app/src/main/java/com/hydra/panel/ui/screens/ClientsScreen.kt:114:60: error: composable calls are not allowed inside the calculation parameter of inline fun <T> remember(crossinline calculation: () -> TypeVariable(T)): TypeVariable(T)
exception:     val repo = remember { PanelRepository.get(LocalContext.current) }
exception:                                                            ^
exception: app/src/main/java/com/hydra/panel/ui/screens/ClientsScreen.kt:115:19: error: property delegate must have a 'getValue(Nothing?, KProperty<*>)' method. None of the following functions is suitable: 
exception: public inline operator fun <T> State<Nothing?>.getValue(thisObj: Any?, property: KProperty<*>): Nothing? defined in androidx.compose.runtime
exception:     var client by remember { mutableStateOf<ClientPerson?>(null) }
exception:                   ^
exception: app/src/main/java/com/hydra/panel/ui/screens/ClientsScreen.kt:115:19: error: property delegate must have a 'setValue(Nothing?, KProperty<*>, [Error type: Error delegation type for remember { mutableStateOf<ClientPerson?>(null) }])' method. None of the following functions is suitable: 
exception: public inline operator fun <T> MutableState<Nothing?>.setValue(thisObj: Any?, property: KProperty<*>, value: Nothing?): Unit defined in androidx.compose.runtime
exception:     var client by remember { mutableStateOf<ClientPerson?>(null) }
exception:                   ^
exception: app/src/main/java/com/hydra/panel/ui/screens/ClientsScreen.kt:115:45: error: unresolved reference: ClientPerson
exception:     var client by remember { mutableStateOf<ClientPerson?>(null) }
exception:                                             ^
exception: app/src/main/java/com/hydra/panel/ui/screens/ClientsScreen.kt:116:17: error: type 'State<List<[Error type: Unresolved type for AccessKey]>>' has no method 'setValue(Nothing?, KProperty<*>, [Error type: Error delegation type for remember { mutableStateOf<List<AccessKey>>(emptyList()) }])' and thus it cannot serve as a delegate for var (read-write property)
exception:     var keys by remember { mutableStateOf<List<AccessKey>>(emptyList()) }
exception:                 ^
exception: app/src/main/java/com/hydra/panel/ui/screens/ClientsScreen.kt:116:17: error: property delegate must have a 'getValue(Nothing?, KProperty<*>)' method. None of the following functions is suitable: 
exception: public inline operator fun <T> State<List<[Error type: Unresolved type for AccessKey]>>.getValue(thisObj: Any?, property: KProperty<*>): List<[Error type: Unresolved type for AccessKey]> defined in androidx.compose.runtime
exception:     var keys by remember { mutableStateOf<List<AccessKey>>(emptyList()) }
exception:                 ^
exception: app/src/main/java/com/hydra/panel/ui/screens/ClientsScreen.kt:116:48: error: unresolved reference: AccessKey
exception:     var keys by remember { mutableStateOf<List<AccessKey>>(emptyList()) }
exception:                                                ^
exception: app/src/main/java/com/hydra/panel/ui/screens/ClientsScreen.kt:117:20: error: type 'State<List<[Error type: Unresolved type for DeviceRegistration]>>' has no method 'setValue(Nothing?, KProperty<*>, [Error type: Error delegation type for remember { mutableStateOf<List<DeviceRegistration>>(emptyList()) }])' and thus it cannot serve as a delegate for var (read-write property)
exception:     var devices by remember { mutableStateOf<List<DeviceRegistration>>(emptyList()) }
exception:                    ^
exception: app/src/main/java/com/hydra/panel/ui/screens/ClientsScreen.kt:117:20: error: property delegate must have a 'getValue(Nothing?, KProperty<*>)' method. None of the following functions is suitable: 
exception: public inline operator fun <T> State<List<[Error type: Unresolved type for DeviceRegistration]>>.getValue(thisObj: Any?, property: KProperty<*>): List<[Error type: Unresolved type for DeviceRegistration]> defined in androidx.compose.runtime
exception:     var devices by remember { mutableStateOf<List<DeviceRegistration>>(emptyList()) }
exception:                    ^
exception: app/src/main/java/com/hydra/panel/ui/screens/ClientsScreen.kt:117:51: error: unresolved reference: DeviceRegistration
exception:     var devices by remember { mutableStateOf<List<DeviceRegistration>>(emptyList()) }
exception:                                                   ^
exception: app/src/main/java/com/hydra/panel/ui/screens/ClientsScreen.kt:131:9: error: not enough information to infer type variable R
exception:         runCatching {
exception:         ^
exception: app/src/main/java/com/hydra/panel/ui/screens/ClientsScreen.kt:134:23: error: cannot infer a type for this parameter. Please specify it explicitly.
exception:         }.onSuccess { (c, k, d) -> client = c; keys = k; devices = d; loading = false }
exception:                       ^
exception: app/src/main/java/com/hydra/panel/ui/screens/ClientsScreen.kt:135:31: error: unresolved reference: it
exception:          .onFailure { error = it.message; loading = false }
exception:                               ^
exception: app/src/main/java/com/hydra/panel/ui/screens/ClientsScreen.kt:151:9: error: unresolved reference: Column
exception:         Column(Modifier.padding(pad)) {
exception:         ^
exception: app/src/main/java/com/hydra/panel/ui/screens/ClientsScreen.kt:151:25: error: unresolved reference: padding
exception:         Column(Modifier.padding(pad)) {
exception:                         ^
exception: app/src/main/java/com/hydra/panel/ui/screens/ClientsScreen.kt:152:13: error: @Composable invocations can only happen from the context of a @Composable function
exception:             MessageBar(error, true) { error = null }
exception:             ^
exception: app/src/main/java/com/hydra/panel/ui/screens/ClientsScreen.kt:153:26: error: @Composable invocations can only happen from the context of a @Composable function
exception:             if (loading) LoadingBlock()
exception:                          ^
exception: app/src/main/java/com/hydra/panel/ui/screens/ClientsScreen.kt:154:18: error: @Composable invocations can only happen from the context of a @Composable function
exception:             else LazyColumn(contentPadding = PaddingValues(12.dp), verticalArrangement = Arrangement.spacedBy(8.dp)) {
exception:                  ^
exception: app/src/main/java/com/hydra/panel/ui/screens/ClientsScreen.kt:154:46: error: unresolved reference: PaddingValues
exception:             else LazyColumn(contentPadding = PaddingValues(12.dp), verticalArrangement = Arrangement.spacedBy(8.dp)) {
exception:                                              ^
exception: app/src/main/java/com/hydra/panel/ui/screens/ClientsScreen.kt:154:90: error: unresolved reference: Arrangement
exception:             else LazyColumn(contentPadding = PaddingValues(12.dp), verticalArrangement = Arrangement.spacedBy(8.dp)) {
exception:                                                                                          ^
exception: app/src/main/java/com/hydra/panel/ui/screens/ClientsScreen.kt:155:31: error: cannot infer a type for this parameter. Please specify it explicitly.
exception:                 client?.let { c ->
exception:                               ^
exception: app/src/main/java/com/hydra/panel/ui/screens/ClientsScreen.kt:157:39: error: unresolved reference: fillMaxWidth
exception:                         Card(Modifier.fillMaxWidth()) {
exception:                                       ^
exception: app/src/main/java/com/hydra/panel/ui/screens/ClientsScreen.kt:158:29: error: unresolved reference: Column
exception:                             Column(Modifier.padding(14.dp)) {
exception:                             ^
exception: app/src/main/java/com/hydra/panel/ui/screens/ClientsScreen.kt:158:45: error: unresolved reference: padding
exception:                             Column(Modifier.padding(14.dp)) {
exception:                                             ^
exception: app/src/main/java/com/hydra/panel/ui/screens/ClientsScreen.kt:159:33: error: unresolved reference: Row
exception:                                 Row(verticalAlignment = Alignment.CenterVertically) {
exception:                                 ^
exception: app/src/main/java/com/hydra/panel/ui/screens/ClientsScreen.kt:160:37: error: @Composable invocations can only happen from the context of a @Composable function
exception:                                     StatusDot(if (c.status == "blocked") "blocked" else "active", c.status)
exception:                                     ^
exception: app/src/main/java/com/hydra/panel/ui/screens/ClientsScreen.kt:161:37: error: unresolved reference: Spacer
exception:                                     Spacer(Modifier.width(10.dp))
exception:                                     ^
exception: app/src/main/java/com/hydra/panel/ui/screens/ClientsScreen.kt:161:53: error: unresolved reference: width
exception:                                     Spacer(Modifier.width(10.dp))
exception:                                                     ^
exception: app/src/main/java/com/hydra/panel/ui/screens/ClientsScreen.kt:162:79: error: @Composable invocations can only happen from the context of a @Composable function
exception:                                     Text(c.displayName, style = MaterialTheme.typography.titleMedium)
exception:                                                                               ^
exception: app/src/main/java/com/hydra/panel/ui/screens/ClientsScreen.kt:166:78: error: unresolved reference: it
exception:                                         listOfNotNull(c.tgUsername?.let { "@$it" }, c.telegramId?.toString())
exception:                                                                              ^
exception: app/src/main/java/com/hydra/panel/ui/screens/ClientsScreen.kt:168:55: error: unresolved reference: sp
exception:                                         fontSize = 13.sp, color = MaterialTheme.colorScheme.onSurfaceVariant,
exception:                                                       ^
exception: app/src/main/java/com/hydra/panel/ui/screens/ClientsScreen.kt:168:81: error: @Composable invocations can only happen from the context of a @Composable function
exception:                                         fontSize = 13.sp, color = MaterialTheme.colorScheme.onSurfaceVariant,
exception:                                                                                 ^
exception: app/src/main/java/com/hydra/panel/ui/screens/ClientsScreen.kt:172:37: error: unresolved reference: Spacer
exception:                                     Spacer(Modifier.height(6.dp)); Text(c.notes, fontSize = 13.sp)
exception:                                     ^
exception: app/src/main/java/com/hydra/panel/ui/screens/ClientsScreen.kt:172:53: error: unresolved reference: height
exception:                                     Spacer(Modifier.height(6.dp)); Text(c.notes, fontSize = 13.sp)
exception:                                                     ^
exception: app/src/main/java/com/hydra/panel/ui/screens/ClientsScreen.kt:172:96: error: unresolved reference: sp
exception:                                     Spacer(Modifier.height(6.dp)); Text(c.notes, fontSize = 13.sp)
exception:                                                                                                ^
exception: app/src/main/java/com/hydra/panel/ui/screens/ClientsScreen.kt:174:33: error: @Composable invocations can only happen from the context of a @Composable function
exception:                                 Text("Создан ${Format.dateTime(c.createdAt)}", fontSize = 11.sp,
exception:                                 ^
exception: app/src/main/java/com/hydra/panel/ui/screens/ClientsScreen.kt:174:94: error: unresolved reference: sp
exception:                                 Text("Создан ${Format.dateTime(c.createdAt)}", fontSize = 11.sp,
exception:                                                                                              ^
exception: app/src/main/java/com/hydra/panel/ui/screens/ClientsScreen.kt:175:59: error: @Composable invocations can only happen from the context of a @Composable function
exception:                                     color = MaterialTheme.colorScheme.onSurfaceVariant)
exception:                                                           ^
exception: app/src/main/java/com/hydra/panel/ui/screens/ClientsScreen.kt:176:33: error: unresolved reference: Spacer
exception:                                 Spacer(Modifier.height(10.dp))
exception:                                 ^
exception: app/src/main/java/com/hydra/panel/ui/screens/ClientsScreen.kt:176:49: error: unresolved reference: height
exception:                                 Spacer(Modifier.height(10.dp))
exception:                                                 ^
exception: app/src/main/java/com/hydra/panel/ui/screens/ClientsScreen.kt:177:33: error: unresolved reference: Row
exception:                                 Row(horizontalArrangement = Arrangement.spacedBy(8.dp)) {
exception:                                 ^
exception: app/src/main/java/com/hydra/panel/ui/screens/ClientsScreen.kt:177:61: error: unresolved reference: Arrangement
exception:                                 Row(horizontalArrangement = Arrangement.spacedBy(8.dp)) {
exception:                                                             ^
exception: app/src/main/java/com/hydra/panel/ui/screens/ClientsScreen.kt:178:37: error: @Composable invocations can only happen from the context of a @Composable function
exception:                                     ActionButton(if (c.status == "blocked") "Разблокировать" else "Заблокировать",
exception:                                     ^
exception: app/src/main/java/com/hydra/panel/ui/screens/ClientsScreen.kt:179:93: error: unresolved reference: weight
exception:                                         danger = c.status != "blocked", modifier = Modifier.weight(1f)) {
exception:                                                                                             ^
exception: app/src/main/java/com/hydra/panel/ui/screens/ClientsScreen.kt:182:37: error: @Composable invocations can only happen from the context of a @Composable function
exception:                                     ActionButton("Удалить клиента", danger = true, modifier = Modifier.weight(1f)) {
exception:                                     ^
exception: app/src/main/java/com/hydra/panel/ui/screens/ClientsScreen.kt:182:104: error: unresolved reference: weight
exception:                                     ActionButton("Удалить клиента", danger = true, modifier = Modifier.weight(1f)) {
exception:                                                                                                        ^
exception: app/src/main/java/com/hydra/panel/ui/screens/ClientsScreen.kt:192:70: error: unresolved reference: fillMaxWidth
exception:                     ActionButton("+ Новый ключ", modifier = Modifier.fillMaxWidth()) { showKeyAdd = true }
exception:                                                                      ^
exception: app/src/main/java/com/hydra/panel/ui/screens/ClientsScreen.kt:194:40: error: unresolved reference: keyId
exception:                 items(keys, key = { it.keyId }) { k ->
exception:                                        ^
exception: app/src/main/java/com/hydra/panel/ui/screens/ClientsScreen.kt:196:76: error: unresolved reference: keyId
exception:                         onExtend = { days -> runner.run { repo.extendKey(k.keyId, days).also { refresh++ } } },
exception:                                                                            ^
exception: app/src/main/java/com/hydra/panel/ui/screens/ClientsScreen.kt:197:68: error: unresolved reference: keyId
exception:                         onRevoke = { runner.run { repo.revokeKey(k.keyId).also { refresh++ } } },
exception:                                                                    ^
exception: app/src/main/java/com/hydra/panel/ui/screens/ClientsScreen.kt:198:70: error: unresolved reference: keyId
exception:                         onRestore = { runner.run { repo.restoreKey(k.keyId).also { refresh++ } } },
exception:                                                                      ^
exception: app/src/main/java/com/hydra/panel/ui/screens/ClientsScreen.kt:199:68: error: unresolved reference: keyId
exception:                         onDelete = { runner.run { repo.deleteKey(k.keyId).also { refresh++ } } },
exception:                                                                    ^
exception: app/src/main/java/com/hydra/panel/ui/screens/ClientsScreen.kt:202:63: error: suspend function 'downloadKeyConf' should be called only from a coroutine or another suspend function
exception:                                 runCatching { confText = repo.downloadKeyConf(k.keyId); confForKey = k.keyId }
exception:                                                               ^
exception: app/src/main/java/com/hydra/panel/ui/screens/ClientsScreen.kt:202:81: error: unresolved reference: keyId
exception:                                 runCatching { confText = repo.downloadKeyConf(k.keyId); confForKey = k.keyId }
exception:                                                                                 ^
exception: app/src/main/java/com/hydra/panel/ui/screens/ClientsScreen.kt:202:104: error: unresolved reference: keyId
exception:                                 runCatching { confText = repo.downloadKeyConf(k.keyId); confForKey = k.keyId }
exception:                                                                                                        ^
exception: app/src/main/java/com/hydra/panel/ui/screens/ClientsScreen.kt:203:55: error: suspend function 'showSnackbar' should be called only from a coroutine or another suspend function
exception:                                     .onFailure { host.showSnackbar("Ошибка: ${it.message}".take(160)) }
exception:                                                       ^
exception: app/src/main/java/com/hydra/panel/ui/screens/ClientsScreen.kt:210:35: error: unresolved reference: fillMaxWidth
exception:                     Card(Modifier.fillMaxWidth()) {
exception:                                   ^
exception: app/src/main/java/com/hydra/panel/ui/screens/ClientsScreen.kt:211:25: error: unresolved reference: Column
exception:                         Column(Modifier.padding(12.dp)) {
exception:                         ^
exception: app/src/main/java/com/hydra/panel/ui/screens/ClientsScreen.kt:211:41: error: unresolved reference: padding
exception:                         Column(Modifier.padding(12.dp)) {
exception:                                         ^
exception: app/src/main/java/com/hydra/panel/ui/screens/ClientsScreen.kt:212:29: error: unresolved reference: Row
exception:                             Row(verticalAlignment = Alignment.CenterVertically) {
exception:                             ^
exception: app/src/main/java/com/hydra/panel/ui/screens/ClientsScreen.kt:213:33: error: unresolved reference: Column
exception:                                 Column(Modifier.weight(1f)) {
exception:                                 ^
exception: app/src/main/java/com/hydra/panel/ui/screens/ClientsScreen.kt:213:49: error: unresolved reference: weight
exception:                                 Column(Modifier.weight(1f)) {
exception:                                                 ^
exception: app/src/main/java/com/hydra/panel/ui/screens/ClientsScreen.kt:214:37: error: none of the following functions can be called with the arguments supplied: 
exception: public fun Text(text: AnnotatedString, modifier: Modifier = ..., color: Color = ..., fontSize: TextUnit = ..., fontStyle: FontStyle? = ..., fontWeight: FontWeight? = ..., fontFamily: FontFamily? = ..., letterSpacing: TextUnit = ..., textDecoration: TextDecoration? = ..., textAlign: TextAlign? = ..., lineHeight: TextUnit = ..., overflow: TextOverflow = ..., softWrap: Boolean = ..., maxLines: Int = ..., minLines: Int = ..., inlineContent: Map<String, InlineTextContent> = ..., onTextLayout: (TextLayoutResult) -> Unit = ..., style: TextStyle = ...): Unit defined in androidx.compose.material3
exception: public fun Text(text: String, modifier: Modifier = ..., color: Color = ..., fontSize: TextUnit = ..., fontStyle: FontStyle? = ..., fontWeight: FontWeight? = ..., fontFamily: FontFamily? = ..., letterSpacing: TextUnit = ..., textDecoration: TextDecoration? = ..., textAlign: TextAlign? = ..., lineHeight: TextUnit = ..., overflow: TextOverflow = ..., softWrap: Boolean = ..., maxLines: Int = ..., minLines: Int = ..., onTextLayout: ((TextLayoutResult) -> Unit)? = ..., style: TextStyle = ...): Unit defined in androidx.compose.material3
exception:                                     Text(d.deviceName ?: d.deviceId, style = MaterialTheme.typography.titleSmall)
exception:                                     ^
exception: app/src/main/java/com/hydra/panel/ui/screens/ClientsScreen.kt:214:44: error: unresolved reference: deviceName
exception:                                     Text(d.deviceName ?: d.deviceId, style = MaterialTheme.typography.titleSmall)
exception:                                            ^
exception: app/src/main/java/com/hydra/panel/ui/screens/ClientsScreen.kt:214:60: error: unresolved reference: deviceId
exception:                                     Text(d.deviceName ?: d.deviceId, style = MaterialTheme.typography.titleSmall)
exception:                                                            ^
exception: app/src/main/java/com/hydra/panel/ui/screens/ClientsScreen.kt:214:92: error: @Composable invocations can only happen from the context of a @Composable function
exception:                                     Text(d.deviceName ?: d.deviceId, style = MaterialTheme.typography.titleSmall)
exception:                                                                                            ^
exception: app/src/main/java/com/hydra/panel/ui/screens/ClientsScreen.kt:215:37: error: @Composable invocations can only happen from the context of a @Composable function
exception:                                     Text("key ${d.keyId.take(8)}… · ip ${d.lastIp ?: "—"} · seen ${Format.relative(d.lastSeenAt)}",
exception:                                     ^
exception: app/src/main/java/com/hydra/panel/ui/screens/ClientsScreen.kt:215:51: error: unresolved reference: keyId
exception:                                     Text("key ${d.keyId.take(8)}… · ip ${d.lastIp ?: "—"} · seen ${Format.relative(d.lastSeenAt)}",
exception:                                                   ^
exception: app/src/main/java/com/hydra/panel/ui/screens/ClientsScreen.kt:215:76: error: unresolved reference: lastIp
exception:                                     Text("key ${d.keyId.take(8)}… · ip ${d.lastIp ?: "—"} · seen ${Format.relative(d.lastSeenAt)}",
exception:                                                                            ^
exception: app/src/main/java/com/hydra/panel/ui/screens/ClientsScreen.kt:215:118: error: unresolved reference: lastSeenAt
exception:                                     Text("key ${d.keyId.take(8)}… · ip ${d.lastIp ?: "—"} · seen ${Format.relative(d.lastSeenAt)}",
exception:                                                                                                                      ^
exception: app/src/main/java/com/hydra/panel/ui/screens/ClientsScreen.kt:216:55: error: unresolved reference: sp
exception:                                         fontSize = 11.sp, color = MaterialTheme.colorScheme.onSurfaceVariant)
exception:                                                       ^
exception: app/src/main/java/com/hydra/panel/ui/screens/ClientsScreen.kt:216:81: error: @Composable invocations can only happen from the context of a @Composable function
exception:                                         fontSize = 11.sp, color = MaterialTheme.colorScheme.onSurfaceVariant)
exception:                                                                                 ^
exception: app/src/main/java/com/hydra/panel/ui/screens/ClientsScreen.kt:218:33: error: @Composable invocations can only happen from the context of a @Composable function
exception:                                 OutlinedButton(onClick = {
exception:                                 ^
exception: app/src/main/java/com/hydra/panel/ui/screens/ClientsScreen.kt:219:70: error: unresolved reference: keyId
exception:                                     runner.run { repo.deleteDevice(d.keyId, d.deviceId).also { refresh++ } }
exception:                                                                      ^
exception: app/src/main/java/com/hydra/panel/ui/screens/ClientsScreen.kt:219:79: error: unresolved reference: deviceId
exception:                                     runner.run { repo.deleteDevice(d.keyId, d.deviceId).also { refresh++ } }
exception:                                                                               ^
exception: app/src/main/java/com/hydra/panel/ui/screens/ClientsScreen.kt:257:17: error: unresolved reference: Column
exception:                 Column(Modifier.verticalScroll(rememberScrollState())) { MonoText(confText!!) }
exception:                 ^
exception: app/src/main/java/com/hydra/panel/ui/screens/ClientsScreen.kt:257:74: error: @Composable invocations can only happen from the context of a @Composable function
exception:                 Column(Modifier.verticalScroll(rememberScrollState())) { MonoText(confText!!) }
exception:                                                                          ^
exception: app/src/main/java/com/hydra/panel/ui/screens/ClientsScreen.kt:266:8: error: unresolved reference: AccessKey
exception:     k: AccessKey,
exception:        ^
exception: app/src/main/java/com/hydra/panel/ui/screens/ClientsScreen.kt:280:19: error: unresolved reference: fillMaxWidth
exception:     Card(Modifier.fillMaxWidth()) {
exception:                   ^
exception: app/src/main/java/com/hydra/panel/ui/screens/ClientsScreen.kt:281:9: error: unresolved reference: Column
exception:         Column(Modifier.padding(12.dp)) {
exception:         ^
exception: app/src/main/java/com/hydra/panel/ui/screens/ClientsScreen.kt:281:25: error: unresolved reference: padding
exception:         Column(Modifier.padding(12.dp)) {
exception:                         ^
exception: app/src/main/java/com/hydra/panel/ui/screens/ClientsScreen.kt:282:13: error: unresolved reference: Row
exception:             Row(verticalAlignment = Alignment.CenterVertically) {
exception:             ^
exception: app/src/main/java/com/hydra/panel/ui/screens/ClientsScreen.kt:283:17: error: @Composable invocations can only happen from the context of a @Composable function
exception:                 StatusDot(if (revoked) "blocked" else if (expired) "expired" else "active")
exception:                 ^
exception: app/src/main/java/com/hydra/panel/ui/screens/ClientsScreen.kt:284:17: error: unresolved reference: Spacer
exception:                 Spacer(Modifier.width(8.dp))
exception:                 ^
exception: app/src/main/java/com/hydra/panel/ui/screens/ClientsScreen.kt:284:33: error: unresolved reference: width
exception:                 Spacer(Modifier.width(8.dp))
exception:                                 ^
exception: app/src/main/java/com/hydra/panel/ui/screens/ClientsScreen.kt:285:17: error: unresolved reference: Column
exception:                 Column(Modifier.weight(1f)) {
exception:                 ^
exception: app/src/main/java/com/hydra/panel/ui/screens/ClientsScreen.kt:285:33: error: unresolved reference: weight
exception:                 Column(Modifier.weight(1f)) {
exception:                                 ^
exception: app/src/main/java/com/hydra/panel/ui/screens/ClientsScreen.kt:286:21: error: @Composable invocations can only happen from the context of a @Composable function
exception:                     Text("${k.keyId.take(12)}… · $statusLabel", style = MaterialTheme.typography.titleSmall)
exception:                     ^
exception: app/src/main/java/com/hydra/panel/ui/screens/ClientsScreen.kt:286:87: error: @Composable invocations can only happen from the context of a @Composable function
exception:                     Text("${k.keyId.take(12)}… · $statusLabel", style = MaterialTheme.typography.titleSmall)
exception:                                                                                       ^
exception: app/src/main/java/com/hydra/panel/ui/screens/ClientsScreen.kt:288:21: error: @Composable invocations can only happen from the context of a @Composable function
exception:                     Text(
exception:                     ^
exception: app/src/main/java/com/hydra/panel/ui/screens/ClientsScreen.kt:296:39: error: unresolved reference: sp
exception:                         fontSize = 12.sp, color = MaterialTheme.colorScheme.onSurfaceVariant,
exception:                                       ^
exception: app/src/main/java/com/hydra/panel/ui/screens/ClientsScreen.kt:296:65: error: @Composable invocations can only happen from the context of a @Composable function
exception:                         fontSize = 12.sp, color = MaterialTheme.colorScheme.onSurfaceVariant,
exception:                                                                 ^
exception: app/src/main/java/com/hydra/panel/ui/screens/ClientsScreen.kt:300:13: error: unresolved reference: Spacer
exception:             Spacer(Modifier.height(6.dp))
exception:             ^
exception: app/src/main/java/com/hydra/panel/ui/screens/ClientsScreen.kt:300:29: error: unresolved reference: height
exception:             Spacer(Modifier.height(6.dp))
exception:                             ^
exception: app/src/main/java/com/hydra/panel/ui/screens/ClientsScreen.kt:301:13: error: unresolved reference: Row
exception:             Row(horizontalArrangement = Arrangement.spacedBy(6.dp)) {
exception:             ^
exception: app/src/main/java/com/hydra/panel/ui/screens/ClientsScreen.kt:301:41: error: unresolved reference: Arrangement
exception:             Row(horizontalArrangement = Arrangement.spacedBy(6.dp)) {
exception:                                         ^
exception: app/src/main/java/com/hydra/panel/ui/screens/ClientsScreen.kt:302:17: error: @Composable invocations can only happen from the context of a @Composable function
exception:                 OutlinedButton(onClick = { onExtend(30) }) { Text("+30д") }
exception:                 ^
exception: app/src/main/java/com/hydra/panel/ui/screens/ClientsScreen.kt:303:17: error: @Composable invocations can only happen from the context of a @Composable function
exception:                 OutlinedButton(onClick = { onExtend(90) }) { Text("+90д") }
exception:                 ^
exception: app/src/main/java/com/hydra/panel/ui/screens/ClientsScreen.kt:304:30: error: @Composable invocations can only happen from the context of a @Composable function
exception:                 if (revoked) ActionButton("Возобновить") { onRestore() }
exception:                              ^
exception: app/src/main/java/com/hydra/panel/ui/screens/ClientsScreen.kt:305:22: error: @Composable invocations can only happen from the context of a @Composable function
exception:                 else ActionButton("Пауза", danger = true) { onRevoke() }
exception:                      ^
exception: app/src/main/java/com/hydra/panel/ui/screens/ClientsScreen.kt:306:17: error: @Composable invocations can only happen from the context of a @Composable function
exception:                 OutlinedButton(onClick = onDownload) { Text("конф") }
exception:                 ^
exception: app/src/main/java/com/hydra/panel/ui/screens/ClientsScreen.kt:307:17: error: @Composable invocations can only happen from the context of a @Composable function
exception:                 OutlinedButton(onClick = onDelete) { Text("удал.") }
exception:                 ^
exception: app/src/main/java/com/hydra/panel/ui/screens/ClientsScreen.kt:316:14: error: unresolved reference: ClientPerson
exception:     initial: ClientPerson?,
exception:              ^
exception: app/src/main/java/com/hydra/panel/ui/screens/ClientsScreen.kt:328:13: error: unresolved reference: Column
exception:             Column(Modifier.verticalScroll(rememberScrollState()), verticalArrangement = Arrangement.spacedBy(8.dp)) {
exception:             ^
exception: app/src/main/java/com/hydra/panel/ui/screens/ClientsScreen.kt:328:90: error: unresolved reference: Arrangement
exception:             Column(Modifier.verticalScroll(rememberScrollState()), verticalArrangement = Arrangement.spacedBy(8.dp)) {
exception:                                                                                          ^
exception: app/src/main/java/com/hydra/panel/ui/screens/ClientsScreen.kt:329:17: error: none of the following functions can be called with the arguments supplied: 
exception: public fun OutlinedTextField(value: TextFieldValue, onValueChange: (TextFieldValue) -> Unit, modifier: Modifier = ..., enabled: Boolean = ..., readOnly: Boolean = ..., textStyle: TextStyle = ..., label: (() -> Unit)? = ..., placeholder: (() -> Unit)? = ..., leadingIcon: (() -> Unit)? = ..., trailingIcon: (() -> Unit)? = ..., prefix: (() -> Unit)? = ..., suffix: (() -> Unit)? = ..., supportingText: (() -> Unit)? = ..., isError: Boolean = ..., visualTransformation: VisualTransformation = ..., keyboardOptions: KeyboardOptions = ..., keyboardActions: KeyboardActions = ..., singleLine: Boolean = ..., maxLines: Int = ..., minLines: Int = ..., interactionSource: MutableInteractionSource = ..., shape: Shape = ..., colors: TextFieldColors = ...): Unit defined in androidx.compose.material3
exception: public fun OutlinedTextField(value: String, onValueChange: (String) -> Unit, modifier: Modifier = ..., enabled: Boolean = ..., readOnly: Boolean = ..., textStyle: TextStyle = ..., label: (() -> Unit)? = ..., placeholder: (() -> Unit)? = ..., leadingIcon: (() -> Unit)? = ..., trailingIcon: (() -> Unit)? = ..., prefix: (() -> Unit)? = ..., suffix: (() -> Unit)? = ..., supportingText: (() -> Unit)? = ..., isError: Boolean = ..., visualTransformation: VisualTransformation = ..., keyboardOptions: KeyboardOptions = ..., keyboardActions: KeyboardActions = ..., singleLine: Boolean = ..., maxLines: Int = ..., minLines: Int = ..., interactionSource: MutableInteractionSource = ..., shape: Shape = ..., colors: TextFieldColors = ...): Unit defined in androidx.compose.material3
exception:                 OutlinedTextField(name, { name = it }, label = { Text("Имя") }, singleLine = true, Modifier.fillMaxWidth())
exception:                 ^
exception: app/src/main/java/com/hydra/panel/ui/screens/ClientsScreen.kt:329:50: error: unresolved reference: it
exception:                 OutlinedTextField(name, { name = it }, label = { Text("Имя") }, singleLine = true, Modifier.fillMaxWidth())
exception:                                                  ^
exception: app/src/main/java/com/hydra/panel/ui/screens/ClientsScreen.kt:329:66: error: @Composable invocations can only happen from the context of a @Composable function
exception:                 OutlinedTextField(name, { name = it }, label = { Text("Имя") }, singleLine = true, Modifier.fillMaxWidth())
exception:                                                                  ^
exception: app/src/main/java/com/hydra/panel/ui/screens/ClientsScreen.kt:329:109: error: unresolved reference: fillMaxWidth
exception:                 OutlinedTextField(name, { name = it }, label = { Text("Имя") }, singleLine = true, Modifier.fillMaxWidth())
exception:                                                                                                             ^
exception: app/src/main/java/com/hydra/panel/ui/screens/ClientsScreen.kt:330:17: error: none of the following functions can be called with the arguments supplied: 
exception: public fun OutlinedTextField(value: TextFieldValue, onValueChange: (TextFieldValue) -> Unit, modifier: Modifier = ..., enabled: Boolean = ..., readOnly: Boolean = ..., textStyle: TextStyle = ..., label: (() -> Unit)? = ..., placeholder: (() -> Unit)? = ..., leadingIcon: (() -> Unit)? = ..., trailingIcon: (() -> Unit)? = ..., prefix: (() -> Unit)? = ..., suffix: (() -> Unit)? = ..., supportingText: (() -> Unit)? = ..., isError: Boolean = ..., visualTransformation: VisualTransformation = ..., keyboardOptions: KeyboardOptions = ..., keyboardActions: KeyboardActions = ..., singleLine: Boolean = ..., maxLines: Int = ..., minLines: Int = ..., interactionSource: MutableInteractionSource = ..., shape: Shape = ..., colors: TextFieldColors = ...): Unit defined in androidx.compose.material3
exception: public fun OutlinedTextField(value: String, onValueChange: (String) -> Unit, modifier: Modifier = ..., enabled: Boolean = ..., readOnly: Boolean = ..., textStyle: TextStyle = ..., label: (() -> Unit)? = ..., placeholder: (() -> Unit)? = ..., leadingIcon: (() -> Unit)? = ..., trailingIcon: (() -> Unit)? = ..., prefix: (() -> Unit)? = ..., suffix: (() -> Unit)? = ..., supportingText: (() -> Unit)? = ..., isError: Boolean = ..., visualTransformation: VisualTransformation = ..., keyboardOptions: KeyboardOptions = ..., keyboardActions: KeyboardActions = ..., singleLine: Boolean = ..., maxLines: Int = ..., minLines: Int = ..., interactionSource: MutableInteractionSource = ..., shape: Shape = ..., colors: TextFieldColors = ...): Unit defined in androidx.compose.material3
exception:                 OutlinedTextField(tg, { tg = it.filter(Char::isDigit) }, label = { Text("Telegram ID (число)") },
exception:                 ^
exception: app/src/main/java/com/hydra/panel/ui/screens/ClientsScreen.kt:330:46: error: unresolved reference: it
exception:                 OutlinedTextField(tg, { tg = it.filter(Char::isDigit) }, label = { Text("Telegram ID (число)") },
exception:                                              ^
exception: app/src/main/java/com/hydra/panel/ui/screens/ClientsScreen.kt:330:84: error: @Composable invocations can only happen from the context of a @Composable function
exception:                 OutlinedTextField(tg, { tg = it.filter(Char::isDigit) }, label = { Text("Telegram ID (число)") },
exception:                                                                                    ^
exception: app/src/main/java/com/hydra/panel/ui/screens/ClientsScreen.kt:331:49: error: unresolved reference: fillMaxWidth
exception:                     singleLine = true, Modifier.fillMaxWidth(), keyboardOptions = KeyboardOptions(keyboardType = KeyboardType.Number))
exception:                                                 ^
exception: app/src/main/java/com/hydra/panel/ui/screens/ClientsScreen.kt:332:17: error: none of the following functions can be called with the arguments supplied: 
exception: public fun OutlinedTextField(value: TextFieldValue, onValueChange: (TextFieldValue) -> Unit, modifier: Modifier = ..., enabled: Boolean = ..., readOnly: Boolean = ..., textStyle: TextStyle = ..., label: (() -> Unit)? = ..., placeholder: (() -> Unit)? = ..., leadingIcon: (() -> Unit)? = ..., trailingIcon: (() -> Unit)? = ..., prefix: (() -> Unit)? = ..., suffix: (() -> Unit)? = ..., supportingText: (() -> Unit)? = ..., isError: Boolean = ..., visualTransformation: VisualTransformation = ..., keyboardOptions: KeyboardOptions = ..., keyboardActions: KeyboardActions = ..., singleLine: Boolean = ..., maxLines: Int = ..., minLines: Int = ..., interactionSource: MutableInteractionSource = ..., shape: Shape = ..., colors: TextFieldColors = ...): Unit defined in androidx.compose.material3
exception: public fun OutlinedTextField(value: String, onValueChange: (String) -> Unit, modifier: Modifier = ..., enabled: Boolean = ..., readOnly: Boolean = ..., textStyle: TextStyle = ..., label: (() -> Unit)? = ..., placeholder: (() -> Unit)? = ..., leadingIcon: (() -> Unit)? = ..., trailingIcon: (() -> Unit)? = ..., prefix: (() -> Unit)? = ..., suffix: (() -> Unit)? = ..., supportingText: (() -> Unit)? = ..., isError: Boolean = ..., visualTransformation: VisualTransformation = ..., keyboardOptions: KeyboardOptions = ..., keyboardActions: KeyboardActions = ..., singleLine: Boolean = ..., maxLines: Int = ..., minLines: Int = ..., interactionSource: MutableInteractionSource = ..., shape: Shape = ..., colors: TextFieldColors = ...): Unit defined in androidx.compose.material3
exception:                 OutlinedTextField(user, { user = it }, label = { Text("@username") }, singleLine = true, Modifier.fillMaxWidth())
exception:                 ^
exception: app/src/main/java/com/hydra/panel/ui/screens/ClientsScreen.kt:332:50: error: unresolved reference: it
exception:                 OutlinedTextField(user, { user = it }, label = { Text("@username") }, singleLine = true, Modifier.fillMaxWidth())
exception:                                                  ^
exception: app/src/main/java/com/hydra/panel/ui/screens/ClientsScreen.kt:332:66: error: @Composable invocations can only happen from the context of a @Composable function
exception:                 OutlinedTextField(user, { user = it }, label = { Text("@username") }, singleLine = true, Modifier.fillMaxWidth())
exception:                                                                  ^
exception: app/src/main/java/com/hydra/panel/ui/screens/ClientsScreen.kt:332:115: error: unresolved reference: fillMaxWidth
exception:                 OutlinedTextField(user, { user = it }, label = { Text("@username") }, singleLine = true, Modifier.fillMaxWidth())
exception:                                                                                                                   ^
exception: app/src/main/java/com/hydra/panel/ui/screens/ClientsScreen.kt:333:17: error: none of the following functions can be called with the arguments supplied: 
exception: public fun OutlinedTextField(value: TextFieldValue, onValueChange: (TextFieldValue) -> Unit, modifier: Modifier = ..., enabled: Boolean = ..., readOnly: Boolean = ..., textStyle: TextStyle = ..., label: (() -> Unit)? = ..., placeholder: (() -> Unit)? = ..., leadingIcon: (() -> Unit)? = ..., trailingIcon: (() -> Unit)? = ..., prefix: (() -> Unit)? = ..., suffix: (() -> Unit)? = ..., supportingText: (() -> Unit)? = ..., isError: Boolean = ..., visualTransformation: VisualTransformation = ..., keyboardOptions: KeyboardOptions = ..., keyboardActions: KeyboardActions = ..., singleLine: Boolean = ..., maxLines: Int = ..., minLines: Int = ..., interactionSource: MutableInteractionSource = ..., shape: Shape = ..., colors: TextFieldColors = ...): Unit defined in androidx.compose.material3
exception: public fun OutlinedTextField(value: String, onValueChange: (String) -> Unit, modifier: Modifier = ..., enabled: Boolean = ..., readOnly: Boolean = ..., textStyle: TextStyle = ..., label: (() -> Unit)? = ..., placeholder: (() -> Unit)? = ..., leadingIcon: (() -> Unit)? = ..., trailingIcon: (() -> Unit)? = ..., prefix: (() -> Unit)? = ..., suffix: (() -> Unit)? = ..., supportingText: (() -> Unit)? = ..., isError: Boolean = ..., visualTransformation: VisualTransformation = ..., keyboardOptions: KeyboardOptions = ..., keyboardActions: KeyboardActions = ..., singleLine: Boolean = ..., maxLines: Int = ..., minLines: Int = ..., interactionSource: MutableInteractionSource = ..., shape: Shape = ..., colors: TextFieldColors = ...): Unit defined in androidx.compose.material3
exception:                 OutlinedTextField(notes, { notes = it }, label = { Text("Заметки") }, Modifier.fillMaxWidth().height(96.dp))
exception:                 ^
exception: app/src/main/java/com/hydra/panel/ui/screens/ClientsScreen.kt:333:52: error: unresolved reference: it
exception:                 OutlinedTextField(notes, { notes = it }, label = { Text("Заметки") }, Modifier.fillMaxWidth().height(96.dp))
exception:                                                    ^
exception: app/src/main/java/com/hydra/panel/ui/screens/ClientsScreen.kt:333:68: error: @Composable invocations can only happen from the context of a @Composable function
exception:                 OutlinedTextField(notes, { notes = it }, label = { Text("Заметки") }, Modifier.fillMaxWidth().height(96.dp))
exception:                                                                    ^
exception: app/src/main/java/com/hydra/panel/ui/screens/ClientsScreen.kt:333:96: error: unresolved reference: fillMaxWidth
exception:                 OutlinedTextField(notes, { notes = it }, label = { Text("Заметки") }, Modifier.fillMaxWidth().height(96.dp))
exception:                                                                                                ^
exception: app/src/main/java/com/hydra/panel/ui/screens/ClientsScreen.kt:349:13: error: unresolved reference: Column
exception:             Column(verticalArrangement = Arrangement.spacedBy(8.dp)) {
exception:             ^
exception: app/src/main/java/com/hydra/panel/ui/screens/ClientsScreen.kt:349:42: error: unresolved reference: Arrangement
exception:             Column(verticalArrangement = Arrangement.spacedBy(8.dp)) {
exception:                                          ^
exception: app/src/main/java/com/hydra/panel/ui/screens/ClientsScreen.kt:350:17: error: none of the following functions can be called with the arguments supplied: 
exception: public fun OutlinedTextField(value: TextFieldValue, onValueChange: (TextFieldValue) -> Unit, modifier: Modifier = ..., enabled: Boolean = ..., readOnly: Boolean = ..., textStyle: TextStyle = ..., label: (() -> Unit)? = ..., placeholder: (() -> Unit)? = ..., leadingIcon: (() -> Unit)? = ..., trailingIcon: (() -> Unit)? = ..., prefix: (() -> Unit)? = ..., suffix: (() -> Unit)? = ..., supportingText: (() -> Unit)? = ..., isError: Boolean = ..., visualTransformation: VisualTransformation = ..., keyboardOptions: KeyboardOptions = ..., keyboardActions: KeyboardActions = ..., singleLine: Boolean = ..., maxLines: Int = ..., minLines: Int = ..., interactionSource: MutableInteractionSource = ..., shape: Shape = ..., colors: TextFieldColors = ...): Unit defined in androidx.compose.material3
exception: public fun OutlinedTextField(value: String, onValueChange: (String) -> Unit, modifier: Modifier = ..., enabled: Boolean = ..., readOnly: Boolean = ..., textStyle: TextStyle = ..., label: (() -> Unit)? = ..., placeholder: (() -> Unit)? = ..., leadingIcon: (() -> Unit)? = ..., trailingIcon: (() -> Unit)? = ..., prefix: (() -> Unit)? = ..., suffix: (() -> Unit)? = ..., supportingText: (() -> Unit)? = ..., isError: Boolean = ..., visualTransformation: VisualTransformation = ..., keyboardOptions: KeyboardOptions = ..., keyboardActions: KeyboardActions = ..., singleLine: Boolean = ..., maxLines: Int = ..., minLines: Int = ..., interactionSource: MutableInteractionSource = ..., shape: Shape = ..., colors: TextFieldColors = ...): Unit defined in androidx.compose.material3
exception:                 OutlinedTextField(days, { days = it.filter(Char::isDigit) }, label = { Text("Срок, дней") },
exception:                 ^
exception: app/src/main/java/com/hydra/panel/ui/screens/ClientsScreen.kt:350:50: error: unresolved reference: it
exception:                 OutlinedTextField(days, { days = it.filter(Char::isDigit) }, label = { Text("Срок, дней") },
exception:                                                  ^
exception: app/src/main/java/com/hydra/panel/ui/screens/ClientsScreen.kt:350:88: error: @Composable invocations can only happen from the context of a @Composable function
exception:                 OutlinedTextField(days, { days = it.filter(Char::isDigit) }, label = { Text("Срок, дней") },
exception:                                                                                        ^
exception: app/src/main/java/com/hydra/panel/ui/screens/ClientsScreen.kt:351:49: error: unresolved reference: fillMaxWidth
exception:                     singleLine = true, Modifier.fillMaxWidth(), keyboardOptions = KeyboardOptions(keyboardType = KeyboardType.Number))
exception:                                                 ^
exception: app/src/main/java/com/hydra/panel/ui/screens/ClientsScreen.kt:352:17: error: none of the following functions can be called with the arguments supplied: 
exception: public fun OutlinedTextField(value: TextFieldValue, onValueChange: (TextFieldValue) -> Unit, modifier: Modifier = ..., enabled: Boolean = ..., readOnly: Boolean = ..., textStyle: TextStyle = ..., label: (() -> Unit)? = ..., placeholder: (() -> Unit)? = ..., leadingIcon: (() -> Unit)? = ..., trailingIcon: (() -> Unit)? = ..., prefix: (() -> Unit)? = ..., suffix: (() -> Unit)? = ..., supportingText: (() -> Unit)? = ..., isError: Boolean = ..., visualTransformation: VisualTransformation = ..., keyboardOptions: KeyboardOptions = ..., keyboardActions: KeyboardActions = ..., singleLine: Boolean = ..., maxLines: Int = ..., minLines: Int = ..., interactionSource: MutableInteractionSource = ..., shape: Shape = ..., colors: TextFieldColors = ...): Unit defined in androidx.compose.material3
exception: public fun OutlinedTextField(value: String, onValueChange: (String) -> Unit, modifier: Modifier = ..., enabled: Boolean = ..., readOnly: Boolean = ..., textStyle: TextStyle = ..., label: (() -> Unit)? = ..., placeholder: (() -> Unit)? = ..., leadingIcon: (() -> Unit)? = ..., trailingIcon: (() -> Unit)? = ..., prefix: (() -> Unit)? = ..., suffix: (() -> Unit)? = ..., supportingText: (() -> Unit)? = ..., isError: Boolean = ..., visualTransformation: VisualTransformation = ..., keyboardOptions: KeyboardOptions = ..., keyboardActions: KeyboardActions = ..., singleLine: Boolean = ..., maxLines: Int = ..., minLines: Int = ..., interactionSource: MutableInteractionSource = ..., shape: Shape = ..., colors: TextFieldColors = ...): Unit defined in androidx.compose.material3
exception:                 OutlinedTextField(devices, { devices = it.filter(Char::isDigit) }, label = { Text("Макс. устройств") },
exception:                 ^
exception: app/src/main/java/com/hydra/panel/ui/screens/ClientsScreen.kt:352:56: error: unresolved reference: it
exception:                 OutlinedTextField(devices, { devices = it.filter(Char::isDigit) }, label = { Text("Макс. устройств") },
exception:                                                        ^
exception: app/src/main/java/com/hydra/panel/ui/screens/ClientsScreen.kt:352:94: error: @Composable invocations can only happen from the context of a @Composable function
exception:                 OutlinedTextField(devices, { devices = it.filter(Char::isDigit) }, label = { Text("Макс. устройств") },
exception:                                                                                              ^
exception: app/src/main/java/com/hydra/panel/ui/screens/ClientsScreen.kt:353:49: error: unresolved reference: fillMaxWidth
exception:                     singleLine = true, Modifier.fillMaxWidth(), keyboardOptions = KeyboardOptions(keyboardType = KeyboardType.Number))
exception:                                                 ^
exception: app/src/main/java/com/hydra/panel/ui/screens/DashboardScreen.kt:4:1: error: expecting a top level declaration
exception: androidx.compose.foundation.layout.*
exception: ^
exception: app/src/main/java/com/hydra/panel/ui/screens/DashboardScreen.kt:4:9: error: expecting a top level declaration
exception: androidx.compose.foundation.layout.*
exception:         ^
exception: app/src/main/java/com/hydra/panel/ui/screens/DashboardScreen.kt:4:10: error: expecting a top level declaration
exception: androidx.compose.foundation.layout.*
exception:          ^
exception: app/src/main/java/com/hydra/panel/ui/screens/DashboardScreen.kt:4:17: error: expecting a top level declaration
exception: androidx.compose.foundation.layout.*
exception:                 ^
exception: app/src/main/java/com/hydra/panel/ui/screens/DashboardScreen.kt:4:18: error: expecting a top level declaration
exception: androidx.compose.foundation.layout.*
exception:                  ^
exception: app/src/main/java/com/hydra/panel/ui/screens/DashboardScreen.kt:4:28: error: expecting a top level declaration
exception: androidx.compose.foundation.layout.*
exception:                            ^
exception: app/src/main/java/com/hydra/panel/ui/screens/DashboardScreen.kt:4:29: error: expecting a top level declaration
exception: androidx.compose.foundation.layout.*
exception:                             ^
exception: app/src/main/java/com/hydra/panel/ui/screens/DashboardScreen.kt:4:35: error: expecting a top level declaration
exception: androidx.compose.foundation.layout.*
exception:                                   ^
exception: app/src/main/java/com/hydra/panel/ui/screens/DashboardScreen.kt:4:36: error: expecting a top level declaration
exception: androidx.compose.foundation.layout.*
exception:                                    ^
exception: app/src/main/java/com/hydra/panel/ui/screens/DashboardScreen.kt:4:37: error: imports are only allowed in the beginning of file
exception: androidx.compose.foundation.layout.*
exception:                                     ^
exception: app/src/main/java/com/hydra/panel/ui/screens/DashboardScreen.kt:12:35: error: unresolved reference: Server
exception: import com.hydra.panel.data.model.Server
exception:                                   ^
exception: app/src/main/java/com/hydra/panel/ui/screens/DashboardScreen.kt:19:23: error: unresolved reference: Server
exception:     val servers: List<Server>,
exception:                       ^
exception: app/src/main/java/com/hydra/panel/ui/screens/DashboardScreen.kt:28:60: error: composable calls are not allowed inside the calculation parameter of inline fun <T> remember(crossinline calculation: () -> TypeVariable(T)): TypeVariable(T)
exception:     val repo = remember { PanelRepository.get(LocalContext.current) }
exception:                                                            ^
exception: app/src/main/java/com/hydra/panel/ui/screens/DashboardScreen.kt:46:27: error: none of the following functions can be called with the arguments supplied: 
exception: public final operator fun plus(other: Byte): Int defined in kotlin.Int
exception: public final operator fun plus(other: Double): Double defined in kotlin.Int
exception: public final operator fun plus(other: Float): Float defined in kotlin.Int
exception: public final operator fun plus(other: Int): Int defined in kotlin.Int
exception: public final operator fun plus(other: Long): Long defined in kotlin.Int
exception: public final operator fun plus(other: Short): Int defined in kotlin.Int
exception:                     conns += m.firstOrNull()?.totalConnections ?: 0
exception:                           ^
exception: app/src/main/java/com/hydra/panel/ui/screens/DashboardScreen.kt:49:85: error: unresolved reference: parseIso
exception:             val keys = try { repo.listKeys().count { it.revokedAt == null && Format.parseIso(it.expiresAt)?.isAfter(java.time.LocalDateTime.now()) != false } } catch (_: Exception) { 0 }
exception:                                                                                     ^
exception: app/src/main/java/com/hydra/panel/ui/screens/DashboardScreen.kt:67:9: error: unresolved reference: Column
exception:         Column(Modifier.padding(pad)) {
exception:         ^
exception: app/src/main/java/com/hydra/panel/ui/screens/DashboardScreen.kt:67:25: error: unresolved reference: padding
exception:         Column(Modifier.padding(pad)) {
exception:                         ^
exception: app/src/main/java/com/hydra/panel/ui/screens/DashboardScreen.kt:68:13: error: @Composable invocations can only happen from the context of a @Composable function
exception:             MessageBar(error, isError = true, onDismiss = { error = null })
exception:             ^
exception: app/src/main/java/com/hydra/panel/ui/screens/DashboardScreen.kt:69:26: error: @Composable invocations can only happen from the context of a @Composable function
exception:             if (loading) LoadingBlock("Сводка панели…")
exception:                          ^
exception: app/src/main/java/com/hydra/panel/ui/screens/DashboardScreen.kt:72:17: error: @Composable invocations can only happen from the context of a @Composable function
exception:                 LazyColumn(Modifier.fillMaxSize(), contentPadding = PaddingValues(12.dp), verticalArrangement = Arrangement.spacedBy(10.dp)) {
exception:                 ^
exception: app/src/main/java/com/hydra/panel/ui/screens/DashboardScreen.kt:72:37: error: unresolved reference: fillMaxSize
exception:                 LazyColumn(Modifier.fillMaxSize(), contentPadding = PaddingValues(12.dp), verticalArrangement = Arrangement.spacedBy(10.dp)) {
exception:                                     ^
exception: app/src/main/java/com/hydra/panel/ui/screens/DashboardScreen.kt:72:69: error: unresolved reference: PaddingValues
exception:                 LazyColumn(Modifier.fillMaxSize(), contentPadding = PaddingValues(12.dp), verticalArrangement = Arrangement.spacedBy(10.dp)) {
exception:                                                                     ^
exception: app/src/main/java/com/hydra/panel/ui/screens/DashboardScreen.kt:72:113: error: unresolved reference: Arrangement
exception:                 LazyColumn(Modifier.fillMaxSize(), contentPadding = PaddingValues(12.dp), verticalArrangement = Arrangement.spacedBy(10.dp)) {
exception:                                                                                                                 ^
exception: app/src/main/java/com/hydra/panel/ui/screens/DashboardScreen.kt:74:25: error: unresolved reference: Row
exception:                         Row(horizontalArrangement = Arrangement.spacedBy(8.dp)) {
exception:                         ^
exception: app/src/main/java/com/hydra/panel/ui/screens/DashboardScreen.kt:74:53: error: unresolved reference: Arrangement
exception:                         Row(horizontalArrangement = Arrangement.spacedBy(8.dp)) {
exception:                                                     ^
exception: app/src/main/java/com/hydra/panel/ui/screens/DashboardScreen.kt:75:29: error: unresolved reference: Box
exception:                             Box(Modifier.weight(1f)) { StatCard("Серверы", d.servers.size.toString()) }
exception:                             ^
exception: app/src/main/java/com/hydra/panel/ui/screens/DashboardScreen.kt:75:42: error: unresolved reference: weight
exception:                             Box(Modifier.weight(1f)) { StatCard("Серверы", d.servers.size.toString()) }
exception:                                          ^
exception: app/src/main/java/com/hydra/panel/ui/screens/DashboardScreen.kt:75:56: error: @Composable invocations can only happen from the context of a @Composable function
exception:                             Box(Modifier.weight(1f)) { StatCard("Серверы", d.servers.size.toString()) }
exception:                                                        ^
exception: app/src/main/java/com/hydra/panel/ui/screens/DashboardScreen.kt:76:29: error: unresolved reference: Box
exception:                             Box(Modifier.weight(1f)) { StatCard("Клиенты (conn.)", d.totalConnections.toString()) }
exception:                             ^
exception: app/src/main/java/com/hydra/panel/ui/screens/DashboardScreen.kt:76:42: error: unresolved reference: weight
exception:                             Box(Modifier.weight(1f)) { StatCard("Клиенты (conn.)", d.totalConnections.toString()) }
exception:                                          ^
exception: app/src/main/java/com/hydra/panel/ui/screens/DashboardScreen.kt:76:56: error: @Composable invocations can only happen from the context of a @Composable function
exception:                             Box(Modifier.weight(1f)) { StatCard("Клиенты (conn.)", d.totalConnections.toString()) }
exception:                                                        ^
exception: app/src/main/java/com/hydra/panel/ui/screens/DashboardScreen.kt:80:25: error: unresolved reference: Row
exception:                         Row(horizontalArrangement = Arrangement.spacedBy(8.dp)) {
exception:                         ^
exception: app/src/main/java/com/hydra/panel/ui/screens/DashboardScreen.kt:80:53: error: unresolved reference: Arrangement
exception:                         Row(horizontalArrangement = Arrangement.spacedBy(8.dp)) {
exception:                                                     ^
exception: app/src/main/java/com/hydra/panel/ui/screens/DashboardScreen.kt:81:29: error: unresolved reference: Box
exception:                             Box(Modifier.weight(1f)) { StatCard("Активные ключи", d.activeKeys.toString()) }
exception:                             ^
exception: app/src/main/java/com/hydra/panel/ui/screens/DashboardScreen.kt:81:42: error: unresolved reference: weight
exception:                             Box(Modifier.weight(1f)) { StatCard("Активные ключи", d.activeKeys.toString()) }
exception:                                          ^
exception: app/src/main/java/com/hydra/panel/ui/screens/DashboardScreen.kt:81:56: error: @Composable invocations can only happen from the context of a @Composable function
exception:                             Box(Modifier.weight(1f)) { StatCard("Активные ключи", d.activeKeys.toString()) }
exception:                                                        ^
exception: app/src/main/java/com/hydra/panel/ui/screens/DashboardScreen.kt:82:29: error: unresolved reference: Box
exception:                             Box(Modifier.weight(1f)) {
exception:                             ^
exception: app/src/main/java/com/hydra/panel/ui/screens/DashboardScreen.kt:82:42: error: unresolved reference: weight
exception:                             Box(Modifier.weight(1f)) {
exception:                                          ^
exception: app/src/main/java/com/hydra/panel/ui/screens/DashboardScreen.kt:83:33: error: @Composable invocations can only happen from the context of a @Composable function
exception:                                 StatCard("Алерты", d.alertsCount.toString(),
exception:                                 ^
exception: app/src/main/java/com/hydra/panel/ui/screens/DashboardScreen.kt:89:27: error: type mismatch: inferred type is List<[Error type: Unresolved type for Server]> but Int was expected
exception:                     items(d.servers, key = { it.id }) { s ->
exception:                           ^
exception: app/src/main/java/com/hydra/panel/ui/screens/DashboardScreen.kt:89:49: error: unresolved reference: id
exception:                     items(d.servers, key = { it.id }) { s ->
exception:                                                 ^
exception: app/src/main/java/com/hydra/panel/ui/screens/DashboardScreen.kt:90:57: error: unresolved reference: id
exception:                         Card(onClick = { onOpenServer(s.id) }, modifier = Modifier.fillMaxWidth()) {
exception:                                                         ^
exception: app/src/main/java/com/hydra/panel/ui/screens/DashboardScreen.kt:90:84: error: unresolved reference: fillMaxWidth
exception:                         Card(onClick = { onOpenServer(s.id) }, modifier = Modifier.fillMaxWidth()) {
exception:                                                                                    ^
exception: app/src/main/java/com/hydra/panel/ui/screens/DashboardScreen.kt:91:29: error: unresolved reference: Row
exception:                             Row(Modifier.padding(14.dp), verticalAlignment = Alignment.CenterVertically) {
exception:                             ^
exception: app/src/main/java/com/hydra/panel/ui/screens/DashboardScreen.kt:91:42: error: unresolved reference: padding
exception:                             Row(Modifier.padding(14.dp), verticalAlignment = Alignment.CenterVertically) {
exception:                                          ^
exception: app/src/main/java/com/hydra/panel/ui/screens/DashboardScreen.kt:92:33: error: @Composable invocations can only happen from the context of a @Composable function
exception:                                 StatusDot(s.status)
exception:                                 ^
exception: app/src/main/java/com/hydra/panel/ui/screens/DashboardScreen.kt:92:45: error: unresolved reference: status
exception:                                 StatusDot(s.status)
exception:                                             ^
exception: app/src/main/java/com/hydra/panel/ui/screens/DashboardScreen.kt:93:33: error: unresolved reference: Spacer
exception:                                 Spacer(Modifier.width(10.dp))
exception:                                 ^
exception: app/src/main/java/com/hydra/panel/ui/screens/DashboardScreen.kt:93:49: error: unresolved reference: width
exception:                                 Spacer(Modifier.width(10.dp))
exception:                                                 ^
exception: app/src/main/java/com/hydra/panel/ui/screens/DashboardScreen.kt:94:33: error: unresolved reference: Column
exception:                                 Column(Modifier.weight(1f)) {
exception:                                 ^
exception: app/src/main/java/com/hydra/panel/ui/screens/DashboardScreen.kt:95:44: error: unresolved reference: id
exception:                                     Text(s.id, style = MaterialTheme.typography.titleSmall)
exception:                                            ^
exception: app/src/main/java/com/hydra/panel/ui/screens/DashboardScreen.kt:95:70: error: @Composable invocations can only happen from the context of a @Composable function
exception:                                     Text(s.id, style = MaterialTheme.typography.titleSmall)
exception:                                                                      ^
exception: app/src/main/java/com/hydra/panel/ui/screens/DashboardScreen.kt:96:37: error: @Composable invocations can only happen from the context of a @Composable function
exception:                                     Text("${s.ip} · ${s.location ?: "—"}${if (s.city != null) ", ${s.city}" else ""}",
exception:                                     ^
exception: app/src/main/java/com/hydra/panel/ui/screens/DashboardScreen.kt:96:47: error: unresolved reference: ip
exception:                                     Text("${s.ip} · ${s.location ?: "—"}${if (s.city != null) ", ${s.city}" else ""}",
exception:                                               ^
exception: app/src/main/java/com/hydra/panel/ui/screens/DashboardScreen.kt:96:57: error: unresolved reference: location
exception:                                     Text("${s.ip} · ${s.location ?: "—"}${if (s.city != null) ", ${s.city}" else ""}",
exception:                                                         ^
exception: app/src/main/java/com/hydra/panel/ui/screens/DashboardScreen.kt:96:81: error: unresolved reference: city
exception:                                     Text("${s.ip} · ${s.location ?: "—"}${if (s.city != null) ", ${s.city}" else ""}",
exception:                                                                                 ^
exception: app/src/main/java/com/hydra/panel/ui/screens/DashboardScreen.kt:96:102: error: unresolved reference: city
exception:                                     Text("${s.ip} · ${s.location ?: "—"}${if (s.city != null) ", ${s.city}" else ""}",
exception:                                                                                                      ^
exception: app/src/main/java/com/hydra/panel/ui/screens/DashboardScreen.kt:97:55: error: unresolved reference: sp
exception:                                         fontSize = 12.sp, color = MaterialTheme.colorScheme.onSurfaceVariant)
exception:                                                       ^
exception: app/src/main/java/com/hydra/panel/ui/screens/DashboardScreen.kt:97:81: error: @Composable invocations can only happen from the context of a @Composable function
exception:                                         fontSize = 12.sp, color = MaterialTheme.colorScheme.onSurfaceVariant)
exception:                                                                                 ^
exception: app/src/main/java/com/hydra/panel/ui/screens/DashboardScreen.kt:99:33: error: @Composable invocations can only happen from the context of a @Composable function
exception:                                 Text(if (s.agentInstalled == true) "агент ✓" else "без агента", fontSize = 11.sp,
exception:                                 ^
exception: app/src/main/java/com/hydra/panel/ui/screens/DashboardScreen.kt:99:44: error: unresolved reference: agentInstalled
exception:                                 Text(if (s.agentInstalled == true) "агент ✓" else "без агента", fontSize = 11.sp,
exception:                                            ^
exception: app/src/main/java/com/hydra/panel/ui/screens/DashboardScreen.kt:99:111: error: unresolved reference: sp
exception:                                 Text(if (s.agentInstalled == true) "агент ✓" else "без агента", fontSize = 11.sp,
exception:                                                                                                               ^
exception: app/src/main/java/com/hydra/panel/ui/screens/DashboardScreen.kt:100:59: error: @Composable invocations can only happen from the context of a @Composable function
exception:                                     color = MaterialTheme.colorScheme.onSurfaceVariant)
exception:                                                           ^
exception: app/src/main/java/com/hydra/panel/ui/screens/DashboardScreen.kt:105:77: error: unresolved reference: fillMaxWidth
exception:                         ActionButton("Бэкап БД сейчас", modifier = Modifier.fillMaxWidth()) {
exception:                                                                             ^
exception: app/src/main/java/com/hydra/panel/ui/screens/DatabaseScreen.kt:4:1: error: expecting a top level declaration
exception: androidx.compose.foundation.horizontalScroll
exception: ^
exception: app/src/main/java/com/hydra/panel/ui/screens/DatabaseScreen.kt:4:9: error: expecting a top level declaration
exception: androidx.compose.foundation.horizontalScroll
exception:         ^
exception: app/src/main/java/com/hydra/panel/ui/screens/DatabaseScreen.kt:4:10: error: expecting a top level declaration
exception: androidx.compose.foundation.horizontalScroll
exception:          ^
exception: app/src/main/java/com/hydra/panel/ui/screens/DatabaseScreen.kt:4:17: error: expecting a top level declaration
exception: androidx.compose.foundation.horizontalScroll
exception:                 ^
exception: app/src/main/java/com/hydra/panel/ui/screens/DatabaseScreen.kt:4:18: error: expecting a top level declaration
exception: androidx.compose.foundation.horizontalScroll
exception:                  ^
exception: app/src/main/java/com/hydra/panel/ui/screens/DatabaseScreen.kt:4:28: error: expecting a top level declaration
exception: androidx.compose.foundation.horizontalScroll
exception:                            ^
exception: app/src/main/java/com/hydra/panel/ui/screens/DatabaseScreen.kt:4:29: error: expecting a top level declaration
exception: androidx.compose.foundation.horizontalScroll
exception:                             ^
exception: app/src/main/java/com/hydra/panel/ui/screens/DatabaseScreen.kt:4:45: error: imports are only allowed in the beginning of file
exception: androidx.compose.foundation.horizontalScroll
exception:                                             ^
exception: app/src/main/java/com/hydra/panel/ui/screens/DatabaseScreen.kt:92:15: error: unexpected tokens (use ';' to separate expressions on the same line)
exception:             } else if (!busy) {
exception:               ^
exception: app/src/main/java/com/hydra/panel/ui/screens/DatabaseScreen.kt:117:2: error: expecting '}'
exception: }
exception:  ^
exception: app/src/main/java/com/hydra/panel/ui/screens/DatabaseScreen.kt:20:60: error: composable calls are not allowed inside the calculation parameter of inline fun <T> remember(crossinline calculation: () -> TypeVariable(T)): TypeVariable(T)
exception:     val repo = remember { PanelRepository.get(LocalContext.current) }
exception:                                                            ^
exception: app/src/main/java/com/hydra/panel/ui/screens/DatabaseScreen.kt:38:31: error: unresolved reference: sp
exception:                 fontSize = 12.sp, color = MaterialTheme.colorScheme.onSurfaceVariant)
exception:                               ^
exception: app/src/main/java/com/hydra/panel/ui/screens/DatabaseScreen.kt:65:55: error: unresolved reference: sp
exception:                 Text("${r.size} строк", fontSize = 12.sp, color = MaterialTheme.colorScheme.onSurfaceVariant)
exception:                                                       ^
exception: app/src/main/java/com/hydra/panel/ui/screens/DatabaseScreen.kt:70:36: error: unresolved reference: horizontalScroll
exception:                       Row(Modifier.horizontalScroll(rememberScrollState())) {
exception:                                    ^
exception: app/src/main/java/com/hydra/panel/ui/screens/DatabaseScreen.kt:82:97: error: unresolved reference: sp
exception:                                         Text(v ?: "NULL", Modifier.width(150.dp), fontSize = 12.sp, maxLines = 1)
exception:                                                                                                 ^
exception: app/src/main/java/com/hydra/panel/ui/screens/DatabaseScreen.kt:93:17: error: @Composable invocations can only happen from the context of a @Composable function
exception:                 Box(Modifier.fillMaxSize(), contentAlignment = Alignment.Center) {
exception:                 ^
exception: app/src/main/java/com/hydra/panel/ui/screens/DevicesScreen.kt:4:1: error: expecting a top level declaration
exception: androidx.compose.foundation.layout.Arrangement
exception: ^
exception: app/src/main/java/com/hydra/panel/ui/screens/DevicesScreen.kt:4:9: error: expecting a top level declaration
exception: androidx.compose.foundation.layout.Arrangement
exception:         ^
exception: app/src/main/java/com/hydra/panel/ui/screens/DevicesScreen.kt:4:10: error: expecting a top level declaration
exception: androidx.compose.foundation.layout.Arrangement
exception:          ^
exception: app/src/main/java/com/hydra/panel/ui/screens/DevicesScreen.kt:4:17: error: expecting a top level declaration
exception: androidx.compose.foundation.layout.Arrangement
exception:                 ^
exception: app/src/main/java/com/hydra/panel/ui/screens/DevicesScreen.kt:4:18: error: expecting a top level declaration
exception: androidx.compose.foundation.layout.Arrangement
exception:                  ^
exception: app/src/main/java/com/hydra/panel/ui/screens/DevicesScreen.kt:4:28: error: expecting a top level declaration
exception: androidx.compose.foundation.layout.Arrangement
exception:                            ^
exception: app/src/main/java/com/hydra/panel/ui/screens/DevicesScreen.kt:4:29: error: expecting a top level declaration
exception: androidx.compose.foundation.layout.Arrangement
exception:                             ^
exception: app/src/main/java/com/hydra/panel/ui/screens/DevicesScreen.kt:4:35: error: expecting a top level declaration
exception: androidx.compose.foundation.layout.Arrangement
exception:                                   ^
exception: app/src/main/java/com/hydra/panel/ui/screens/DevicesScreen.kt:4:36: error: expecting a top level declaration
exception: androidx.compose.foundation.layout.Arrangement
exception:                                    ^
exception: app/src/main/java/com/hydra/panel/ui/screens/DevicesScreen.kt:4:47: error: imports are only allowed in the beginning of file
exception: androidx.compose.foundation.layout.Arrangement
exception:                                               ^
exception: app/src/main/java/com/hydra/panel/ui/screens/DevicesScreen.kt:31:35: error: unresolved reference: DeviceRegistration
exception: import com.hydra.panel.data.model.DeviceRegistration
exception:                                   ^
exception: app/src/main/java/com/hydra/panel/ui/screens/DevicesScreen.kt:44:17: error: unresolved reference: DeviceRegistration
exception:     val device: DeviceRegistration,
exception:                 ^
exception: app/src/main/java/com/hydra/panel/ui/screens/DevicesScreen.kt:50:60: error: composable calls are not allowed inside the calculation parameter of inline fun <T> remember(crossinline calculation: () -> TypeVariable(T)): TypeVariable(T)
exception:     val repo = remember { PanelRepository.get(LocalContext.current) }
exception:                                                            ^
exception: app/src/main/java/com/hydra/panel/ui/screens/DevicesScreen.kt:61:18: error: none of the following functions can be called with the arguments supplied: 
exception: public inline fun <T, R> Iterable<TypeVariable(T)>.flatMap(transform: (TypeVariable(T)) -> Iterable<TypeVariable(R)>): List<TypeVariable(R)> defined in kotlin.collections
exception: public inline fun <T, R> Iterable<TypeVariable(T)>.flatMap(transform: (TypeVariable(T)) -> Sequence<TypeVariable(R)>): List<TypeVariable(R)> defined in kotlin.collections
exception:             keys.flatMap { k ->
exception:                  ^
exception: app/src/main/java/com/hydra/panel/ui/screens/DevicesScreen.kt:61:28: error: cannot infer a type for this parameter. Please specify it explicitly.
exception:             keys.flatMap { k ->
exception:                            ^
exception: app/src/main/java/com/hydra/panel/ui/screens/DevicesScreen.kt:64:31: error: suspension functions can be called only within coroutine body
exception:                     else repo.clientDevices(k.clientId).map { DeviceRow(k.keyId, k.clientId, k.clientName, it) }
exception:                               ^
exception: app/src/main/java/com/hydra/panel/ui/screens/DevicesScreen.kt:67:30: error: type mismatch: inferred type is Unit but List<DeviceRow>? was expected
exception:         }.onSuccess { rows = it; error = null }
exception:                              ^
exception: app/src/main/java/com/hydra/panel/ui/screens/DevicesScreen.kt:83:41: error: unresolved reference: Arrangement
exception:                 horizontalArrangement = Arrangement.spacedBy(6.dp),
exception:                                         ^
exception: app/src/main/java/com/hydra/panel/ui/screens/DevicesScreen.kt:97:39: error: unresolved reference: Arrangement
exception:                 verticalArrangement = Arrangement.spacedBy(6.dp)) {
exception:                                       ^
exception: app/src/main/java/com/hydra/panel/ui/screens/DevicesScreen.kt:104:33: error: none of the following functions can be called with the arguments supplied: 
exception: public fun Text(text: AnnotatedString, modifier: Modifier = ..., color: Color = ..., fontSize: TextUnit = ..., fontStyle: FontStyle? = ..., fontWeight: FontWeight? = ..., fontFamily: FontFamily? = ..., letterSpacing: TextUnit = ..., textDecoration: TextDecoration? = ..., textAlign: TextAlign? = ..., lineHeight: TextUnit = ..., overflow: TextOverflow = ..., softWrap: Boolean = ..., maxLines: Int = ..., minLines: Int = ..., inlineContent: Map<String, InlineTextContent> = ..., onTextLayout: (TextLayoutResult) -> Unit = ..., style: TextStyle = ...): Unit defined in androidx.compose.material3
exception: public fun Text(text: String, modifier: Modifier = ..., color: Color = ..., fontSize: TextUnit = ..., fontStyle: FontStyle? = ..., fontWeight: FontWeight? = ..., fontFamily: FontFamily? = ..., letterSpacing: TextUnit = ..., textDecoration: TextDecoration? = ..., textAlign: TextAlign? = ..., lineHeight: TextUnit = ..., overflow: TextOverflow = ..., softWrap: Boolean = ..., maxLines: Int = ..., minLines: Int = ..., onTextLayout: ((TextLayoutResult) -> Unit)? = ..., style: TextStyle = ...): Unit defined in androidx.compose.material3
exception:                                 Text(d.device.deviceName ?: d.device.deviceId, style = MaterialTheme.typography.titleSmall)
exception:                                 ^
exception: app/src/main/java/com/hydra/panel/ui/screens/DevicesScreen.kt:107:51: error: unresolved reference: sp
exception:                                     fontSize = 11.sp, color = MaterialTheme.colorScheme.onSurfaceVariant,
exception:                                                   ^
exception: app/src/main/java/com/hydra/panel/ui/screens/KeysScreen.kt:4:1: error: expecting a top level declaration
exception: androidx.compose.foundation.layout.*
exception: ^
exception: app/src/main/java/com/hydra/panel/ui/screens/KeysScreen.kt:4:9: error: expecting a top level declaration
exception: androidx.compose.foundation.layout.*
exception:         ^
exception: app/src/main/java/com/hydra/panel/ui/screens/KeysScreen.kt:4:10: error: expecting a top level declaration
exception: androidx.compose.foundation.layout.*
exception:          ^
exception: app/src/main/java/com/hydra/panel/ui/screens/KeysScreen.kt:4:17: error: expecting a top level declaration
exception: androidx.compose.foundation.layout.*
exception:                 ^
exception: app/src/main/java/com/hydra/panel/ui/screens/KeysScreen.kt:4:18: error: expecting a top level declaration
exception: androidx.compose.foundation.layout.*
exception:                  ^
exception: app/src/main/java/com/hydra/panel/ui/screens/KeysScreen.kt:4:28: error: expecting a top level declaration
exception: androidx.compose.foundation.layout.*
exception:                            ^
exception: app/src/main/java/com/hydra/panel/ui/screens/KeysScreen.kt:4:29: error: expecting a top level declaration
exception: androidx.compose.foundation.layout.*
exception:                             ^
exception: app/src/main/java/com/hydra/panel/ui/screens/KeysScreen.kt:4:35: error: expecting a top level declaration
exception: androidx.compose.foundation.layout.*
exception:                                   ^
exception: app/src/main/java/com/hydra/panel/ui/screens/KeysScreen.kt:4:36: error: expecting a top level declaration
exception: androidx.compose.foundation.layout.*
exception:                                    ^
exception: app/src/main/java/com/hydra/panel/ui/screens/KeysScreen.kt:4:37: error: imports are only allowed in the beginning of file
exception: androidx.compose.foundation.layout.*
exception:                                     ^
exception: app/src/main/java/com/hydra/panel/ui/screens/KeysScreen.kt:14:35: error: unresolved reference: AccessKey
exception: import com.hydra.panel.data.model.AccessKey
exception:                                   ^
exception: app/src/main/java/com/hydra/panel/ui/screens/KeysScreen.kt:27:60: error: composable calls are not allowed inside the calculation parameter of inline fun <T> remember(crossinline calculation: () -> TypeVariable(T)): TypeVariable(T)
exception:     val repo = remember { PanelRepository.get(LocalContext.current) }
exception:                                                            ^
exception: app/src/main/java/com/hydra/panel/ui/screens/KeysScreen.kt:28:17: error: type 'State<List<[Error type: Unresolved type for AccessKey]>>' has no method 'setValue(Nothing?, KProperty<*>, [Error type: Error delegation type for remember { mutableStateOf<List<AccessKey>>(emptyList()) }])' and thus it cannot serve as a delegate for var (read-write property)
exception:     var keys by remember { mutableStateOf<List<AccessKey>>(emptyList()) }
exception:                 ^
exception: app/src/main/java/com/hydra/panel/ui/screens/KeysScreen.kt:28:17: error: property delegate must have a 'getValue(Nothing?, KProperty<*>)' method. None of the following functions is suitable: 
exception: public inline operator fun <T> State<List<[Error type: Unresolved type for AccessKey]>>.getValue(thisObj: Any?, property: KProperty<*>): List<[Error type: Unresolved type for AccessKey]> defined in androidx.compose.runtime
exception:     var keys by remember { mutableStateOf<List<AccessKey>>(emptyList()) }
exception:                 ^
exception: app/src/main/java/com/hydra/panel/ui/screens/KeysScreen.kt:28:48: error: unresolved reference: AccessKey
exception:     var keys by remember { mutableStateOf<List<AccessKey>>(emptyList()) }
exception:                                                ^
exception: app/src/main/java/com/hydra/panel/ui/screens/KeysScreen.kt:46:22: error: unresolved reference: AccessKey
exception:     fun isExpired(k: AccessKey) = Format.daysLeft(k.expiresAt)?.let { it < 0 } == true
exception:                      ^
exception: app/src/main/java/com/hydra/panel/ui/screens/KeysScreen.kt:54:9: error: unresolved reference: Column
exception:         Column(Modifier.padding(pad)) {
exception:         ^
exception: app/src/main/java/com/hydra/panel/ui/screens/KeysScreen.kt:54:25: error: unresolved reference: padding
exception:         Column(Modifier.padding(pad)) {
exception:                         ^
exception: app/src/main/java/com/hydra/panel/ui/screens/KeysScreen.kt:55:13: error: @Composable invocations can only happen from the context of a @Composable function
exception:             MessageBar(error, true) { error = null }
exception:             ^
exception: app/src/main/java/com/hydra/panel/ui/screens/KeysScreen.kt:56:13: error: @Composable invocations can only happen from the context of a @Composable function
exception:             OutlinedTextField(query, { query = it }, label = { Text("Поиск: key / клиент") },
exception:             ^
exception: app/src/main/java/com/hydra/panel/ui/screens/KeysScreen.kt:57:56: error: unresolved reference: fillMaxWidth
exception:                 singleLine = true, modifier = Modifier.fillMaxWidth().padding(horizontal = 12.dp))
exception:                                                        ^
exception: app/src/main/java/com/hydra/panel/ui/screens/KeysScreen.kt:58:13: error: @Composable invocations can only happen from the context of a @Composable function
exception:             ScrollableTabRow(
exception:             ^
exception: app/src/main/java/com/hydra/panel/ui/screens/KeysScreen.kt:63:112: error: unresolved reference: sp
exception:                     Tab(selected = f == filter, onClick = { filter = f }, text = { Text(f.label, fontSize = 13.sp) })
exception:                                                                                                                ^
exception: app/src/main/java/com/hydra/panel/ui/screens/KeysScreen.kt:66:26: error: @Composable invocations can only happen from the context of a @Composable function
exception:             if (loading) LoadingBlock()
exception:                          ^
exception: app/src/main/java/com/hydra/panel/ui/screens/KeysScreen.kt:67:25: error: @Composable invocations can only happen from the context of a @Composable function
exception:             val shown = remember(keys, filter, query) {
exception:                         ^
exception: app/src/main/java/com/hydra/panel/ui/screens/KeysScreen.kt:68:31: error: cannot infer a type for this parameter. Please specify it explicitly.
exception:                 keys.filter { k ->
exception:                               ^
exception: app/src/main/java/com/hydra/panel/ui/screens/KeysScreen.kt:79:13: error: @Composable invocations can only happen from the context of a @Composable function
exception:             LazyColumn(contentPadding = PaddingValues(12.dp), verticalArrangement = Arrangement.spacedBy(8.dp)) {
exception:             ^
exception: app/src/main/java/com/hydra/panel/ui/screens/KeysScreen.kt:79:41: error: unresolved reference: PaddingValues
exception:             LazyColumn(contentPadding = PaddingValues(12.dp), verticalArrangement = Arrangement.spacedBy(8.dp)) {
exception:                                         ^
exception: app/src/main/java/com/hydra/panel/ui/screens/KeysScreen.kt:79:85: error: unresolved reference: Arrangement
exception:             LazyColumn(contentPadding = PaddingValues(12.dp), verticalArrangement = Arrangement.spacedBy(8.dp)) {
exception:                                                                                     ^
exception: app/src/main/java/com/hydra/panel/ui/screens/KeysScreen.kt:80:85: error: unresolved reference: sp
exception:                 item { Text("Показано ${shown.size} из ${keys.size}", fontSize = 12.sp,
exception:                                                                                     ^
exception: app/src/main/java/com/hydra/panel/ui/screens/KeysScreen.kt:82:41: error: unresolved reference: keyId
exception:                 items(shown, key = { it.keyId }) { k ->
exception:                                         ^
exception: app/src/main/java/com/hydra/panel/ui/screens/KeysScreen.kt:84:35: error: unresolved reference: fillMaxWidth
exception:                     Card(Modifier.fillMaxWidth()) {
exception:                                   ^
exception: app/src/main/java/com/hydra/panel/ui/screens/KeysScreen.kt:85:25: error: unresolved reference: Column
exception:                         Column(Modifier.padding(12.dp)) {
exception:                         ^
exception: app/src/main/java/com/hydra/panel/ui/screens/KeysScreen.kt:85:41: error: unresolved reference: padding
exception:                         Column(Modifier.padding(12.dp)) {
exception:                                         ^
exception: app/src/main/java/com/hydra/panel/ui/screens/KeysScreen.kt:86:29: error: unresolved reference: Row
exception:                             Row(verticalAlignment = Alignment.CenterVertically) {
exception:                             ^
exception: app/src/main/java/com/hydra/panel/ui/screens/KeysScreen.kt:87:33: error: @Composable invocations can only happen from the context of a @Composable function
exception:                                 StatusDot(if (k.revokedAt != null) "blocked" else if (expired) "expired" else "active")
exception:                                 ^
exception: app/src/main/java/com/hydra/panel/ui/screens/KeysScreen.kt:87:49: error: unresolved reference: revokedAt
exception:                                 StatusDot(if (k.revokedAt != null) "blocked" else if (expired) "expired" else "active")
exception:                                                 ^
exception: app/src/main/java/com/hydra/panel/ui/screens/KeysScreen.kt:88:33: error: unresolved reference: Spacer
exception:                                 Spacer(Modifier.width(8.dp))
exception:                                 ^
exception: app/src/main/java/com/hydra/panel/ui/screens/KeysScreen.kt:88:49: error: unresolved reference: width
exception:                                 Spacer(Modifier.width(8.dp))
exception:                                                 ^
exception: app/src/main/java/com/hydra/panel/ui/screens/KeysScreen.kt:89:33: error: unresolved reference: Column
exception:                                 Column(Modifier.weight(1f)) {
exception:                                 ^
exception: app/src/main/java/com/hydra/panel/ui/screens/KeysScreen.kt:89:49: error: unresolved reference: weight
exception:                                 Column(Modifier.weight(1f)) {
exception:                                                 ^
exception: app/src/main/java/com/hydra/panel/ui/screens/KeysScreen.kt:90:37: error: @Composable invocations can only happen from the context of a @Composable function
exception:                                     Text(k.clientName ?: "без клиента · ${k.keyId.take(10)}…",
exception:                                     ^
exception: app/src/main/java/com/hydra/panel/ui/screens/KeysScreen.kt:90:44: error: unresolved reference: clientName
exception:                                     Text(k.clientName ?: "без клиента · ${k.keyId.take(10)}…",
exception:                                            ^
exception: app/src/main/java/com/hydra/panel/ui/screens/KeysScreen.kt:90:77: error: unresolved reference: keyId
exception:                                     Text(k.clientName ?: "без клиента · ${k.keyId.take(10)}…",
exception:                                                                             ^
exception: app/src/main/java/com/hydra/panel/ui/screens/KeysScreen.kt:91:63: error: @Composable invocations can only happen from the context of a @Composable function
exception:                                         style = MaterialTheme.typography.titleSmall)
exception:                                                               ^
exception: app/src/main/java/com/hydra/panel/ui/screens/KeysScreen.kt:92:37: error: @Composable invocations can only happen from the context of a @Composable function
exception:                                     Text("key ${k.keyId.take(14)}… · до ${Format.shortDate(k.expiresAt)} · устр. ${k.deviceCount ?: 0}/${k.maxDevices ?: 3}",
exception:                                     ^
exception: app/src/main/java/com/hydra/panel/ui/screens/KeysScreen.kt:92:51: error: unresolved reference: keyId
exception:                                     Text("key ${k.keyId.take(14)}… · до ${Format.shortDate(k.expiresAt)} · устр. ${k.deviceCount ?: 0}/${k.maxDevices ?: 3}",
exception:                                                   ^
exception: app/src/main/java/com/hydra/panel/ui/screens/KeysScreen.kt:92:94: error: unresolved reference: expiresAt
exception:                                     Text("key ${k.keyId.take(14)}… · до ${Format.shortDate(k.expiresAt)} · устр. ${k.deviceCount ?: 0}/${k.maxDevices ?: 3}",
exception:                                                                                              ^
exception: app/src/main/java/com/hydra/panel/ui/screens/KeysScreen.kt:92:118: error: unresolved reference: deviceCount
exception:                                     Text("key ${k.keyId.take(14)}… · до ${Format.shortDate(k.expiresAt)} · устр. ${k.deviceCount ?: 0}/${k.maxDevices ?: 3}",
exception:                                                                                                                      ^
exception: app/src/main/java/com/hydra/panel/ui/screens/KeysScreen.kt:92:140: error: unresolved reference: maxDevices
exception:                                     Text("key ${k.keyId.take(14)}… · до ${Format.shortDate(k.expiresAt)} · устр. ${k.deviceCount ?: 0}/${k.maxDevices ?: 3}",
exception:                                                                                                                                            ^
exception: app/src/main/java/com/hydra/panel/ui/screens/KeysScreen.kt:93:55: error: unresolved reference: sp
exception:                                         fontSize = 11.sp, color = MaterialTheme.colorScheme.onSurfaceVariant)
exception:                                                       ^
exception: app/src/main/java/com/hydra/panel/ui/screens/KeysScreen.kt:93:81: error: @Composable invocations can only happen from the context of a @Composable function
exception:                                         fontSize = 11.sp, color = MaterialTheme.colorScheme.onSurfaceVariant)
exception:                                                                                 ^
exception: app/src/main/java/com/hydra/panel/ui/screens/KeysScreen.kt:96:29: error: unresolved reference: Spacer
exception:                             Spacer(Modifier.height(6.dp))
exception:                             ^
exception: app/src/main/java/com/hydra/panel/ui/screens/KeysScreen.kt:96:45: error: unresolved reference: height
exception:                             Spacer(Modifier.height(6.dp))
exception:                                             ^
exception: app/src/main/java/com/hydra/panel/ui/screens/KeysScreen.kt:97:29: error: unresolved reference: Row
exception:                             Row(horizontalArrangement = Arrangement.spacedBy(6.dp)) {
exception:                             ^
exception: app/src/main/java/com/hydra/panel/ui/screens/KeysScreen.kt:97:57: error: unresolved reference: Arrangement
exception:                             Row(horizontalArrangement = Arrangement.spacedBy(6.dp)) {
exception:                                                         ^
exception: app/src/main/java/com/hydra/panel/ui/screens/KeysScreen.kt:98:33: error: @Composable invocations can only happen from the context of a @Composable function
exception:                                 OutlinedButton(onClick = { runner.run { repo.extendKey(k.keyId, 30).also { refresh++ } } }) { Text("+30д") }
exception:                                 ^
exception: app/src/main/java/com/hydra/panel/ui/screens/KeysScreen.kt:98:90: error: unresolved reference: keyId
exception:                                 OutlinedButton(onClick = { runner.run { repo.extendKey(k.keyId, 30).also { refresh++ } } }) { Text("+30д") }
exception:                                                                                          ^
exception: app/src/main/java/com/hydra/panel/ui/screens/KeysScreen.kt:99:39: error: unresolved reference: revokedAt
exception:                                 if (k.revokedAt != null) {
exception:                                       ^
exception: app/src/main/java/com/hydra/panel/ui/screens/KeysScreen.kt:100:37: error: @Composable invocations can only happen from the context of a @Composable function
exception:                                     ActionButton("Возобновить") { runner.run { repo.restoreKey(k.keyId).also { refresh++ } } }
exception:                                     ^
exception: app/src/main/java/com/hydra/panel/ui/screens/KeysScreen.kt:100:98: error: unresolved reference: keyId
exception:                                     ActionButton("Возобновить") { runner.run { repo.restoreKey(k.keyId).also { refresh++ } } }
exception:                                                                                                  ^
exception: app/src/main/java/com/hydra/panel/ui/screens/KeysScreen.kt:102:37: error: @Composable invocations can only happen from the context of a @Composable function
exception:                                     ActionButton("Пауза", danger = true) { runner.run { repo.revokeKey(k.keyId).also { refresh++ } } }
exception:                                     ^
exception: app/src/main/java/com/hydra/panel/ui/screens/KeysScreen.kt:102:106: error: unresolved reference: keyId
exception:                                     ActionButton("Пауза", danger = true) { runner.run { repo.revokeKey(k.keyId).also { refresh++ } } }
exception:                                                                                                          ^
exception: app/src/main/java/com/hydra/panel/ui/screens/KeysScreen.kt:104:33: error: @Composable invocations can only happen from the context of a @Composable function
exception:                                 OutlinedButton(onClick = {
exception:                                 ^
exception: app/src/main/java/com/hydra/panel/ui/screens/KeysScreen.kt:106:71: error: suspend function 'downloadKeyConf' should be called only from a coroutine or another suspend function
exception:                                         runCatching { confText = repo.downloadKeyConf(k.keyId); confKey = k.keyId }
exception:                                                                       ^
exception: app/src/main/java/com/hydra/panel/ui/screens/KeysScreen.kt:106:89: error: unresolved reference: keyId
exception:                                         runCatching { confText = repo.downloadKeyConf(k.keyId); confKey = k.keyId }
exception:                                                                                         ^
exception: app/src/main/java/com/hydra/panel/ui/screens/KeysScreen.kt:106:109: error: unresolved reference: keyId
exception:                                         runCatching { confText = repo.downloadKeyConf(k.keyId); confKey = k.keyId }
exception:                                                                                                             ^
exception: app/src/main/java/com/hydra/panel/ui/screens/KeysScreen.kt:107:63: error: suspend function 'showSnackbar' should be called only from a coroutine or another suspend function
exception:                                             .onFailure { host.showSnackbar("Ошибка: ${it.message}".take(160)) }
exception:                                                               ^
exception: app/src/main/java/com/hydra/panel/ui/screens/KeysScreen.kt:123:17: error: unresolved reference: Column
exception:                 Column(Modifier.verticalScroll(rememberScrollState())) {
exception:                 ^
exception: app/src/main/java/com/hydra/panel/ui/screens/KeysScreen.kt:124:21: error: @Composable invocations can only happen from the context of a @Composable function
exception:                     MonoText(confText!!)
exception:                     ^
exception: app/src/main/java/com/hydra/panel/ui/screens/LoginScreen.kt:4:1: error: expecting a top level declaration
exception: androidx.compose.foundation.layout.Arrangement
exception: ^
exception: app/src/main/java/com/hydra/panel/ui/screens/LoginScreen.kt:4:9: error: expecting a top level declaration
exception: androidx.compose.foundation.layout.Arrangement
exception:         ^
exception: app/src/main/java/com/hydra/panel/ui/screens/LoginScreen.kt:4:10: error: expecting a top level declaration
exception: androidx.compose.foundation.layout.Arrangement
exception:          ^
exception: app/src/main/java/com/hydra/panel/ui/screens/LoginScreen.kt:4:17: error: expecting a top level declaration
exception: androidx.compose.foundation.layout.Arrangement
exception:                 ^
exception: app/src/main/java/com/hydra/panel/ui/screens/LoginScreen.kt:4:18: error: expecting a top level declaration
exception: androidx.compose.foundation.layout.Arrangement
exception:                  ^
exception: app/src/main/java/com/hydra/panel/ui/screens/LoginScreen.kt:4:28: error: expecting a top level declaration
exception: androidx.compose.foundation.layout.Arrangement
exception:                            ^
exception: app/src/main/java/com/hydra/panel/ui/screens/LoginScreen.kt:4:29: error: expecting a top level declaration
exception: androidx.compose.foundation.layout.Arrangement
exception:                             ^
exception: app/src/main/java/com/hydra/panel/ui/screens/LoginScreen.kt:4:35: error: expecting a top level declaration
exception: androidx.compose.foundation.layout.Arrangement
exception:                                   ^
exception: app/src/main/java/com/hydra/panel/ui/screens/LoginScreen.kt:4:36: error: expecting a top level declaration
exception: androidx.compose.foundation.layout.Arrangement
exception:                                    ^
exception: app/src/main/java/com/hydra/panel/ui/screens/LoginScreen.kt:4:47: error: imports are only allowed in the beginning of file
exception: androidx.compose.foundation.layout.Arrangement
exception:                                               ^
exception: app/src/main/java/com/hydra/panel/ui/screens/LoginScreen.kt:41:60: error: composable calls are not allowed inside the calculation parameter of inline fun <T> remember(crossinline calculation: () -> TypeVariable(T)): TypeVariable(T)
exception:     val repo = remember { PanelRepository.get(LocalContext.current) }
exception:                                                            ^
exception: app/src/main/java/com/hydra/panel/ui/screens/LoginScreen.kt:55:35: error: unresolved reference: Arrangement
exception:             verticalArrangement = Arrangement.spacedBy(14.dp),
exception:                                   ^
exception: app/src/main/java/com/hydra/panel/ui/screens/LoginScreen.kt:119:25: error: try catch is not supported around composable function invocations.
exception:                         try {
exception:                         ^
exception: app/src/main/java/com/hydra/panel/ui/screens/LoginScreen.kt:127:37: error: @Composable invocations can only happen from the context of a @Composable function
exception:                             val r = remember { PanelRepository.get(LocalContext.current) }
exception:                                     ^
exception: app/src/main/java/com/hydra/panel/ui/screens/LoginScreen.kt:127:81: error: composable calls are not allowed inside the calculation parameter of inline fun <T> remember(crossinline calculation: () -> TypeVariable(T)): TypeVariable(T)
exception:                             val r = remember { PanelRepository.get(LocalContext.current) }
exception:                                                                                 ^
exception: app/src/main/java/com/hydra/panel/ui/screens/LogsConfigsScreens.kt:4:1: error: expecting a top level declaration
exception: androidx.compose.foundation.layout.*
exception: ^
exception: app/src/main/java/com/hydra/panel/ui/screens/LogsConfigsScreens.kt:4:9: error: expecting a top level declaration
exception: androidx.compose.foundation.layout.*
exception:         ^
exception: app/src/main/java/com/hydra/panel/ui/screens/LogsConfigsScreens.kt:4:10: error: expecting a top level declaration
exception: androidx.compose.foundation.layout.*
exception:          ^
exception: app/src/main/java/com/hydra/panel/ui/screens/LogsConfigsScreens.kt:4:17: error: expecting a top level declaration
exception: androidx.compose.foundation.layout.*
exception:                 ^
exception: app/src/main/java/com/hydra/panel/ui/screens/LogsConfigsScreens.kt:4:18: error: expecting a top level declaration
exception: androidx.compose.foundation.layout.*
exception:                  ^
exception: app/src/main/java/com/hydra/panel/ui/screens/LogsConfigsScreens.kt:4:28: error: expecting a top level declaration
exception: androidx.compose.foundation.layout.*
exception:                            ^
exception: app/src/main/java/com/hydra/panel/ui/screens/LogsConfigsScreens.kt:4:29: error: expecting a top level declaration
exception: androidx.compose.foundation.layout.*
exception:                             ^
exception: app/src/main/java/com/hydra/panel/ui/screens/LogsConfigsScreens.kt:4:35: error: expecting a top level declaration
exception: androidx.compose.foundation.layout.*
exception:                                   ^
exception: app/src/main/java/com/hydra/panel/ui/screens/LogsConfigsScreens.kt:4:36: error: expecting a top level declaration
exception: androidx.compose.foundation.layout.*
exception:                                    ^
exception: app/src/main/java/com/hydra/panel/ui/screens/LogsConfigsScreens.kt:4:37: error: imports are only allowed in the beginning of file
exception: androidx.compose.foundation.layout.*
exception:                                     ^
exception: app/src/main/java/com/hydra/panel/ui/screens/LogsConfigsScreens.kt:20:60: error: composable calls are not allowed inside the calculation parameter of inline fun <T> remember(crossinline calculation: () -> TypeVariable(T)): TypeVariable(T)
exception:     val repo = remember { PanelRepository.get(LocalContext.current) }
exception:                                                            ^
exception: app/src/main/java/com/hydra/panel/ui/screens/LogsConfigsScreens.kt:44:9: error: unresolved reference: Column
exception:         Column(Modifier.padding(pad)) {
exception:         ^
exception: app/src/main/java/com/hydra/panel/ui/screens/LogsConfigsScreens.kt:44:25: error: unresolved reference: padding
exception:         Column(Modifier.padding(pad)) {
exception:                         ^
exception: app/src/main/java/com/hydra/panel/ui/screens/LogsConfigsScreens.kt:45:13: error: @Composable invocations can only happen from the context of a @Composable function
exception:             MessageBar(error, true) { error = null }
exception:             ^
exception: app/src/main/java/com/hydra/panel/ui/screens/LogsConfigsScreens.kt:46:13: error: @Composable invocations can only happen from the context of a @Composable function
exception:             SingleChoiceSegmentedButtonRow(Modifier.fillMaxWidth().padding(horizontal = 12.dp)) {
exception:             ^
exception: app/src/main/java/com/hydra/panel/ui/screens/LogsConfigsScreens.kt:46:53: error: unresolved reference: fillMaxWidth
exception:             SingleChoiceSegmentedButtonRow(Modifier.fillMaxWidth().padding(horizontal = 12.dp)) {
exception:                                                     ^
exception: app/src/main/java/com/hydra/panel/ui/screens/LogsConfigsScreens.kt:52:51: error: unresolved reference: sp
exception:                     ) { Text(label, fontSize = 12.sp) }
exception:                                                   ^
exception: app/src/main/java/com/hydra/panel/ui/screens/LogsConfigsScreens.kt:55:13: error: unresolved reference: Spacer
exception:             Spacer(Modifier.height(8.dp))
exception:             ^
exception: app/src/main/java/com/hydra/panel/ui/screens/LogsConfigsScreens.kt:55:29: error: unresolved reference: height
exception:             Spacer(Modifier.height(8.dp))
exception:                             ^
exception: app/src/main/java/com/hydra/panel/ui/screens/LogsConfigsScreens.kt:56:26: error: @Composable invocations can only happen from the context of a @Composable function
exception:             if (loading) LoadingBlock("Читаем журнал с сервера…")
exception:                          ^
exception: app/src/main/java/com/hydra/panel/ui/screens/LogsConfigsScreens.kt:57:18: error: unresolved reference: Box
exception:             else Box(Modifier.fillMaxSize()) {
exception:                  ^
exception: app/src/main/java/com/hydra/panel/ui/screens/LogsConfigsScreens.kt:57:31: error: unresolved reference: fillMaxSize
exception:             else Box(Modifier.fillMaxSize()) {
exception:                               ^
exception: app/src/main/java/com/hydra/panel/ui/screens/LogsConfigsScreens.kt:58:17: error: unresolved reference: Column
exception:                 Column(
exception:                 ^
exception: app/src/main/java/com/hydra/panel/ui/screens/LogsConfigsScreens.kt:59:45: error: @Composable invocations can only happen from the context of a @Composable function
exception:                     Modifier.verticalScroll(rememberScrollState()).padding(12.dp),
exception:                                             ^
exception: app/src/main/java/com/hydra/panel/ui/screens/LogsConfigsScreens.kt:59:68: error: unresolved reference: padding
exception:                     Modifier.verticalScroll(rememberScrollState()).padding(12.dp),
exception:                                                                    ^
exception: app/src/main/java/com/hydra/panel/ui/screens/LogsConfigsScreens.kt:61:21: error: @Composable invocations can only happen from the context of a @Composable function
exception:                     MonoText(text?.take(120_000) ?: "Пусто")
exception:                     ^
exception: app/src/main/java/com/hydra/panel/ui/screens/LogsConfigsScreens.kt:73:60: error: composable calls are not allowed inside the calculation parameter of inline fun <T> remember(crossinline calculation: () -> TypeVariable(T)): TypeVariable(T)
exception:     val repo = remember { PanelRepository.get(LocalContext.current) }
exception:                                                            ^
exception: app/src/main/java/com/hydra/panel/ui/screens/LogsConfigsScreens.kt:102:9: error: unresolved reference: Column
exception:         Column(Modifier.padding(pad)) {
exception:         ^
exception: app/src/main/java/com/hydra/panel/ui/screens/LogsConfigsScreens.kt:102:25: error: unresolved reference: padding
exception:         Column(Modifier.padding(pad)) {
exception:                         ^
exception: app/src/main/java/com/hydra/panel/ui/screens/LogsConfigsScreens.kt:103:13: error: @Composable invocations can only happen from the context of a @Composable function
exception:             MessageBar(error, true) { error = null }
exception:             ^
exception: app/src/main/java/com/hydra/panel/ui/screens/LogsConfigsScreens.kt:104:13: error: @Composable invocations can only happen from the context of a @Composable function
exception:             SingleChoiceSegmentedButtonRow(Modifier.fillMaxWidth().padding(horizontal = 12.dp)) {
exception:             ^
exception: app/src/main/java/com/hydra/panel/ui/screens/LogsConfigsScreens.kt:104:53: error: unresolved reference: fillMaxWidth
exception:             SingleChoiceSegmentedButtonRow(Modifier.fillMaxWidth().padding(horizontal = 12.dp)) {
exception:                                                     ^
exception: app/src/main/java/com/hydra/panel/ui/screens/LogsConfigsScreens.kt:110:51: error: unresolved reference: sp
exception:                     ) { Text(label, fontSize = 12.sp) }
exception:                                                   ^
exception: app/src/main/java/com/hydra/panel/ui/screens/LogsConfigsScreens.kt:113:13: error: unresolved reference: Spacer
exception:             Spacer(Modifier.height(8.dp))
exception:             ^
exception: app/src/main/java/com/hydra/panel/ui/screens/LogsConfigsScreens.kt:113:29: error: unresolved reference: height
exception:             Spacer(Modifier.height(8.dp))
exception:                             ^
exception: app/src/main/java/com/hydra/panel/ui/screens/LogsConfigsScreens.kt:114:26: error: @Composable invocations can only happen from the context of a @Composable function
exception:             if (loading) LoadingBlock("Читаем конфиги…")
exception:                          ^
exception: app/src/main/java/com/hydra/panel/ui/screens/LogsConfigsScreens.kt:117:17: error: @Composable invocations can only happen from the context of a @Composable function
exception:                 LazyColumn(Modifier.fillMaxSize(), contentPadding = PaddingValues(12.dp),
exception:                 ^
exception: app/src/main/java/com/hydra/panel/ui/screens/LogsConfigsScreens.kt:117:37: error: unresolved reference: fillMaxSize
exception:                 LazyColumn(Modifier.fillMaxSize(), contentPadding = PaddingValues(12.dp),
exception:                                     ^
exception: app/src/main/java/com/hydra/panel/ui/screens/LogsConfigsScreens.kt:117:69: error: unresolved reference: PaddingValues
exception:                 LazyColumn(Modifier.fillMaxSize(), contentPadding = PaddingValues(12.dp),
exception:                                                                     ^
exception: app/src/main/java/com/hydra/panel/ui/screens/LogsConfigsScreens.kt:118:43: error: unresolved reference: Arrangement
exception:                     verticalArrangement = Arrangement.spacedBy(8.dp)) {
exception:                                           ^
exception: app/src/main/java/com/hydra/panel/ui/screens/LogsConfigsScreens.kt:122:43: error: unresolved reference: fillMaxWidth
exception:                             Card(Modifier.fillMaxWidth()) {
exception:                                           ^
exception: app/src/main/java/com/hydra/panel/ui/screens/LogsConfigsScreens.kt:123:33: error: unresolved reference: Column
exception:                                 Column(Modifier.padding(12.dp), verticalArrangement = Arrangement.spacedBy(4.dp)) {
exception:                                 ^
exception: app/src/main/java/com/hydra/panel/ui/screens/LogsConfigsScreens.kt:123:49: error: unresolved reference: padding
exception:                                 Column(Modifier.padding(12.dp), verticalArrangement = Arrangement.spacedBy(4.dp)) {
exception:                                                 ^
exception: app/src/main/java/com/hydra/panel/ui/screens/LogsConfigsScreens.kt:123:87: error: unresolved reference: Arrangement
exception:                                 Column(Modifier.padding(12.dp), verticalArrangement = Arrangement.spacedBy(4.dp)) {
exception:                                                                                       ^
exception: app/src/main/java/com/hydra/panel/ui/screens/LogsConfigsScreens.kt:124:69: error: @Composable invocations can only happen from the context of a @Composable function
exception:                                     p.awgParams.forEach { (k, v) -> MonoText("$k = $v") }
exception:                                                                     ^
exception: app/src/main/java/com/hydra/panel/ui/screens/LogsConfigsScreens.kt:125:37: error: unresolved reference: Spacer
exception:                                     Spacer(Modifier.height(6.dp))
exception:                                     ^
exception: app/src/main/java/com/hydra/panel/ui/screens/LogsConfigsScreens.kt:125:53: error: unresolved reference: height
exception:                                     Spacer(Modifier.height(6.dp))
exception:                                                     ^
exception: app/src/main/java/com/hydra/panel/ui/screens/LogsConfigsScreens.kt:126:37: error: @Composable invocations can only happen from the context of a @Composable function
exception:                                     ActionButton("Редактировать AWG-параметры", modifier = Modifier.fillMaxWidth()) {
exception:                                     ^
exception: app/src/main/java/com/hydra/panel/ui/screens/LogsConfigsScreens.kt:126:101: error: unresolved reference: fillMaxWidth
exception:                                     ActionButton("Редактировать AWG-параметры", modifier = Modifier.fillMaxWidth()) {
exception:                                                                                                     ^
exception: app/src/main/java/com/hydra/panel/ui/screens/LogsConfigsScreens.kt:136:43: error: unresolved reference: fillMaxWidth
exception:                             Card(Modifier.fillMaxWidth()) {
exception:                                           ^
exception: app/src/main/java/com/hydra/panel/ui/screens/LogsConfigsScreens.kt:137:33: error: unresolved reference: Column
exception:                                 Column(Modifier.padding(12.dp)) {
exception:                                 ^
exception: app/src/main/java/com/hydra/panel/ui/screens/LogsConfigsScreens.kt:137:49: error: unresolved reference: padding
exception:                                 Column(Modifier.padding(12.dp)) {
exception:                                                 ^
exception: app/src/main/java/com/hydra/panel/ui/screens/LogsConfigsScreens.kt:138:37: error: @Composable invocations can only happen from the context of a @Composable function
exception:                                     MonoText(p.rawContent.take(6000))
exception:                                     ^
exception: app/src/main/java/com/hydra/panel/ui/screens/LogsConfigsScreens.kt:139:37: error: unresolved reference: Spacer
exception:                                     Spacer(Modifier.height(6.dp))
exception:                                     ^
exception: app/src/main/java/com/hydra/panel/ui/screens/LogsConfigsScreens.kt:139:53: error: unresolved reference: height
exception:                                     Spacer(Modifier.height(6.dp))
exception:                                                     ^
exception: app/src/main/java/com/hydra/panel/ui/screens/LogsConfigsScreens.kt:140:37: error: @Composable invocations can only happen from the context of a @Composable function
exception:                                     ActionButton("Редактировать raw", modifier = Modifier.fillMaxWidth()) {
exception:                                     ^
exception: app/src/main/java/com/hydra/panel/ui/screens/LogsConfigsScreens.kt:140:91: error: unresolved reference: fillMaxWidth
exception:                                     ActionButton("Редактировать raw", modifier = Modifier.fillMaxWidth()) {
exception:                                                                                           ^
exception: app/src/main/java/com/hydra/panel/ui/screens/LogsConfigsScreens.kt:149:39: error: unresolved reference: fillMaxWidth
exception:                         Card(Modifier.fillMaxWidth()) {
exception:                                       ^
exception: app/src/main/java/com/hydra/panel/ui/screens/LogsConfigsScreens.kt:150:29: error: unresolved reference: Column
exception:                             Column(Modifier.padding(12.dp)) {
exception:                             ^
exception: app/src/main/java/com/hydra/panel/ui/screens/LogsConfigsScreens.kt:150:45: error: unresolved reference: padding
exception:                             Column(Modifier.padding(12.dp)) {
exception:                                             ^
exception: app/src/main/java/com/hydra/panel/ui/screens/LogsConfigsScreens.kt:151:33: error: @Composable invocations can only happen from the context of a @Composable function
exception:                                 Text((p?.listing ?: "—").take(20_000), fontSize = 12.sp)
exception:                                 ^
exception: app/src/main/java/com/hydra/panel/ui/screens/LogsConfigsScreens.kt:151:86: error: unresolved reference: sp
exception:                                 Text((p?.listing ?: "—").take(20_000), fontSize = 12.sp)
exception:                                                                                      ^
exception: app/src/main/java/com/hydra/panel/ui/screens/LogsConfigsScreens.kt:167:67: error: unresolved reference: fillMaxWidth
exception:                 OutlinedTextField(value, { value = it }, Modifier.fillMaxWidth().height(360.dp),
exception:                                                                   ^
exception: app/src/main/java/com/hydra/panel/ui/screens/LogsConfigsScreens.kt:168:55: error: cannot find a parameter with this name: autoCorrectEnabled
exception:                     keyboardOptions = KeyboardOptions(autoCorrectEnabled = false))
exception:                                                       ^
exception: app/src/main/java/com/hydra/panel/ui/screens/LogsConfigsScreens.kt:187:17: error: unresolved reference: Column
exception:                 Column(Modifier.verticalScroll(rememberScrollState()), verticalArrangement = Arrangement.spacedBy(6.dp)) {
exception:                 ^
exception: app/src/main/java/com/hydra/panel/ui/screens/LogsConfigsScreens.kt:187:94: error: unresolved reference: Arrangement
exception:                 Column(Modifier.verticalScroll(rememberScrollState()), verticalArrangement = Arrangement.spacedBy(6.dp)) {
exception:                                                                                              ^
exception: app/src/main/java/com/hydra/panel/ui/screens/LogsConfigsScreens.kt:188:21: error: @Composable invocations can only happen from the context of a @Composable function
exception:                     Text("Валидация на сервере: uint16, диапазоны, base64. Пустое значение = не менять.",
exception:                     ^
exception: app/src/main/java/com/hydra/panel/ui/screens/LogsConfigsScreens.kt:189:39: error: unresolved reference: sp
exception:                         fontSize = 11.sp, color = MaterialTheme.colorScheme.onSurfaceVariant)
exception:                                       ^
exception: app/src/main/java/com/hydra/panel/ui/screens/LogsConfigsScreens.kt:189:65: error: @Composable invocations can only happen from the context of a @Composable function
exception:                         fontSize = 11.sp, color = MaterialTheme.colorScheme.onSurfaceVariant)
exception:                                                                 ^
exception: app/src/main/java/com/hydra/panel/ui/screens/LogsConfigsScreens.kt:191:25: error: unresolved reference: Row
exception:                         Row(verticalAlignment = Alignment.CenterVertically) {
exception:                         ^
exception: app/src/main/java/com/hydra/panel/ui/screens/LogsConfigsScreens.kt:192:29: error: @Composable invocations can only happen from the context of a @Composable function
exception:                             Text(k, Modifier.width(56.dp), style = MaterialTheme.typography.titleSmall)
exception:                             ^
exception: app/src/main/java/com/hydra/panel/ui/screens/LogsConfigsScreens.kt:192:46: error: unresolved reference: width
exception:                             Text(k, Modifier.width(56.dp), style = MaterialTheme.typography.titleSmall)
exception:                                              ^
exception: app/src/main/java/com/hydra/panel/ui/screens/LogsConfigsScreens.kt:192:82: error: @Composable invocations can only happen from the context of a @Composable function
exception:                             Text(k, Modifier.width(56.dp), style = MaterialTheme.typography.titleSmall)
exception:                                                                                  ^
exception: app/src/main/java/com/hydra/panel/ui/screens/LogsConfigsScreens.kt:193:29: error: @Composable invocations can only happen from the context of a @Composable function
exception:                             OutlinedTextField(
exception:                             ^
exception: app/src/main/java/com/hydra/panel/ui/screens/LogsConfigsScreens.kt:195:72: error: unresolved reference: weight
exception:                                 singleLine = true, modifier = Modifier.weight(1f),
exception:                                                                        ^
exception: app/src/main/java/com/hydra/panel/ui/screens/ReportsScreen.kt:4:1: error: expecting a top level declaration
exception: androidx.compose.foundation.layout.*
exception: ^
exception: app/src/main/java/com/hydra/panel/ui/screens/ReportsScreen.kt:4:9: error: expecting a top level declaration
exception: androidx.compose.foundation.layout.*
exception:         ^
exception: app/src/main/java/com/hydra/panel/ui/screens/ReportsScreen.kt:4:10: error: expecting a top level declaration
exception: androidx.compose.foundation.layout.*
exception:          ^
exception: app/src/main/java/com/hydra/panel/ui/screens/ReportsScreen.kt:4:17: error: expecting a top level declaration
exception: androidx.compose.foundation.layout.*
exception:                 ^
exception: app/src/main/java/com/hydra/panel/ui/screens/ReportsScreen.kt:4:18: error: expecting a top level declaration
exception: androidx.compose.foundation.layout.*
exception:                  ^
exception: app/src/main/java/com/hydra/panel/ui/screens/ReportsScreen.kt:4:28: error: expecting a top level declaration
exception: androidx.compose.foundation.layout.*
exception:                            ^
exception: app/src/main/java/com/hydra/panel/ui/screens/ReportsScreen.kt:4:29: error: expecting a top level declaration
exception: androidx.compose.foundation.layout.*
exception:                             ^
exception: app/src/main/java/com/hydra/panel/ui/screens/ReportsScreen.kt:4:35: error: expecting a top level declaration
exception: androidx.compose.foundation.layout.*
exception:                                   ^
exception: app/src/main/java/com/hydra/panel/ui/screens/ReportsScreen.kt:4:36: error: expecting a top level declaration
exception: androidx.compose.foundation.layout.*
exception:                                    ^
exception: app/src/main/java/com/hydra/panel/ui/screens/ReportsScreen.kt:4:37: error: imports are only allowed in the beginning of file
exception: androidx.compose.foundation.layout.*
exception:                                     ^
exception: app/src/main/java/com/hydra/panel/ui/screens/ReportsScreen.kt:12:35: error: unresolved reference: WeeklyReport
exception: import com.hydra.panel.data.model.WeeklyReport
exception:                                   ^
exception: app/src/main/java/com/hydra/panel/ui/screens/ReportsScreen.kt:20:60: error: composable calls are not allowed inside the calculation parameter of inline fun <T> remember(crossinline calculation: () -> TypeVariable(T)): TypeVariable(T)
exception:     val repo = remember { PanelRepository.get(LocalContext.current) }
exception:                                                            ^
exception: app/src/main/java/com/hydra/panel/ui/screens/ReportsScreen.kt:21:20: error: type 'State<List<[Error type: Unresolved type for WeeklyReport]>>' has no method 'setValue(Nothing?, KProperty<*>, [Error type: Error delegation type for remember { mutableStateOf<List<WeeklyReport>>(emptyList()) }])' and thus it cannot serve as a delegate for var (read-write property)
exception:     var reports by remember { mutableStateOf<List<WeeklyReport>>(emptyList()) }
exception:                    ^
exception: app/src/main/java/com/hydra/panel/ui/screens/ReportsScreen.kt:21:20: error: property delegate must have a 'getValue(Nothing?, KProperty<*>)' method. None of the following functions is suitable: 
exception: public inline operator fun <T> State<List<[Error type: Unresolved type for WeeklyReport]>>.getValue(thisObj: Any?, property: KProperty<*>): List<[Error type: Unresolved type for WeeklyReport]> defined in androidx.compose.runtime
exception:     var reports by remember { mutableStateOf<List<WeeklyReport>>(emptyList()) }
exception:                    ^
exception: app/src/main/java/com/hydra/panel/ui/screens/ReportsScreen.kt:21:51: error: unresolved reference: WeeklyReport
exception:     var reports by remember { mutableStateOf<List<WeeklyReport>>(emptyList()) }
exception:                                                   ^
exception: app/src/main/java/com/hydra/panel/ui/screens/ReportsScreen.kt:41:9: error: unresolved reference: Column
exception:         Column(Modifier.padding(pad)) {
exception:         ^
exception: app/src/main/java/com/hydra/panel/ui/screens/ReportsScreen.kt:41:25: error: unresolved reference: padding
exception:         Column(Modifier.padding(pad)) {
exception:                         ^
exception: app/src/main/java/com/hydra/panel/ui/screens/ReportsScreen.kt:42:13: error: @Composable invocations can only happen from the context of a @Composable function
exception:             MessageBar(error, true) { error = null }
exception:             ^
exception: app/src/main/java/com/hydra/panel/ui/screens/ReportsScreen.kt:43:26: error: @Composable invocations can only happen from the context of a @Composable function
exception:             if (loading) LoadingBlock()
exception:                          ^
exception: app/src/main/java/com/hydra/panel/ui/screens/ReportsScreen.kt:44:13: error: @Composable invocations can only happen from the context of a @Composable function
exception:             LazyColumn(contentPadding = PaddingValues(12.dp), verticalArrangement = Arrangement.spacedBy(8.dp)) {
exception:             ^
exception: app/src/main/java/com/hydra/panel/ui/screens/ReportsScreen.kt:44:41: error: unresolved reference: PaddingValues
exception:             LazyColumn(contentPadding = PaddingValues(12.dp), verticalArrangement = Arrangement.spacedBy(8.dp)) {
exception:                                         ^
exception: app/src/main/java/com/hydra/panel/ui/screens/ReportsScreen.kt:44:85: error: unresolved reference: Arrangement
exception:             LazyColumn(contentPadding = PaddingValues(12.dp), verticalArrangement = Arrangement.spacedBy(8.dp)) {
exception:                                                                                     ^
exception: app/src/main/java/com/hydra/panel/ui/screens/ReportsScreen.kt:46:21: error: unresolved reference: Row
exception:                     Row(horizontalArrangement = Arrangement.spacedBy(8.dp)) {
exception:                     ^
exception: app/src/main/java/com/hydra/panel/ui/screens/ReportsScreen.kt:46:49: error: unresolved reference: Arrangement
exception:                     Row(horizontalArrangement = Arrangement.spacedBy(8.dp)) {
exception:                                                 ^
exception: app/src/main/java/com/hydra/panel/ui/screens/ReportsScreen.kt:47:25: error: unresolved reference: Box
exception:                         Box(Modifier.weight(1f)) {
exception:                         ^
exception: app/src/main/java/com/hydra/panel/ui/screens/ReportsScreen.kt:47:38: error: unresolved reference: weight
exception:                         Box(Modifier.weight(1f)) {
exception:                                      ^
exception: app/src/main/java/com/hydra/panel/ui/screens/ReportsScreen.kt:48:29: error: @Composable invocations can only happen from the context of a @Composable function
exception:                             ActionButton("Сгенерировать за прошлую неделю", Modifier.fillMaxWidth()) {
exception:                             ^
exception: app/src/main/java/com/hydra/panel/ui/screens/ReportsScreen.kt:48:86: error: unresolved reference: fillMaxWidth
exception:                             ActionButton("Сгенерировать за прошлую неделю", Modifier.fillMaxWidth()) {
exception:                                                                                      ^
exception: app/src/main/java/com/hydra/panel/ui/screens/ReportsScreen.kt:55:87: error: unresolved reference: fillMaxWidth
exception:                     ActionButton("Catch-up: дозаполнить пропущенные недели", Modifier.fillMaxWidth()) {
exception:                                                                                       ^
exception: app/src/main/java/com/hydra/panel/ui/screens/ReportsScreen.kt:60:43: error: unresolved reference: weekStart
exception:                 items(reports, key = { it.weekStart }) { r -> WeeklyReportCard(r) }
exception:                                           ^
exception: app/src/main/java/com/hydra/panel/ui/screens/ReportsScreen.kt:67:33: error: unresolved reference: WeeklyReport
exception: private fun WeeklyReportCard(r: WeeklyReport) {
exception:                                 ^
exception: app/src/main/java/com/hydra/panel/ui/screens/ReportsScreen.kt:69:19: error: unresolved reference: fillMaxWidth
exception:     Card(Modifier.fillMaxWidth()) {
exception:                   ^
exception: app/src/main/java/com/hydra/panel/ui/screens/ReportsScreen.kt:70:9: error: unresolved reference: Column
exception:         Column(Modifier.padding(12.dp)) {
exception:         ^
exception: app/src/main/java/com/hydra/panel/ui/screens/ReportsScreen.kt:70:25: error: unresolved reference: padding
exception:         Column(Modifier.padding(12.dp)) {
exception:                         ^
exception: app/src/main/java/com/hydra/panel/ui/screens/ReportsScreen.kt:71:13: error: unresolved reference: Row
exception:             Row(verticalAlignment = Alignment.CenterVertically) {
exception:             ^
exception: app/src/main/java/com/hydra/panel/ui/screens/ReportsScreen.kt:72:17: error: unresolved reference: Column
exception:                 Column(Modifier.weight(1f)) {
exception:                 ^
exception: app/src/main/java/com/hydra/panel/ui/screens/ReportsScreen.kt:72:33: error: unresolved reference: weight
exception:                 Column(Modifier.weight(1f)) {
exception:                                 ^
exception: app/src/main/java/com/hydra/panel/ui/screens/ReportsScreen.kt:73:21: error: @Composable invocations can only happen from the context of a @Composable function
exception:                     Text("${Format.shortDate(r.weekStart)} → ${Format.shortDate(r.weekEnd)}",
exception:                     ^
exception: app/src/main/java/com/hydra/panel/ui/screens/ReportsScreen.kt:74:47: error: @Composable invocations can only happen from the context of a @Composable function
exception:                         style = MaterialTheme.typography.titleSmall)
exception:                                               ^
exception: app/src/main/java/com/hydra/panel/ui/screens/ReportsScreen.kt:75:21: error: @Composable invocations can only happen from the context of a @Composable function
exception:                     Text("ключей ${r.totalKeys ?: "—"} · устройств ${r.totalDevices ?: "—"} · нагрузка ${Format.num(r.avgLoad)}% (пик ${Format.num(r.peakLoad)}%)",
exception:                     ^
exception: app/src/main/java/com/hydra/panel/ui/screens/ReportsScreen.kt:76:39: error: unresolved reference: sp
exception:                         fontSize = 12.sp, color = MaterialTheme.colorScheme.onSurfaceVariant)
exception:                                       ^
exception: app/src/main/java/com/hydra/panel/ui/screens/ReportsScreen.kt:76:65: error: @Composable invocations can only happen from the context of a @Composable function
exception:                         fontSize = 12.sp, color = MaterialTheme.colorScheme.onSurfaceVariant)
exception:                                                                 ^
exception: app/src/main/java/com/hydra/panel/ui/screens/ReportsScreen.kt:78:17: error: @Composable invocations can only happen from the context of a @Composable function
exception:                 TextButton(onClick = { expanded = !expanded }) { Text(if (expanded) "свернуть" else "подробно") }
exception:                 ^
exception: app/src/main/java/com/hydra/panel/ui/screens/ReportsScreen.kt:81:17: error: unresolved reference: Spacer
exception:                 Spacer(Modifier.height(6.dp))
exception:                 ^
exception: app/src/main/java/com/hydra/panel/ui/screens/ReportsScreen.kt:81:33: error: unresolved reference: height
exception:                 Spacer(Modifier.height(6.dp))
exception:                                 ^
exception: app/src/main/java/com/hydra/panel/ui/screens/ReportsScreen.kt:83:21: error: @Composable invocations can only happen from the context of a @Composable function
exception:                     MonoText(" протоколы: ${r.protocolDistribution}")
exception:                     ^
exception: app/src/main/java/com/hydra/panel/ui/screens/ReportsScreen.kt:86:21: error: @Composable invocations can only happen from the context of a @Composable function
exception:                     Text("→ ${r.recommendation}", fontSize = 13.sp, color = MaterialTheme.colorScheme.primary)
exception:                     ^
exception: app/src/main/java/com/hydra/panel/ui/screens/ReportsScreen.kt:86:65: error: unresolved reference: sp
exception:                     Text("→ ${r.recommendation}", fontSize = 13.sp, color = MaterialTheme.colorScheme.primary)
exception:                                                                 ^
exception: app/src/main/java/com/hydra/panel/ui/screens/ReportsScreen.kt:86:91: error: @Composable invocations can only happen from the context of a @Composable function
exception:                     Text("→ ${r.recommendation}", fontSize = 13.sp, color = MaterialTheme.colorScheme.primary)
exception:                                                                                           ^
exception: app/src/main/java/com/hydra/panel/ui/screens/ReportsScreen.kt:88:17: error: @Composable invocations can only happen from the context of a @Composable function
exception:                 Text("сгенерирован ${Format.dateTime(r.generatedAt)}", fontSize = 11.sp,
exception:                 ^
exception: app/src/main/java/com/hydra/panel/ui/screens/ReportsScreen.kt:88:86: error: unresolved reference: sp
exception:                 Text("сгенерирован ${Format.dateTime(r.generatedAt)}", fontSize = 11.sp,
exception:                                                                                      ^
exception: app/src/main/java/com/hydra/panel/ui/screens/ReportsScreen.kt:89:43: error: @Composable invocations can only happen from the context of a @Composable function
exception:                     color = MaterialTheme.colorScheme.onSurfaceVariant)
exception:                                           ^
exception: app/src/main/java/com/hydra/panel/ui/screens/ServerDetailScreen.kt:4:1: error: expecting a top level declaration
exception: androidx.compose.foundation.layout.*
exception: ^
exception: app/src/main/java/com/hydra/panel/ui/screens/ServerDetailScreen.kt:4:9: error: expecting a top level declaration
exception: androidx.compose.foundation.layout.*
exception:         ^
exception: app/src/main/java/com/hydra/panel/ui/screens/ServerDetailScreen.kt:4:10: error: expecting a top level declaration
exception: androidx.compose.foundation.layout.*
exception:          ^
exception: app/src/main/java/com/hydra/panel/ui/screens/ServerDetailScreen.kt:4:17: error: expecting a top level declaration
exception: androidx.compose.foundation.layout.*
exception:                 ^
exception: app/src/main/java/com/hydra/panel/ui/screens/ServerDetailScreen.kt:4:18: error: expecting a top level declaration
exception: androidx.compose.foundation.layout.*
exception:                  ^
exception: app/src/main/java/com/hydra/panel/ui/screens/ServerDetailScreen.kt:4:28: error: expecting a top level declaration
exception: androidx.compose.foundation.layout.*
exception:                            ^
exception: app/src/main/java/com/hydra/panel/ui/screens/ServerDetailScreen.kt:4:29: error: expecting a top level declaration
exception: androidx.compose.foundation.layout.*
exception:                             ^
exception: app/src/main/java/com/hydra/panel/ui/screens/ServerDetailScreen.kt:4:35: error: expecting a top level declaration
exception: androidx.compose.foundation.layout.*
exception:                                   ^
exception: app/src/main/java/com/hydra/panel/ui/screens/ServerDetailScreen.kt:4:36: error: expecting a top level declaration
exception: androidx.compose.foundation.layout.*
exception:                                    ^
exception: app/src/main/java/com/hydra/panel/ui/screens/ServerDetailScreen.kt:4:37: error: imports are only allowed in the beginning of file
exception: androidx.compose.foundation.layout.*
exception:                                     ^
exception: app/src/main/java/com/hydra/panel/ui/screens/ServerDetailScreen.kt:26:60: error: composable calls are not allowed inside the calculation parameter of inline fun <T> remember(crossinline calculation: () -> TypeVariable(T)): TypeVariable(T)
exception:     val repo = remember { PanelRepository.get(LocalContext.current) }
exception:                                                            ^
exception: app/src/main/java/com/hydra/panel/ui/screens/ServerDetailScreen.kt:27:19: error: property delegate must have a 'getValue(Nothing?, KProperty<*>)' method. None of the following functions is suitable: 
exception: public inline operator fun <T> State<Nothing?>.getValue(thisObj: Any?, property: KProperty<*>): Nothing? defined in androidx.compose.runtime
exception:     var server by remember { mutableStateOf<Server?>(null) }
exception:                   ^
exception: app/src/main/java/com/hydra/panel/ui/screens/ServerDetailScreen.kt:27:19: error: property delegate must have a 'setValue(Nothing?, KProperty<*>, [Error type: Error delegation type for remember { mutableStateOf<Server?>(null) }])' method. None of the following functions is suitable: 
exception: public inline operator fun <T> MutableState<Nothing?>.setValue(thisObj: Any?, property: KProperty<*>, value: Nothing?): Unit defined in androidx.compose.runtime
exception:     var server by remember { mutableStateOf<Server?>(null) }
exception:                   ^
exception: app/src/main/java/com/hydra/panel/ui/screens/ServerDetailScreen.kt:27:45: error: unresolved reference: Server
exception:     var server by remember { mutableStateOf<Server?>(null) }
exception:                                             ^
exception: app/src/main/java/com/hydra/panel/ui/screens/ServerDetailScreen.kt:28:20: error: type 'State<List<[Error type: Unresolved type for MetricPoint]>>' has no method 'setValue(Nothing?, KProperty<*>, [Error type: Error delegation type for remember { mutableStateOf<List<MetricPoint>>(emptyList()) }])' and thus it cannot serve as a delegate for var (read-write property)
exception:     var metrics by remember { mutableStateOf<List<MetricPoint>>(emptyList()) }
exception:                    ^
exception: app/src/main/java/com/hydra/panel/ui/screens/ServerDetailScreen.kt:28:20: error: property delegate must have a 'getValue(Nothing?, KProperty<*>)' method. None of the following functions is suitable: 
exception: public inline operator fun <T> State<List<[Error type: Unresolved type for MetricPoint]>>.getValue(thisObj: Any?, property: KProperty<*>): List<[Error type: Unresolved type for MetricPoint]> defined in androidx.compose.runtime
exception:     var metrics by remember { mutableStateOf<List<MetricPoint>>(emptyList()) }
exception:                    ^
exception: app/src/main/java/com/hydra/panel/ui/screens/ServerDetailScreen.kt:28:51: error: unresolved reference: MetricPoint
exception:     var metrics by remember { mutableStateOf<List<MetricPoint>>(emptyList()) }
exception:                                                   ^
exception: app/src/main/java/com/hydra/panel/ui/screens/ServerDetailScreen.kt:29:22: error: type 'State<List<[Error type: Unresolved type for ProtocolInstance]>>' has no method 'setValue(Nothing?, KProperty<*>, [Error type: Error delegation type for remember { mutableStateOf<List<ProtocolInstance>>(emptyList()) }])' and thus it cannot serve as a delegate for var (read-write property)
exception:     var protocols by remember { mutableStateOf<List<ProtocolInstance>>(emptyList()) }
exception:                      ^
exception: app/src/main/java/com/hydra/panel/ui/screens/ServerDetailScreen.kt:29:22: error: property delegate must have a 'getValue(Nothing?, KProperty<*>)' method. None of the following functions is suitable: 
exception: public inline operator fun <T> State<List<[Error type: Unresolved type for ProtocolInstance]>>.getValue(thisObj: Any?, property: KProperty<*>): List<[Error type: Unresolved type for ProtocolInstance]> defined in androidx.compose.runtime
exception:     var protocols by remember { mutableStateOf<List<ProtocolInstance>>(emptyList()) }
exception:                      ^
exception: app/src/main/java/com/hydra/panel/ui/screens/ServerDetailScreen.kt:29:53: error: unresolved reference: ProtocolInstance
exception:     var protocols by remember { mutableStateOf<List<ProtocolInstance>>(emptyList()) }
exception:                                                     ^
exception: app/src/main/java/com/hydra/panel/ui/screens/ServerDetailScreen.kt:30:19: error: property delegate must have a 'getValue(Nothing?, KProperty<*>)' method. None of the following functions is suitable: 
exception: public inline operator fun <T> State<Nothing?>.getValue(thisObj: Any?, property: KProperty<*>): Nothing? defined in androidx.compose.runtime
exception:     var tokens by remember { mutableStateOf<TokenListResponse?>(null) }
exception:                   ^
exception: app/src/main/java/com/hydra/panel/ui/screens/ServerDetailScreen.kt:30:19: error: property delegate must have a 'setValue(Nothing?, KProperty<*>, [Error type: Error delegation type for remember { mutableStateOf<TokenListResponse?>(null) }])' method. None of the following functions is suitable: 
exception: public inline operator fun <T> MutableState<Nothing?>.setValue(thisObj: Any?, property: KProperty<*>, value: Nothing?): Unit defined in androidx.compose.runtime
exception:     var tokens by remember { mutableStateOf<TokenListResponse?>(null) }
exception:                   ^
exception: app/src/main/java/com/hydra/panel/ui/screens/ServerDetailScreen.kt:30:45: error: unresolved reference: TokenListResponse
exception:     var tokens by remember { mutableStateOf<TokenListResponse?>(null) }
exception:                                             ^
exception: app/src/main/java/com/hydra/panel/ui/screens/ServerDetailScreen.kt:31:21: error: property delegate must have a 'getValue(Nothing?, KProperty<*>)' method. None of the following functions is suitable: 
exception: public inline operator fun <T> State<Nothing?>.getValue(thisObj: Any?, property: KProperty<*>): Nothing? defined in androidx.compose.runtime
exception:     var forecast by remember { mutableStateOf<ForecastResult?>(null) }
exception:                     ^
exception: app/src/main/java/com/hydra/panel/ui/screens/ServerDetailScreen.kt:31:21: error: property delegate must have a 'setValue(Nothing?, KProperty<*>, [Error type: Error delegation type for remember { mutableStateOf<ForecastResult?>(null) }])' method. None of the following functions is suitable: 
exception: public inline operator fun <T> MutableState<Nothing?>.setValue(thisObj: Any?, property: KProperty<*>, value: Nothing?): Unit defined in androidx.compose.runtime
exception:     var forecast by remember { mutableStateOf<ForecastResult?>(null) }
exception:                     ^
exception: app/src/main/java/com/hydra/panel/ui/screens/ServerDetailScreen.kt:31:47: error: unresolved reference: ForecastResult
exception:     var forecast by remember { mutableStateOf<ForecastResult?>(null) }
exception:                                               ^
exception: app/src/main/java/com/hydra/panel/ui/screens/ServerDetailScreen.kt:43:96: error: not enough information to infer type variable T
exception:             val m = try { repo.serverMetrics(serverId, 60).reversed() } catch (_: Exception) { emptyList() }
exception:                                                                                                ^
exception: app/src/main/java/com/hydra/panel/ui/screens/ServerDetailScreen.kt:59:9: error: unresolved reference: Column
exception:         Column(Modifier.padding(pad)) {
exception:         ^
exception: app/src/main/java/com/hydra/panel/ui/screens/ServerDetailScreen.kt:59:25: error: unresolved reference: padding
exception:         Column(Modifier.padding(pad)) {
exception:                         ^
exception: app/src/main/java/com/hydra/panel/ui/screens/ServerDetailScreen.kt:60:13: error: @Composable invocations can only happen from the context of a @Composable function
exception:             MessageBar(error, true) { error = null }
exception:             ^
exception: app/src/main/java/com/hydra/panel/ui/screens/ServerDetailScreen.kt:61:26: error: @Composable invocations can only happen from the context of a @Composable function
exception:             if (loading) LoadingBlock("Метрики и статус…")
exception:                          ^
exception: app/src/main/java/com/hydra/panel/ui/screens/ServerDetailScreen.kt:62:18: error: @Composable invocations can only happen from the context of a @Composable function
exception:             else LazyColumn(contentPadding = PaddingValues(12.dp), verticalArrangement = Arrangement.spacedBy(10.dp)) {
exception:                  ^
exception: app/src/main/java/com/hydra/panel/ui/screens/ServerDetailScreen.kt:62:46: error: unresolved reference: PaddingValues
exception:             else LazyColumn(contentPadding = PaddingValues(12.dp), verticalArrangement = Arrangement.spacedBy(10.dp)) {
exception:                                              ^
exception: app/src/main/java/com/hydra/panel/ui/screens/ServerDetailScreen.kt:62:90: error: unresolved reference: Arrangement
exception:             else LazyColumn(contentPadding = PaddingValues(12.dp), verticalArrangement = Arrangement.spacedBy(10.dp)) {
exception:                                                                                          ^
exception: app/src/main/java/com/hydra/panel/ui/screens/ServerDetailScreen.kt:63:31: error: cannot infer a type for this parameter. Please specify it explicitly.
exception:                 server?.let { s ->
exception:                               ^
exception: app/src/main/java/com/hydra/panel/ui/screens/ServerDetailScreen.kt:65:39: error: unresolved reference: fillMaxWidth
exception:                         Card(Modifier.fillMaxWidth()) {
exception:                                       ^
exception: app/src/main/java/com/hydra/panel/ui/screens/ServerDetailScreen.kt:66:29: error: unresolved reference: Row
exception:                             Row(Modifier.padding(14.dp), verticalAlignment = Alignment.CenterVertically) {
exception:                             ^
exception: app/src/main/java/com/hydra/panel/ui/screens/ServerDetailScreen.kt:66:42: error: unresolved reference: padding
exception:                             Row(Modifier.padding(14.dp), verticalAlignment = Alignment.CenterVertically) {
exception:                                          ^
exception: app/src/main/java/com/hydra/panel/ui/screens/ServerDetailScreen.kt:67:33: error: @Composable invocations can only happen from the context of a @Composable function
exception:                                 StatusDot(s.status, s.status ?: "—")
exception:                                 ^
exception: app/src/main/java/com/hydra/panel/ui/screens/ServerDetailScreen.kt:68:33: error: unresolved reference: Spacer
exception:                                 Spacer(Modifier.width(12.dp))
exception:                                 ^
exception: app/src/main/java/com/hydra/panel/ui/screens/ServerDetailScreen.kt:68:49: error: unresolved reference: width
exception:                                 Spacer(Modifier.width(12.dp))
exception:                                                 ^
exception: app/src/main/java/com/hydra/panel/ui/screens/ServerDetailScreen.kt:69:33: error: unresolved reference: Column
exception:                                 Column(Modifier.weight(1f)) {
exception:                                 ^
exception: app/src/main/java/com/hydra/panel/ui/screens/ServerDetailScreen.kt:69:49: error: unresolved reference: weight
exception:                                 Column(Modifier.weight(1f)) {
exception:                                                 ^
exception: app/src/main/java/com/hydra/panel/ui/screens/ServerDetailScreen.kt:70:37: error: @Composable invocations can only happen from the context of a @Composable function
exception:                                     Text("${s.ip}:${s.sshPort ?: 22}", style = MaterialTheme.typography.titleSmall)
exception:                                     ^
exception: app/src/main/java/com/hydra/panel/ui/screens/ServerDetailScreen.kt:70:94: error: @Composable invocations can only happen from the context of a @Composable function
exception:                                     Text("${s.ip}:${s.sshPort ?: 22}", style = MaterialTheme.typography.titleSmall)
exception:                                                                                              ^
exception: app/src/main/java/com/hydra/panel/ui/screens/ServerDetailScreen.kt:71:37: error: @Composable invocations can only happen from the context of a @Composable function
exception:                                     Text("${s.location ?: "—"} · ${s.city ?: "—"} · канал ${Format.mbps(s.bandwidthMbps?.toDouble())}",
exception:                                     ^
exception: app/src/main/java/com/hydra/panel/ui/screens/ServerDetailScreen.kt:72:55: error: unresolved reference: sp
exception:                                         fontSize = 12.sp, color = MaterialTheme.colorScheme.onSurfaceVariant)
exception:                                                       ^
exception: app/src/main/java/com/hydra/panel/ui/screens/ServerDetailScreen.kt:72:81: error: @Composable invocations can only happen from the context of a @Composable function
exception:                                         fontSize = 12.sp, color = MaterialTheme.colorScheme.onSurfaceVariant)
exception:                                                                                 ^
exception: app/src/main/java/com/hydra/panel/ui/screens/ServerDetailScreen.kt:81:39: error: unresolved reference: fillMaxWidth
exception:                         Card(Modifier.fillMaxWidth()) {
exception:                                       ^
exception: app/src/main/java/com/hydra/panel/ui/screens/ServerDetailScreen.kt:82:29: error: unresolved reference: Column
exception:                             Column(Modifier.padding(12.dp)) {
exception:                             ^
exception: app/src/main/java/com/hydra/panel/ui/screens/ServerDetailScreen.kt:82:45: error: unresolved reference: padding
exception:                             Column(Modifier.padding(12.dp)) {
exception:                                             ^
exception: app/src/main/java/com/hydra/panel/ui/screens/ServerDetailScreen.kt:84:33: error: @Composable invocations can only happen from the context of a @Composable function
exception:                                 SparkLine(metrics.map { it.cpuPercent ?: 0.0 }, statusColor(if ((last.cpuPercent ?: 0) > 80) "critical" else "active"))
exception:                                 ^
exception: app/src/main/java/com/hydra/panel/ui/screens/ServerDetailScreen.kt:84:57: error: unresolved reference: it
exception:                                 SparkLine(metrics.map { it.cpuPercent ?: 0.0 }, statusColor(if ((last.cpuPercent ?: 0) > 80) "critical" else "active"))
exception:                                                         ^
exception: app/src/main/java/com/hydra/panel/ui/screens/ServerDetailScreen.kt:85:33: error: unresolved reference: Row
exception:                                 Row(Modifier.fillMaxWidth(), horizontalArrangement = Arrangement.SpaceBetween) {
exception:                                 ^
exception: app/src/main/java/com/hydra/panel/ui/screens/ServerDetailScreen.kt:85:46: error: unresolved reference: fillMaxWidth
exception:                                 Row(Modifier.fillMaxWidth(), horizontalArrangement = Arrangement.SpaceBetween) {
exception:                                              ^
exception: app/src/main/java/com/hydra/panel/ui/screens/ServerDetailScreen.kt:85:86: error: unresolved reference: Arrangement
exception:                                 Row(Modifier.fillMaxWidth(), horizontalArrangement = Arrangement.SpaceBetween) {
exception:                                                                                      ^
exception: app/src/main/java/com/hydra/panel/ui/screens/ServerDetailScreen.kt:86:37: error: @Composable invocations can only happen from the context of a @Composable function
exception:                                     Text("сейчас CPU ${Format.num(last.cpuPercent)}% · RAM ${Format.num(last.memoryPercent)}%", fontSize = 12.sp)
exception:                                     ^
exception: app/src/main/java/com/hydra/panel/ui/screens/ServerDetailScreen.kt:86:143: error: unresolved reference: sp
exception:                                     Text("сейчас CPU ${Format.num(last.cpuPercent)}% · RAM ${Format.num(last.memoryPercent)}%", fontSize = 12.sp)
exception:                                                                                                                                               ^
exception: app/src/main/java/com/hydra/panel/ui/screens/ServerDetailScreen.kt:87:37: error: @Composable invocations can only happen from the context of a @Composable function
exception:                                     Text("${last.timestamp?.take(16) ?: ""}", fontSize = 11.sp, color = MaterialTheme.colorScheme.onSurfaceVariant)
exception:                                     ^
exception: app/src/main/java/com/hydra/panel/ui/screens/ServerDetailScreen.kt:87:93: error: unresolved reference: sp
exception:                                     Text("${last.timestamp?.take(16) ?: ""}", fontSize = 11.sp, color = MaterialTheme.colorScheme.onSurfaceVariant)
exception:                                                                                             ^
exception: app/src/main/java/com/hydra/panel/ui/screens/ServerDetailScreen.kt:87:119: error: @Composable invocations can only happen from the context of a @Composable function
exception:                                     Text("${last.timestamp?.take(16) ?: ""}", fontSize = 11.sp, color = MaterialTheme.colorScheme.onSurfaceVariant)
exception:                                                                                                                       ^
exception: app/src/main/java/com/hydra/panel/ui/screens/ServerDetailScreen.kt:94:25: error: unresolved reference: Row
exception:                         Row(horizontalArrangement = Arrangement.spacedBy(8.dp)) {
exception:                         ^
exception: app/src/main/java/com/hydra/panel/ui/screens/ServerDetailScreen.kt:94:53: error: unresolved reference: Arrangement
exception:                         Row(horizontalArrangement = Arrangement.spacedBy(8.dp)) {
exception:                                                     ^
exception: app/src/main/java/com/hydra/panel/ui/screens/ServerDetailScreen.kt:95:29: error: unresolved reference: Box
exception:                             Box(Modifier.weight(1f)) { StatCard("RX", Format.mbps(metrics.last().networkRxMbps)) }
exception:                             ^
exception: app/src/main/java/com/hydra/panel/ui/screens/ServerDetailScreen.kt:95:42: error: unresolved reference: weight
exception:                             Box(Modifier.weight(1f)) { StatCard("RX", Format.mbps(metrics.last().networkRxMbps)) }
exception:                                          ^
exception: app/src/main/java/com/hydra/panel/ui/screens/ServerDetailScreen.kt:95:56: error: @Composable invocations can only happen from the context of a @Composable function
exception:                             Box(Modifier.weight(1f)) { StatCard("RX", Format.mbps(metrics.last().networkRxMbps)) }
exception:                                                        ^
exception: app/src/main/java/com/hydra/panel/ui/screens/ServerDetailScreen.kt:96:29: error: unresolved reference: Box
exception:                             Box(Modifier.weight(1f)) { StatCard("TX", Format.mbps(metrics.last().networkTxMbps)) }
exception:                             ^
exception: app/src/main/java/com/hydra/panel/ui/screens/ServerDetailScreen.kt:96:42: error: unresolved reference: weight
exception:                             Box(Modifier.weight(1f)) { StatCard("TX", Format.mbps(metrics.last().networkTxMbps)) }
exception:                                          ^
exception: app/src/main/java/com/hydra/panel/ui/screens/ServerDetailScreen.kt:96:56: error: @Composable invocations can only happen from the context of a @Composable function
exception:                             Box(Modifier.weight(1f)) { StatCard("TX", Format.mbps(metrics.last().networkTxMbps)) }
exception:                                                        ^
exception: app/src/main/java/com/hydra/panel/ui/screens/ServerDetailScreen.kt:97:29: error: unresolved reference: Box
exception:                             Box(Modifier.weight(1f)) { StatCard("Conn", metrics.last().totalConnections.toString()) }
exception:                             ^
exception: app/src/main/java/com/hydra/panel/ui/screens/ServerDetailScreen.kt:97:42: error: unresolved reference: weight
exception:                             Box(Modifier.weight(1f)) { StatCard("Conn", metrics.last().totalConnections.toString()) }
exception:                                          ^
exception: app/src/main/java/com/hydra/panel/ui/screens/ServerDetailScreen.kt:97:56: error: @Composable invocations can only happen from the context of a @Composable function
exception:                             Box(Modifier.weight(1f)) { StatCard("Conn", metrics.last().totalConnections.toString()) }
exception:                                                        ^
exception: app/src/main/java/com/hydra/panel/ui/screens/ServerDetailScreen.kt:104:39: error: unresolved reference: fillMaxWidth
exception:                         Card(Modifier.fillMaxWidth()) {
exception:                                       ^
exception: app/src/main/java/com/hydra/panel/ui/screens/ServerDetailScreen.kt:105:29: error: unresolved reference: Row
exception:                             Row(Modifier.padding(12.dp), verticalAlignment = Alignment.CenterVertically) {
exception:                             ^
exception: app/src/main/java/com/hydra/panel/ui/screens/ServerDetailScreen.kt:105:42: error: unresolved reference: padding
exception:                             Row(Modifier.padding(12.dp), verticalAlignment = Alignment.CenterVertically) {
exception:                                          ^
exception: app/src/main/java/com/hydra/panel/ui/screens/ServerDetailScreen.kt:106:33: error: @Composable invocations can only happen from the context of a @Composable function
exception:                                 StatusDot(pr.status)
exception:                                 ^
exception: app/src/main/java/com/hydra/panel/ui/screens/ServerDetailScreen.kt:106:46: error: unresolved reference: status
exception:                                 StatusDot(pr.status)
exception:                                              ^
exception: app/src/main/java/com/hydra/panel/ui/screens/ServerDetailScreen.kt:107:33: error: unresolved reference: Spacer
exception:                                 Spacer(Modifier.width(10.dp))
exception:                                 ^
exception: app/src/main/java/com/hydra/panel/ui/screens/ServerDetailScreen.kt:107:49: error: unresolved reference: width
exception:                                 Spacer(Modifier.width(10.dp))
exception:                                                 ^
exception: app/src/main/java/com/hydra/panel/ui/screens/ServerDetailScreen.kt:108:33: error: unresolved reference: Column
exception:                                 Column(Modifier.weight(1f)) {
exception:                                 ^
exception: app/src/main/java/com/hydra/panel/ui/screens/ServerDetailScreen.kt:108:49: error: unresolved reference: weight
exception:                                 Column(Modifier.weight(1f)) {
exception:                                                 ^
exception: app/src/main/java/com/hydra/panel/ui/screens/ServerDetailScreen.kt:109:45: error: unresolved reference: protocol
exception:                                     Text(pr.protocol.uppercase(), style = MaterialTheme.typography.titleSmall)
exception:                                             ^
exception: app/src/main/java/com/hydra/panel/ui/screens/ServerDetailScreen.kt:109:89: error: @Composable invocations can only happen from the context of a @Composable function
exception:                                     Text(pr.protocol.uppercase(), style = MaterialTheme.typography.titleSmall)
exception:                                                                                         ^
exception: app/src/main/java/com/hydra/panel/ui/screens/ServerDetailScreen.kt:110:37: error: @Composable invocations can only happen from the context of a @Composable function
exception:                                     Text("порт ${pr.port ?: "—"} · лимит ${pr.maxConnections ?: "—"}", fontSize = 12.sp,
exception:                                     ^
exception: app/src/main/java/com/hydra/panel/ui/screens/ServerDetailScreen.kt:110:53: error: unresolved reference: port
exception:                                     Text("порт ${pr.port ?: "—"} · лимит ${pr.maxConnections ?: "—"}", fontSize = 12.sp,
exception:                                                     ^
exception: app/src/main/java/com/hydra/panel/ui/screens/ServerDetailScreen.kt:110:79: error: unresolved reference: maxConnections
exception:                                     Text("порт ${pr.port ?: "—"} · лимит ${pr.maxConnections ?: "—"}", fontSize = 12.sp,
exception:                                                                               ^
exception: app/src/main/java/com/hydra/panel/ui/screens/ServerDetailScreen.kt:110:118: error: unresolved reference: sp
exception:                                     Text("порт ${pr.port ?: "—"} · лимит ${pr.maxConnections ?: "—"}", fontSize = 12.sp,
exception:                                                                                                                      ^
exception: app/src/main/java/com/hydra/panel/ui/screens/ServerDetailScreen.kt:111:63: error: @Composable invocations can only happen from the context of a @Composable function
exception:                                         color = MaterialTheme.colorScheme.onSurfaceVariant)
exception:                                                               ^
exception: app/src/main/java/com/hydra/panel/ui/screens/ServerDetailScreen.kt:113:33: error: @Composable invocations can only happen from the context of a @Composable function
exception:                                 OutlinedButton(onClick = { runner.run { repo.restartService(serverId, pr.protocol).also { refresh++ } } }) {
exception:                                 ^
exception: app/src/main/java/com/hydra/panel/ui/screens/ServerDetailScreen.kt:113:106: error: unresolved reference: protocol
exception:                                 OutlinedButton(onClick = { runner.run { repo.restartService(serverId, pr.protocol).also { refresh++ } } }) {
exception:                                                                                                          ^
exception: app/src/main/java/com/hydra/panel/ui/screens/ServerDetailScreen.kt:120:31: error: cannot infer a type for this parameter. Please specify it explicitly.
exception:                 tokens?.let { tk ->
exception:                               ^
exception: app/src/main/java/com/hydra/panel/ui/screens/ServerDetailScreen.kt:123:39: error: unresolved reference: fillMaxWidth
exception:                         Card(Modifier.fillMaxWidth()) {
exception:                                       ^
exception: app/src/main/java/com/hydra/panel/ui/screens/ServerDetailScreen.kt:124:29: error: unresolved reference: Column
exception:                             Column(Modifier.padding(12.dp)) {
exception:                             ^
exception: app/src/main/java/com/hydra/panel/ui/screens/ServerDetailScreen.kt:124:45: error: unresolved reference: padding
exception:                             Column(Modifier.padding(12.dp)) {
exception:                                             ^
exception: app/src/main/java/com/hydra/panel/ui/screens/ServerDetailScreen.kt:125:33: error: @Composable invocations can only happen from the context of a @Composable function
exception:                                 MonoText("prefix: ${t.tokenHashPrefix}…")
exception:                                 ^
exception: app/src/main/java/com/hydra/panel/ui/screens/ServerDetailScreen.kt:125:55: error: unresolved reference: tokenHashPrefix
exception:                                 MonoText("prefix: ${t.tokenHashPrefix}…")
exception:                                                       ^
exception: app/src/main/java/com/hydra/panel/ui/screens/ServerDetailScreen.kt:126:33: error: @Composable invocations can only happen from the context of a @Composable function
exception:                                 Text((if (t.active) "активен" else "отозван") + " · до ${t.expiresAt?.take(16) ?: "∞"} · создан ${t.createdAt?.take(16) ?: "—"}",
exception:                                 ^
exception: app/src/main/java/com/hydra/panel/ui/screens/ServerDetailScreen.kt:126:45: error: unresolved reference: active
exception:                                 Text((if (t.active) "активен" else "отозван") + " · до ${t.expiresAt?.take(16) ?: "∞"} · создан ${t.createdAt?.take(16) ?: "—"}",
exception:                                             ^
exception: app/src/main/java/com/hydra/panel/ui/screens/ServerDetailScreen.kt:126:92: error: unresolved reference: expiresAt
exception:                                 Text((if (t.active) "активен" else "отозван") + " · до ${t.expiresAt?.take(16) ?: "∞"} · создан ${t.createdAt?.take(16) ?: "—"}",
exception:                                                                                            ^
exception: app/src/main/java/com/hydra/panel/ui/screens/ServerDetailScreen.kt:126:133: error: unresolved reference: createdAt
exception:                                 Text((if (t.active) "активен" else "отозван") + " · до ${t.expiresAt?.take(16) ?: "∞"} · создан ${t.createdAt?.take(16) ?: "—"}",
exception:                                                                                                                                     ^
exception: app/src/main/java/com/hydra/panel/ui/screens/ServerDetailScreen.kt:127:51: error: unresolved reference: sp
exception:                                     fontSize = 12.sp, color = statusColor(if (t.active) "active" else "blocked"))
exception:                                                   ^
exception: app/src/main/java/com/hydra/panel/ui/screens/ServerDetailScreen.kt:127:81: error: unresolved reference: active
exception:                                     fontSize = 12.sp, color = statusColor(if (t.active) "active" else "blocked"))
exception:                                                                                 ^
exception: app/src/main/java/com/hydra/panel/ui/screens/ServerDetailScreen.kt:132:33: error: cannot infer a type for this parameter. Please specify it explicitly.
exception:                 forecast?.let { f ->
exception:                                 ^
exception: app/src/main/java/com/hydra/panel/ui/screens/ServerDetailScreen.kt:135:39: error: unresolved reference: fillMaxWidth
exception:                         Card(Modifier.fillMaxWidth(), colors = CardDefaults.cardColors(containerColor = statusColor(when (f.status) {"critical" -> "critical"; "warning" -> "warning"; else -> "active"}).copy(alpha = 0.12f))) {
exception:                                       ^
exception: app/src/main/java/com/hydra/panel/ui/screens/ServerDetailScreen.kt:136:29: error: unresolved reference: Column
exception:                             Column(Modifier.padding(12.dp)) {
exception:                             ^
exception: app/src/main/java/com/hydra/panel/ui/screens/ServerDetailScreen.kt:136:45: error: unresolved reference: padding
exception:                             Column(Modifier.padding(12.dp)) {
exception:                                             ^
exception: app/src/main/java/com/hydra/panel/ui/screens/ServerDetailScreen.kt:137:33: error: @Composable invocations can only happen from the context of a @Composable function
exception:                                 Text("Статус: ${f.status ?: "—"}", style = MaterialTheme.typography.titleSmall)
exception:                                 ^
exception: app/src/main/java/com/hydra/panel/ui/screens/ServerDetailScreen.kt:137:90: error: @Composable invocations can only happen from the context of a @Composable function
exception:                                 Text("Статус: ${f.status ?: "—"}", style = MaterialTheme.typography.titleSmall)
exception:                                                                                          ^
exception: app/src/main/java/com/hydra/panel/ui/screens/ServerDetailScreen.kt:138:55: error: unresolved reference: it
exception:                                 f.message?.let { Text(it, fontSize = 13.sp) }
exception:                                                       ^
exception: app/src/main/java/com/hydra/panel/ui/screens/ServerDetailScreen.kt:138:73: error: unresolved reference: sp
exception:                                 f.message?.let { Text(it, fontSize = 13.sp) }
exception:                                                                         ^
exception: app/src/main/java/com/hydra/panel/ui/screens/ServerDetailScreen.kt:139:59: error: @Composable invocations can only happen from the context of a @Composable function
exception:                                 if (f.currentCpu != null) Text("CPU сейчас ${Format.num(f.currentCpu)}% · тренд ${Format.num(f.trendCpuPerDay)}%/день · критический уровень через ${f.daysUntilCritical ?: "—"} дн.", fontSize = 12.sp)
exception:                                                           ^
exception: app/src/main/java/com/hydra/panel/ui/screens/ServerDetailScreen.kt:139:229: error: unresolved reference: sp
exception:                                 if (f.currentCpu != null) Text("CPU сейчас ${Format.num(f.currentCpu)}% · тренд ${Format.num(f.trendCpuPerDay)}%/день · критический уровень через ${f.daysUntilCritical ?: "—"} дн.", fontSize = 12.sp)
exception:                                                                                                                                                                                                                                     ^
exception: app/src/main/java/com/hydra/panel/ui/screens/ServerDetailScreen.kt:140:57: error: @Composable invocations can only happen from the context of a @Composable function
exception:                                 f.recommendation?.let { Text("→ $it", fontSize = 12.sp, color = MaterialTheme.colorScheme.primary) }
exception:                                                         ^
exception: app/src/main/java/com/hydra/panel/ui/screens/ServerDetailScreen.kt:140:66: error: unresolved reference: it
exception:                                 f.recommendation?.let { Text("→ $it", fontSize = 12.sp, color = MaterialTheme.colorScheme.primary) }
exception:                                                                  ^
exception: app/src/main/java/com/hydra/panel/ui/screens/ServerDetailScreen.kt:140:85: error: unresolved reference: sp
exception:                                 f.recommendation?.let { Text("→ $it", fontSize = 12.sp, color = MaterialTheme.colorScheme.primary) }
exception:                                                                                     ^
exception: app/src/main/java/com/hydra/panel/ui/screens/ServerDetailScreen.kt:140:111: error: @Composable invocations can only happen from the context of a @Composable function
exception:                                 f.recommendation?.let { Text("→ $it", fontSize = 12.sp, color = MaterialTheme.colorScheme.primary) }
exception:                                                                                                               ^
exception: app/src/main/java/com/hydra/panel/ui/screens/ServerDetailScreen.kt:147:21: error: unresolved reference: Column
exception:                     Column(verticalArrangement = Arrangement.spacedBy(8.dp)) {
exception:                     ^
exception: app/src/main/java/com/hydra/panel/ui/screens/ServerDetailScreen.kt:147:50: error: unresolved reference: Arrangement
exception:                     Column(verticalArrangement = Arrangement.spacedBy(8.dp)) {
exception:                                                  ^
exception: app/src/main/java/com/hydra/panel/ui/screens/ServerDetailScreen.kt:148:25: error: unresolved reference: Row
exception:                         Row(horizontalArrangement = Arrangement.spacedBy(8.dp)) {
exception:                         ^
exception: app/src/main/java/com/hydra/panel/ui/screens/ServerDetailScreen.kt:148:53: error: unresolved reference: Arrangement
exception:                         Row(horizontalArrangement = Arrangement.spacedBy(8.dp)) {
exception:                                                     ^
exception: app/src/main/java/com/hydra/panel/ui/screens/ServerDetailScreen.kt:149:29: error: unresolved reference: Box
exception:                             Box(Modifier.weight(1f)) { ActionButton("Установить протоколы", Modifier.fillMaxWidth()) { runner.run { repo.installProtocols(serverId).also { refresh++ } } } }
exception:                             ^
exception: app/src/main/java/com/hydra/panel/ui/screens/ServerDetailScreen.kt:149:42: error: unresolved reference: weight
exception:                             Box(Modifier.weight(1f)) { ActionButton("Установить протоколы", Modifier.fillMaxWidth()) { runner.run { repo.installProtocols(serverId).also { refresh++ } } } }
exception:                                          ^
exception: app/src/main/java/com/hydra/panel/ui/screens/ServerDetailScreen.kt:149:56: error: @Composable invocations can only happen from the context of a @Composable function
exception:                             Box(Modifier.weight(1f)) { ActionButton("Установить протоколы", Modifier.fillMaxWidth()) { runner.run { repo.installProtocols(serverId).also { refresh++ } } } }
exception:                                                        ^
exception: app/src/main/java/com/hydra/panel/ui/screens/ServerDetailScreen.kt:149:102: error: unresolved reference: fillMaxWidth
exception:                             Box(Modifier.weight(1f)) { ActionButton("Установить протоколы", Modifier.fillMaxWidth()) { runner.run { repo.installProtocols(serverId).also { refresh++ } } } }
exception:                                                                                                      ^
exception: app/src/main/java/com/hydra/panel/ui/screens/ServerDetailScreen.kt:150:29: error: unresolved reference: Box
exception:                             Box(Modifier.weight(1f)) { ActionButton("Установить агент", Modifier.fillMaxWidth()) { runner.run { repo.installAgent(serverId).also { refresh++ } } } }
exception:                             ^
exception: app/src/main/java/com/hydra/panel/ui/screens/ServerDetailScreen.kt:150:42: error: unresolved reference: weight
exception:                             Box(Modifier.weight(1f)) { ActionButton("Установить агент", Modifier.fillMaxWidth()) { runner.run { repo.installAgent(serverId).also { refresh++ } } } }
exception:                                          ^
exception: app/src/main/java/com/hydra/panel/ui/screens/ServerDetailScreen.kt:150:56: error: @Composable invocations can only happen from the context of a @Composable function
exception:                             Box(Modifier.weight(1f)) { ActionButton("Установить агент", Modifier.fillMaxWidth()) { runner.run { repo.installAgent(serverId).also { refresh++ } } } }
exception:                                                        ^
exception: app/src/main/java/com/hydra/panel/ui/screens/ServerDetailScreen.kt:150:98: error: unresolved reference: fillMaxWidth
exception:                             Box(Modifier.weight(1f)) { ActionButton("Установить агент", Modifier.fillMaxWidth()) { runner.run { repo.installAgent(serverId).also { refresh++ } } } }
exception:                                                                                                  ^
exception: app/src/main/java/com/hydra/panel/ui/screens/ServerDetailScreen.kt:152:25: error: unresolved reference: Row
exception:                         Row(horizontalArrangement = Arrangement.spacedBy(8.dp)) {
exception:                         ^
exception: app/src/main/java/com/hydra/panel/ui/screens/ServerDetailScreen.kt:152:53: error: unresolved reference: Arrangement
exception:                         Row(horizontalArrangement = Arrangement.spacedBy(8.dp)) {
exception:                                                     ^
exception: app/src/main/java/com/hydra/panel/ui/screens/ServerDetailScreen.kt:153:29: error: unresolved reference: Box
exception:                             Box(Modifier.weight(1f)) { ActionButton("Test SSH", Modifier.fillMaxWidth()) { runner.run { repo.testSsh(serverId) } } }
exception:                             ^
exception: app/src/main/java/com/hydra/panel/ui/screens/ServerDetailScreen.kt:153:42: error: unresolved reference: weight
exception:                             Box(Modifier.weight(1f)) { ActionButton("Test SSH", Modifier.fillMaxWidth()) { runner.run { repo.testSsh(serverId) } } }
exception:                                          ^
exception: app/src/main/java/com/hydra/panel/ui/screens/ServerDetailScreen.kt:153:56: error: @Composable invocations can only happen from the context of a @Composable function
exception:                             Box(Modifier.weight(1f)) { ActionButton("Test SSH", Modifier.fillMaxWidth()) { runner.run { repo.testSsh(serverId) } } }
exception:                                                        ^
exception: app/src/main/java/com/hydra/panel/ui/screens/ServerDetailScreen.kt:153:90: error: unresolved reference: fillMaxWidth
exception:                             Box(Modifier.weight(1f)) { ActionButton("Test SSH", Modifier.fillMaxWidth()) { runner.run { repo.testSsh(serverId) } } }
exception:                                                                                          ^
exception: app/src/main/java/com/hydra/panel/ui/screens/ServerDetailScreen.kt:154:29: error: unresolved reference: Box
exception:                             Box(Modifier.weight(1f)) { ActionButton("Sync time", Modifier.fillMaxWidth()) { runner.run { repo.syncTime(serverId) } } }
exception:                             ^
exception: app/src/main/java/com/hydra/panel/ui/screens/ServerDetailScreen.kt:154:42: error: unresolved reference: weight
exception:                             Box(Modifier.weight(1f)) { ActionButton("Sync time", Modifier.fillMaxWidth()) { runner.run { repo.syncTime(serverId) } } }
exception:                                          ^
exception: app/src/main/java/com/hydra/panel/ui/screens/ServerDetailScreen.kt:154:56: error: @Composable invocations can only happen from the context of a @Composable function
exception:                             Box(Modifier.weight(1f)) { ActionButton("Sync time", Modifier.fillMaxWidth()) { runner.run { repo.syncTime(serverId) } } }
exception:                                                        ^
exception: app/src/main/java/com/hydra/panel/ui/screens/ServerDetailScreen.kt:154:91: error: unresolved reference: fillMaxWidth
exception:                             Box(Modifier.weight(1f)) { ActionButton("Sync time", Modifier.fillMaxWidth()) { runner.run { repo.syncTime(serverId) } } }
exception:                                                                                           ^
exception: app/src/main/java/com/hydra/panel/ui/screens/ServerDetailScreen.kt:156:25: error: unresolved reference: Row
exception:                         Row(horizontalArrangement = Arrangement.spacedBy(8.dp)) {
exception:                         ^
exception: app/src/main/java/com/hydra/panel/ui/screens/ServerDetailScreen.kt:156:53: error: unresolved reference: Arrangement
exception:                         Row(horizontalArrangement = Arrangement.spacedBy(8.dp)) {
exception:                                                     ^
exception: app/src/main/java/com/hydra/panel/ui/screens/ServerDetailScreen.kt:157:29: error: unresolved reference: Box
exception:                             Box(Modifier.weight(1f)) { ActionButton("Rotate agent token", Modifier.fillMaxWidth()) { runner.run { repo.rotateAgentToken(serverId).also { refresh++ } } } }
exception:                             ^
exception: app/src/main/java/com/hydra/panel/ui/screens/ServerDetailScreen.kt:157:42: error: unresolved reference: weight
exception:                             Box(Modifier.weight(1f)) { ActionButton("Rotate agent token", Modifier.fillMaxWidth()) { runner.run { repo.rotateAgentToken(serverId).also { refresh++ } } } }
exception:                                          ^
exception: app/src/main/java/com/hydra/panel/ui/screens/ServerDetailScreen.kt:157:56: error: @Composable invocations can only happen from the context of a @Composable function
exception:                             Box(Modifier.weight(1f)) { ActionButton("Rotate agent token", Modifier.fillMaxWidth()) { runner.run { repo.rotateAgentToken(serverId).also { refresh++ } } } }
exception:                                                        ^
exception: app/src/main/java/com/hydra/panel/ui/screens/ServerDetailScreen.kt:157:100: error: unresolved reference: fillMaxWidth
exception:                             Box(Modifier.weight(1f)) { ActionButton("Rotate agent token", Modifier.fillMaxWidth()) { runner.run { repo.rotateAgentToken(serverId).also { refresh++ } } } }
exception:                                                                                                    ^
exception: app/src/main/java/com/hydra/panel/ui/screens/ServerDetailScreen.kt:158:29: error: unresolved reference: Box
exception:                             Box(Modifier.weight(1f)) { ActionButton("Отзыв токенов", Modifier.fillMaxWidth()) { runner.run { repo.revokeTokens(serverId).also { refresh++ } } } }
exception:                             ^
exception: app/src/main/java/com/hydra/panel/ui/screens/ServerDetailScreen.kt:158:42: error: unresolved reference: weight
exception:                             Box(Modifier.weight(1f)) { ActionButton("Отзыв токенов", Modifier.fillMaxWidth()) { runner.run { repo.revokeTokens(serverId).also { refresh++ } } } }
exception:                                          ^
exception: app/src/main/java/com/hydra/panel/ui/screens/ServerDetailScreen.kt:158:56: error: @Composable invocations can only happen from the context of a @Composable function
exception:                             Box(Modifier.weight(1f)) { ActionButton("Отзыв токенов", Modifier.fillMaxWidth()) { runner.run { repo.revokeTokens(serverId).also { refresh++ } } } }
exception:                                                        ^
exception: app/src/main/java/com/hydra/panel/ui/screens/ServerDetailScreen.kt:158:95: error: unresolved reference: fillMaxWidth
exception:                             Box(Modifier.weight(1f)) { ActionButton("Отзыв токенов", Modifier.fillMaxWidth()) { runner.run { repo.revokeTokens(serverId).also { refresh++ } } } }
exception:                                                                                               ^
exception: app/src/main/java/com/hydra/panel/ui/screens/ServerDetailScreen.kt:160:25: error: unresolved reference: Row
exception:                         Row(horizontalArrangement = Arrangement.spacedBy(8.dp)) {
exception:                         ^
exception: app/src/main/java/com/hydra/panel/ui/screens/ServerDetailScreen.kt:160:53: error: unresolved reference: Arrangement
exception:                         Row(horizontalArrangement = Arrangement.spacedBy(8.dp)) {
exception:                                                     ^
exception: app/src/main/java/com/hydra/panel/ui/screens/ServerDetailScreen.kt:161:29: error: unresolved reference: Box
exception:                             Box(Modifier.weight(1f)) { Button(onClick = { onOpenLogs(serverId) }, Modifier.fillMaxWidth()) { Text("Логи") } }
exception:                             ^
exception: app/src/main/java/com/hydra/panel/ui/screens/ServerDetailScreen.kt:161:42: error: unresolved reference: weight
exception:                             Box(Modifier.weight(1f)) { Button(onClick = { onOpenLogs(serverId) }, Modifier.fillMaxWidth()) { Text("Логи") } }
exception:                                          ^
exception: app/src/main/java/com/hydra/panel/ui/screens/ServerDetailScreen.kt:161:56: error: @Composable invocations can only happen from the context of a @Composable function
exception:                             Box(Modifier.weight(1f)) { Button(onClick = { onOpenLogs(serverId) }, Modifier.fillMaxWidth()) { Text("Логи") } }
exception:                                                        ^
exception: app/src/main/java/com/hydra/panel/ui/screens/ServerDetailScreen.kt:161:108: error: unresolved reference: fillMaxWidth
exception:                             Box(Modifier.weight(1f)) { Button(onClick = { onOpenLogs(serverId) }, Modifier.fillMaxWidth()) { Text("Логи") } }
exception:                                                                                                            ^
exception: app/src/main/java/com/hydra/panel/ui/screens/ServerDetailScreen.kt:162:29: error: unresolved reference: Box
exception:                             Box(Modifier.weight(1f)) { Button(onClick = { onOpenConfigs(serverId) }, Modifier.fillMaxWidth()) { Text("Конфиги") } }
exception:                             ^
exception: app/src/main/java/com/hydra/panel/ui/screens/ServerDetailScreen.kt:162:42: error: unresolved reference: weight
exception:                             Box(Modifier.weight(1f)) { Button(onClick = { onOpenConfigs(serverId) }, Modifier.fillMaxWidth()) { Text("Конфиги") } }
exception:                                          ^
exception: app/src/main/java/com/hydra/panel/ui/screens/ServerDetailScreen.kt:162:56: error: @Composable invocations can only happen from the context of a @Composable function
exception:                             Box(Modifier.weight(1f)) { Button(onClick = { onOpenConfigs(serverId) }, Modifier.fillMaxWidth()) { Text("Конфиги") } }
exception:                                                        ^
exception: app/src/main/java/com/hydra/panel/ui/screens/ServerDetailScreen.kt:162:111: error: unresolved reference: fillMaxWidth
exception:                             Box(Modifier.weight(1f)) { Button(onClick = { onOpenConfigs(serverId) }, Modifier.fillMaxWidth()) { Text("Конфиги") } }
exception:                                                                                                               ^
exception: app/src/main/java/com/hydra/panel/ui/screens/ServerDetailScreen.kt:164:25: error: @Composable invocations can only happen from the context of a @Composable function
exception:                         ActionButton("Перезагрузить сервер", danger = true, modifier = Modifier.fillMaxWidth()) { confirmReboot = true }
exception:                         ^
exception: app/src/main/java/com/hydra/panel/ui/screens/ServerDetailScreen.kt:164:97: error: unresolved reference: fillMaxWidth
exception:                         ActionButton("Перезагрузить сервер", danger = true, modifier = Modifier.fillMaxWidth()) { confirmReboot = true }
exception:                                                                                                 ^
exception: app/src/main/java/com/hydra/panel/ui/screens/ServerDetailScreen.kt:178:17: error: unresolved reference: Server
exception:     val server: Server,
exception:                 ^
exception: app/src/main/java/com/hydra/panel/ui/screens/ServerDetailScreen.kt:179:23: error: unresolved reference: MetricPoint
exception:     val metrics: List<MetricPoint>,
exception:                       ^
exception: app/src/main/java/com/hydra/panel/ui/screens/ServerDetailScreen.kt:180:25: error: unresolved reference: ProtocolInstance
exception:     val protocols: List<ProtocolInstance>,
exception:                         ^
exception: app/src/main/java/com/hydra/panel/ui/screens/ServerDetailScreen.kt:181:17: error: unresolved reference: TokenListResponse
exception:     val tokens: TokenListResponse?,
exception:                 ^
exception: app/src/main/java/com/hydra/panel/ui/screens/ServerDetailScreen.kt:182:19: error: unresolved reference: ForecastResult
exception:     val forecast: ForecastResult?,
exception:                   ^
exception: app/src/main/java/com/hydra/panel/ui/screens/ServersScreen.kt:4:1: error: expecting a top level declaration
exception: androidx.compose.foundation.layout.*
exception: ^
exception: app/src/main/java/com/hydra/panel/ui/screens/ServersScreen.kt:4:9: error: expecting a top level declaration
exception: androidx.compose.foundation.layout.*
exception:         ^
exception: app/src/main/java/com/hydra/panel/ui/screens/ServersScreen.kt:4:10: error: expecting a top level declaration
exception: androidx.compose.foundation.layout.*
exception:          ^
exception: app/src/main/java/com/hydra/panel/ui/screens/ServersScreen.kt:4:17: error: expecting a top level declaration
exception: androidx.compose.foundation.layout.*
exception:                 ^
exception: app/src/main/java/com/hydra/panel/ui/screens/ServersScreen.kt:4:18: error: expecting a top level declaration
exception: androidx.compose.foundation.layout.*
exception:                  ^
exception: app/src/main/java/com/hydra/panel/ui/screens/ServersScreen.kt:4:28: error: expecting a top level declaration
exception: androidx.compose.foundation.layout.*
exception:                            ^
exception: app/src/main/java/com/hydra/panel/ui/screens/ServersScreen.kt:4:29: error: expecting a top level declaration
exception: androidx.compose.foundation.layout.*
exception:                             ^
exception: app/src/main/java/com/hydra/panel/ui/screens/ServersScreen.kt:4:35: error: expecting a top level declaration
exception: androidx.compose.foundation.layout.*
exception:                                   ^
exception: app/src/main/java/com/hydra/panel/ui/screens/ServersScreen.kt:4:36: error: expecting a top level declaration
exception: androidx.compose.foundation.layout.*
exception:                                    ^
exception: app/src/main/java/com/hydra/panel/ui/screens/ServersScreen.kt:4:37: error: imports are only allowed in the beginning of file
exception: androidx.compose.foundation.layout.*
exception:                                     ^
exception: app/src/main/java/com/hydra/panel/ui/screens/ServersScreen.kt:16:35: error: unresolved reference: Alert
exception: import com.hydra.panel.data.model.Alert
exception:                                   ^
exception: app/src/main/java/com/hydra/panel/ui/screens/ServersScreen.kt:17:35: error: unresolved reference: ForecastResult
exception: import com.hydra.panel.data.model.ForecastResult
exception:                                   ^
exception: app/src/main/java/com/hydra/panel/ui/screens/ServersScreen.kt:18:35: error: unresolved reference: Server
exception: import com.hydra.panel.data.model.Server
exception:                                   ^
exception: app/src/main/java/com/hydra/panel/ui/screens/ServersScreen.kt:26:60: error: composable calls are not allowed inside the calculation parameter of inline fun <T> remember(crossinline calculation: () -> TypeVariable(T)): TypeVariable(T)
exception:     val repo = remember { PanelRepository.get(LocalContext.current) }
exception:                                                            ^
exception: app/src/main/java/com/hydra/panel/ui/screens/ServersScreen.kt:27:20: error: type 'State<List<[Error type: Unresolved type for Server]>>' has no method 'setValue(Nothing?, KProperty<*>, [Error type: Error delegation type for remember { mutableStateOf<List<Server>>(emptyList()) }])' and thus it cannot serve as a delegate for var (read-write property)
exception:     var servers by remember { mutableStateOf<List<Server>>(emptyList()) }
exception:                    ^
exception: app/src/main/java/com/hydra/panel/ui/screens/ServersScreen.kt:27:20: error: property delegate must have a 'getValue(Nothing?, KProperty<*>)' method. None of the following functions is suitable: 
exception: public inline operator fun <T> State<List<[Error type: Unresolved type for Server]>>.getValue(thisObj: Any?, property: KProperty<*>): List<[Error type: Unresolved type for Server]> defined in androidx.compose.runtime
exception:     var servers by remember { mutableStateOf<List<Server>>(emptyList()) }
exception:                    ^
exception: app/src/main/java/com/hydra/panel/ui/screens/ServersScreen.kt:27:51: error: unresolved reference: Server
exception:     var servers by remember { mutableStateOf<List<Server>>(emptyList()) }
exception:                                                   ^
exception: app/src/main/java/com/hydra/panel/ui/screens/ServersScreen.kt:28:19: error: type 'State<List<[Error type: Unresolved type for Alert]>>' has no method 'setValue(Nothing?, KProperty<*>, [Error type: Error delegation type for remember { mutableStateOf<List<Alert>>(emptyList()) }])' and thus it cannot serve as a delegate for var (read-write property)
exception:     var alerts by remember { mutableStateOf<List<Alert>>(emptyList()) }
exception:                   ^
exception: app/src/main/java/com/hydra/panel/ui/screens/ServersScreen.kt:28:19: error: property delegate must have a 'getValue(Nothing?, KProperty<*>)' method. None of the following functions is suitable: 
exception: public inline operator fun <T> State<List<[Error type: Unresolved type for Alert]>>.getValue(thisObj: Any?, property: KProperty<*>): List<[Error type: Unresolved type for Alert]> defined in androidx.compose.runtime
exception:     var alerts by remember { mutableStateOf<List<Alert>>(emptyList()) }
exception:                   ^
exception: app/src/main/java/com/hydra/panel/ui/screens/ServersScreen.kt:28:50: error: unresolved reference: Alert
exception:     var alerts by remember { mutableStateOf<List<Alert>>(emptyList()) }
exception:                                                  ^
exception: app/src/main/java/com/hydra/panel/ui/screens/ServersScreen.kt:29:22: error: type 'State<Map<String, [Error type: Unresolved type for ForecastResult]>>' has no method 'setValue(Nothing?, KProperty<*>, [Error type: Error delegation type for remember { mutableStateOf<Map<String, ForecastResult>>(emptyMap()) }])' and thus it cannot serve as a delegate for var (read-write property)
exception:     var forecasts by remember { mutableStateOf<Map<String, ForecastResult>>(emptyMap()) }
exception:                      ^
exception: app/src/main/java/com/hydra/panel/ui/screens/ServersScreen.kt:29:22: error: property delegate must have a 'getValue(Nothing?, KProperty<*>)' method. None of the following functions is suitable: 
exception: public inline operator fun <T> State<Map<String, [Error type: Unresolved type for ForecastResult]>>.getValue(thisObj: Any?, property: KProperty<*>): Map<String, [Error type: Unresolved type for ForecastResult]> defined in androidx.compose.runtime
exception:     var forecasts by remember { mutableStateOf<Map<String, ForecastResult>>(emptyMap()) }
exception:                      ^
exception: app/src/main/java/com/hydra/panel/ui/screens/ServersScreen.kt:29:60: error: unresolved reference: ForecastResult
exception:     var forecasts by remember { mutableStateOf<Map<String, ForecastResult>>(emptyMap()) }
exception:                                                            ^
exception: app/src/main/java/com/hydra/panel/ui/screens/ServersScreen.kt:40:9: error: not enough information to infer type variable R
exception:         runCatching {
exception:         ^
exception: app/src/main/java/com/hydra/panel/ui/screens/ServersScreen.kt:41:13: error: not enough information to infer type variable C
exception:             Triple(repo.listServers(), try { repo.activeAlerts() } catch (_: Exception) { emptyList() },
exception:             ^
exception: app/src/main/java/com/hydra/panel/ui/screens/ServersScreen.kt:42:43: error: not enough information to infer type variable K
exception:                 try { repo.allForecasts().associateBy { it.serverId ?: "" } } catch (_: Exception) { emptyMap() })
exception:                                           ^
exception: app/src/main/java/com/hydra/panel/ui/screens/ServersScreen.kt:42:102: error: not enough information to infer type variable K
exception:                 try { repo.allForecasts().associateBy { it.serverId ?: "" } } catch (_: Exception) { emptyMap() })
exception:                                                                                                      ^
exception: app/src/main/java/com/hydra/panel/ui/screens/ServersScreen.kt:43:23: error: cannot infer a type for this parameter. Please specify it explicitly.
exception:         }.onSuccess { (s, a, f) -> servers = s; alerts = a; forecasts = f; loading = false }
exception:                       ^
exception: app/src/main/java/com/hydra/panel/ui/screens/ServersScreen.kt:44:31: error: unresolved reference: it
exception:          .onFailure { error = it.message; loading = false }
exception:                               ^
exception: app/src/main/java/com/hydra/panel/ui/screens/ServersScreen.kt:54:9: error: unresolved reference: Column
exception:         Column(Modifier.padding(pad)) {
exception:         ^
exception: app/src/main/java/com/hydra/panel/ui/screens/ServersScreen.kt:54:25: error: unresolved reference: padding
exception:         Column(Modifier.padding(pad)) {
exception:                         ^
exception: app/src/main/java/com/hydra/panel/ui/screens/ServersScreen.kt:55:13: error: @Composable invocations can only happen from the context of a @Composable function
exception:             MessageBar(error, true) { error = null }
exception:             ^
exception: app/src/main/java/com/hydra/panel/ui/screens/ServersScreen.kt:56:26: error: @Composable invocations can only happen from the context of a @Composable function
exception:             if (loading) LoadingBlock()
exception:                          ^
exception: app/src/main/java/com/hydra/panel/ui/screens/ServersScreen.kt:57:13: error: @Composable invocations can only happen from the context of a @Composable function
exception:             LazyColumn(contentPadding = PaddingValues(12.dp), verticalArrangement = Arrangement.spacedBy(10.dp)) {
exception:             ^
exception: app/src/main/java/com/hydra/panel/ui/screens/ServersScreen.kt:57:41: error: unresolved reference: PaddingValues
exception:             LazyColumn(contentPadding = PaddingValues(12.dp), verticalArrangement = Arrangement.spacedBy(10.dp)) {
exception:                                         ^
exception: app/src/main/java/com/hydra/panel/ui/screens/ServersScreen.kt:57:85: error: unresolved reference: Arrangement
exception:             LazyColumn(contentPadding = PaddingValues(12.dp), verticalArrangement = Arrangement.spacedBy(10.dp)) {
exception:                                                                                     ^
exception: app/src/main/java/com/hydra/panel/ui/screens/ServersScreen.kt:61:39: error: unresolved reference: fillMaxWidth
exception:                         Card(Modifier.fillMaxWidth(), colors = CardDefaults.cardColors(containerColor = MaterialTheme.colorScheme.errorContainer)) {
exception:                                       ^
exception: app/src/main/java/com/hydra/panel/ui/screens/ServersScreen.kt:62:29: error: unresolved reference: Column
exception:                             Column(Modifier.padding(12.dp)) {
exception:                             ^
exception: app/src/main/java/com/hydra/panel/ui/screens/ServersScreen.kt:62:45: error: unresolved reference: padding
exception:                             Column(Modifier.padding(12.dp)) {
exception:                                             ^
exception: app/src/main/java/com/hydra/panel/ui/screens/ServersScreen.kt:63:33: error: @Composable invocations can only happen from the context of a @Composable function
exception:                                 Text("${al.serverId}: ${al.level}", style = MaterialTheme.typography.titleSmall)
exception:                                 ^
exception: app/src/main/java/com/hydra/panel/ui/screens/ServersScreen.kt:63:44: error: unresolved reference: serverId
exception:                                 Text("${al.serverId}: ${al.level}", style = MaterialTheme.typography.titleSmall)
exception:                                            ^
exception: app/src/main/java/com/hydra/panel/ui/screens/ServersScreen.kt:63:60: error: unresolved reference: level
exception:                                 Text("${al.serverId}: ${al.level}", style = MaterialTheme.typography.titleSmall)
exception:                                                            ^
exception: app/src/main/java/com/hydra/panel/ui/screens/ServersScreen.kt:63:91: error: @Composable invocations can only happen from the context of a @Composable function
exception:                                 Text("${al.serverId}: ${al.level}", style = MaterialTheme.typography.titleSmall)
exception:                                                                                           ^
exception: app/src/main/java/com/hydra/panel/ui/screens/ServersScreen.kt:64:33: error: @Composable invocations can only happen from the context of a @Composable function
exception:                                 Text(al.message ?: "", fontSize = 12.sp)
exception:                                 ^
exception: app/src/main/java/com/hydra/panel/ui/screens/ServersScreen.kt:64:41: error: unresolved reference: message
exception:                                 Text(al.message ?: "", fontSize = 12.sp)
exception:                                         ^
exception: app/src/main/java/com/hydra/panel/ui/screens/ServersScreen.kt:64:70: error: unresolved reference: sp
exception:                                 Text(al.message ?: "", fontSize = 12.sp)
exception:                                                                      ^
exception: app/src/main/java/com/hydra/panel/ui/screens/ServersScreen.kt:70:43: error: unresolved reference: id
exception:                 items(servers, key = { it.id }) { s ->
exception:                                           ^
exception: app/src/main/java/com/hydra/panel/ui/screens/ServersScreen.kt:71:53: error: unresolved reference: id
exception:                     Card(onClick = { onOpenServer(s.id) }, Modifier.fillMaxWidth()) {
exception:                                                     ^
exception: app/src/main/java/com/hydra/panel/ui/screens/ServersScreen.kt:71:69: error: unresolved reference: fillMaxWidth
exception:                     Card(onClick = { onOpenServer(s.id) }, Modifier.fillMaxWidth()) {
exception:                                                                     ^
exception: app/src/main/java/com/hydra/panel/ui/screens/ServersScreen.kt:72:25: error: unresolved reference: Column
exception:                         Column(Modifier.padding(14.dp)) {
exception:                         ^
exception: app/src/main/java/com/hydra/panel/ui/screens/ServersScreen.kt:72:41: error: unresolved reference: padding
exception:                         Column(Modifier.padding(14.dp)) {
exception:                                         ^
exception: app/src/main/java/com/hydra/panel/ui/screens/ServersScreen.kt:73:29: error: unresolved reference: Row
exception:                             Row(verticalAlignment = Alignment.CenterVertically) {
exception:                             ^
exception: app/src/main/java/com/hydra/panel/ui/screens/ServersScreen.kt:74:33: error: @Composable invocations can only happen from the context of a @Composable function
exception:                                 StatusDot(s.status)
exception:                                 ^
exception: app/src/main/java/com/hydra/panel/ui/screens/ServersScreen.kt:74:45: error: unresolved reference: status
exception:                                 StatusDot(s.status)
exception:                                             ^
exception: app/src/main/java/com/hydra/panel/ui/screens/ServersScreen.kt:75:33: error: unresolved reference: Spacer
exception:                                 Spacer(Modifier.width(10.dp))
exception:                                 ^
exception: app/src/main/java/com/hydra/panel/ui/screens/ServersScreen.kt:75:49: error: unresolved reference: width
exception:                                 Spacer(Modifier.width(10.dp))
exception:                                                 ^
exception: app/src/main/java/com/hydra/panel/ui/screens/ServersScreen.kt:76:33: error: unresolved reference: Column
exception:                                 Column(Modifier.weight(1f)) {
exception:                                 ^
exception: app/src/main/java/com/hydra/panel/ui/screens/ServersScreen.kt:77:44: error: unresolved reference: id
exception:                                     Text(s.id, style = MaterialTheme.typography.titleSmall)
exception:                                            ^
exception: app/src/main/java/com/hydra/panel/ui/screens/ServersScreen.kt:77:70: error: @Composable invocations can only happen from the context of a @Composable function
exception:                                     Text(s.id, style = MaterialTheme.typography.titleSmall)
exception:                                                                      ^
exception: app/src/main/java/com/hydra/panel/ui/screens/ServersScreen.kt:78:37: error: @Composable invocations can only happen from the context of a @Composable function
exception:                                     Text("${s.ip}:${s.sshPort ?: 22} · ${s.location ?: "—"}", fontSize = 12.sp,
exception:                                     ^
exception: app/src/main/java/com/hydra/panel/ui/screens/ServersScreen.kt:78:47: error: unresolved reference: ip
exception:                                     Text("${s.ip}:${s.sshPort ?: 22} · ${s.location ?: "—"}", fontSize = 12.sp,
exception:                                               ^
exception: app/src/main/java/com/hydra/panel/ui/screens/ServersScreen.kt:78:55: error: unresolved reference: sshPort
exception:                                     Text("${s.ip}:${s.sshPort ?: 22} · ${s.location ?: "—"}", fontSize = 12.sp,
exception:                                                       ^
exception: app/src/main/java/com/hydra/panel/ui/screens/ServersScreen.kt:78:76: error: unresolved reference: location
exception:                                     Text("${s.ip}:${s.sshPort ?: 22} · ${s.location ?: "—"}", fontSize = 12.sp,
exception:                                                                            ^
exception: app/src/main/java/com/hydra/panel/ui/screens/ServersScreen.kt:78:109: error: unresolved reference: sp
exception:                                     Text("${s.ip}:${s.sshPort ?: 22} · ${s.location ?: "—"}", fontSize = 12.sp,
exception:                                                                                                             ^
exception: app/src/main/java/com/hydra/panel/ui/screens/ServersScreen.kt:79:63: error: @Composable invocations can only happen from the context of a @Composable function
exception:                                         color = MaterialTheme.colorScheme.onSurfaceVariant)
exception:                                                               ^
exception: app/src/main/java/com/hydra/panel/ui/screens/ServersScreen.kt:81:33: error: @Composable invocations can only happen from the context of a @Composable function
exception:                                 OutlinedButton(onClick = { pendingDelete = s.id }) { Text("Удалить") }
exception:                                 ^
exception: app/src/main/java/com/hydra/panel/ui/screens/ServersScreen.kt:81:78: error: unresolved reference: id
exception:                                 OutlinedButton(onClick = { pendingDelete = s.id }) { Text("Удалить") }
exception:                                                                              ^
exception: app/src/main/java/com/hydra/panel/ui/screens/ServersScreen.kt:83:41: error: unresolved reference: id
exception:                             forecasts[s.id]?.let { f ->
exception:                                         ^
exception: app/src/main/java/com/hydra/panel/ui/screens/ServersScreen.kt:83:52: error: cannot infer a type for this parameter. Please specify it explicitly.
exception:                             forecasts[s.id]?.let { f ->
exception:                                                    ^
exception: app/src/main/java/com/hydra/panel/ui/screens/ServersScreen.kt:84:33: error: unresolved reference: Spacer
exception:                                 Spacer(Modifier.height(6.dp))
exception:                                 ^
exception: app/src/main/java/com/hydra/panel/ui/screens/ServersScreen.kt:84:49: error: unresolved reference: height
exception:                                 Spacer(Modifier.height(6.dp))
exception:                                                 ^
exception: app/src/main/java/com/hydra/panel/ui/screens/ServersScreen.kt:85:33: error: @Composable invocations can only happen from the context of a @Composable function
exception:                                 Text(
exception:                                 ^
exception: app/src/main/java/com/hydra/panel/ui/screens/ServersScreen.kt:91:51: error: unresolved reference: sp
exception:                                     fontSize = 12.sp,
exception:                                                   ^
exception: app/src/main/java/com/hydra/panel/ui/screens/ServersScreen.kt:128:13: error: unresolved reference: Column
exception:             Column(Modifier.verticalScroll(rememberScrollState()), verticalArrangement = Arrangement.spacedBy(8.dp)) {
exception:             ^
exception: app/src/main/java/com/hydra/panel/ui/screens/ServersScreen.kt:128:90: error: unresolved reference: Arrangement
exception:             Column(Modifier.verticalScroll(rememberScrollState()), verticalArrangement = Arrangement.spacedBy(8.dp)) {
exception:                                                                                          ^
exception: app/src/main/java/com/hydra/panel/ui/screens/ServersScreen.kt:129:17: error: none of the following functions can be called with the arguments supplied: 
exception: public fun OutlinedTextField(value: TextFieldValue, onValueChange: (TextFieldValue) -> Unit, modifier: Modifier = ..., enabled: Boolean = ..., readOnly: Boolean = ..., textStyle: TextStyle = ..., label: (() -> Unit)? = ..., placeholder: (() -> Unit)? = ..., leadingIcon: (() -> Unit)? = ..., trailingIcon: (() -> Unit)? = ..., prefix: (() -> Unit)? = ..., suffix: (() -> Unit)? = ..., supportingText: (() -> Unit)? = ..., isError: Boolean = ..., visualTransformation: VisualTransformation = ..., keyboardOptions: KeyboardOptions = ..., keyboardActions: KeyboardActions = ..., singleLine: Boolean = ..., maxLines: Int = ..., minLines: Int = ..., interactionSource: MutableInteractionSource = ..., shape: Shape = ..., colors: TextFieldColors = ...): Unit defined in androidx.compose.material3
exception: public fun OutlinedTextField(value: String, onValueChange: (String) -> Unit, modifier: Modifier = ..., enabled: Boolean = ..., readOnly: Boolean = ..., textStyle: TextStyle = ..., label: (() -> Unit)? = ..., placeholder: (() -> Unit)? = ..., leadingIcon: (() -> Unit)? = ..., trailingIcon: (() -> Unit)? = ..., prefix: (() -> Unit)? = ..., suffix: (() -> Unit)? = ..., supportingText: (() -> Unit)? = ..., isError: Boolean = ..., visualTransformation: VisualTransformation = ..., keyboardOptions: KeyboardOptions = ..., keyboardActions: KeyboardActions = ..., singleLine: Boolean = ..., maxLines: Int = ..., minLines: Int = ..., interactionSource: MutableInteractionSource = ..., shape: Shape = ..., colors: TextFieldColors = ...): Unit defined in androidx.compose.material3
exception:                 OutlinedTextField(id, { id = it }, label = { Text("ID сервера (напр. de-frankfurt-1)") }, singleLine = true, Modifier.fillMaxWidth())
exception:                 ^
exception: app/src/main/java/com/hydra/panel/ui/screens/ServersScreen.kt:129:46: error: unresolved reference: it
exception:                 OutlinedTextField(id, { id = it }, label = { Text("ID сервера (напр. de-frankfurt-1)") }, singleLine = true, Modifier.fillMaxWidth())
exception:                                              ^
exception: app/src/main/java/com/hydra/panel/ui/screens/ServersScreen.kt:129:62: error: @Composable invocations can only happen from the context of a @Composable function
exception:                 OutlinedTextField(id, { id = it }, label = { Text("ID сервера (напр. de-frankfurt-1)") }, singleLine = true, Modifier.fillMaxWidth())
exception:                                                              ^
exception: app/src/main/java/com/hydra/panel/ui/screens/ServersScreen.kt:129:135: error: unresolved reference: fillMaxWidth
exception:                 OutlinedTextField(id, { id = it }, label = { Text("ID сервера (напр. de-frankfurt-1)") }, singleLine = true, Modifier.fillMaxWidth())
exception:                                                                                                                                       ^
exception: app/src/main/java/com/hydra/panel/ui/screens/ServersScreen.kt:130:17: error: none of the following functions can be called with the arguments supplied: 
exception: public fun OutlinedTextField(value: TextFieldValue, onValueChange: (TextFieldValue) -> Unit, modifier: Modifier = ..., enabled: Boolean = ..., readOnly: Boolean = ..., textStyle: TextStyle = ..., label: (() -> Unit)? = ..., placeholder: (() -> Unit)? = ..., leadingIcon: (() -> Unit)? = ..., trailingIcon: (() -> Unit)? = ..., prefix: (() -> Unit)? = ..., suffix: (() -> Unit)? = ..., supportingText: (() -> Unit)? = ..., isError: Boolean = ..., visualTransformation: VisualTransformation = ..., keyboardOptions: KeyboardOptions = ..., keyboardActions: KeyboardActions = ..., singleLine: Boolean = ..., maxLines: Int = ..., minLines: Int = ..., interactionSource: MutableInteractionSource = ..., shape: Shape = ..., colors: TextFieldColors = ...): Unit defined in androidx.compose.material3
exception: public fun OutlinedTextField(value: String, onValueChange: (String) -> Unit, modifier: Modifier = ..., enabled: Boolean = ..., readOnly: Boolean = ..., textStyle: TextStyle = ..., label: (() -> Unit)? = ..., placeholder: (() -> Unit)? = ..., leadingIcon: (() -> Unit)? = ..., trailingIcon: (() -> Unit)? = ..., prefix: (() -> Unit)? = ..., suffix: (() -> Unit)? = ..., supportingText: (() -> Unit)? = ..., isError: Boolean = ..., visualTransformation: VisualTransformation = ..., keyboardOptions: KeyboardOptions = ..., keyboardActions: KeyboardActions = ..., singleLine: Boolean = ..., maxLines: Int = ..., minLines: Int = ..., interactionSource: MutableInteractionSource = ..., shape: Shape = ..., colors: TextFieldColors = ...): Unit defined in androidx.compose.material3
exception:                 OutlinedTextField(ip, { ip = it }, label = { Text("IP адрес") }, singleLine = true, Modifier.fillMaxWidth(), keyboardOptions = KeyboardOptions(keyboardType = KeyboardType.Ascii))
exception:                 ^
exception: app/src/main/java/com/hydra/panel/ui/screens/ServersScreen.kt:130:46: error: unresolved reference: it
exception:                 OutlinedTextField(ip, { ip = it }, label = { Text("IP адрес") }, singleLine = true, Modifier.fillMaxWidth(), keyboardOptions = KeyboardOptions(keyboardType = KeyboardType.Ascii))
exception:                                              ^
exception: app/src/main/java/com/hydra/panel/ui/screens/ServersScreen.kt:130:62: error: @Composable invocations can only happen from the context of a @Composable function
exception:                 OutlinedTextField(ip, { ip = it }, label = { Text("IP адрес") }, singleLine = true, Modifier.fillMaxWidth(), keyboardOptions = KeyboardOptions(keyboardType = KeyboardType.Ascii))
exception:                                                              ^
exception: app/src/main/java/com/hydra/panel/ui/screens/ServersScreen.kt:130:110: error: unresolved reference: fillMaxWidth
exception:                 OutlinedTextField(ip, { ip = it }, label = { Text("IP адрес") }, singleLine = true, Modifier.fillMaxWidth(), keyboardOptions = KeyboardOptions(keyboardType = KeyboardType.Ascii))
exception:                                                                                                              ^
exception: app/src/main/java/com/hydra/panel/ui/screens/ServersScreen.kt:131:17: error: unresolved reference: Row
exception:                 Row(horizontalArrangement = Arrangement.spacedBy(8.dp)) {
exception:                 ^
exception: app/src/main/java/com/hydra/panel/ui/screens/ServersScreen.kt:131:45: error: unresolved reference: Arrangement
exception:                 Row(horizontalArrangement = Arrangement.spacedBy(8.dp)) {
exception:                                             ^
exception: app/src/main/java/com/hydra/panel/ui/screens/ServersScreen.kt:132:21: error: unresolved reference: Box
exception:                     Box(Modifier.weight(1f)) { OutlinedTextField(loc, { loc = it }, label = { Text("Страна") }, singleLine = true, Modifier.fillMaxWidth()) }
exception:                     ^
exception: app/src/main/java/com/hydra/panel/ui/screens/ServersScreen.kt:132:34: error: unresolved reference: weight
exception:                     Box(Modifier.weight(1f)) { OutlinedTextField(loc, { loc = it }, label = { Text("Страна") }, singleLine = true, Modifier.fillMaxWidth()) }
exception:                                  ^
exception: app/src/main/java/com/hydra/panel/ui/screens/ServersScreen.kt:132:48: error: none of the following functions can be called with the arguments supplied: 
exception: public fun OutlinedTextField(value: TextFieldValue, onValueChange: (TextFieldValue) -> Unit, modifier: Modifier = ..., enabled: Boolean = ..., readOnly: Boolean = ..., textStyle: TextStyle = ..., label: (() -> Unit)? = ..., placeholder: (() -> Unit)? = ..., leadingIcon: (() -> Unit)? = ..., trailingIcon: (() -> Unit)? = ..., prefix: (() -> Unit)? = ..., suffix: (() -> Unit)? = ..., supportingText: (() -> Unit)? = ..., isError: Boolean = ..., visualTransformation: VisualTransformation = ..., keyboardOptions: KeyboardOptions = ..., keyboardActions: KeyboardActions = ..., singleLine: Boolean = ..., maxLines: Int = ..., minLines: Int = ..., interactionSource: MutableInteractionSource = ..., shape: Shape = ..., colors: TextFieldColors = ...): Unit defined in androidx.compose.material3
exception: public fun OutlinedTextField(value: String, onValueChange: (String) -> Unit, modifier: Modifier = ..., enabled: Boolean = ..., readOnly: Boolean = ..., textStyle: TextStyle = ..., label: (() -> Unit)? = ..., placeholder: (() -> Unit)? = ..., leadingIcon: (() -> Unit)? = ..., trailingIcon: (() -> Unit)? = ..., prefix: (() -> Unit)? = ..., suffix: (() -> Unit)? = ..., supportingText: (() -> Unit)? = ..., isError: Boolean = ..., visualTransformation: VisualTransformation = ..., keyboardOptions: KeyboardOptions = ..., keyboardActions: KeyboardActions = ..., singleLine: Boolean = ..., maxLines: Int = ..., minLines: Int = ..., interactionSource: MutableInteractionSource = ..., shape: Shape = ..., colors: TextFieldColors = ...): Unit defined in androidx.compose.material3
exception:                     Box(Modifier.weight(1f)) { OutlinedTextField(loc, { loc = it }, label = { Text("Страна") }, singleLine = true, Modifier.fillMaxWidth()) }
exception:                                                ^
exception: app/src/main/java/com/hydra/panel/ui/screens/ServersScreen.kt:132:79: error: unresolved reference: it
exception:                     Box(Modifier.weight(1f)) { OutlinedTextField(loc, { loc = it }, label = { Text("Страна") }, singleLine = true, Modifier.fillMaxWidth()) }
exception:                                                                               ^
exception: app/src/main/java/com/hydra/panel/ui/screens/ServersScreen.kt:132:95: error: @Composable invocations can only happen from the context of a @Composable function
exception:                     Box(Modifier.weight(1f)) { OutlinedTextField(loc, { loc = it }, label = { Text("Страна") }, singleLine = true, Modifier.fillMaxWidth()) }
exception:                                                                                               ^
exception: app/src/main/java/com/hydra/panel/ui/screens/ServersScreen.kt:132:141: error: unresolved reference: fillMaxWidth
exception:                     Box(Modifier.weight(1f)) { OutlinedTextField(loc, { loc = it }, label = { Text("Страна") }, singleLine = true, Modifier.fillMaxWidth()) }
exception:                                                                                                                                             ^
exception: app/src/main/java/com/hydra/panel/ui/screens/ServersScreen.kt:133:21: error: unresolved reference: Box
exception:                     Box(Modifier.weight(1f)) { OutlinedTextField(city, { city = it }, label = { Text("Город") }, singleLine = true, Modifier.fillMaxWidth()) }
exception:                     ^
exception: app/src/main/java/com/hydra/panel/ui/screens/ServersScreen.kt:133:34: error: unresolved reference: weight
exception:                     Box(Modifier.weight(1f)) { OutlinedTextField(city, { city = it }, label = { Text("Город") }, singleLine = true, Modifier.fillMaxWidth()) }
exception:                                  ^
exception: app/src/main/java/com/hydra/panel/ui/screens/ServersScreen.kt:133:48: error: none of the following functions can be called with the arguments supplied: 
exception: public fun OutlinedTextField(value: TextFieldValue, onValueChange: (TextFieldValue) -> Unit, modifier: Modifier = ..., enabled: Boolean = ..., readOnly: Boolean = ..., textStyle: TextStyle = ..., label: (() -> Unit)? = ..., placeholder: (() -> Unit)? = ..., leadingIcon: (() -> Unit)? = ..., trailingIcon: (() -> Unit)? = ..., prefix: (() -> Unit)? = ..., suffix: (() -> Unit)? = ..., supportingText: (() -> Unit)? = ..., isError: Boolean = ..., visualTransformation: VisualTransformation = ..., keyboardOptions: KeyboardOptions = ..., keyboardActions: KeyboardActions = ..., singleLine: Boolean = ..., maxLines: Int = ..., minLines: Int = ..., interactionSource: MutableInteractionSource = ..., shape: Shape = ..., colors: TextFieldColors = ...): Unit defined in androidx.compose.material3
exception: public fun OutlinedTextField(value: String, onValueChange: (String) -> Unit, modifier: Modifier = ..., enabled: Boolean = ..., readOnly: Boolean = ..., textStyle: TextStyle = ..., label: (() -> Unit)? = ..., placeholder: (() -> Unit)? = ..., leadingIcon: (() -> Unit)? = ..., trailingIcon: (() -> Unit)? = ..., prefix: (() -> Unit)? = ..., suffix: (() -> Unit)? = ..., supportingText: (() -> Unit)? = ..., isError: Boolean = ..., visualTransformation: VisualTransformation = ..., keyboardOptions: KeyboardOptions = ..., keyboardActions: KeyboardActions = ..., singleLine: Boolean = ..., maxLines: Int = ..., minLines: Int = ..., interactionSource: MutableInteractionSource = ..., shape: Shape = ..., colors: TextFieldColors = ...): Unit defined in androidx.compose.material3
exception:                     Box(Modifier.weight(1f)) { OutlinedTextField(city, { city = it }, label = { Text("Город") }, singleLine = true, Modifier.fillMaxWidth()) }
exception:                                                ^
exception: app/src/main/java/com/hydra/panel/ui/screens/ServersScreen.kt:133:81: error: unresolved reference: it
exception:                     Box(Modifier.weight(1f)) { OutlinedTextField(city, { city = it }, label = { Text("Город") }, singleLine = true, Modifier.fillMaxWidth()) }
exception:                                                                                 ^
exception: app/src/main/java/com/hydra/panel/ui/screens/ServersScreen.kt:133:97: error: @Composable invocations can only happen from the context of a @Composable function
exception:                     Box(Modifier.weight(1f)) { OutlinedTextField(city, { city = it }, label = { Text("Город") }, singleLine = true, Modifier.fillMaxWidth()) }
exception:                                                                                                 ^
exception: app/src/main/java/com/hydra/panel/ui/screens/ServersScreen.kt:133:142: error: unresolved reference: fillMaxWidth
exception:                     Box(Modifier.weight(1f)) { OutlinedTextField(city, { city = it }, label = { Text("Город") }, singleLine = true, Modifier.fillMaxWidth()) }
exception:                                                                                                                                              ^
exception: app/src/main/java/com/hydra/panel/ui/screens/ServersScreen.kt:135:17: error: unresolved reference: Row
exception:                 Row(horizontalArrangement = Arrangement.spacedBy(8.dp)) {
exception:                 ^
exception: app/src/main/java/com/hydra/panel/ui/screens/ServersScreen.kt:135:45: error: unresolved reference: Arrangement
exception:                 Row(horizontalArrangement = Arrangement.spacedBy(8.dp)) {
exception:                                             ^
exception: app/src/main/java/com/hydra/panel/ui/screens/ServersScreen.kt:136:21: error: unresolved reference: Box
exception:                     Box(Modifier.weight(1f)) { OutlinedTextField(bw, { bw = it.filter(Char::isDigit) }, label = { Text("Канал, Мбит/с") }, singleLine = true, Modifier.fillMaxWidth(), keyboardOptions = KeyboardOptions(keyboardType = KeyboardType.Number)) }
exception:                     ^
exception: app/src/main/java/com/hydra/panel/ui/screens/ServersScreen.kt:136:34: error: unresolved reference: weight
exception:                     Box(Modifier.weight(1f)) { OutlinedTextField(bw, { bw = it.filter(Char::isDigit) }, label = { Text("Канал, Мбит/с") }, singleLine = true, Modifier.fillMaxWidth(), keyboardOptions = KeyboardOptions(keyboardType = KeyboardType.Number)) }
exception:                                  ^
exception: app/src/main/java/com/hydra/panel/ui/screens/ServersScreen.kt:136:48: error: none of the following functions can be called with the arguments supplied: 
exception: public fun OutlinedTextField(value: TextFieldValue, onValueChange: (TextFieldValue) -> Unit, modifier: Modifier = ..., enabled: Boolean = ..., readOnly: Boolean = ..., textStyle: TextStyle = ..., label: (() -> Unit)? = ..., placeholder: (() -> Unit)? = ..., leadingIcon: (() -> Unit)? = ..., trailingIcon: (() -> Unit)? = ..., prefix: (() -> Unit)? = ..., suffix: (() -> Unit)? = ..., supportingText: (() -> Unit)? = ..., isError: Boolean = ..., visualTransformation: VisualTransformation = ..., keyboardOptions: KeyboardOptions = ..., keyboardActions: KeyboardActions = ..., singleLine: Boolean = ..., maxLines: Int = ..., minLines: Int = ..., interactionSource: MutableInteractionSource = ..., shape: Shape = ..., colors: TextFieldColors = ...): Unit defined in androidx.compose.material3
exception: public fun OutlinedTextField(value: String, onValueChange: (String) -> Unit, modifier: Modifier = ..., enabled: Boolean = ..., readOnly: Boolean = ..., textStyle: TextStyle = ..., label: (() -> Unit)? = ..., placeholder: (() -> Unit)? = ..., leadingIcon: (() -> Unit)? = ..., trailingIcon: (() -> Unit)? = ..., prefix: (() -> Unit)? = ..., suffix: (() -> Unit)? = ..., supportingText: (() -> Unit)? = ..., isError: Boolean = ..., visualTransformation: VisualTransformation = ..., keyboardOptions: KeyboardOptions = ..., keyboardActions: KeyboardActions = ..., singleLine: Boolean = ..., maxLines: Int = ..., minLines: Int = ..., interactionSource: MutableInteractionSource = ..., shape: Shape = ..., colors: TextFieldColors = ...): Unit defined in androidx.compose.material3
exception:                     Box(Modifier.weight(1f)) { OutlinedTextField(bw, { bw = it.filter(Char::isDigit) }, label = { Text("Канал, Мбит/с") }, singleLine = true, Modifier.fillMaxWidth(), keyboardOptions = KeyboardOptions(keyboardType = KeyboardType.Number)) }
exception:                                                ^
exception: app/src/main/java/com/hydra/panel/ui/screens/ServersScreen.kt:136:77: error: unresolved reference: it
exception:                     Box(Modifier.weight(1f)) { OutlinedTextField(bw, { bw = it.filter(Char::isDigit) }, label = { Text("Канал, Мбит/с") }, singleLine = true, Modifier.fillMaxWidth(), keyboardOptions = KeyboardOptions(keyboardType = KeyboardType.Number)) }
exception:                                                                             ^
exception: app/src/main/java/com/hydra/panel/ui/screens/ServersScreen.kt:136:115: error: @Composable invocations can only happen from the context of a @Composable function
exception:                     Box(Modifier.weight(1f)) { OutlinedTextField(bw, { bw = it.filter(Char::isDigit) }, label = { Text("Канал, Мбит/с") }, singleLine = true, Modifier.fillMaxWidth(), keyboardOptions = KeyboardOptions(keyboardType = KeyboardType.Number)) }
exception:                                                                                                                   ^
exception: app/src/main/java/com/hydra/panel/ui/screens/ServersScreen.kt:136:168: error: unresolved reference: fillMaxWidth
exception:                     Box(Modifier.weight(1f)) { OutlinedTextField(bw, { bw = it.filter(Char::isDigit) }, label = { Text("Канал, Мбит/с") }, singleLine = true, Modifier.fillMaxWidth(), keyboardOptions = KeyboardOptions(keyboardType = KeyboardType.Number)) }
exception:                                                                                                                                                                        ^
exception: app/src/main/java/com/hydra/panel/ui/screens/ServersScreen.kt:137:21: error: unresolved reference: Box
exception:                     Box(Modifier.weight(1f)) { OutlinedTextField(port, { port = it.filter(Char::isDigit) }, label = { Text("SSH порт") }, singleLine = true, Modifier.fillMaxWidth(), keyboardOptions = KeyboardOptions(keyboardType = KeyboardType.Number)) }
exception:                     ^
exception: app/src/main/java/com/hydra/panel/ui/screens/ServersScreen.kt:137:34: error: unresolved reference: weight
exception:                     Box(Modifier.weight(1f)) { OutlinedTextField(port, { port = it.filter(Char::isDigit) }, label = { Text("SSH порт") }, singleLine = true, Modifier.fillMaxWidth(), keyboardOptions = KeyboardOptions(keyboardType = KeyboardType.Number)) }
exception:                                  ^
exception: app/src/main/java/com/hydra/panel/ui/screens/ServersScreen.kt:137:48: error: none of the following functions can be called with the arguments supplied: 
exception: public fun OutlinedTextField(value: TextFieldValue, onValueChange: (TextFieldValue) -> Unit, modifier: Modifier = ..., enabled: Boolean = ..., readOnly: Boolean = ..., textStyle: TextStyle = ..., label: (() -> Unit)? = ..., placeholder: (() -> Unit)? = ..., leadingIcon: (() -> Unit)? = ..., trailingIcon: (() -> Unit)? = ..., prefix: (() -> Unit)? = ..., suffix: (() -> Unit)? = ..., supportingText: (() -> Unit)? = ..., isError: Boolean = ..., visualTransformation: VisualTransformation = ..., keyboardOptions: KeyboardOptions = ..., keyboardActions: KeyboardActions = ..., singleLine: Boolean = ..., maxLines: Int = ..., minLines: Int = ..., interactionSource: MutableInteractionSource = ..., shape: Shape = ..., colors: TextFieldColors = ...): Unit defined in androidx.compose.material3
exception: public fun OutlinedTextField(value: String, onValueChange: (String) -> Unit, modifier: Modifier = ..., enabled: Boolean = ..., readOnly: Boolean = ..., textStyle: TextStyle = ..., label: (() -> Unit)? = ..., placeholder: (() -> Unit)? = ..., leadingIcon: (() -> Unit)? = ..., trailingIcon: (() -> Unit)? = ..., prefix: (() -> Unit)? = ..., suffix: (() -> Unit)? = ..., supportingText: (() -> Unit)? = ..., isError: Boolean = ..., visualTransformation: VisualTransformation = ..., keyboardOptions: KeyboardOptions = ..., keyboardActions: KeyboardActions = ..., singleLine: Boolean = ..., maxLines: Int = ..., minLines: Int = ..., interactionSource: MutableInteractionSource = ..., shape: Shape = ..., colors: TextFieldColors = ...): Unit defined in androidx.compose.material3
exception:                     Box(Modifier.weight(1f)) { OutlinedTextField(port, { port = it.filter(Char::isDigit) }, label = { Text("SSH порт") }, singleLine = true, Modifier.fillMaxWidth(), keyboardOptions = KeyboardOptions(keyboardType = KeyboardType.Number)) }
exception:                                                ^
exception: app/src/main/java/com/hydra/panel/ui/screens/ServersScreen.kt:137:81: error: unresolved reference: it
exception:                     Box(Modifier.weight(1f)) { OutlinedTextField(port, { port = it.filter(Char::isDigit) }, label = { Text("SSH порт") }, singleLine = true, Modifier.fillMaxWidth(), keyboardOptions = KeyboardOptions(keyboardType = KeyboardType.Number)) }
exception:                                                                                 ^
exception: app/src/main/java/com/hydra/panel/ui/screens/ServersScreen.kt:137:119: error: @Composable invocations can only happen from the context of a @Composable function
exception:                     Box(Modifier.weight(1f)) { OutlinedTextField(port, { port = it.filter(Char::isDigit) }, label = { Text("SSH порт") }, singleLine = true, Modifier.fillMaxWidth(), keyboardOptions = KeyboardOptions(keyboardType = KeyboardType.Number)) }
exception:                                                                                                                       ^
exception: app/src/main/java/com/hydra/panel/ui/screens/ServersScreen.kt:137:167: error: unresolved reference: fillMaxWidth
exception:                     Box(Modifier.weight(1f)) { OutlinedTextField(port, { port = it.filter(Char::isDigit) }, label = { Text("SSH порт") }, singleLine = true, Modifier.fillMaxWidth(), keyboardOptions = KeyboardOptions(keyboardType = KeyboardType.Number)) }
exception:                                                                                                                                                                       ^
exception: app/src/main/java/com/hydra/panel/ui/screens/ServersScreen.kt:139:17: error: none of the following functions can be called with the arguments supplied: 
exception: public fun OutlinedTextField(value: TextFieldValue, onValueChange: (TextFieldValue) -> Unit, modifier: Modifier = ..., enabled: Boolean = ..., readOnly: Boolean = ..., textStyle: TextStyle = ..., label: (() -> Unit)? = ..., placeholder: (() -> Unit)? = ..., leadingIcon: (() -> Unit)? = ..., trailingIcon: (() -> Unit)? = ..., prefix: (() -> Unit)? = ..., suffix: (() -> Unit)? = ..., supportingText: (() -> Unit)? = ..., isError: Boolean = ..., visualTransformation: VisualTransformation = ..., keyboardOptions: KeyboardOptions = ..., keyboardActions: KeyboardActions = ..., singleLine: Boolean = ..., maxLines: Int = ..., minLines: Int = ..., interactionSource: MutableInteractionSource = ..., shape: Shape = ..., colors: TextFieldColors = ...): Unit defined in androidx.compose.material3
exception: public fun OutlinedTextField(value: String, onValueChange: (String) -> Unit, modifier: Modifier = ..., enabled: Boolean = ..., readOnly: Boolean = ..., textStyle: TextStyle = ..., label: (() -> Unit)? = ..., placeholder: (() -> Unit)? = ..., leadingIcon: (() -> Unit)? = ..., trailingIcon: (() -> Unit)? = ..., prefix: (() -> Unit)? = ..., suffix: (() -> Unit)? = ..., supportingText: (() -> Unit)? = ..., isError: Boolean = ..., visualTransformation: VisualTransformation = ..., keyboardOptions: KeyboardOptions = ..., keyboardActions: KeyboardActions = ..., singleLine: Boolean = ..., maxLines: Int = ..., minLines: Int = ..., interactionSource: MutableInteractionSource = ..., shape: Shape = ..., colors: TextFieldColors = ...): Unit defined in androidx.compose.material3
exception:                 OutlinedTextField(pass, { pass = it }, label = { Text("Временный SSH-пароль (для установки ключа; необязательно)") }, singleLine = true, Modifier.fillMaxWidth(), keyboardOptions = KeyboardOptions(keyboardType = KeyboardType.Password))
exception:                 ^
exception: app/src/main/java/com/hydra/panel/ui/screens/ServersScreen.kt:139:50: error: unresolved reference: it
exception:                 OutlinedTextField(pass, { pass = it }, label = { Text("Временный SSH-пароль (для установки ключа; необязательно)") }, singleLine = true, Modifier.fillMaxWidth(), keyboardOptions = KeyboardOptions(keyboardType = KeyboardType.Password))
exception:                                                  ^
exception: app/src/main/java/com/hydra/panel/ui/screens/ServersScreen.kt:139:66: error: @Composable invocations can only happen from the context of a @Composable function
exception:                 OutlinedTextField(pass, { pass = it }, label = { Text("Временный SSH-пароль (для установки ключа; необязательно)") }, singleLine = true, Modifier.fillMaxWidth(), keyboardOptions = KeyboardOptions(keyboardType = KeyboardType.Password))
exception:                                                                  ^
exception: app/src/main/java/com/hydra/panel/ui/screens/ServersScreen.kt:139:163: error: unresolved reference: fillMaxWidth
exception:                 OutlinedTextField(pass, { pass = it }, label = { Text("Временный SSH-пароль (для установки ключа; необязательно)") }, singleLine = true, Modifier.fillMaxWidth(), keyboardOptions = KeyboardOptions(keyboardType = KeyboardType.Password))
exception:                                                                                                                                                                   ^
exception: app/src/main/java/com/hydra/panel/ui/screens/ServersScreen.kt:140:17: error: @Composable invocations can only happen from the context of a @Composable function
exception:                 Text("Пароль используется один раз для bootstrap публичного ключа панели, дальше — только ключ.", fontSize = 11.sp, color = MaterialTheme.colorScheme.onSurfaceVariant)
exception:                 ^
exception: app/src/main/java/com/hydra/panel/ui/screens/ServersScreen.kt:140:129: error: unresolved reference: sp
exception:                 Text("Пароль используется один раз для bootstrap публичного ключа панели, дальше — только ключ.", fontSize = 11.sp, color = MaterialTheme.colorScheme.onSurfaceVariant)
exception:                                                                                                                                 ^
exception: app/src/main/java/com/hydra/panel/ui/screens/ServersScreen.kt:140:155: error: @Composable invocations can only happen from the context of a @Composable function
exception:                 Text("Пароль используется один раз для bootstrap публичного ключа панели, дальше — только ключ.", fontSize = 11.sp, color = MaterialTheme.colorScheme.onSurfaceVariant)
exception:                                                                                                                                                           ^
exception: app/src/main/java/com/hydra/panel/ui/screens/SettingsScreen.kt:18:35: error: unresolved reference: SessionInfo
exception: import com.hydra.panel.data.model.SessionInfo
exception:                                   ^
exception: app/src/main/java/com/hydra/panel/ui/screens/SettingsScreen.kt:28:60: error: composable calls are not allowed inside the calculation parameter of inline fun <T> remember(crossinline calculation: () -> TypeVariable(T)): TypeVariable(T)
exception:     val repo = remember { PanelRepository.get(LocalContext.current) }
exception:                                                            ^
exception: app/src/main/java/com/hydra/panel/ui/screens/SettingsScreen.kt:74:13: error: none of the following functions can be called with the arguments supplied: 
exception: public fun Text(text: AnnotatedString, modifier: Modifier = ..., color: Color = ..., fontSize: TextUnit = ..., fontStyle: FontStyle? = ..., fontWeight: FontWeight? = ..., fontFamily: FontFamily? = ..., letterSpacing: TextUnit = ..., textDecoration: TextDecoration? = ..., textAlign: TextAlign? = ..., lineHeight: TextUnit = ..., overflow: TextOverflow = ..., softWrap: Boolean = ..., maxLines: Int = ..., minLines: Int = ..., inlineContent: Map<String, InlineTextContent> = ..., onTextLayout: (TextLayoutResult) -> Unit = ..., style: TextStyle = ...): Unit defined in androidx.compose.material3
exception: public fun Text(text: String, modifier: Modifier = ..., color: Color = ..., fontSize: TextUnit = ..., fontStyle: FontStyle? = ..., fontWeight: FontWeight? = ..., fontFamily: FontFamily? = ..., letterSpacing: TextUnit = ..., textDecoration: TextDecoration? = ..., textAlign: TextAlign? = ..., lineHeight: TextUnit = ..., overflow: TextOverflow = ..., softWrap: Boolean = ..., maxLines: Int = ..., minLines: Int = ..., onTextLayout: ((TextLayoutResult) -> Unit)? = ..., style: TextStyle = ...): Unit defined in androidx.compose.material3
exception:             Text("panel.yaml", style = MaterialTheme.typography.titleSmall, Modifier.weight(1f))
exception:             ^
exception: app/src/main/java/com/hydra/panel/ui/screens/SettingsScreen.kt:100:78: error: unresolved reference: BackupInfo
exception:     var backups by remember { mutableStateOf<List<com.hydra.panel.data.model.BackupInfo>?>(null) }
exception:                                                                              ^
exception: app/src/main/java/com/hydra/panel/ui/screens/SettingsScreen.kt:128:19: error: type mismatch: inferred type is List<???> but Int was expected
exception:             items(backups.orEmpty(), key = { it.name }) { b ->
exception:                   ^
exception: app/src/main/java/com/hydra/panel/ui/screens/SettingsScreen.kt:128:49: error: unresolved reference: name
exception:             items(backups.orEmpty(), key = { it.name }) { b ->
exception:                                                 ^
exception: app/src/main/java/com/hydra/panel/ui/screens/SettingsScreen.kt:132:36: error: unresolved reference: name
exception:                             Text(b.name, style = MaterialTheme.typography.titleSmall)
exception:                                    ^
exception: app/src/main/java/com/hydra/panel/ui/screens/SettingsScreen.kt:133:52: error: unresolved reference: sizeKb
exception:                             Text("${Format.bytes(b.sizeKb)} · ${b.mtime ?: "—"} · ${if (b.auto) "авто" else "manual"}",
exception:                                                    ^
exception: app/src/main/java/com/hydra/panel/ui/screens/SettingsScreen.kt:133:67: error: unresolved reference: mtime
exception:                             Text("${Format.bytes(b.sizeKb)} · ${b.mtime ?: "—"} · ${if (b.auto) "авто" else "manual"}",
exception:                                                                   ^
exception: app/src/main/java/com/hydra/panel/ui/screens/SettingsScreen.kt:133:91: error: unresolved reference: auto
exception:                             Text("${Format.bytes(b.sizeKb)} · ${b.mtime ?: "—"} · ${if (b.auto) "авто" else "manual"}",
exception:                                                                                           ^
exception: app/src/main/java/com/hydra/panel/ui/screens/SettingsScreen.kt:134:47: error: unresolved reference: sp
exception:                                 fontSize = 11.sp, color = MaterialTheme.colorScheme.onSurfaceVariant)
exception:                                               ^
exception: app/src/main/java/com/hydra/panel/ui/screens/SettingsScreen.kt:139:54: error: suspend function 'downloadBackup' should be called only from a coroutine or another suspend function
exception:                                     val bytes = repo.downloadBackup(b.name)
exception:                                                      ^
exception: app/src/main/java/com/hydra/panel/ui/screens/SettingsScreen.kt:139:71: error: unresolved reference: name
exception:                                     val bytes = repo.downloadBackup(b.name)
exception:                                                                       ^
exception: app/src/main/java/com/hydra/panel/ui/screens/SettingsScreen.kt:141:57: error: unresolved reference: name
exception:                                     val f = File(dir, b.name)
exception:                                                         ^
exception: app/src/main/java/com/hydra/panel/ui/screens/SettingsScreen.kt:147:68: error: unresolved reference: name
exception:                         OutlinedButton(onClick = { restoreName = b.name }) { Text("restore") }
exception:                                                                    ^
exception: app/src/main/java/com/hydra/panel/ui/screens/SettingsScreen.kt:183:9: error: none of the following functions can be called with the arguments supplied: 
exception: public fun OutlinedTextField(value: TextFieldValue, onValueChange: (TextFieldValue) -> Unit, modifier: Modifier = ..., enabled: Boolean = ..., readOnly: Boolean = ..., textStyle: TextStyle = ..., label: (() -> Unit)? = ..., placeholder: (() -> Unit)? = ..., leadingIcon: (() -> Unit)? = ..., trailingIcon: (() -> Unit)? = ..., prefix: (() -> Unit)? = ..., suffix: (() -> Unit)? = ..., supportingText: (() -> Unit)? = ..., isError: Boolean = ..., visualTransformation: VisualTransformation = ..., keyboardOptions: KeyboardOptions = ..., keyboardActions: KeyboardActions = ..., singleLine: Boolean = ..., maxLines: Int = ..., minLines: Int = ..., interactionSource: MutableInteractionSource = ..., shape: Shape = ..., colors: TextFieldColors = ...): Unit defined in androidx.compose.material3
exception: public fun OutlinedTextField(value: String, onValueChange: (String) -> Unit, modifier: Modifier = ..., enabled: Boolean = ..., readOnly: Boolean = ..., textStyle: TextStyle = ..., label: (() -> Unit)? = ..., placeholder: (() -> Unit)? = ..., leadingIcon: (() -> Unit)? = ..., trailingIcon: (() -> Unit)? = ..., prefix: (() -> Unit)? = ..., suffix: (() -> Unit)? = ..., supportingText: (() -> Unit)? = ..., isError: Boolean = ..., visualTransformation: VisualTransformation = ..., keyboardOptions: KeyboardOptions = ..., keyboardActions: KeyboardActions = ..., singleLine: Boolean = ..., maxLines: Int = ..., minLines: Int = ..., interactionSource: MutableInteractionSource = ..., shape: Shape = ..., colors: TextFieldColors = ...): Unit defined in androidx.compose.material3
exception:         OutlinedTextField(repo_, { repo_ = it }, label = { Text("repo: owner/name") }, singleLine = true, Modifier.fillMaxWidth())
exception:         ^
exception: app/src/main/java/com/hydra/panel/ui/screens/SettingsScreen.kt:183:44: error: unresolved reference: it
exception:         OutlinedTextField(repo_, { repo_ = it }, label = { Text("repo: owner/name") }, singleLine = true, Modifier.fillMaxWidth())
exception:                                            ^
exception: app/src/main/java/com/hydra/panel/ui/screens/SettingsScreen.kt:183:60: error: @Composable invocations can only happen from the context of a @Composable function
exception:         OutlinedTextField(repo_, { repo_ = it }, label = { Text("repo: owner/name") }, singleLine = true, Modifier.fillMaxWidth())
exception:                                                            ^
exception: app/src/main/java/com/hydra/panel/ui/screens/SettingsScreen.kt:208:62: error: mixing named and positioned arguments is not allowed
exception:                 ActionButton("Удалить креды", danger = true, Modifier.fillMaxWidth()) {
exception:                                                              ^
exception: app/src/main/java/com/hydra/panel/ui/screens/SettingsScreen.kt:236:52: error: unresolved reference: SessionInfo
exception:     var sessions by remember { mutableStateOf<List<SessionInfo>?>(null) }
exception:                                                    ^
exception: app/src/main/java/com/hydra/panel/ui/screens/SettingsScreen.kt:250:13: error: none of the following functions can be called with the arguments supplied: 
exception: public fun Text(text: AnnotatedString, modifier: Modifier = ..., color: Color = ..., fontSize: TextUnit = ..., fontStyle: FontStyle? = ..., fontWeight: FontWeight? = ..., fontFamily: FontFamily? = ..., letterSpacing: TextUnit = ..., textDecoration: TextDecoration? = ..., textAlign: TextAlign? = ..., lineHeight: TextUnit = ..., overflow: TextOverflow = ..., softWrap: Boolean = ..., maxLines: Int = ..., minLines: Int = ..., inlineContent: Map<String, InlineTextContent> = ..., onTextLayout: (TextLayoutResult) -> Unit = ..., style: TextStyle = ...): Unit defined in androidx.compose.material3
exception: public fun Text(text: String, modifier: Modifier = ..., color: Color = ..., fontSize: TextUnit = ..., fontStyle: FontStyle? = ..., fontWeight: FontWeight? = ..., fontFamily: FontFamily? = ..., letterSpacing: TextUnit = ..., textDecoration: TextDecoration? = ..., textAlign: TextAlign? = ..., lineHeight: TextUnit = ..., overflow: TextOverflow = ..., softWrap: Boolean = ..., maxLines: Int = ..., minLines: Int = ..., onTextLayout: ((TextLayoutResult) -> Unit)? = ..., style: TextStyle = ...): Unit defined in androidx.compose.material3
exception:             Text("Активные сессии панели", style = MaterialTheme.typography.titleSmall, Modifier.weight(1f))
exception:             ^
exception: app/src/main/java/com/hydra/panel/ui/screens/SettingsScreen.kt:256:19: error: type mismatch: inferred type is List<???> but Int was expected
exception:             items(sessions.orEmpty(), key = { it.tokenHash }) { s ->
exception:                   ^
exception: app/src/main/java/com/hydra/panel/ui/screens/SettingsScreen.kt:256:50: error: unresolved reference: tokenHash
exception:             items(sessions.orEmpty(), key = { it.tokenHash }) { s ->
exception:                                                  ^
exception: app/src/main/java/com/hydra/panel/ui/screens/SettingsScreen.kt:260:36: error: unresolved reference: userAgent
exception:                             Text(s.userAgent?.take(60) ?: "unknown UA", style = MaterialTheme.typography.titleSmall)
exception:                                    ^
exception: app/src/main/java/com/hydra/panel/ui/screens/SettingsScreen.kt:261:42: error: unresolved reference: ip
exception:                             Text("ip ${s.ip ?: "—"} · вход ${Format.relative(s.createdAt)} · seen ${Format.relative(s.lastSeenAt)} · до ${Format.shortDate(s.expiresAt)}${if (s.remember == 1) " · remember" else ""}",
exception:                                          ^
exception: app/src/main/java/com/hydra/panel/ui/screens/SettingsScreen.kt:261:80: error: unresolved reference: createdAt
exception:                             Text("ip ${s.ip ?: "—"} · вход ${Format.relative(s.createdAt)} · seen ${Format.relative(s.lastSeenAt)} · до ${Format.shortDate(s.expiresAt)}${if (s.remember == 1) " · remember" else ""}",
exception:                                                                                ^
exception: app/src/main/java/com/hydra/panel/ui/screens/SettingsScreen.kt:261:119: error: unresolved reference: lastSeenAt
exception:                             Text("ip ${s.ip ?: "—"} · вход ${Format.relative(s.createdAt)} · seen ${Format.relative(s.lastSeenAt)} · до ${Format.shortDate(s.expiresAt)}${if (s.remember == 1) " · remember" else ""}",
exception:                                                                                                                       ^
exception: app/src/main/java/com/hydra/panel/ui/screens/SettingsScreen.kt:261:158: error: unresolved reference: expiresAt
exception:                             Text("ip ${s.ip ?: "—"} · вход ${Format.relative(s.createdAt)} · seen ${Format.relative(s.lastSeenAt)} · до ${Format.shortDate(s.expiresAt)}${if (s.remember == 1) " · remember" else ""}",
exception:                                                                                                                                                              ^
exception: app/src/main/java/com/hydra/panel/ui/screens/SettingsScreen.kt:261:177: error: unresolved reference: remember
exception:                             Text("ip ${s.ip ?: "—"} · вход ${Format.relative(s.createdAt)} · seen ${Format.relative(s.lastSeenAt)} · до ${Format.shortDate(s.expiresAt)}${if (s.remember == 1) " · remember" else ""}",
exception:                                                                                                                                                                                 ^
exception: app/src/main/java/com/hydra/panel/ui/screens/SettingsScreen.kt:262:47: error: unresolved reference: sp
exception:                                 fontSize = 11.sp, color = MaterialTheme.colorScheme.onSurfaceVariant)
exception:                                               ^
exception: app/src/main/java/com/hydra/panel/ui/screens/SettingsScreen.kt:263:40: error: unresolved reference: tokenHash
exception:                             MonoText(s.tokenHash.take(12) + "…")
exception:                                        ^
exception: app/src/main/java/com/hydra/panel/ui/screens/SettingsScreen.kt:267:52: error: suspend function 'revokeSession' should be called only from a coroutine or another suspend function
exception:                                 runCatching { repo.revokeSession(s.tokenHash) }
exception:                                                    ^
exception: app/src/main/java/com/hydra/panel/ui/screens/SettingsScreen.kt:267:68: error: unresolved reference: tokenHash
exception:                                 runCatching { repo.revokeSession(s.tokenHash) }
exception:                                                                    ^
exception: app/src/main/java/com/hydra/panel/ui/screens/SettingsScreen.kt:269:46: error: suspend function 'showSnackbar' should be called only from a coroutine or another suspend function
exception:                                         host.showSnackbar(msg.take(160))
exception:                                              ^

FAILURE: Build failed with an exception.

* What went wrong:
Execution failed for task ':app:compileDebugKotlin'.
> A failure occurred while executing org.jetbrains.kotlin.compilerRunner.GradleCompilerRunnerWithWorkers$GradleKotlinCompilerWorkAction
   > Compilation error. See log for more details

* Try:
> Run with --stacktrace option to get the stack trace.
> Run with --info or --debug option to get more log output.
> Run with --scan to get full insights.
> Get more help at https://help.gradle.org.

BUILD FAILED in 2m 8s
