#
# There is insufficient memory for the Java Runtime Environment to continue.
# Native memory allocation (mmap) failed to map 65536 bytes. Error detail: committing reserved memory.
# Possible reasons:
#   The system is out of physical RAM or swap space
#   This process is running with CompressedOops enabled, and the Java Heap may be blocking the growth of the native heap
# Possible solutions:
#   Reduce memory load on the system
#   Increase physical memory or swap space
#   Check if swap backing store is full
#   Decrease Java heap size (-Xmx/-Xms)
#   Decrease number of Java threads
#   Decrease Java thread stack sizes (-Xss)
#   Set larger code cache with -XX:ReservedCodeCacheSize=
#   JVM is running with Unscaled Compressed Oops mode in which the Java heap is
#     placed in the first 4GB address space. The Java Heap base address is the
#     maximum limit for the native heap growth. Please use -XX:HeapBaseMinAddress
#     to set the Java Heap base and to place the Java Heap above 4GB virtual address.
# This output file may be truncated or incomplete.
#
#  Out of Memory Error (os_linux.cpp:2834), pid=7648, tid=12670
#
# JRE version: OpenJDK Runtime Environment (17.0.20+8) (build 17.0.20+8-1-deb12u1-Debian)
# Java VM: OpenJDK 64-Bit Server VM (17.0.20+8-1-deb12u1-Debian, mixed mode, sharing, tiered, compressed oops, compressed class ptrs, g1 gc, linux-amd64)
# No core dump will be written. Core dumps have been disabled. To enable core dumping, try "ulimit -c unlimited" before starting Java again
#

---------------  S U M M A R Y ------------

Command Line: -XX:MaxMetaspaceSize=384m --add-opens=java.base/java.util=ALL-UNNAMED --add-opens=java.base/java.lang=ALL-UNNAMED --add-opens=java.base/java.lang.invoke=ALL-UNNAMED --add-opens=java.prefs/java.util.prefs=ALL-UNNAMED --add-opens=java.base/java.nio.charset=ALL-UNNAMED --add-opens=java.base/java.net=ALL-UNNAMED --add-opens=java.base/java.util.concurrent.atomic=ALL-UNNAMED -Xmx1024m -Dfile.encoding=UTF-8 -Duser.country -Duser.language=en -Duser.variant -javaagent:/root/.gradle/wrapper/dists/gradle-8.5-bin/5t9huq95ubn472n8rpzujfbqh/gradle-8.5/lib/agents/gradle-instrumentation-agent-8.5.jar org.gradle.launcher.daemon.bootstrap.GradleDaemon 8.5

Host: Intel(R) Xeon(R) Processor @ 2.50GHz, 2 cores, 2G, Debian GNU/Linux 12 (bookworm)
Time: Mon Sep 28 21:11:15 2026 UTC elapsed time: 3300.504773 seconds (0d 0h 55m 0s)

---------------  T H R E A D  ---------------

Current thread (0x00007f9fe8059040):  JavaThread "WorkerExecutor Queue" [_thread_in_vm, id=12670, stack(0x00007f9ff66fc000,0x00007f9ff67fc000)]

Stack: [0x00007f9ff66fc000,0x00007f9ff67fc000],  sp=0x00007f9ff67f74d0,  free space=1005k
Native frames: (J=compiled Java code, j=interpreted, Vv=VM code, C=native code)
V  [libjvm.so+0xf21211]  VMError::report_and_die(int, char const*, char const*, __va_list_tag*, Thread*, unsigned char*, void*, void*, char const*, int, unsigned long)+0x171
V  [libjvm.so+0xf21d7d]  VMError::report_and_die(Thread*, char const*, int, unsigned long, VMErrorType, char const*, __va_list_tag*)+0x2d
V  [libjvm.so+0x60378c]  report_vm_out_of_memory(char const*, int, unsigned long, VMErrorType, char const*, ...)+0xdc
V  [libjvm.so+0xc29b20]  os::pd_commit_memory(char*, unsigned long, bool)+0xc0
V  [libjvm.so+0xc23e5d]  os::commit_memory(char*, unsigned long, bool)+0x1d
V  [libjvm.so+0xf18595]  metaspace::VirtualSpaceNode::commit_range(MetaWordImpl**, unsigned long)+0x135
V  [libjvm.so+0xba2d07]  metaspace::Metachunk::ensure_committed_locked(unsigned long)+0xb7
V  [libjvm.so+0x53c0d3]  metaspace::ChunkManager::get_chunk(signed char, signed char, unsigned long)+0x173
V  [libjvm.so+0xba6123]  metaspace::MetaspaceArena::allocate(unsigned long)+0x263
V  [libjvm.so+0xba5378]  Metaspace::allocate(ClassLoaderData*, unsigned long, MetaspaceObj::Type, JavaThread*)+0x48
V  [libjvm.so+0x7fe44d]  InstanceKlass::allocate_instance_klass(ClassFileParser const&, JavaThread*)+0xbd
V  [libjvm.so+0x575764]  ClassFileParser::create_instance_klass(bool, ClassInstanceInfo const&, JavaThread*)+0x44
V  [libjvm.so+0xa60356]  KlassFactory::create_from_stream(ClassFileStream*, Symbol*, ClassLoaderData*, ClassLoadInfo const&, JavaThread*)+0x316
V  [libjvm.so+0xe556a0]  SystemDictionary::resolve_class_from_stream(ClassFileStream*, Symbol*, Handle, ClassLoadInfo const&, JavaThread*)+0x140
V  [libjvm.so+0x906c41]  jvm_define_class_common(char const*, _jobject*, signed char const*, int, _jobject*, char const*, JavaThread*)+0x241
V  [libjvm.so+0x906f24]  JVM_DefineClassWithSource+0xa4
C  [libjava.so+0xd543]  Java_java_lang_ClassLoader_defineClass1+0x133
J 600  java.lang.ClassLoader.defineClass1(Ljava/lang/ClassLoader;Ljava/lang/String;[BIILjava/security/ProtectionDomain;Ljava/lang/String;)Ljava/lang/Class; java.base@17.0.20 (0 bytes) @ 0x00007fa031008e75 [0x00007fa031008d40+0x0000000000000135]
J 7991 c2 java.net.URLClassLoader.defineClass(Ljava/lang/String;Ljdk/internal/loader/Resource;)Ljava/lang/Class; java.base@17.0.20 (224 bytes) @ 0x00007fa0312ecefc [0x00007fa0312eace0+0x000000000000221c]
J 8366 c2 java.net.URLClassLoader$1.run()Ljava/lang/Class; java.base@17.0.20 (81 bytes) @ 0x00007fa031325cec [0x00007fa0313256a0+0x000000000000064c]
J 20273 c2 org.gradle.internal.classloader.VisitableURLClassLoader$InstrumentingVisitableURLClassLoader.findClass(Ljava/lang/String;)Ljava/lang/Class; (36 bytes) @ 0x00007fa03191d3f0 [0x00007fa03191ce60+0x0000000000000590]
J 4923 c2 java.lang.ClassLoader.loadClass(Ljava/lang/String;Z)Ljava/lang/Class; java.base@17.0.20 (121 bytes) @ 0x00007fa0311f73f8 [0x00007fa0311f7120+0x00000000000002d8]
J 6132 c2 java.lang.ClassLoader.loadClass(Ljava/lang/String;)Ljava/lang/Class; java.base@17.0.20 (7 bytes) @ 0x00007fa0311602e0 [0x00007fa0311602a0+0x0000000000000040]
v  ~StubRoutines::call_stub
V  [libjvm.so+0x828c62]  JavaCalls::call_helper(JavaValue*, methodHandle const&, JavaCallArguments*, JavaThread*)+0x302
V  [libjvm.so+0x82a4c2]  JavaCalls::call_virtual(JavaValue*, Handle, Klass*, Symbol*, Symbol*, Handle, JavaThread*)+0x1b2
V  [libjvm.so+0xe56f11]  SystemDictionary::load_instance_class_impl(Symbol*, Handle, JavaThread*)+0x1a1
V  [libjvm.so+0xe55798]  SystemDictionary::load_instance_class(unsigned int, Symbol*, Handle, JavaThread*)+0x28
V  [libjvm.so+0xe5617c]  SystemDictionary::resolve_instance_class_or_null(Symbol*, Handle, Handle, JavaThread*)+0x8bc
V  [libjvm.so+0xe57956]  SystemDictionary::resolve_or_fail(Symbol*, Handle, Handle, bool, JavaThread*)+0x66
V  [libjvm.so+0x5f8241]  ConstantPool::klass_at_impl(constantPoolHandle const&, int, JavaThread*)+0x131
V  [libjvm.so+0x821e7b]  InterpreterRuntime::ldc(JavaThread*, bool)+0x13b
j  com.android.tools.r8.internal.ua.<clinit>()V+28
v  ~StubRoutines::call_stub
V  [libjvm.so+0x828c62]  JavaCalls::call_helper(JavaValue*, methodHandle const&, JavaCallArguments*, JavaThread*)+0x302
V  [libjvm.so+0x806180]  InstanceKlass::call_class_initializer(JavaThread*)+0x240
V  [libjvm.so+0x80876c]  InstanceKlass::initialize_impl(JavaThread*)+0x69c
V  [libjvm.so+0x821680]  InterpreterRuntime::_new(JavaThread*, ConstantPool*, int)+0x160
j  com.android.tools.r8.D8.d(Lcom/android/tools/r8/utils/p;Lcom/android/tools/r8/utils/A1;Ljava/util/concurrent/ExecutorService;)V+200
j  com.android.tools.r8.D8.b(Lcom/android/tools/r8/utils/p;Lcom/android/tools/r8/utils/A1;Ljava/util/concurrent/ExecutorService;)V+3
j  com.android.tools.r8.D8$$Lambda$1705+0x00007f9ff8df8240.run()V+12
j  com.android.tools.r8.utils.S0.a(Lcom/android/tools/r8/utils/Q2;Lcom/android/tools/r8/utils/S0$a;)V+2
j  com.android.tools.r8.utils.S0.b(Lcom/android/tools/r8/utils/Q2;Lcom/android/tools/r8/utils/S0$a;)V+2
j  com.android.tools.r8.D8.run(Lcom/android/tools/r8/D8Command;Ljava/util/concurrent/ExecutorService;)V+22
j  com.android.builder.dexing.D8DexArchiveBuilder.convert(Ljava/util/stream/Stream;Ljava/nio/file/Path;Ljava/nio/file/Path;Lcom/android/builder/dexing/DependencyGraphUpdater;)V+298
j  com.android.build.gradle.internal.dexing.DexWorkActionKt.process(Lcom/android/builder/dexing/DexArchiveBuilder;Lcom/android/builder/dexing/ClassBucket;Lkotlin/jvm/functions/Function2;Ljava/io/File;Ljava/io/File;Lcom/android/builder/dexing/DependencyGraphUpdater;)V+173
j  com.android.build.gradle.internal.dexing.DexWorkActionKt.processNonIncrementally(Lcom/android/builder/dexing/DexArchiveBuilder;Lcom/android/build/gradle/internal/dexing/DexWorkActionParams;)V+66
j  com.android.build.gradle.internal.dexing.DexWorkActionKt.launchProcessing(Lcom/android/build/gradle/internal/dexing/DexWorkActionParams;Lcom/android/ide/common/blame/MessageReceiver;)V+46
j  com.android.build.gradle.internal.dexing.DexWorkAction.run()V+62
j  com.android.build.gradle.internal.profile.ProfileAwareWorkAction.execute()V+70
j  org.gradle.workers.internal.DefaultWorkerServer.execute(Lorg/gradle/workers/internal/SimpleActionExecutionSpec;)Lorg/gradle/workers/internal/DefaultWorkResult;+128
j  org.gradle.workers.internal.NoIsolationWorkerFactory$1$1.create()Lorg/gradle/workers/internal/DefaultWorkResult;+29
j  org.gradle.workers.internal.NoIsolationWorkerFactory$1$1.create()Ljava/lang/Object;+1
j  org.gradle.internal.classloader.ClassLoaderUtils.executeInClassloader(Ljava/lang/ClassLoader;Lorg/gradle/internal/Factory;)Ljava/lang/Object;+15
j  org.gradle.workers.internal.NoIsolationWorkerFactory$1.lambda$execute$0(Ljava/lang/ClassLoader;Lorg/gradle/workers/WorkerExecutor;Lorg/gradle/workers/internal/IsolatedParametersActionExecutionSpec;)Lorg/gradle/workers/internal/DefaultWorkResult;+10
j  org.gradle.workers.internal.NoIsolationWorkerFactory$1$$Lambda$1487+0x00007f9ff8c1aea0.execute(Lorg/gradle/workers/internal/IsolatedParametersActionExecutionSpec;)Lorg/gradle/workers/internal/DefaultWorkResult;+13
j  org.gradle.workers.internal.AbstractWorker$1.call(Lorg/gradle/internal/operations/BuildOperationContext;)Lorg/gradle/workers/internal/DefaultWorkResult;+8
j  org.gradle.workers.internal.AbstractWorker$1.call(Lorg/gradle/internal/operations/BuildOperationContext;)Ljava/lang/Object;+2
J 8105 c1 org.gradle.internal.operations.DefaultBuildOperationRunner$CallableBuildOperationWorker.execute(Lorg/gradle/internal/operations/BuildOperation;Lorg/gradle/internal/operations/BuildOperationContext;)V (10 bytes) @ 0x00007fa02a136d4c [0x00007fa02a136ae0+0x000000000000026c]
J 17020 c2 org.gradle.internal.operations.DefaultBuildOperationRunner$2.execute(Lorg/gradle/internal/operations/BuildOperationDescriptor;Lorg/gradle/internal/operations/BuildOperationState;Lorg/gradle/internal/operations/BuildOperationState;Lorg/gradle/internal/operations/DefaultBuildOperationRunner$ReadableBuildOperationContext;Lorg/gradle/internal/operations/DefaultBuildOperationRunner$BuildOperationExecutionListener;)Lorg/gradle/internal/operations/BuildOperation; (110 bytes) @ 0x00007fa0316c57b8 [0x00007fa0316c40c0+0x00000000000016f8]
J 17021 c2 org.gradle.internal.operations.DefaultBuildOperationRunner.execute(Lorg/gradle/internal/operations/BuildOperation;Lorg/gradle/internal/operations/BuildOperationWorker;Lorg/gradle/internal/operations/BuildOperationState;)V (23 bytes) @ 0x00007fa03141ac04 [0x00007fa03141a560+0x00000000000006a4]
J 8104 c1 org.gradle.internal.operations.DefaultBuildOperationRunner.call(Lorg/gradle/internal/operations/CallableBuildOperation;)Ljava/lang/Object; (24 bytes) @ 0x00007fa02a13647c [0x00007fa02a135fa0+0x00000000000004dc]
J 8103 c1 org.gradle.internal.operations.DefaultBuildOperationExecutor.call(Lorg/gradle/internal/operations/CallableBuildOperation;)Ljava/lang/Object; (11 bytes) @ 0x00007fa02a135bc4 [0x00007fa02a135ac0+0x0000000000000104]
j  org.gradle.workers.internal.AbstractWorker.executeWrappedInBuildOperation(Lorg/gradle/workers/internal/IsolatedParametersActionExecutionSpec;Lorg/gradle/internal/operations/BuildOperationRef;Lorg/gradle/workers/internal/AbstractWorker$Work;)Lorg/gradle/workers/internal/DefaultWorkResult;+15
j  org.gradle.workers.internal.NoIsolationWorkerFactory$1.execute(Lorg/gradle/workers/internal/IsolatedParametersActionExecutionSpec;Lorg/gradle/internal/operations/BuildOperationRef;)Lorg/gradle/workers/internal/DefaultWorkResult;+17
j  org.gradle.workers.internal.DefaultWorkerExecutor.lambda$submitWork$0(Lorg/gradle/workers/internal/WorkerFactory;Lorg/gradle/workers/internal/WorkerRequirement;Lorg/gradle/workers/internal/IsolatedParametersActionExecutionSpec;Lorg/gradle/internal/operations/BuildOperationRef;)Lorg/gradle/workers/internal/DefaultWorkResult;+13
j  org.gradle.workers.internal.DefaultWorkerExecutor$$Lambda$1485+0x00007f9ff8c1a1e0.call()Ljava/lang/Object;+16
J 5571 c1 java.util.concurrent.FutureTask.run()V java.base@17.0.20 (123 bytes) @ 0x00007fa029e9e31c [0x00007fa029e9db40+0x00000000000007dc]
j  org.gradle.internal.work.DefaultConditionalExecutionQueue$ExecutionRunner.runExecution(Lorg/gradle/internal/work/ConditionalExecution;)V+6
j  org.gradle.internal.work.DefaultConditionalExecutionQueue$ExecutionRunner.access$700(Lorg/gradle/internal/work/DefaultConditionalExecutionQueue$ExecutionRunner;Lorg/gradle/internal/work/ConditionalExecution;)V+2
j  org.gradle.internal.work.DefaultConditionalExecutionQueue$ExecutionRunner$1.run()V+14
J 16369 c1 org.gradle.internal.Factories$1.create()Ljava/lang/Object; (11 bytes) @ 0x00007fa02ae6ea24 [0x00007fa02ae6e9c0+0x0000000000000064]
j  org.gradle.internal.work.DefaultWorkerLeaseService.withLocks(Ljava/util/Collection;Lorg/gradle/internal/Factory;)Ljava/lang/Object;+28
j  org.gradle.internal.work.DefaultWorkerLeaseService.runAsWorkerThread(Lorg/gradle/internal/Factory;)Ljava/lang/Object;+33
j  org.gradle.internal.work.DefaultWorkerLeaseService.runAsWorkerThread(Ljava/lang/Runnable;)V+5
j  org.gradle.internal.work.DefaultConditionalExecutionQueue$ExecutionRunner.runBatch(Lorg/gradle/internal/work/ConditionalExecution;)V+16
j  org.gradle.internal.work.DefaultConditionalExecutionQueue$ExecutionRunner.run()V+11
J 14094 c1 java.util.concurrent.Executors$RunnableAdapter.call()Ljava/lang/Object; java.base@17.0.20 (14 bytes) @ 0x00007fa02aa0c84c [0x00007fa02aa0c740+0x000000000000010c]
J 5571 c1 java.util.concurrent.FutureTask.run()V java.base@17.0.20 (123 bytes) @ 0x00007fa029e9e31c [0x00007fa029e9db40+0x00000000000007dc]
J 18413 c2 org.gradle.internal.concurrent.AbstractManagedExecutor$1.run()V (57 bytes) @ 0x00007fa031787a34 [0x00007fa0317876e0+0x0000000000000354]
J 15886 c1 java.util.concurrent.ThreadPoolExecutor.runWorker(Ljava/util/concurrent/ThreadPoolExecutor$Worker;)V java.base@17.0.20 (187 bytes) @ 0x00007fa02ad9e4ec [0x00007fa02ad9dc20+0x00000000000008cc]
J 19590 c1 java.util.concurrent.ThreadPoolExecutor$Worker.run()V java.base@17.0.20 (9 bytes) @ 0x00007fa02b17b8a4 [0x00007fa02b17b840+0x0000000000000064]
J 18899 c1 java.lang.Thread.run()V java.base@17.0.20 (17 bytes) @ 0x00007fa02b024dac [0x00007fa02b024d40+0x000000000000006c]
v  ~StubRoutines::call_stub
V  [libjvm.so+0x828c62]  JavaCalls::call_helper(JavaValue*, methodHandle const&, JavaCallArguments*, JavaThread*)+0x302
V  [libjvm.so+0x82a2e2]  JavaCalls::call_virtual(JavaValue*, Handle, Klass*, Symbol*, Symbol*, JavaThread*)+0x1a2
V  [libjvm.so+0x8f8bc3]  thread_entry(JavaThread*, JavaThread*)+0xa3
V  [libjvm.so+0xea087f]  JavaThread::thread_main_inner()+0x1af
V  [libjvm.so+0xea40a5]  Thread::call_run()+0xa5
V  [libjvm.so+0xc2c8f3]  thread_native_entry(Thread*)+0xe3

Java frames: (J=compiled Java code, j=interpreted, Vv=VM code)
J 600  java.lang.ClassLoader.defineClass1(Ljava/lang/ClassLoader;Ljava/lang/String;[BIILjava/security/ProtectionDomain;Ljava/lang/String;)Ljava/lang/Class; java.base@17.0.20 (0 bytes) @ 0x00007fa031008df8 [0x00007fa031008d40+0x00000000000000b8]
J 7991 c2 java.net.URLClassLoader.defineClass(Ljava/lang/String;Ljdk/internal/loader/Resource;)Ljava/lang/Class; java.base@17.0.20 (224 bytes) @ 0x00007fa0312ecefc [0x00007fa0312eace0+0x000000000000221c]
J 8366 c2 java.net.URLClassLoader$1.run()Ljava/lang/Class; java.base@17.0.20 (81 bytes) @ 0x00007fa031325cec [0x00007fa0313256a0+0x000000000000064c]
J 20273 c2 org.gradle.internal.classloader.VisitableURLClassLoader$InstrumentingVisitableURLClassLoader.findClass(Ljava/lang/String;)Ljava/lang/Class; (36 bytes) @ 0x00007fa03191d3f0 [0x00007fa03191ce60+0x0000000000000590]
J 4923 c2 java.lang.ClassLoader.loadClass(Ljava/lang/String;Z)Ljava/lang/Class; java.base@17.0.20 (121 bytes) @ 0x00007fa0311f73f8 [0x00007fa0311f7120+0x00000000000002d8]
J 6132 c2 java.lang.ClassLoader.loadClass(Ljava/lang/String;)Ljava/lang/Class; java.base@17.0.20 (7 bytes) @ 0x00007fa0311602e0 [0x00007fa0311602a0+0x0000000000000040]
v  ~StubRoutines::call_stub
j  com.android.tools.r8.internal.ua.<clinit>()V+28
v  ~StubRoutines::call_stub
j  com.android.tools.r8.D8.d(Lcom/android/tools/r8/utils/p;Lcom/android/tools/r8/utils/A1;Ljava/util/concurrent/ExecutorService;)V+200
j  com.android.tools.r8.D8.b(Lcom/android/tools/r8/utils/p;Lcom/android/tools/r8/utils/A1;Ljava/util/concurrent/ExecutorService;)V+3
j  com.android.tools.r8.D8$$Lambda$1705+0x00007f9ff8df8240.run()V+12
j  com.android.tools.r8.utils.S0.a(Lcom/android/tools/r8/utils/Q2;Lcom/android/tools/r8/utils/S0$a;)V+2
j  com.android.tools.r8.utils.S0.b(Lcom/android/tools/r8/utils/Q2;Lcom/android/tools/r8/utils/S0$a;)V+2
j  com.android.tools.r8.D8.run(Lcom/android/tools/r8/D8Command;Ljava/util/concurrent/ExecutorService;)V+22
j  com.android.builder.dexing.D8DexArchiveBuilder.convert(Ljava/util/stream/Stream;Ljava/nio/file/Path;Ljava/nio/file/Path;Lcom/android/builder/dexing/DependencyGraphUpdater;)V+298
j  com.android.build.gradle.internal.dexing.DexWorkActionKt.process(Lcom/android/builder/dexing/DexArchiveBuilder;Lcom/android/builder/dexing/ClassBucket;Lkotlin/jvm/functions/Function2;Ljava/io/File;Ljava/io/File;Lcom/android/builder/dexing/DependencyGraphUpdater;)V+173
j  com.android.build.gradle.internal.dexing.DexWorkActionKt.processNonIncrementally(Lcom/android/builder/dexing/DexArchiveBuilder;Lcom/android/build/gradle/internal/dexing/DexWorkActionParams;)V+66
j  com.android.build.gradle.internal.dexing.DexWorkActionKt.launchProcessing(Lcom/android/build/gradle/internal/dexing/DexWorkActionParams;Lcom/android/ide/common/blame/MessageReceiver;)V+46
j  com.android.build.gradle.internal.dexing.DexWorkAction.run()V+62
j  com.android.build.gradle.internal.profile.ProfileAwareWorkAction.execute()V+70
j  org.gradle.workers.internal.DefaultWorkerServer.execute(Lorg/gradle/workers/internal/SimpleActionExecutionSpec;)Lorg/gradle/workers/internal/DefaultWorkResult;+128
j  org.gradle.workers.internal.NoIsolationWorkerFactory$1$1.create()Lorg/gradle/workers/internal/DefaultWorkResult;+29
j  org.gradle.workers.internal.NoIsolationWorkerFactory$1$1.create()Ljava/lang/Object;+1
j  org.gradle.internal.classloader.ClassLoaderUtils.executeInClassloader(Ljava/lang/ClassLoader;Lorg/gradle/internal/Factory;)Ljava/lang/Object;+15
j  org.gradle.workers.internal.NoIsolationWorkerFactory$1.lambda$execute$0(Ljava/lang/ClassLoader;Lorg/gradle/workers/WorkerExecutor;Lorg/gradle/workers/internal/IsolatedParametersActionExecutionSpec;)Lorg/gradle/workers/internal/DefaultWorkResult;+10
j  org.gradle.workers.internal.NoIsolationWorkerFactory$1$$Lambda$1487+0x00007f9ff8c1aea0.execute(Lorg/gradle/workers/internal/IsolatedParametersActionExecutionSpec;)Lorg/gradle/workers/internal/DefaultWorkResult;+13
j  org.gradle.workers.internal.AbstractWorker$1.call(Lorg/gradle/internal/operations/BuildOperationContext;)Lorg/gradle/workers/internal/DefaultWorkResult;+8
j  org.gradle.workers.internal.AbstractWorker$1.call(Lorg/gradle/internal/operations/BuildOperationContext;)Ljava/lang/Object;+2
J 8105 c1 org.gradle.internal.operations.DefaultBuildOperationRunner$CallableBuildOperationWorker.execute(Lorg/gradle/internal/operations/BuildOperation;Lorg/gradle/internal/operations/BuildOperationContext;)V (10 bytes) @ 0x00007fa02a136d4c [0x00007fa02a136ae0+0x000000000000026c]
J 17020 c2 org.gradle.internal.operations.DefaultBuildOperationRunner$2.execute(Lorg/gradle/internal/operations/BuildOperationDescriptor;Lorg/gradle/internal/operations/BuildOperationState;Lorg/gradle/internal/operations/BuildOperationState;Lorg/gradle/internal/operations/DefaultBuildOperationRunner$ReadableBuildOperationContext;Lorg/gradle/internal/operations/DefaultBuildOperationRunner$BuildOperationExecutionListener;)Lorg/gradle/internal/operations/BuildOperation; (110 bytes) @ 0x00007fa0316c57b8 [0x00007fa0316c40c0+0x00000000000016f8]
J 17021 c2 org.gradle.internal.operations.DefaultBuildOperationRunner.execute(Lorg/gradle/internal/operations/BuildOperation;Lorg/gradle/internal/operations/BuildOperationWorker;Lorg/gradle/internal/operations/BuildOperationState;)V (23 bytes) @ 0x00007fa03141ac04 [0x00007fa03141a560+0x00000000000006a4]
J 8104 c1 org.gradle.internal.operations.DefaultBuildOperationRunner.call(Lorg/gradle/internal/operations/CallableBuildOperation;)Ljava/lang/Object; (24 bytes) @ 0x00007fa02a13647c [0x00007fa02a135fa0+0x00000000000004dc]
J 8103 c1 org.gradle.internal.operations.DefaultBuildOperationExecutor.call(Lorg/gradle/internal/operations/CallableBuildOperation;)Ljava/lang/Object; (11 bytes) @ 0x00007fa02a135bc4 [0x00007fa02a135ac0+0x0000000000000104]
j  org.gradle.workers.internal.AbstractWorker.executeWrappedInBuildOperation(Lorg/gradle/workers/internal/IsolatedParametersActionExecutionSpec;Lorg/gradle/internal/operations/BuildOperationRef;Lorg/gradle/workers/internal/AbstractWorker$Work;)Lorg/gradle/workers/internal/DefaultWorkResult;+15
j  org.gradle.workers.internal.NoIsolationWorkerFactory$1.execute(Lorg/gradle/workers/internal/IsolatedParametersActionExecutionSpec;Lorg/gradle/internal/operations/BuildOperationRef;)Lorg/gradle/workers/internal/DefaultWorkResult;+17
j  org.gradle.workers.internal.DefaultWorkerExecutor.lambda$submitWork$0(Lorg/gradle/workers/internal/WorkerFactory;Lorg/gradle/workers/internal/WorkerRequirement;Lorg/gradle/workers/internal/IsolatedParametersActionExecutionSpec;Lorg/gradle/internal/operations/BuildOperationRef;)Lorg/gradle/workers/internal/DefaultWorkResult;+13
j  org.gradle.workers.internal.DefaultWorkerExecutor$$Lambda$1485+0x00007f9ff8c1a1e0.call()Ljava/lang/Object;+16
J 5571 c1 java.util.concurrent.FutureTask.run()V java.base@17.0.20 (123 bytes) @ 0x00007fa029e9e31c [0x00007fa029e9db40+0x00000000000007dc]
j  org.gradle.internal.work.DefaultConditionalExecutionQueue$ExecutionRunner.runExecution(Lorg/gradle/internal/work/ConditionalExecution;)V+6
j  org.gradle.internal.work.DefaultConditionalExecutionQueue$ExecutionRunner.access$700(Lorg/gradle/internal/work/DefaultConditionalExecutionQueue$ExecutionRunner;Lorg/gradle/internal/work/ConditionalExecution;)V+2
j  org.gradle.internal.work.DefaultConditionalExecutionQueue$ExecutionRunner$1.run()V+14
J 16369 c1 org.gradle.internal.Factories$1.create()Ljava/lang/Object; (11 bytes) @ 0x00007fa02ae6ea24 [0x00007fa02ae6e9c0+0x0000000000000064]
j  org.gradle.internal.work.DefaultWorkerLeaseService.withLocks(Ljava/util/Collection;Lorg/gradle/internal/Factory;)Ljava/lang/Object;+28
j  org.gradle.internal.work.DefaultWorkerLeaseService.runAsWorkerThread(Lorg/gradle/internal/Factory;)Ljava/lang/Object;+33
j  org.gradle.internal.work.DefaultWorkerLeaseService.runAsWorkerThread(Ljava/lang/Runnable;)V+5
j  org.gradle.internal.work.DefaultConditionalExecutionQueue$ExecutionRunner.runBatch(Lorg/gradle/internal/work/ConditionalExecution;)V+16
j  org.gradle.internal.work.DefaultConditionalExecutionQueue$ExecutionRunner.run()V+11
J 14094 c1 java.util.concurrent.Executors$RunnableAdapter.call()Ljava/lang/Object; java.base@17.0.20 (14 bytes) @ 0x00007fa02aa0c84c [0x00007fa02aa0c740+0x000000000000010c]
J 5571 c1 java.util.concurrent.FutureTask.run()V java.base@17.0.20 (123 bytes) @ 0x00007fa029e9e31c [0x00007fa029e9db40+0x00000000000007dc]
J 18413 c2 org.gradle.internal.concurrent.AbstractManagedExecutor$1.run()V (57 bytes) @ 0x00007fa031787a34 [0x00007fa0317876e0+0x0000000000000354]
J 15886 c1 java.util.concurrent.ThreadPoolExecutor.runWorker(Ljava/util/concurrent/ThreadPoolExecutor$Worker;)V java.base@17.0.20 (187 bytes) @ 0x00007fa02ad9e4ec [0x00007fa02ad9dc20+0x00000000000008cc]
J 19590 c1 java.util.concurrent.ThreadPoolExecutor$Worker.run()V java.base@17.0.20 (9 bytes) @ 0x00007fa02b17b8a4 [0x00007fa02b17b840+0x0000000000000064]
J 18899 c1 java.lang.Thread.run()V java.base@17.0.20 (17 bytes) @ 0x00007fa02b024dac [0x00007fa02b024d40+0x000000000000006c]
v  ~StubRoutines::call_stub

Compiled method (n/a) 3300666  600     n 0       java.lang.ClassLoader::defineClass1 (native)
 total in heap  [0x00007fa031008b90,0x00007fa031009018] = 1160
 relocation     [0x00007fa031008cf0,0x00007fa031008d28] = 56
 main code      [0x00007fa031008d40,0x00007fa031009018] = 728

[Constant Pool (empty)]

[MachCode]
[Entry Point]
  # {method} {0x00007f9ff7011198} 'defineClass1' '(Ljava/lang/ClassLoader;Ljava/lang/String;[BIILjava/security/ProtectionDomain;Ljava/lang/String;)Ljava/lang/Class;' in 'java/lang/ClassLoader'
  # parm0:    rsi:rsi   = 'java/lang/ClassLoader'
  # parm1:    rdx:rdx   = 'java/lang/String'
  # parm2:    rcx:rcx   = '[B'
  # parm3:    r8        = int
  # parm4:    r9        = int
  # parm5:    rdi:rdi   = 'java/security/ProtectionDomain'
  # parm6:    [sp+0x70]   = 'java/lang/String'  (sp of caller)
  0x00007fa031008d40: 448b 5608 | 49bb 0000 | 00f7 9f7f | 0000 4d03 | d349 3bc2 | 0f84 0600 

  0x00007fa031008d58: ;   {runtime_call ic_miss_stub}
  0x00007fa031008d58: 0000 e921 | 14a9 ff90 
[Verified Entry Point]
  0x00007fa031008d60: 8984 2400 | c0fe ff55 | 488b ec48 | 83ec 6048 | 817d 1000 | 0000 0048 | 8d45 1048 | 0f44 4510 
  0x00007fa031008d80: 4889 4424 | 1048 897c | 2440 4883 | ff00 488d | 4424 4048 | 0f44 4424 | 4048 8944 | 2408 4c89 
  0x00007fa031008da0: 0c24 4d8b | c848 894c | 2428 4883 | f900 4c8d | 4424 284c | 0f44 4424 | 2848 8954 | 2420 4883 
  0x00007fa031008dc0: fa00 488d | 4c24 2048 | 0f44 4c24 | 2048 8974 | 2418 4883 | fe00 488d | 5424 1848 | 0f44 5424 
  0x00007fa031008de0: ;   {oop(a 'java/lang/Class'{0x00000000ffe01218} = 'java/lang/ClassLoader')}
  0x00007fa031008de0: 1849 be18 | 12e0 ff00 | 0000 004c | 8974 2448 | 4c8d 7424 | 4849 8bf6 

  0x00007fa031008df8: ;   {internal_word}
  0x00007fa031008df8: c5f8 7749 | baf8 8d00 | 31a0 7f00 | 004d 8997 | 9802 0000 | 4989 a790 

  0x00007fa031008e10: ;   {external_word}
  0x00007fa031008e10: 0200 0080 | 3d0b 5445 | 1800 0f84 | 3e00 0000 | 5652 5141 

  0x00007fa031008e24: ;   {metadata({method} {0x00007f9ff7011198} 'defineClass1' '(Ljava/lang/ClassLoader;Ljava/lang/String;[BIILjava/security/ProtectionDomain;Ljava/lang/String;)Ljava/lang/Class;' in 'java/lang/ClassLoader')}
  0x00007fa031008e24: 5041 5148 | be98 1101 | f79f 7f00 | 0049 8bff | f7c4 0f00 | 0000 0f84 | 1200 0000 | 4883 ec08 
  0x00007fa031008e44: ;   {runtime_call SharedRuntime::dtrace_method_entry(JavaThread*, Method*)}
  0x00007fa031008e44: e857 2be1 | 1748 83c4 | 08e9 0500 

  0x00007fa031008e50: ;   {runtime_call SharedRuntime::dtrace_method_entry(JavaThread*, Method*)}
  0x00007fa031008e50: 0000 e849 | 2be1 1741 | 5941 5859 | 5a5e 498d | bfb0 0200 | 0041 c787 | 3803 0000 | 0400 0000 
  0x00007fa031008e70: ;   {runtime_call Java_java_lang_ClassLoader_defineClass1}
  0x00007fa031008e70: e89b 65ce | 16c5 f877 | 41c7 8738 | 0300 0005 | 0000 00f0 | 8344 24c0 | 0049 3baf | 4003 0000 
  0x00007fa031008e90: 0f87 1100 | 0000 4181 | bf28 0300 | 0000 0000 | 000f 8424 | 0000 00c5 | f877 4889 | 45f8 498b 
  0x00007fa031008eb0: ff4c 8be4 | 4883 ec00 | 4883 e4f0 

  0x00007fa031008ebc: ;   {runtime_call JavaThread::check_special_condition_for_native_trans(JavaThread*)}
  0x00007fa031008ebc: e84f 3afd | 1749 8be4 | 4d33 e448 | 8b45 f841 | c787 3803 | 0000 0800 | 0000 4181 | bfa8 0300 
  0x00007fa031008edc: 0002 0000 | 000f 8408 

  0x00007fa031008ee4: ;   {external_word}
  0x00007fa031008ee4: 0100 0080 | 3d37 5345 | 1800 0f84 | 3800 0000 | 4889 45f8 

  0x00007fa031008ef8: ;   {metadata({method} {0x00007f9ff7011198} 'defineClass1' '(Ljava/lang/ClassLoader;Ljava/lang/String;[BIILjava/security/ProtectionDomain;Ljava/lang/String;)Ljava/lang/Class;' in 'java/lang/ClassLoader')}
  0x00007fa031008ef8: 48be 9811 | 01f7 9f7f | 0000 498b | fff7 c40f | 0000 000f | 8412 0000 | 0048 83ec 

  0x00007fa031008f14: ;   {runtime_call SharedRuntime::dtrace_method_exit(JavaThread*, Method*)}
  0x00007fa031008f14: 08e8 362b | e117 4883 | c408 e905 

  0x00007fa031008f20: ;   {runtime_call SharedRuntime::dtrace_method_exit(JavaThread*, Method*)}
  0x00007fa031008f20: 0000 00e8 | 282b e117 | 488b 45f8 | 49c7 8790 | 0200 0000 | 0000 0049 | c787 9802 | 0000 0000 
  0x00007fa031008f40: 0000 c5f8 | 7748 85c0 | 0f84 7b00 | 0000 48f7 | c001 0000 | 000f 846b | 0000 0048 | 8b40 ff41 
  0x00007fa031008f60: 807f 3800 | 0f84 5700 | 0000 4883 | f800 0f84 | 4d00 0000 | 498b 4f20 | 4883 f900 | 0f84 1400 
  0x00007fa031008f80: 0000 4883 | e908 4989 | 4f20 4903 | 4f30 4889 | 01e9 2b00 | 0000 5049 | 8bf7 488b | f8f7 c40f 
  0x00007fa031008fa0: 0000 000f | 8412 0000 | 0048 83ec 

  0x00007fa031008fac: ;   {runtime_call G1BarrierSetRuntime::write_ref_field_pre_entry(oopDesc*, JavaThread*)}
  0x00007fa031008fac: 08e8 be07 | 8017 4883 | c408 e905 

  0x00007fa031008fb8: ;   {runtime_call G1BarrierSetRuntime::write_ref_field_pre_entry(oopDesc*, JavaThread*)}
  0x00007fa031008fb8: 0000 00e8 | b007 8017 | 58e9 0300 | 0000 488b | 0049 8b8f | d800 0000 | c781 0001 | 0000 0000 
  0x00007fa031008fd8: 0000 c949 | 817f 0800 | 0000 000f | 8501 0000 

  0x00007fa031008fe8: ;   {runtime_call StubRoutines (1)}
  0x00007fa031008fe8: 00c3 e911 | 0ca4 ffc5 | f877 4889 | 45f8 4c8b | e448 83ec | 0048 83e4 

  0x00007fa031009000: ;   {runtime_call SharedRuntime::reguard_yellow_pages()}
  0x00007fa031009000: f0e8 fa38 | e117 498b | e44d 33e4 | 488b 45f8 | e9d2 feff | fff4 f4f4 
[/MachCode]


Compiled method (c2) 3300670 7991   !   4       java.net.URLClassLoader::defineClass (224 bytes)
 total in heap  [0x00007fa0312ea510,0x00007fa0312f96d0] = 61888
 relocation     [0x00007fa0312ea670,0x00007fa0312eacc8] = 1624
 main code      [0x00007fa0312eace0,0x00007fa0312f37a0] = 35520
 stub code      [0x00007fa0312f37a0,0x00007fa0312f3b58] = 952
 oops           [0x00007fa0312f3b58,0x00007fa0312f3b90] = 56
 metadata       [0x00007fa0312f3b90,0x00007fa0312f4020] = 1168
 scopes data    [0x00007fa0312f4020,0x00007fa0312f7998] = 14712
 scopes pcs     [0x00007fa0312f7998,0x00007fa0312f8bb8] = 4640
 dependencies   [0x00007fa0312f8bb8,0x00007fa0312f8c88] = 208
 handler table  [0x00007fa0312f8c88,0x00007fa0312f9528] = 2208
 nul chk table  [0x00007fa0312f9528,0x00007fa0312f96d0] = 424

[Constant Pool (empty)]

[MachCode]
[Entry Point]
  # {method} {0x00007fa010050ff8} 'defineClass' '(Ljava/lang/String;Ljdk/internal/loader/Resource;)Ljava/lang/Class;' in 'java/net/URLClassLoader'
  # this:     rsi:rsi   = 'java/net/URLClassLoader'
  # parm0:    rdx:rdx   = 'java/lang/String'
  # parm1:    rcx:rcx   = 'jdk/internal/loader/Resource'
  #           [sp+0x110]  (sp of caller)
  0x00007fa0312eace0: 448b 5608 | 49bb 0000 | 00f7 9f7f | 0000 4d03 | d349 3bc2 

  0x00007fa0312eacf4: ;   {runtime_call ic_miss_stub}
  0x00007fa0312eacf4: 0f85 86f4 | 7aff 6690 | 0f1f 4000 
[Verified Entry Point]
  0x00007fa0312ead00: 8984 2400 | c0fe ff55 | 4881 ec00 | 0100 0048 | 894c 2448 | 4889 7424 | 7048 8954 | 2440 6690 
  0x00007fa0312ead20: c5f8 7749 | ba70 ced6 | 48a0 7f00 | 0041 ffd2 | 4889 4424 | 384c 8b54 | 2440 660f | 1f44 0000 
  0x00007fa0312ead40: ; implicit exception: dispatches to 0x00007fa0312f2908
  0x00007fa0312ead40: 458b 4a14 

  0x00007fa0312ead44: ; implicit exception: dispatches to 0x00007fa0312f291c
  0x00007fa0312ead44: 418b 590c | 410f be4a | 1044 8bdb | 41d3 fb41 | ffcb 85c9 | 0f85 a05a | 0000 448b | d341 ffca 
  0x00007fa0312ead64: 453b da45 | 0f4c d345 | 85d2 0f8c | e235 0000 | 85db 0f86 | 3853 0000 | 0f1f 4000 | 443b d30f 
  0x00007fa0312ead84: 832b 5300 | 0045 85d2 | 0f8e 9254 | 0000 458b | c241 ffc8 | 4533 db44 | 895c 2420 | 430f be4c 
  0x00007fa0312eada4: 1110 83f9 | 2e0f 84f6 | 2b00 0041 | ffca 453b | d07f e941 | 83fa 020f | 1f44 0000 | 0f8e a500 
  0x00007fa0312eadc4: 0000 418b | ca83 c1fe | 4183 fa02 | 0f4c 4c24 | 2081 f9a0 | 0f00 0041 | b8a0 0f00 | 0041 0f47 
  0x00007fa0312eade4: c845 8bc2 | 442b c10f | 1f44 0000 | 4d63 da43 | 0fbe 4c19 | 1083 f92e | 0f1f 4000 | 0f84 9200 
  0x00007fa0312eae04: 0000 470f | be5c 190f | 4183 fb2e | 0f84 8700 | 0000 458b | da41 83c3 | fe43 0fbe | 5c19 1083 
  0x00007fa0312eae24: fb2e 0f84 | 7700 0000 | 458b da41 | 83c3 fd43 | 0fbe 4c19 | 1083 f92e | 0f1f 4000 | 0f84 5d00 
  0x00007fa0312eae44: 0000 4183 | c2fc 453b | d07f a14d | 8b87 4803 | 0000 498b | c94c 8b5c 

  0x00007fa0312eae5c: ; ImmutableOopMap {r11=Oop r9=NarrowOop rcx=Oop [64]=Oop [72]=Oop [112]=Oop }
                      ;*goto {reexecute=1 rethrow=0 return_oop=0}
                      ; - (reexecute) java.lang.StringLatin1::lastIndexOf@35 (line 294)
                      ; - java.lang.String::lastIndexOf@13 (line 2489)
                      ; - java.lang.String::lastIndexOf@8 (line 2451)
                      ; - java.net.URLClassLoader::defineClass@7 (line 486)
                      ;   {poll}
  0x00007fa0312eae5c: 2440 4185 | 0041 83fa | 020f 8f5b | ffff ff41 | 83fa ff0f | 8ee9 3400 | 0066 6690 | 470f be44 
  0x00007fa0312eae7c: 1110 6690 | 4183 f82e | 0f84 6459 | 0000 41ff | ca41 83fa | ff7f e5e9 | c634 0000 | 458b daeb 
  0x00007fa0312eae9c: 0645 8bda | 41ff cb4c | 8b54 2448 

  0x00007fa0312eaea8: ; implicit exception: dispatches to 0x00007fa0312f2930
  0x00007fa0312eaea8: 458b 4208 | 4489 4424 | 244d 8b97 | 8802 0000 | 4d8b 2a0f | 1f44 0000 

  0x00007fa0312eaec0: ;   {metadata('jdk/internal/loader/URLClassPath$JarLoader$2')}
  0x00007fa0312eaec0: 4181 f8f8 | 621a 000f | 852f 3400 | 0048 8b6c | 2448 448b | 5520 458b | 421c 4d8b | d04c 8994 
  0x00007fa0312eaee0: 2498 0000 | 0041 83fb | ff0f 84e5 | 3300 004c | 8b54 2440 | 458b 4214 | 0f1f 8400 | 0000 0000 
  0x00007fa0312eaf00: ; implicit exception: dispatches to 0x00007fa0312f29e0
  0x00007fa0312eaf00: 458b 480c | 4489 4c24 | 5041 0fbe | 4a10 418b | e9d3 fd45 | 85db 0f8c | 8459 0000 | 0f1f 4000 
  0x00007fa0312eaf20: 443b dd0f | 8f47 5b00 | 0044 3bdd | 0f84 582a | 0000 85c9 | 0f85 f55b | 0000 660f | 1f44 0000 
  0x00007fa0312eaf40: 4585 db0f | 84de 3900 | 0049 8b9f | 0801 0000 | 4c8b d349 | 83c2 1866 | 0f1f 8400 | 0000 0000 
  0x00007fa0312eaf60: 4d3b 9718 | 0100 000f | 83f8 4600 | 004d 8997 | 0801 0000 | 410f 0d8a | 0001 0000 | 48c7 0301 
  0x00007fa0312eaf80: 0000 004c | 8bd3 4983 

  0x00007fa0312eaf88: ;   {metadata('java/lang/String')}
  0x00007fa0312eaf88: c210 c743 | 0810 ec00 | 0044 8963 | 0cc5 fdef | c0c4 c179 | d602 6690 | 4181 fb00 | 0010 000f 
  0x00007fa0312eafa8: 871f 5400 | 004d 63d3 | 448b 4c24 | 5045 3bcb | 418b eb41 | 0f4c e990 | 443b cd0f | 82fc 5400 
  0x00007fa0312eafc8: 0044 3bdd | 0f82 f354 | 0000 4983 | c217 498b | d248 83e2 | f866 6690 | 4181 fb00 | 0010 000f 
  0x00007fa0312eafe8: 87e3 4600 | 004d 8b8f | 0801 0000 | 498b c948 | 03ca 660f | 1f44 0000 | 493b 8f18 | 0100 000f 
  0x00007fa0312eb008: 83c3 4600 | 0049 898f | 0801 0000 | 0f0d 8900 | 0100 0049 | c701 0100 | 0000 0f0d | 8940 0100 
  0x00007fa0312eb028: ;   {metadata({type array byte})}
  0x00007fa0312eb028: 0041 c741 | 0838 6800 | 0045 8959 | 0c0f 0d89 | 8001 0000 | 4d8b f549 | 8bf1 4883 | c610 49c1 
  0x00007fa0312eb048: ea03 4d8b | e985 ed0f | 847f 5300 | 0049 8bc8 | 4d8d 4010 | 0f1f 4000 | 413b eb0f | 8c7f 3300 
  0x00007fa0312eb068: 0049 8be9 | 4883 c2f0 | 48c1 ea03 | 498b f866 | 0f1f 8400 | 0000 0000 | c5f8 7749 | ba20 39a8 
  0x00007fa0312eb088: 30a0 7f00 | 0041 ffd2 | 4c8b cd41 | 807f 3800 | 7500 4489 | 6b14 4d8b | d14c 8bdb | 4d33 d349 
  0x00007fa0312eb0a8: c1ea 144d | 85d2 741a | 49c1 eb09 | 48bf 0060 | ef46 a07f | 0000 4903 | fb80 3f04 | 0f85 0834 
  0x00007fa0312eb0c8: 0000 4488 | 6310 4d8b | ee48 899c | 24a0 0000 | 0044 8b5c | 2424 6690 

  0x00007fa0312eb0e0: ;   {metadata('jdk/internal/loader/URLClassPath$JarLoader$2')}
  0x00007fa0312eb0e0: 4181 fbf8 | 621a 000f | 8538 3600 | 004c 8b54 

  0x00007fa0312eb0f0: ;   {oop(a 'java/lang/Class'{0x00000000ffe0b3d8} = 'jdk/internal/access/SharedSecrets')}
  0x00007fa0312eb0f0: 2448 49bb | d8b3 e0ff | 0000 0000 | 458b 9bc8 | 0000 0041 | 8b4b 0845 | 8b42 2045 

  0x00007fa0312eb10c: ;   {metadata('java/util/jar/JavaUtilJarAccessImpl')}
  0x00007fa0312eb10c: 8b40 1881 | f9c8 321a | 000f 8565 | 5100 000f | 1f44 0000 

  0x00007fa0312eb120: ; implicit exception: dispatches to 0x00007fa0312f2a18
  0x00007fa0312eb120: 418b 6808 | 4d8b c848 | 8d9c 24e0 | 0000 0049 | 8b01 48f7 | c002 0000 | 0075 2448 | 83c8 0148 
  0x00007fa0312eb140: 8903 f049 | 0fb1 190f | 843e 0000 | 0048 2bc4 | 4881 e007 | f0ff ff48 | 8903 e92c | 0000 0048 
  0x00007fa0312eb160: 8bc8 4833 | c0f0 4c0f | b179 3e48 | c703 0300 | 0000 0f84 | 1300 0000 | 4c3b f80f | 850a 0000 
  0x00007fa0312eb180: 0048 ff81 | 8600 0000 | 4833 c00f | 8527 5100 | 0045 3b60 | 3075 1141 | 0fb6 4812 | 0f1f 4000 
  0x00007fa0312eb1a0: 85c9 0f85 | 302a 0000 | 453b 6030 | 0f85 b634 | 0000 488d | 8424 e000 | 0000 4881 | 3800 0000 
  0x00007fa0312eb1c0: 000f 8483 | 0000 004d | 8b19 49f7 | c302 0000 | 0074 6f49 | 81bb 8600 | 0000 0000 | 0000 7409 
  0x00007fa0312eb1e0: 49ff 8b86 | 0000 00eb | 5149 8b83 | 9600 0000 | 490b 838e | 0000 0075 | 0a49 c743 | 3e00 0000 
  0x00007fa0312eb200: 00eb 4749 | 81bb 9e00 | 0000 0000 | 0000 7425 | 4833 c049 | c743 3e00 | 0000 00f0 | 8304 2400 
  0x00007fa0312eb220: 4981 bb9e | 0000 0000 | 0000 0075 | 0df0 4d0f | b17b 3e75 | 0583 c801 | eb10 f7c0 | 0000 0000 
  0x00007fa0312eb240: eb08 4c8b | 18f0 4d0f | b119 0f85 | 0551 0000 | 458b 4220 

  0x00007fa0312eb254: ; implicit exception: dispatches to 0x00007fa0312f2a3c
  0x00007fa0312eb254: 418b 6818 | 0f1f 8400 | 0000 0000 

  0x00007fa0312eb260: ; implicit exception: dispatches to 0x00007fa0312f2a60
  0x00007fa0312eb260: 448b 5d08 

  0x00007fa0312eb264: ;   {metadata('java/util/jar/JarFile')}
  0x00007fa0312eb264: 4181 fb28 | a119 000f | 851b 5100 | 004c 8954 | 2428 4c89 | 6c24 1848 | 8bf5 6690 

  0x00007fa0312eb280: ;   {optimized virtual_call}
  0x00007fa0312eb280: c5f8 77e8 

  0x00007fa0312eb284: ; ImmutableOopMap {[24]=Oop [40]=Oop [64]=Oop [72]=Oop [112]=Oop [152]=Oop [160]=Oop }
                      ;*invokevirtual getManifestFromReference {reexecute=0 rethrow=0 return_oop=1}
                      ; - java.util.jar.JarFile::getManifest@1 (line 406)
                      ; - jdk.internal.loader.URLClassPath$JarLoader$2::getManifest@22 (line 886)
                      ; - java.net.URLClassLoader::defineClass@34 (line 491)
  0x00007fa0312eb284: d8a0 feff | 4889 4424 | 784c 8b6c | 2418 4c8b | 5424 7041 | 8b6a 3885 | ed66 6690 | 0f84 6a4e 
  0x00007fa0312eb2a4: 0000 488b | 9424 a000 | 0000 8b42 | 0c85 c00f | 852f 0100 | 0044 0fb6 | 5a11 6690 | 4585 db0f 
  0x00007fa0312eb2c4: 85bc 2800 | 0044 8b52 | 144c 8bcd | 807a 1000 | 0f85 2248 | 0000 660f | 1f44 0000 

  0x00007fa0312eb2e0: ; implicit exception: dispatches to 0x00007fa0312f2c90
  0x00007fa0312eb2e0: 418b 4a0c | 85c9 0f86 | d128 0000 | 448b d941 | ffcb 443b | d90f 8361 | 5d00 00c4 | c1f9 6ec5 
  0x00007fa0312eb300: c5f9 6eed | 410f b672 | 108b e983 | c5fd 83fd | 010f 8ea1 | 5d00 00c5 | fb10 8c24 | a000 0000 
  0x00007fa0312eb320: 8bde c1e3 | 052b de4d | 8bf2 bf01 

  0x00007fa0312eb32c: ;   {oop(""{0x00000000fff00010})}
  0x00007fa0312eb32c: 0000 0049 | b810 00f0 | ff00 0000 | 0049 bb00 | 60ef 46a0 | 7f00 00c4 | c1f9 6ed0 | c4c1 f96e 
  0x00007fa0312eb34c: db8b d12b | d783 c2fd | 3bef 0f4c | 5424 2081 | faa0 0f00 | 0041 b8a0 | 0f00 0041 | 0f47 d003 
  0x00007fa0312eb36c: d766 6690 | 4863 f745 | 0fb6 5c32 | 1045 0fb6 | 6c32 1345 | 0fb6 4432 | 1141 0fb6 | 7432 1241 
  0x00007fa0312eb38c: 03db 8bc3 | c1e0 052b | c341 03c0 | 448b d841 | c1e3 0544 | 2bd8 4403 | de41 8bf3 | c1e6 0541 
  0x00007fa0312eb3ac: 2bf3 4103 | f58b dec1 | e305 2bde | 83c7 043b | fa7c b14d | 8b9f 4803 

  0x00007fa0312eb3c4: ; ImmutableOopMap {r10=NarrowOop r9=Oop r14=Oop xmm0=Oop xmm1=Oop xmm2=Oop xmm5=NarrowOop [64]=Oop [72]=Oop [112]=Oop [120]=Oop [152]=Oop }
                      ;*goto {reexecute=1 rethrow=0 return_oop=0}
                      ; - (reexecute) java.lang.StringLatin1::hashCode@37 (line 196)
                      ; - java.lang.String::hashCode@27 (line 2344)
                      ; - java.util.concurrent.ConcurrentHashMap::get@1 (line 936)
                      ; - java.lang.ClassLoader::getDefinedPackage@13 (line 2239)
                      ; - java.net.URLClassLoader::getAndVerifyPackage@2 (line 457)
                      ; - java.net.URLClassLoader::defineClass@46 (line 492)
                      ;   {poll}
  0x00007fa0312eb3c4: 0000 4185 | 033b fd0f | 8c7c ffff | ffc4 c1f9 | 7ed0 c4c1 | f97e d9c4 | e1f9 7eca | 3bf9 7c1a 
  0x00007fa0312eb3e4: 8bc6 eb2f 

  0x00007fa0312eb3e8: ;   {oop(""{0x00000000fff00010})}
  0x00007fa0312eb3e8: 49b8 1000 | f0ff 0000 | 0000 49b9 | 0060 ef46 | a07f 0000 | eb2d 410f | b65c 3a10 | 8bc6 c1e0 
  0x00007fa0312eb408: 052b c603 | c3ff c73b | f97d 048b | f0eb e7c5 | f97e edc4 | c1f9 7ec5 | 85c0 0f84 | 8047 0000 
  0x00007fa0312eb428: 8942 0c44 | 8b55 2845 | 85d2 0f84 | b70a 0000 | 4c89 6c24 | 2841 8b4a | 0c44 8bd8 | 41c1 eb10 
  0x00007fa0312eb448: 4433 d841 | 81e3 ffff | ff7f 85c9 | 0f86 ba55 | 0000 ffc9 | 4123 cb48 | 63c9 458b | 548a 1045 
  0x00007fa0312eb468: 85d2 0f84 | 7f0a 0000 | 418b 6a0c | 413b eb0f | 8488 0100 | 0066 6690 | 85ed 0f8c | fc60 0000 
  0x00007fa0312eb488: 418b 4a18 | 85c9 0f84 | 5b0a 0000 | 4c8b e941 | 8b4d 0c49 | 8bb7 4803 

  0x00007fa0312eb4a0: ; ImmutableOopMap {r8=Oop rdx=Oop r13=Oop [40]=Oop [64]=Oop [72]=Oop [112]=Oop [120]=Oop [152]=Oop }
                      ;*if_icmpne {reexecute=1 rethrow=0 return_oop=0}
                      ; - (reexecute) java.util.concurrent.ConcurrentHashMap::get@127 (line 946)
                      ; - java.lang.ClassLoader::getDefinedPackage@13 (line 2239)
                      ; - java.net.URLClassLoader::getAndVerifyPackage@2 (line 457)
                      ; - java.net.URLClassLoader::defineClass@46 (line 492)
                      ;   {poll}
  0x00007fa0312eb4a0: 0000 8506 | 413b cb74 | 1141 8b4d | 1885 c90f | 8435 0a00 | 004c 8be9 | ebdd 458b | 5510 498b 
  0x00007fa0312eb4c0: ca48 3bca | 0f84 1e01 | 0000 418b | 5a08 498b | ca48 3bd1 | 0f84 0e01 | 0000 660f | 1f44 0000 
  0x00007fa0312eb4e0: ;   {metadata('java/lang/String')}
  0x00007fa0312eb4e0: 81fb 10ec | 0000 0f85 | f070 0000 | 440f be52 | 100f be69 | 1044 3bd5 | 0f85 e264 | 0000 8b59 
  0x00007fa0312eb500: 1444 8b52 | 148b 730c | 418b 4a0c | 3bce 0f85 | 4063 0000 | 488b fb48 | 8d73 1049 | 8bda 498d 
  0x00007fa0312eb520: 7a10 85c9 | 0f84 a500 | 0000 8bc1 | 83e0 1f83 | e1e0 0f84 | 4b00 0000 | 488d 3c0f | 488d 340e 
  0x00007fa0312eb540: 48f7 d9c5 | fe6f 040f | c5fe 6f0c | 0ec5 fdef | c1c4 e27d | 17c0 0f85 | 7a00 0000 | 4883 c120 
  0x00007fa0312eb560: 75e1 85c0 | 0f84 6500 | 0000 c5fe | 6f44 07e0 | c5fe 6f4c | 06e0 c5fd | efc1 c4e2 | 7d17 c075 
  0x00007fa0312eb580: 55eb 4c8b | c883 e1fc | 7419 488d | 3c0f 488d | 340e 48f7 | d98b 1c0f | 3b1c 0e75 | 3948 83c1 
  0x00007fa0312eb5a0: 0475 f2f7 | c002 0000 | 0074 120f | b71f 0fb7 | 0e3b d975 | 2148 8d7f | 0248 8d76 | 02f7 c001 
  0x00007fa0312eb5c0: 0000 0074 | 0a0f b61f | 0fb6 0e3b | d975 07b8 | 0100 0000 | eb02 33c0 | c5fd efc0 | c5f5 efc9 
  0x00007fa0312eb5e0: 85c0 0f84 | 7062 0000 | 418b 6d14 | 85ed 0f84 | 9d3d 0000 | 0fb6 5a11 | 8b42 0c0f | 1f44 0000 
  0x00007fa0312eb600: e93e 0100 | 0041 8b5a | 1048 8bcb | 483b ca0f | 841b 0100 | 008b 4b08 | 488b fb0f | 1f44 0000 
  0x00007fa0312eb620: 483b d70f | 8407 0100 

  0x00007fa0312eb628: ;   {metadata('java/lang/String')}
  0x00007fa0312eb628: 0081 f910 | ec00 000f | 85bf 7000 | 000f be4a | 100f be6f | 1066 6690 | 3bcd 0f85 | 885e 0000 
  0x00007fa0312eb648: 8b7f 148b | 6a14 8b5f | 0c8b 4d0c | 3bcb 0f85 | 2cfe ffff | 488b df48 | 8d77 1048 | 8bdd 488d 
  0x00007fa0312eb668: 7d10 85c9 | 0f84 a500 | 0000 8bc1 | 83e0 1f83 | e1e0 0f84 | 4b00 0000 | 488d 3c0f | 488d 340e 
  0x00007fa0312eb688: 48f7 d9c5 | fe6f 040f | c5fe 6f0c | 0ec5 fdef | c1c4 e27d | 17c0 0f85 | 7a00 0000 | 4883 c120 
  0x00007fa0312eb6a8: 75e1 85c0 | 0f84 6500 | 0000 c5fe | 6f44 07e0 | c5fe 6f4c | 06e0 c5fd | efc1 c4e2 | 7d17 c075 
  0x00007fa0312eb6c8: 55eb 4c8b | c883 e1fc | 7419 488d | 3c0f 488d | 340e 48f7 | d98b 1c0f | 3b1c 0e75 | 3948 83c1 
  0x00007fa0312eb6e8: 0475 f2f7 | c002 0000 | 0074 120f | b71f 0fb7 | 0e3b d975 | 2148 8d7f | 0248 8d76 | 02f7 c001 
  0x00007fa0312eb708: 0000 0074 | 0a0f b61f | 0fb6 0e3b | d975 07b8 | 0100 0000 | eb02 33c0 | c5fd efc0 | c5f5 efc9 
  0x00007fa0312eb728: 85c0 0f84 | 58fd ffff | 418b 6a14 | 85ed 0f84 | b307 0000 | 8b42 0c0f | b65a 1144 

  0x00007fa0312eb744: ;   {metadata('java/lang/Package')}
  0x00007fa0312eb744: 8b55 0841 | 81fa 4808 | 0200 0f85 | 586d 0000 | 448b 5214 | 0f1f 8400 | 0000 0000 

  0x00007fa0312eb760: ; implicit exception: dispatches to 0x00007fa0312f2ad8
  0x00007fa0312eb760: 418b 4a0c | 4c8b dd45 | 8b73 1085 | c90f 86a1 | 4f00 004c | 8b5c 2470 | 418b 6b38 | 89ac 24c8 
  0x00007fa0312eb780: 0000 0085 | ed0f 8445 | 4f00 0085 | c00f 8541 | 0100 0085 | db0f 850a | 2400 000f | 1f44 0000 
  0x00007fa0312eb7a0: 807a 1000 | 0f85 0944 | 0000 448b | d941 ffcb | 443b d90f | 83cb 5b00 | 0041 0fb6 | 7a10 8bd9 
  0x00007fa0312eb7c0: 83c3 fd83 | fb01 0f8e | 1c5c 0000 | c4c1 796e | dec4 e1f9 | 6ed2 c4c1 | f96e c9c4 | c1f9 6ec0 
  0x00007fa0312eb7e0: 498b d244 | 8bcf 41c1 | e105 442b | cf41 bb01 | 0000 0044 | 8bc1 452b | c341 83c0 | fd41 3bdb 
  0x00007fa0312eb800: 440f 4c44 | 2420 4181 | f8a0 0f00 | 00be a00f | 0000 440f | 47c6 4503 | c30f 1f80 | 0000 0000 
  0x00007fa0312eb820: 4963 f345 | 0fb6 7432 | 1041 0fb6 | 4432 1341 | 0fb6 7c32 | 1141 0fb6 | 7432 1245 | 03ce 458b 
  0x00007fa0312eb840: e941 c1e5 | 0545 2be9 | 4403 ef45 | 8bf5 41c1 | e605 452b | f544 03f6 | 418b fec1 | e705 412b 
  0x00007fa0312eb860: fe03 f844 | 8bcf 41c1 | e105 442b | cf41 83c3 | 0445 3bd8 | 7caa 4d8b | 8748 0300 

  0x00007fa0312eb87c: ; ImmutableOopMap {r10=NarrowOop rdx=Oop rbp=Oop xmm0=Oop xmm2=Oop xmm3=NarrowOop [40]=Oop [64]=Oop [72]=Oop [112]=Oop [120]=Oop [152]=Oop [200]=NarrowOop }
                      ;*goto {reexecute=1 rethrow=0 return_oop=0}
                      ; - (reexecute) java.lang.StringLatin1::hashCode@37 (line 196)
                      ; - java.lang.String::hashCode@27 (line 2344)
                      ; - java.util.concurrent.ConcurrentHashMap::get@1 (line 936)
                      ; - java.lang.ClassLoader::definePackage@47 (line 2101)
                      ; - java.lang.ClassLoader::getDefinedPackage@32 (line 2243)
                      ; - java.net.URLClassLoader::getAndVerifyPackage@2 (line 457)
                      ; - java.net.URLClassLoader::defineClass@46 (line 492)
                      ;   {poll}
  0x00007fa0312eb87c: 0041 8500 | 443b db0f | 8c6a ffff | ffc4 c1f9 | 7ec0 c4c1 | f97e c9c4 | e1f9 7ed2 | c4c1 797e 
  0x00007fa0312eb89c: de66 6690 | 443b d97c | 048b c7eb | 2043 0fb6 | 5c1a 108b | c7c1 e005 | 2bc7 03c3 | 41ff c30f 
  0x00007fa0312eb8bc: 1f44 0000 | 443b d97d | 048b f8eb | e085 c00f | 849b 4300 | 0089 420c | 448b 9424 | c800 0000 
  0x00007fa0312eb8dc: 458b 5228 | 4585 d20f | 84ff 0200 | 0041 8b4a | 0c44 8bd8 | 41c1 eb10 | 4433 d841 | 81e3 ffff 
  0x00007fa0312eb8fc: ff7f 6690 | 85c9 0f86 | d055 0000 | ffc9 4123 | cb48 63c9 | 458b 548a | 1045 85d2 | 0f84 ca02 
  0x00007fa0312eb91c: 0000 418b | 6a0c 413b | eb0f 854a | 0100 0041 | 8b5a 1048 | 8bcb 483b | ca0f 8414 | 0100 000f 
  0x00007fa0312eb93c: 1f44 0000 

  0x00007fa0312eb940: ; implicit exception: dispatches to 0x00007fa0312f2de0
  0x00007fa0312eb940: 8b73 0848 | 8bcb 483b | d10f 8400 

  0x00007fa0312eb94c: ;   {metadata('java/lang/String')}
  0x00007fa0312eb94c: 0100 0081 | fe10 ec00 | 000f 85f5 | 6d00 000f | be5a 100f | be69 103b | dd0f 85dc | 5d00 008b 
  0x00007fa0312eb96c: 5914 8b42 | 148b 7b0c | 8b48 0c3b | cf0f 85fe | 0000 0048 | 8bfb 488d | 7310 488b | d848 8d78 
  0x00007fa0312eb98c: 1085 c90f | 84a5 0000 | 008b c183 | e01f 83e1 | e00f 844b | 0000 0048 | 8d3c 0f48 | 8d34 0e48 
  0x00007fa0312eb9ac: f7d9 c5fe | 6f04 0fc5 | fe6f 0c0e | c5fd efc1 | c4e2 7d17 | c00f 857a | 0000 0048 | 83c1 2075 
  0x00007fa0312eb9cc: e185 c00f | 8465 0000 | 00c5 fe6f | 4407 e0c5 | fe6f 4c06 | e0c5 fdef | c1c4 e27d | 17c0 7555 
  0x00007fa0312eb9ec: eb4c 8bc8 | 83e1 fc74 | 1948 8d3c | 0f48 8d34 | 0e48 f7d9 | 8b1c 0f3b | 1c0e 7539 | 4883 c104 
  0x00007fa0312eba0c: 75f2 f7c0 | 0200 0000 | 7412 0fb7 | 1f0f b70e | 3bd9 7521 | 488d 7f02 | 488d 7602 | f7c0 0100 
  0x00007fa0312eba2c: 0000 740a | 0fb6 1f0f | b60e 3bd9 | 7507 b801 | 0000 00eb | 0233 c0c5 | fdef c0c5 | f5ef c985 
  0x00007fa0312eba4c: c074 2e41 | 8b6a 1485 | ed0f 848d | 0100 0044 | 8b55 0890 

  0x00007fa0312eba60: ;   {metadata('java/lang/Package')}
  0x00007fa0312eba60: 4181 fa48 | 0802 000f | 8553 6e00 | 0048 8bc5 | e917 0200 | 0085 ed0f | 8c3f 5d00 | 0041 8b4a 
  0x00007fa0312eba80: 1885 c90f | 845f 0100 | 004c 8be9 | 458b 550c | 498b b748 

  0x00007fa0312eba94: ; ImmutableOopMap {r8=Oop rdx=Oop r13=Oop r14=NarrowOop [40]=Oop [64]=Oop [72]=Oop [112]=Oop [120]=Oop [152]=Oop }
                      ;*if_icmpne {reexecute=1 rethrow=0 return_oop=0}
                      ; - (reexecute) java.util.concurrent.ConcurrentHashMap::get@127 (line 946)
                      ; - java.lang.ClassLoader::definePackage@47 (line 2101)
                      ; - java.lang.ClassLoader::getDefinedPackage@32 (line 2243)
                      ; - java.net.URLClassLoader::getAndVerifyPackage@2 (line 457)
                      ; - java.net.URLClassLoader::defineClass@46 (line 492)
                      ;   {poll}
  0x00007fa0312eba94: 0300 0085 | 0645 3bd3 | 7411 418b | 4d18 85c9 | 0f84 3e01 | 0000 4c8b | e9eb dd45 | 8b55 1049 
  0x00007fa0312ebab4: 8bca 483b | ca0f 841b | 0100 0090 

  0x00007fa0312ebac0: ; implicit exception: dispatches to 0x00007fa0312f2ed8
  0x00007fa0312ebac0: 418b 5a08 | 498b fa48 | 3bd7 0f84 | 0a01 0000 

  0x00007fa0312ebad0: ;   {metadata('java/lang/String')}
  0x00007fa0312ebad0: 81fb 10ec | 0000 0f85 | 6c6b 0000 | 0fbe 4a10 | 0fbe 6f10 | 3bcd 0f85 | bb60 0000 | 8b47 1444 
  0x00007fa0312ebaf0: 8b52 148b | 700c 418b | 4a0c 3bce | 0f1f 4000 | 0f85 335e | 0000 488b | d848 8d70 | 1049 8bda 
  0x00007fa0312ebb10: 498d 7a10 | 85c9 0f84 | a500 0000 | 8bc1 83e0 | 1f83 e1e0 | 0f84 4b00 | 0000 488d | 3c0f 488d 
  0x00007fa0312ebb30: 340e 48f7 | d9c5 fe6f | 040f c5fe | 6f0c 0ec5 | fdef c1c4 | e27d 17c0 | 0f85 7a00 | 0000 4883 
  0x00007fa0312ebb50: c120 75e1 | 85c0 0f84 | 6500 0000 | c5fe 6f44 | 07e0 c5fe | 6f4c 06e0 | c5fd efc1 | c4e2 7d17 
  0x00007fa0312ebb70: c075 55eb | 4c8b c883 | e1fc 7419 | 488d 3c0f | 488d 340e | 48f7 d98b | 1c0f 3b1c | 0e75 3948 
  0x00007fa0312ebb90: 83c1 0475 | f2f7 c002 | 0000 0074 | 120f b71f | 0fb7 0e3b | d975 2148 | 8d7f 0248 | 8d76 02f7 
  0x00007fa0312ebbb0: c001 0000 | 0074 0a0f | b61f 0fb6 | 0e3b d975 | 07b8 0100 | 0000 eb02 | 33c0 c5fd | efc0 c5f5 
  0x00007fa0312ebbd0: efc9 85c0 | 0f84 635d | 0000 418b | 6d14 6690 | 85ed 0f85 | 73fe ffff | 4c8b 5424 | 7041 8b6a 
  0x00007fa0312ebbf0: 3849 8b8f | 0801 0000 | 4c8b d149 | 83c2 1890 | 4d3b 9718 | 0100 000f | 83ea 3d00 | 004d 8997 
  0x00007fa0312ebc10: 0801 0000 | 410f 0d8a | 0001 0000 | 48c7 0101 | 0000 004c | 8bd9 4983 

  0x00007fa0312ebc28: ;   {metadata('java/lang/ClassLoader$$Lambda$44+0x00007f9ff8063cd8')}
  0x00007fa0312ebc28: c310 c741 | 08d8 3c06 | 01c5 fdef | c0c4 c179 | d603 4c8b | 5424 704d | 8bda 4489 | 590c 4489 
  0x00007fa0312ebc48: 7110 85ed | 0f84 d453 | 0000 4889 | 5424 504c | 894c 2430 | 4c89 4424 | 1848 8bf5 

  0x00007fa0312ebc64: ;   {optimized virtual_call}
  0x00007fa0312ebc64: c5f8 77e8 

  0x00007fa0312ebc68: ; ImmutableOopMap {[24]=Oop [40]=Oop [64]=Oop [72]=Oop [80]=Oop [112]=Oop [120]=Oop [152]=Oop }
                      ;*invokevirtual compute {reexecute=0 rethrow=0 return_oop=1}
                      ; - java.lang.ClassLoader::definePackage@78 (line 2105)
                      ; - java.lang.ClassLoader::getDefinedPackage@32 (line 2243)
                      ; - java.net.URLClassLoader::getAndVerifyPackage@2 (line 457)
                      ; - java.net.URLClassLoader::defineClass@46 (line 492)
  0x00007fa0312ebc68: 14ea 7aff 

  0x00007fa0312ebc6c: ; implicit exception: dispatches to 0x00007fa0312f2cb8
  0x00007fa0312ebc6c: 448b 5008 

  0x00007fa0312ebc70: ;   {metadata('java/lang/Package')}
  0x00007fa0312ebc70: 4181 fa48 | 0802 000f | 852f 6900 | 004c 8b44 | 2418 4c8b | 4c24 3048 | 8b54 2450 | 448b 5010 
  0x00007fa0312ebc90: ; implicit exception: dispatches to 0x00007fa0312f2b04
  0x00007fa0312ebc90: 458b 5a1c | 4585 db0f | 85e3 5100 | 0044 8b58 | 1441 8b6b | 2485 ed0f | 858b 5200 | 004c 8b54 
  0x00007fa0312ebcb0: 2478 4d85 | d274 3b48 | 8944 2458 | 4889 5424 | 504c 894c | 2430 4c89 | 4424 1848 | 8b74 2470 
  0x00007fa0312ebcd0: 488b 4c24 | 7848 8bea 

  0x00007fa0312ebcd8: ;   {optimized virtual_call}
  0x00007fa0312ebcd8: c5f8 77e8 

  0x00007fa0312ebcdc: ; ImmutableOopMap {rbp=Oop [24]=Oop [40]=Oop [64]=Oop [72]=Oop [80]=Oop [88]=Oop [112]=Oop [120]=Oop [152]=Oop }
                      ;*invokevirtual isSealed {reexecute=0 rethrow=0 return_oop=0}
                      ; - java.net.URLClassLoader::getAndVerifyPackage@68 (line 469)
                      ; - java.net.URLClassLoader::defineClass@46 (line 492)
  0x00007fa0312ebcdc: 20a1 ffff | 85c0 0f85 | 9052 0000 | 4c8b 4424 | 184c 8b4c | 2430 4c89 | 4424 304c | 894c 2450 
  0x00007fa0312ebcfc: 0f1f 4000 | e9eb 0800 | 0048 3bd9 | 0f84 7006 | 0000 85ed | 0f84 1201 | 0000 8b4d | 080f 1f80 
  0x00007fa0312ebd1c: 0000 0000 

  0x00007fa0312ebd20: ;   {metadata('java/lang/String')}
  0x00007fa0312ebd20: 81f9 10ec | 0000 0f85 | 906a 0000 | 488b cd48 | 8bd9 0fbe | 6910 443b | cd0f 85dd | 5e00 0041 
  0x00007fa0312ebd40: 8b4a 0c8b | 7b14 8b5f | 0c3b cb0f | 85d7 0000 | 0048 8bdf | 488d 7710 | 498b da49 | 8d7a 1085 
  0x00007fa0312ebd60: c90f 84a5 | 0000 008b | c183 e01f | 83e1 e00f | 844b 0000 | 0048 8d3c | 0f48 8d34 | 0e48 f7d9 
  0x00007fa0312ebd80: c5fe 6f04 | 0fc5 fe6f | 0c0e c5fd | efc1 c4e2 | 7d17 c00f | 857a 0000 | 0048 83c1 | 2075 e185 
  0x00007fa0312ebda0: c00f 8465 | 0000 00c5 | fe6f 4407 | e0c5 fe6f | 4c06 e0c5 | fdef c1c4 | e27d 17c0 | 7555 eb4c 
  0x00007fa0312ebdc0: 8bc8 83e1 | fc74 1948 | 8d3c 0f48 | 8d34 0e48 | f7d9 8b1c | 0f3b 1c0e | 7539 4883 | c104 75f2 
  0x00007fa0312ebde0: f7c0 0200 | 0000 7412 | 0fb7 1f0f | b70e 3bd9 | 7521 488d | 7f02 488d | 7602 f7c0 | 0100 0000 
  0x00007fa0312ebe00: 740a 0fb6 | 1f0f b60e | 3bd9 7507 | b801 0000 | 00eb 0233 | c0c5 fdef | c0c5 f5ef | c966 6690 
  0x00007fa0312ebe20: 85c0 0f85 | 5605 0000 | 418b 5818 | 85db 7449 | 418b 4808 | 0f1f 8400 | 0000 0000 | 6666 6690 
  0x00007fa0312ebe40: ;   {metadata('java/util/HashMap$TreeNode')}
  0x00007fa0312ebe40: 81f9 5839 | 1300 0f85 | 391e 0000 | 4c8b d249 | 8bf2 418b | d348 8b8c | 24b0 0000 | 0048 8b6c 
  0x00007fa0312ebe60: 2470 6690 

  0x00007fa0312ebe64: ;   {optimized virtual_call}
  0x00007fa0312ebe64: c5f8 77e8 

  0x00007fa0312ebe68: ; ImmutableOopMap {rbp=Oop [40]=Oop [48]=Oop [64]=Oop [72]=Oop [88]=Oop [112]=Oop [120]=Oop [152]=Oop [176]=Oop }
                      ;*invokevirtual getTreeNode {reexecute=0 rethrow=0 return_oop=1}
                      ; - java.util.HashMap::getNode@95 (line 574)
                      ; - java.util.HashMap::get@2 (line 556)
                      ; - java.util.jar.Manifest::getAttributes@5 (line 159)
                      ; - java.util.jar.Manifest::getTrustedAttributes@2 (line 176)
                      ; - java.util.jar.JavaUtilJarAccessImpl::getTrustedAttributes@2 (line 68)
                      ; - java.net.URLClassLoader::definePackage@42 (line 552)
                      ; - java.net.URLClassLoader::defineClass@64 (line 495)
  0x00007fa0312ebe68: 14e8 7aff | 4885 c074 | 0848 8bd0 | e905 0500 | 0045 33d2 | 4533 db45 | 33c0 4533 | c933 c933 
  0x00007fa0312ebe88: db33 ff4c | 8954 2460 | 4c89 5c24 | 684c 8984 | 2480 0000 | 004c 898c | 2488 0000 | 0048 898c 
  0x00007fa0312ebea8: 2490 0000 | 0048 899c | 24a0 0000 | 0048 89bc | 24c0 0000 | 0066 6690 | e90f 0600 | 0049 baff 
  0x00007fa0312ebec8: ffff ffff | ffff ffc4 | 42e8 f5d2 | c4c1 fb92 | fa62 f17f | af6f 0762 | f17f 2f7f | 06e9 1602 
  0x00007fa0312ebee8: 0000 4c8b | 6c24 284c | 8b54 2478 | 4d85 d20f | 8442 2800 

  0x00007fa0312ebefc: ;   {oop(a 'java/lang/Class'{0x00000000ffe0b3d8} = 'jdk/internal/access/SharedSecrets')}
  0x00007fa0312ebefc: 0049 bad8 | b3e0 ff00 | 0000 0045 | 8b9a c800 | 0000 458b | 5308 4489 | 5424 1848 | 8954 2458 
  0x00007fa0312ebf1c: 4c89 4c24 | 504c 8944 | 2430 4c89 | 6c24 284d | 8bd3 4c89 | 5424 6044 | 899c 2480 | 0000 00ba 
  0x00007fa0312ebf3c: 2e00 0000 | 488b 7424 | 58b9 2f00 | 0000 6690 

  0x00007fa0312ebf4c: ;   {optimized virtual_call}
  0x00007fa0312ebf4c: c5f8 77e8 

  0x00007fa0312ebf50: ; ImmutableOopMap {[40]=Oop [48]=Oop [64]=Oop [72]=Oop [88]=Oop [96]=Oop [112]=Oop [120]=Oop [128]=NarrowOop [152]=Oop }
                      ;*invokevirtual replace {reexecute=0 rethrow=0 return_oop=1}
                      ; - java.net.URLClassLoader::definePackage@33 (line 552)
                      ; - java.net.URLClassLoader::defineClass@64 (line 495)
  0x00007fa0312ebf50: 0c4d d9ff 

  0x00007fa0312ebf54: ; implicit exception: dispatches to 0x00007fa0312f2be8
  0x00007fa0312ebf54: 448b 4814 | 0f1f 8400 | 0000 0000 

  0x00007fa0312ebf60: ; implicit exception: dispatches to 0x00007fa0312f2c10
  0x00007fa0312ebf60: 458b 410c | 4585 c00f | 86ab 1b00 | 000f be48 | 1045 8bd0 | 41d3 fa4d | 63da 660f | 1f44 0000 
  0x00007fa0312ebf80: 83f9 010f | 841b 5300 | 0045 85d2 | 0f8c 8351 | 0000 4c89 | 9c24 a000 | 0000 4489 | 9424 9400 
  0x00007fa0312ebfa0: 0000 894c | 241c 4489 | 8424 9000 | 0000 4489 | 8c24 8400 | 0000 4889 | 8424 8800 | 0000 498b 
  0x00007fa0312ebfc0: eb48 83c5 | 0144 8bdd | 4585 db0f | 8cb3 5100 | 004c 8bd5 | 49c1 fa20 | 418b ca41 | d3e3 4489 
  0x00007fa0312ebfe0: 9c24 a800 | 0000 4585 | db0f 8c21 | 5300 0041 | 81fb 0000 | 1000 0f87 | 5c4c 0000 | 4d63 d390 
  0x00007fa0312ec000: 4181 fb00 | 0010 000f | 877f 3900 | 004d 8b87 | 0801 0000 | 4983 c217 | 4983 e2f8 | 4d8b d84d 
  0x00007fa0312ec020: 03da 4d3b | 9f18 0100 | 000f 835d | 3900 004d | 899f 0801 | 0000 410f | 0d8b 0001 | 0000 49c7 
  0x00007fa0312ec040: 0001 0000 | 0041 0f0d | 8b40 0100 

  0x00007fa0312ec04c: ;   {metadata({type array byte})}
  0x00007fa0312ec04c: 0041 c740 | 0838 6800 | 0044 8b94 | 24a8 0000 | 0045 8950 | 0c41 0f0d | 8b80 0100 | 0044 8b94 
  0x00007fa0312ec06c: 2494 0000 | 0041 ffc2 | 448b 8c24 | a800 0000 | 0f1f 4000 | 453b ca0f | 82dc 4b00 | 0044 8b94 
  0x00007fa0312ec08c: 2494 0000 | 0043 c644 | 1010 2f44 | 8b54 241c | 0f1f 4000 | 4585 d20f | 8537 5100 | 0044 3b8c 
  0x00007fa0312ec0ac: 2490 0000 | 000f 822d | 4c00 0044 | 8b9c 2490 | 0000 0090 | 4585 db76 | 3b49 8bf0 | 4883 c610 
  0x00007fa0312ec0cc: 4963 d344 | 8b9c 2484 | 0000 004d | 8bd3 498d | 7b10 6690 | 4883 fa20 | 0f86 dbfd | ffff 498b 
  0x00007fa0312ec0ec: d8c5 f877 | 49ba 6018 | a830 a07f | 0000 41ff | d24c 8bc3 | 498b 8708 | 0100 004c | 8bd0 4983 
  0x00007fa0312ec10c: c218 4d3b | 9718 0100 | 000f 8395 | 3800 004d | 8997 0801 | 0000 410f | 0d8a 0001 | 0000 48c7 
  0x00007fa0312ec12c: 0001 0000 

  0x00007fa0312ec130: ;   {metadata('java/lang/String')}
  0x00007fa0312ec130: 00c7 4008 | 10ec 0000 | 4489 600c | 4489 6010 | 4d8b d044 | 8950 1448 | 8984 24b0 | 0000 0044 
  0x00007fa0312ec150: 8b5c 2418 | 0f1f 8400 | 0000 0000 | 6666 6690 

  0x00007fa0312ec160: ;   {metadata('java/util/jar/JavaUtilJarAccessImpl')}
  0x00007fa0312ec160: 4181 fbc8 | 321a 000f | 854f 4a00 | 004c 8b5c | 2478 418b | 6b10 448b | 5508 660f | 1f44 0000 
  0x00007fa0312ec180: ;   {metadata('java/util/HashMap')}
  0x00007fa0312ec180: 4181 fab0 | 200b 000f | 857f 4a00 | 004c 8bd5 | 458b 5a24 | 4489 9c24 | a000 0000 | 0f1f 4000 
  0x00007fa0312ec1a0: 4585 db0f | 84d0 fcff | ff41 8b6b | 0c85 ed0f | 86a3 5000 | 004c 8b94 | 24b0 0000 | 0045 8b5a 
  0x00007fa0312ec1c0: 0cff cd45 | 85db 0f85 | 0601 0000 | 450f b65a | 1145 85db | 0f85 d219 | 0000 418b | 7a14 448b 
  0x00007fa0312ec1e0: 9c24 a000 | 0000 4d8b | eb41 807a | 1000 0f85 | 9d3a 0000 

  0x00007fa0312ec1f4: ; implicit exception: dispatches to 0x00007fa0312f2db8
  0x00007fa0312ec1f4: 8b4f 0c85 | c90f 86f4 | 1b00 0044 | 8bd1 41ff | ca44 3bd1 | 0f83 2654 | 0000 440f | b657 1044 
  0x00007fa0312ec214: 8bc1 4183 | c0fd 660f | 1f44 0000 | 4183 f801 | 0f8e 6e54 | 0000 418b | dac1 e305 | 412b da4c 
  0x00007fa0312ec234: 8bdf ba01 | 0000 008b | c12b c283 | c0fd 443b | c20f 4c44 | 2420 81f8 | a00f 0000 | 41ba a00f 
  0x00007fa0312ec254: 0000 410f | 47c2 03c2 | 0f1f 4000 | 4c63 f246 | 0fb6 5437 | 1042 0fb6 | 7437 1346 | 0fb6 4c37 
  0x00007fa0312ec274: 1146 0fb6 | 7437 1241 | 03da 448b | d341 c1e2 | 0544 2bd3 | 4503 d141 | 8bda c1e3 | 0541 2bda 
  0x00007fa0312ec294: 4103 de44 | 8bd3 41c1 | e205 442b | d344 03d6 | 418b dac1 | e305 412b | da83 c204 | 3bd0 7cac 
  0x00007fa0312ec2b4: 4d8b 8f48 

  0x00007fa0312ec2b8: ; ImmutableOopMap {r11=Oop rdi=NarrowOop r13=Oop [40]=Oop [48]=Oop [64]=Oop [72]=Oop [88]=Oop [112]=Oop [120]=Oop [152]=Oop [160]=NarrowOop [176]=Oop }
                      ;*goto {reexecute=1 rethrow=0 return_oop=0}
                      ; - (reexecute) java.lang.StringLatin1::hashCode@37 (line 196)
                      ; - java.lang.String::hashCode@27 (line 2344)
                      ; - java.util.HashMap::hash@9 (line 338)
                      ; - java.util.HashMap::getNode@23 (line 568)
                      ; - java.util.HashMap::get@2 (line 556)
                      ; - java.util.jar.Manifest::getAttributes@5 (line 159)
                      ; - java.util.jar.Manifest::getTrustedAttributes@2 (line 176)
                      ; - java.util.jar.JavaUtilJarAccessImpl::getTrustedAttributes@2 (line 68)
                      ; - java.net.URLClassLoader::definePackage@42 (line 552)
                      ; - java.net.URLClassLoader::defineClass@64 (line 495)
                      ;   {poll}
  0x00007fa0312ec2b8: 0300 0041 | 8501 6690 | 413b d00f | 8c72 ffff | ff3b d17c | 1741 8bc2 | eb30 458b | d341 c1ea 
  0x00007fa0312ec2d8: 1045 33d3 | 458b da41 | 23ea eb3f | 440f b65c | 1710 418b | c2c1 e005 | 412b c241 | 03c3 ffc2 
  0x00007fa0312ec2f8: 3bd1 7d06 | 448b d090 | ebe2 85c0 | 0f84 a739 | 0000 4c8b | 9424 b000 | 0000 4189 | 420c 448b 
  0x00007fa0312ec318: d841 c1eb | 1044 33d8 | 4123 eb44 | 8b84 24a0 | 0000 0045 | 8b44 a810 | 4585 c00f | 8440 fbff 
  0x00007fa0312ec338: ff41 8b48 | 0c4c 8b94 | 24b0 0000 | 0045 8b52 | 144c 8b8c | 24b0 0000 | 0045 0fbe | 4910 498b 
  0x00007fa0312ec358: d041 3bcb | 0f1f 4000 | 0f85 c2fa | ffff 418b | 6810 488b | cd48 8b9c | 24b0 0000 | 0048 3bcb 
  0x00007fa0312ec378: 0f85 87f9 | ffff 8b6a | 1485 ed0f | 84f0 faff | ff44 8b5d 

  0x00007fa0312ec38c: ;   {metadata('java/util/jar/Attributes')}
  0x00007fa0312ec38c: 0841 81fb | 386d 1900 | 0f85 c661 | 0000 4c8b | 5424 7845 | 8b5a 144c | 8bd5 4c89 | 5424 1845 
  0x00007fa0312ec3ac: 85db 7428 | 498b f348 | 8b94 24b0 | 0000 004c | 8b54 2470 | 4c89 5424 | 6066 6690 

  0x00007fa0312ec3c8: ;   {optimized virtual_call}
  0x00007fa0312ec3c8: c5f8 77e8 

  0x00007fa0312ec3cc: ; ImmutableOopMap {[24]=Oop [40]=Oop [48]=Oop [64]=Oop [72]=Oop [88]=Oop [96]=Oop [112]=Oop [120]=Oop [152]=Oop [176]=Oop }
                      ;*invokevirtual isTrustedManifestEntry {reexecute=0 rethrow=0 return_oop=0}
                      ; - java.util.jar.Manifest::getTrustedAttributes@22 (line 177)
                      ; - java.util.jar.JavaUtilJarAccessImpl::getTrustedAttributes@2 (line 68)
                      ; - java.net.URLClassLoader::definePackage@42 (line 552)
                      ; - java.net.URLClassLoader::defineClass@64 (line 495)
  0x00007fa0312ec3cc: b0e2 7aff | 85c0 0f84 | 1f52 0000 | 488b 7424 

  0x00007fa0312ec3dc: ;   {oop(a 'java/util/jar/Attributes$Name'{0x00000000fff76e28})}
  0x00007fa0312ec3dc: 1848 ba28 | 6ef7 ff00 | 0000 004c | 8b54 2470 | 4c89 5424 | 6066 6690 

  0x00007fa0312ec3f4: ;   {optimized virtual_call}
  0x00007fa0312ec3f4: c5f8 77e8 

  0x00007fa0312ec3f8: ; ImmutableOopMap {[24]=Oop [40]=Oop [48]=Oop [64]=Oop [72]=Oop [88]=Oop [96]=Oop [112]=Oop [120]=Oop [152]=Oop }
                      ;*invokevirtual getValue {reexecute=0 rethrow=0 return_oop=1}
                      ; - java.net.URLClassLoader::definePackage@59 (line 554)
                      ; - java.net.URLClassLoader::defineClass@64 (line 495)
  0x00007fa0312ec3f8: e44b e2ff | 4889 4424 | 6048 8b74 

  0x00007fa0312ec404: ;   {oop(a 'java/util/jar/Attributes$Name'{0x00000000fff76f18})}
  0x00007fa0312ec404: 2418 48ba | 186f f7ff | 0000 0000 | 4c8b 5424 | 704c 8954 | 2468 6690 

  0x00007fa0312ec41c: ;   {optimized virtual_call}
  0x00007fa0312ec41c: c5f8 77e8 

  0x00007fa0312ec420: ; ImmutableOopMap {[24]=Oop [40]=Oop [48]=Oop [64]=Oop [72]=Oop [88]=Oop [96]=Oop [104]=Oop [112]=Oop [120]=Oop [152]=Oop }
                      ;*invokevirtual getValue {reexecute=0 rethrow=0 return_oop=1}
                      ; - java.net.URLClassLoader::definePackage@69 (line 555)
                      ; - java.net.URLClassLoader::defineClass@64 (line 495)
  0x00007fa0312ec420: bc4b e2ff | 4889 4424 | 6848 8b74 

  0x00007fa0312ec42c: ;   {oop(a 'java/util/jar/Attributes$Name'{0x00000000fff76ee8})}
  0x00007fa0312ec42c: 2418 48ba | e86e f7ff | 0000 0000 

  0x00007fa0312ec438: ;   {optimized virtual_call}
  0x00007fa0312ec438: c5f8 77e8 

  0x00007fa0312ec43c: ; ImmutableOopMap {[24]=Oop [40]=Oop [48]=Oop [64]=Oop [72]=Oop [88]=Oop [96]=Oop [104]=Oop [112]=Oop [120]=Oop [152]=Oop }
                      ;*invokevirtual getValue {reexecute=0 rethrow=0 return_oop=1}
                      ; - java.net.URLClassLoader::definePackage@79 (line 556)
                      ; - java.net.URLClassLoader::defineClass@64 (line 495)
  0x00007fa0312ec43c: a04b e2ff | 4889 8424 | 8000 0000 | 488b 7424 

  0x00007fa0312ec44c: ;   {oop(a 'java/util/jar/Attributes$Name'{0x00000000fff76f60})}
  0x00007fa0312ec44c: 1848 ba60 | 6ff7 ff00 | 0000 0090 

  0x00007fa0312ec458: ;   {optimized virtual_call}
  0x00007fa0312ec458: c5f8 77e8 

  0x00007fa0312ec45c: ; ImmutableOopMap {[24]=Oop [40]=Oop [48]=Oop [64]=Oop [72]=Oop [88]=Oop [96]=Oop [104]=Oop [112]=Oop [120]=Oop [128]=Oop [152]=Oop }
                      ;*invokevirtual getValue {reexecute=0 rethrow=0 return_oop=1}
                      ; - java.net.URLClassLoader::definePackage@89 (line 557)
                      ; - java.net.URLClassLoader::defineClass@64 (line 495)
  0x00007fa0312ec45c: 804b e2ff | 4889 8424 | 8800 0000 | 488b 7424 

  0x00007fa0312ec46c: ;   {oop(a 'java/util/jar/Attributes$Name'{0x00000000fff76fa8})}
  0x00007fa0312ec46c: 1848 baa8 | 6ff7 ff00 | 0000 0090 

  0x00007fa0312ec478: ;   {optimized virtual_call}
  0x00007fa0312ec478: c5f8 77e8 

  0x00007fa0312ec47c: ; ImmutableOopMap {[24]=Oop [40]=Oop [48]=Oop [64]=Oop [72]=Oop [88]=Oop [96]=Oop [104]=Oop [112]=Oop [120]=Oop [128]=Oop [136]=Oop [152]=Oop }
                      ;*invokevirtual getValue {reexecute=0 rethrow=0 return_oop=1}
                      ; - java.net.URLClassLoader::definePackage@99 (line 558)
                      ; - java.net.URLClassLoader::defineClass@64 (line 495)
  0x00007fa0312ec47c: 604b e2ff | 4889 8424 | 9000 0000 | 488b 7424 

  0x00007fa0312ec48c: ;   {oop(a 'java/util/jar/Attributes$Name'{0x00000000fff76df8})}
  0x00007fa0312ec48c: 1848 baf8 | 6df7 ff00 | 0000 0090 

  0x00007fa0312ec498: ;   {optimized virtual_call}
  0x00007fa0312ec498: c5f8 77e8 

  0x00007fa0312ec49c: ; ImmutableOopMap {[24]=Oop [40]=Oop [48]=Oop [64]=Oop [72]=Oop [88]=Oop [96]=Oop [104]=Oop [112]=Oop [120]=Oop [128]=Oop [136]=Oop [144]=Oop [152]=Oop }
                      ;*invokevirtual getValue {reexecute=0 rethrow=0 return_oop=1}
                      ; - java.net.URLClassLoader::definePackage@109 (line 559)
                      ; - java.net.URLClassLoader::defineClass@64 (line 495)
  0x00007fa0312ec49c: 404b e2ff | 4889 8424 | a000 0000 | 488b 7424 

  0x00007fa0312ec4ac: ;   {oop(a 'java/util/jar/Attributes$Name'{0x00000000fff76e58})}
  0x00007fa0312ec4ac: 1848 ba58 | 6ef7 ff00 | 0000 004c | 8b54 2458 | 4c89 5424 | 1866 6690 

  0x00007fa0312ec4c4: ;   {optimized virtual_call}
  0x00007fa0312ec4c4: c5f8 77e8 

  0x00007fa0312ec4c8: ; ImmutableOopMap {[24]=Oop [40]=Oop [48]=Oop [64]=Oop [72]=Oop [88]=Oop [96]=Oop [104]=Oop [112]=Oop [120]=Oop [128]=Oop [136]=Oop [144]=Oop [152]=Oop [160]=Oop }
                      ;*invokevirtual getValue {reexecute=0 rethrow=0 return_oop=1}
                      ; - java.net.URLClassLoader::definePackage@119 (line 560)
                      ; - java.net.URLClassLoader::defineClass@64 (line 495)
  0x00007fa0312ec4c8: 144b e2ff | 4889 8424 | c000 0000 | 4c8b 5424 | 7845 8b5a | 0c44 895c | 2418 4585 | db0f 84e6 
  0x00007fa0312ec4e8: 1400 004d | 8bd3 4c89 | 9424 a800 | 0000 4c8b | 5424 600f | 1f44 0000 | 4d85 d20f | 84dd 1400 
  0x00007fa0312ec508: 004c 8b54 | 2468 4d85 | d20f 84f3 | 1400 004c | 8b94 2480 | 0000 0090 | 4d85 d20f | 8415 1500 
  0x00007fa0312ec528: 004c 8b94 | 2488 0000 | 004d 85d2 | 0f84 3315 | 0000 4c8b | 9424 9000 | 0000 4d85 | d20f 844e 
  0x00007fa0312ec548: 1500 004c | 8b94 24a0 | 0000 004d | 85d2 0f84 | 6915 0000 | 4c8b 9424 | c000 0000 | 4d85 d20f 
  0x00007fa0312ec568: 8480 1500 | 0048 8b94 | 24c0 0000 

  0x00007fa0312ec574: ;   {oop("true"{0x00000000fff478f8})}
  0x00007fa0312ec574: 0048 bef8 | 78f4 ff00 | 0000 004c | 8b54 2458 | 4c89 5424 | 1866 6690 

  0x00007fa0312ec58c: ;   {optimized virtual_call}
  0x00007fa0312ec58c: c5f8 77e8 

  0x00007fa0312ec590: ; ImmutableOopMap {[24]=Oop [40]=Oop [48]=Oop [64]=Oop [72]=Oop [88]=Oop [96]=Oop [104]=Oop [112]=Oop [120]=Oop [128]=Oop [136]=Oop [144]=Oop [152]=Oop [160]=Oop }
                      ;*invokevirtual equalsIgnoreCase {reexecute=0 rethrow=0 return_oop=0}
                      ; - java.net.URLClassLoader::definePackage@245 (line 586)
                      ; - java.net.URLClassLoader::defineClass@64 (line 495)
  0x00007fa0312ec590: 4cea e6ff | 85c0 0f84 | 4214 0000 | 4c8b 9424 | 9800 0000 | 488b 7424 | 7048 8b54 | 2418 488b 
  0x00007fa0312ec5b0: 4c24 604c | 8b44 2468 | 4c8b 8c24 | 8000 0000 | 488b bc24 | 8800 0000 | 4c8b 9c24 | 9000 0000 
  0x00007fa0312ec5d0: 4c89 1c24 | 4c8b 9c24 | a000 0000 | 4c89 5c24 | 084c 8954 | 2410 6690 

  0x00007fa0312ec5e8: ;   {optimized virtual_call}
  0x00007fa0312ec5e8: c5f8 77e8 

  0x00007fa0312ec5ec: ; ImmutableOopMap {[24]=Oop [40]=Oop [48]=Oop [64]=Oop [72]=Oop [88]=Oop [112]=Oop [120]=Oop [152]=Oop }
                      ;*invokevirtual definePackage {reexecute=0 rethrow=0 return_oop=1}
                      ; - java.net.URLClassLoader::definePackage@270 (line 589)
                      ; - java.net.URLClassLoader::defineClass@64 (line 495)
  0x00007fa0312ec5ec: 3057 45f8 | 488b 7424 | 4866 6690 

  0x00007fa0312ec5f8: ;   {optimized virtual_call}
  0x00007fa0312ec5f8: c5f8 77e8 

  0x00007fa0312ec5fc: ; ImmutableOopMap {[40]=Oop [48]=Oop [64]=Oop [72]=Oop [112]=Oop [152]=Oop }
                      ;*invokevirtual getByteBuffer {reexecute=0 rethrow=0 return_oop=1}
                      ; - java.net.URLClassLoader::defineClass@132 (line 511)
  0x00007fa0312ec5fc: 20ef ebff | 4885 c00f | 8553 4300 | 0044 8b44 

  0x00007fa0312ec60c: ;   {metadata('jdk/internal/loader/URLClassPath$JarLoader$2')}
  0x00007fa0312ec60c: 2424 4181 | f8f8 621a | 000f 851b | 1800 0048 | 8b74 2448 | 488b ee90 

  0x00007fa0312ec624: ;   {optimized virtual_call}
  0x00007fa0312ec624: c5f8 77e8 

  0x00007fa0312ec628: ; ImmutableOopMap {rbp=Oop [48]=Oop [64]=Oop [72]=Oop [112]=Oop [152]=Oop }
                      ;*invokevirtual getBytes {reexecute=0 rethrow=0 return_oop=1}
                      ; - java.net.URLClassLoader::defineClass@179 (line 519)
  0x00007fa0312ec628: 5494 e2ff | 4889 4424 | 5844 8b5c | 2424 6666 | 0f1f 8400 | 0000 0000 

  0x00007fa0312ec640: ;   {metadata('jdk/internal/loader/URLClassPath$JarLoader$2')}
  0x00007fa0312ec640: 4181 fbf8 | 621a 000f | 856a 1c00 | 004c 8b54 | 2448 418b | 6a1c 448b | 5508 660f | 1f44 0000 
  0x00007fa0312ec660: ;   {metadata('java/util/jar/JarFile$JarFileEntry')}
  0x00007fa0312ec660: 4181 fa20 | d319 000f | 8547 3d00 | 0048 8bf5 

  0x00007fa0312ec670: ;   {optimized virtual_call}
  0x00007fa0312ec670: c5f8 77e8 

  0x00007fa0312ec674: ; ImmutableOopMap {[48]=Oop [64]=Oop [88]=Oop [112]=Oop [152]=Oop }
                      ;*invokevirtual getCodeSigners {reexecute=0 rethrow=0 return_oop=1}
                      ; - jdk.internal.loader.URLClassPath$JarLoader$2::getCodeSigners@4 (line 891)
                      ; - java.net.URLClassLoader::defineClass@185 (line 521)
  0x00007fa0312ec674: a8fd ddff | 4d8b 8708 | 0100 004d | 8bd0 4983 | c228 4d3b | 9718 0100 | 000f 8328 | 2f00 004d 
  0x00007fa0312ec694: 8997 0801 | 0000 410f | 0d8a 0001 | 0000 49c7 | 0001 0000 | 004d 8bd0 | 4983 c210 

  0x00007fa0312ec6b0: ;   {metadata('java/security/CodeSource')}
  0x00007fa0312ec6b0: 41c7 4008 | e0f0 0000 | 4589 600c | c5fd efc0 | 41bb 0700 | 0000 c4c1 | 7892 fb62 | d1fe 2f7f 
  0x00007fa0312ec6d0: 024c 8b9c | 2498 0000 | 004d 8bd3 | 4589 500c | 4d85 db0f | 849b 4200 | 0049 8be8 | 4889 4424 
  0x00007fa0312ec6f0: 1848 8bb4 | 2498 0000 | 0066 6690 

  0x00007fa0312ec6fc: ;   {static_call}
  0x00007fa0312ec6fc: c5f8 77e8 

  0x00007fa0312ec700: ; ImmutableOopMap {rbp=Oop [24]=Oop [48]=Oop [64]=Oop [88]=Oop [112]=Oop }
                      ;*invokestatic urlNoFragString {reexecute=0 rethrow=0 return_oop=1}
                      ; - java.security.CodeSource::<init>@30 (line 123)
                      ; - java.net.URLClassLoader::defineClass@198 (line 522)
  0x00007fa0312ec700: 9c24 faff | 488b d841 | 807f 3800 | 0f85 571c | 0000 4c8b | ed4c 8bdb | 4589 5d20 | 4c8b d34d 
  0x00007fa0312ec720: 8bdd 4d33 | d349 c1ea | 144d 85d2 | 741f 4885 | db74 1a49 | c1eb 0948 | bf00 60ef | 46a0 7f00 
  0x00007fa0312ec740: 0049 03fb | 803f 040f | 8552 1c00 | 004c 8b44 | 2418 4d85 | c00f 85ea | 2100 000f | 1f44 0000 
  0x00007fa0312ec760: c5f8 7749 | ba70 ced6 | 48a0 7f00 | 0041 ffd2 | 4c8b c84c | 2b4c 2438 

  0x00007fa0312ec778: ;   {oop(a 'jdk/internal/perf/PerfCounter'{0x00000000c0007538})}
  0x00007fa0312ec778: 49b8 3875 | 00c0 0000 | 0000 488d | 9c24 e000 | 0000 498b | 0048 f7c0 | 0200 0000 | 7524 4883 
  0x00007fa0312ec798: c801 4889 | 03f0 490f | b118 0f84 | 3e00 0000 | 482b c448 | 81e0 07f0 | ffff 4889 | 03e9 2c00 
  0x00007fa0312ec7b8: 0000 4c8b | d848 33c0 | f04d 0fb1 | 7b3e 48c7 | 0303 0000 | 000f 8413 | 0000 004c | 3bf8 0f85 
  0x00007fa0312ec7d8: 0a00 0000 | 49ff 8386 | 0000 0048 | 33c0 0f85 | 5439 0000 

  0x00007fa0312ec7ec: ;   {oop(a 'jdk/internal/perf/PerfCounter'{0x00000000c0007538})}
  0x00007fa0312ec7ec: 49ba 3875 | 00c0 0000 | 0000 458b | 5210 660f | 1f44 0000 

  0x00007fa0312ec800: ; implicit exception: dispatches to 0x00007fa0312f2948
  0x00007fa0312ec800: 418b 6a24 | 85ed 0f85 | 6539 0000 | 418b 6a1c | 85ed 0f8e | 9841 0000 | 4d8b 5210 

  0x00007fa0312ec81c: ;   {oop(a 'jdk/internal/perf/PerfCounter'{0x00000000c0007538})}
  0x00007fa0312ec81c: 4d01 0a49 | bb38 7500 | c000 0000 | 0048 8d84 | 24e0 0000 | 0048 8138 | 0000 0000 | 0f84 8300 
  0x00007fa0312ec83c: 0000 4d8b | 1349 f7c2 | 0200 0000 | 746f 4981 | ba86 0000 | 0000 0000 | 0074 0949 | ff8a 8600 
  0x00007fa0312ec85c: 0000 eb51 | 498b 8296 | 0000 0049 | 0b82 8e00 | 0000 750a | 49c7 423e | 0000 0000 | eb47 4981 
  0x00007fa0312ec87c: ba9e 0000 | 0000 0000 | 0074 2548 | 33c0 49c7 | 423e 0000 | 0000 f083 | 0424 0049 | 81ba 9e00 
  0x00007fa0312ec89c: 0000 0000 | 0000 750d | f04d 0fb1 | 7a3e 7505 | 83c8 01eb | 10f7 c000 | 0000 00eb | 084c 8b10 
  0x00007fa0312ec8bc: f04d 0fb1 | 130f 85d1 | 3800 004c | 8b4c 2458 

  0x00007fa0312ec8cc: ; implicit exception: dispatches to 0x00007fa0312f295c
  0x00007fa0312ec8cc: 458b 510c | 498b 9708 | 0100 004c | 8bda 4983 | c310 6690 | 4d3b 9f18 | 0100 000f | 83f1 2c00 
  0x00007fa0312ec8ec: 004d 899f | 0801 0000 | 410f 0d8b | 0001 0000 | 48c7 0201 

  0x00007fa0312ec900: ;   {metadata('java/security/SecureClassLoader$CodeSourceKey')}
  0x00007fa0312ec900: 0000 00c7 | 4208 00ca | 1400 4489 | 620c 4d8b | dd44 895a | 0c49 8b9f | 0801 0000 | 488b 4c24 
  0x00007fa0312ec920: 708b 6950 | 4c8b c349 | 83c0 184d | 3b87 1801 | 0000 0f83 | db2c 0000 | 4d89 8708 | 0100 0041 
  0x00007fa0312ec940: 0f0d 8800 | 0100 0048 | c703 0100 

  0x00007fa0312ec94c: ;   {metadata('java/security/SecureClassLoader$1')}
  0x00007fa0312ec94c: 0000 c743 | 0818 cc14 | 0044 8963 | 0c44 8963 | 144c 8bc1 | 4489 4310 | 4489 5b0c 

  0x00007fa0312ec968: ; implicit exception: dispatches to 0x00007fa0312f2970
  0x00007fa0312ec968: 448b 5d08 

  0x00007fa0312ec96c: ;   {metadata('java/util/concurrent/ConcurrentHashMap')}
  0x00007fa0312ec96c: 4181 fb60 | e600 000f | 854c 3800 | 0044 8954 | 2460 4c89 | 4c24 5848 | 894c 2428 | 488b f548 
  0x00007fa0312ec98c: 8bcb 6690 

  0x00007fa0312ec990: ;   {optimized virtual_call}
  0x00007fa0312ec990: c5f8 77e8 

  0x00007fa0312ec994: ; ImmutableOopMap {[40]=Oop [48]=Oop [64]=Oop [88]=Oop }
                      ;*invokeinterface computeIfAbsent {reexecute=0 rethrow=0 return_oop=1}
                      ; - java.security.SecureClassLoader::getProtectionDomain@29 (line 222)
                      ; - java.security.SecureClassLoader::defineClass@9 (line 150)
                      ; - java.net.URLClassLoader::defineClass@220 (line 524)
  0x00007fa0312ec994: 2879 fbff | 0f1f 8400 | 0000 0000 

  0x00007fa0312ec9a0: ; implicit exception: dispatches to 0x00007fa0312f2988
  0x00007fa0312ec9a0: 448b 5808 

  0x00007fa0312ec9a4: ;   {metadata('java/security/ProtectionDomain')}
  0x00007fa0312ec9a4: 4181 fbb8 | ee00 000f | 85e3 5a00 | 004c 8b54 | 2440 458b | 5214 660f | 1f44 0000 

  0x00007fa0312ec9c0: ; implicit exception: dispatches to 0x00007fa0312f299c
  0x00007fa0312ec9c0: 458b 720c | 4889 4424 | 3845 85f6 | 0f86 2638 | 0000 4c8b | 5c24 4045 | 0fbe 4310 | 0f1f 4000 
  0x00007fa0312ec9e0: 4585 c00f | 855c 3e00 | 0049 8bf2 | 4d8d 5a10 | 498b fb41 | 8bd6 b82f | 0000 0048 | 8bdf 83fa 
  0x00007fa0312eca00: 100f 8c79 | 0000 0083 | fa20 0f8c | 3600 0000 | c5f9 6ec0 | c4e2 7d78 | c0c5 edef | d28b ca83 
  0x00007fa0312eca20: e1e0 83e2 | 1fc5 fe6f | 0bc5 f574 | c8c4 e27d | 17d1 0f83 | 6900 0000 | 4883 c320 | 83e9 2075 
  0x00007fa0312eca40: e4e9 0d00 | 0000 c5f9 | 6ec0 c5e9 | efd2 c4e2 | 7900 c283 | fa10 0f8c | 2400 0000 | 8bca 83e1 
  0x00007fa0312eca60: f083 e20f | c5fa 6f0b | c5f1 74c8 | c4e2 7917 | d10f 832a | 0000 0048 | 83c3 1083 | e910 75e4 
  0x00007fa0312eca80: 85d2 0f84 | 1200 0000 | 0fb6 0b3b | c174 1c48 | 83c3 0183 | ea01 7402 | ebee bbff | ffff ffeb 
  0x00007fa0312ecaa0: 0dc5 fdd7 | c90f bcc1 | 4803 d848 | 2bdf 83fb | ff0f 85b5 | 3d00 0041 | 0fb6 2b0f | 1f44 0000 
  0x00007fa0312ecac0: 83fd 5b0f | 840f 3f00 | 0045 8bce | 418b c841 | d3f9 458b | c141 83c0 | fb45 85c0 | 0f1f 4000 
  0x00007fa0312ecae0: 0f8c 4000 | 0000 4180 | 3b6a 0f85 | 3600 0000 | 4183 fe04 | 0f86 5a3a | 0000 660f | 1f44 0000 
  0x00007fa0312ecb00: 4180 7a11 | 6175 1f41 | 807a 1276 | 7518 4180 | 7a13 6175 | 1141 807a | 142e 660f | 1f44 0000 
  0x00007fa0312ecb20: 0f84 8240 | 0000 4c8b | 4424 3845 | 8b68 1045 | 8bc6 41ff | c841 8bc9 | ffc9 413b | c844 0f4c 
  0x00007fa0312ecb40: c145 85c0 | 0f8c fc00 | 0000 453b | c60f 8385 | 3500 0045 | 85c0 0f8e | ec36 0000 | 418b c8ff 
  0x00007fa0312ecb60: c943 0fbe | 5c02 1083 | fb2e 0f84 | 3d0e 0000 | 41ff c844 | 3bc1 7fe9 | 0f1f 8400 | 0000 0000 
  0x00007fa0312ecb80: 4183 f802 | 0f8e 9c00 | 0000 418b | c883 c1fe | 4183 f802 | 0f4c 4c24 | 2081 f9a0 | 0f00 00bb 
  0x00007fa0312ecba0: a00f 0000 | 0f47 cb41 | 8bf8 2bf9 | 0f1f 4000 | 4963 c841 | 0fbe 540a | 1083 fa2e | 0f1f 4000 
  0x00007fa0312ecbc0: 0f84 8700 | 0000 410f | be5c 0a0f | 83fb 2e0f | 847d 0000 | 0041 8bc8 | 83c1 fe41 | 0fbe 5c0a 
  0x00007fa0312ecbe0: 1083 fb2e | 0f84 6d00 | 0000 418b | c883 c1fd | 410f be54 | 0a10 83fa | 2e0f 8458 | 0000 0041 
  0x00007fa0312ecc00: 83c0 fc44 | 3bc7 7fa8 | 498b 8748 | 0300 0048 

  0x00007fa0312ecc10: ; ImmutableOopMap {r10=NarrowOop r11=Derived_oop_rsi rbx=Oop rsi=Oop r13=NarrowOop [40]=Oop [48]=Oop [56]=Oop [64]=Oop [88]=Oop }
                      ;*goto {reexecute=1 rethrow=0 return_oop=0}
                      ; - (reexecute) java.lang.StringLatin1::lastIndexOf@35 (line 294)
                      ; - java.lang.String::lastIndexOf@13 (line 2489)
                      ; - java.lang.String::lastIndexOf@8 (line 2451)
                      ; - java.lang.ClassLoader::checkCerts@3 (line 1153)
                      ; - java.lang.ClassLoader::preDefineClass@113 (line 907)
                      ; - java.lang.ClassLoader::defineClass@4 (line 1015)
                      ; - java.security.SecureClassLoader::defineClass@12 (line 150)
                      ; - java.net.URLClassLoader::defineClass@220 (line 524)
  0x00007fa0312ecc10: 8b5c 2438 

  0x00007fa0312ecc14: ;   {poll}
  0x00007fa0312ecc14: 8500 4183 | f802 660f | 1f44 0000 | 0f8f 64ff | ffff 4183 | f8ff 7e1a | 430f be5c | 0210 83fb 
  0x00007fa0312ecc34: 2e0f 84bb | 3b00 0041 | ffc8 6690 | 4183 f8ff | 7fe6 b9ff | ffff ffeb | 0a41 8bc8 | eb05 418b 
  0x00007fa0312ecc54: c8ff c983 | f9ff 660f | 1f44 0000 | 0f84 9411 | 0000 85c9 | 0f8c 5e3c | 0000 413b | c90f 8f25 
  0x00007fa0312ecc74: 3e00 0041 | 3bc9 660f | 1f44 0000 | 0f84 110d | 0000 85c9 | 0f84 a81c | 0000 498b | 9f08 0100 
  0x00007fa0312ecc94: 004c 8bc3 | 4983 c018 | 0f1f 4000 | 4d3b 8718 | 0100 000f | 83cd 2a00 | 004d 8987 | 0801 0000 
  0x00007fa0312eccb4: 410f 0d88 | 0001 0000 | 48c7 0301 | 0000 004c | 8bc3 4983 

  0x00007fa0312eccc8: ;   {metadata('java/lang/String')}
  0x00007fa0312eccc8: c010 c743 | 0810 ec00 | 0044 8963 | 0cc5 fdef | c0c4 c179 | d600 6690 | 81f9 0000 | 1000 0f87 
  0x00007fa0312ecce8: 5c37 0000 | 4c63 c144 | 3bf1 8be9 | 410f 4cee | 443b f50f | 1f44 0000 | 0f82 fe37 | 0000 3bcd 
  0x00007fa0312ecd08: 0f82 f637 | 0000 4983 | c017 498b | d048 83e2 | f80f 1f80 | 0000 0000 | 81f9 0000 | 1000 0f87 
  0x00007fa0312ecd28: ae2a 0000 | 4d8b 8f08 | 0100 0049 | 8bf9 4803 | fa0f 1f80 | 0000 0000 | 493b bf18 | 0100 000f 
  0x00007fa0312ecd48: 838d 2a00 | 0049 89bf | 0801 0000 | 0f0d 8f00 | 0100 0049 | c701 0100 | 0000 0f0d | 8f40 0100 
  0x00007fa0312ecd68: ;   {metadata({type array byte})}
  0x00007fa0312ecd68: 0041 c741 | 0838 6800 | 0041 8949 | 0c0f 0d8f | 8001 0000 | 4d8b d149 | 83c2 1049 | c1e8 034d 
  0x00007fa0312ecd88: 8bf1 85ed | 0f84 be36 | 0000 3be9 | 0f8c 9717 | 0000 498b | e948 83c2 | f048 c1ea | 0349 8bfb 
  0x00007fa0312ecda8: 498b f2c5 | f877 49ba | 2039 a830 | a07f 0000 | 41ff d24c | 8bcd 4489 | 7314 4c8b | d34d 8bd9 
  0x00007fa0312ecdc8: 4d33 da49 | c1eb 144d | 85db 741a | 49c1 ea09 | 48bf 0060 | ef46 a07f | 0000 4903 | fa80 3f04 
  0x00007fa0312ecde8: 0f85 3118 | 0000 4488 | 6310 458b | 5d14 4585 | db0f 85b1 | 1d00 0045 | 8b5d 1045 | 85db 0f85 
  0x00007fa0312ece08: 4c1e 0000 

  0x00007fa0312ece0c: ;   {oop(a 'java/security/cert/Certificate'[0] {0x00000000c01ef3b0})}
  0x00007fa0312ece0c: 49b8 b0f3 | 1ec0 0000 | 0000 4c8b | 5c24 2845 | 8b53 2c90 | 4585 d20f | 8455 3200 | 004c 8944 
  0x00007fa0312ece2c: 2468 4c89 | 5c24 4849 | 8bf2 488b | d349 8bc8 | 41b8 0100 | 0000 6690 

  0x00007fa0312ece44: ;   {optimized virtual_call}
  0x00007fa0312ece44: c5f8 77e8 

  0x00007fa0312ece48: ; ImmutableOopMap {[40]=Oop [48]=Oop [56]=Oop [64]=Oop [72]=Oop [88]=Oop [104]=Oop }
                      ;*invokevirtual putVal {reexecute=0 rethrow=0 return_oop=1}
                      ; - java.util.concurrent.ConcurrentHashMap::putIfAbsent@4 (line 1541)
                      ; - java.lang.ClassLoader::checkCerts@62 (line 1161)
                      ; - java.lang.ClassLoader::preDefineClass@113 (line 907)
                      ; - java.lang.ClassLoader::defineClass@4 (line 1015)
                      ; - java.security.SecureClassLoader::defineClass@12 (line 150)
                      ; - java.net.URLClassLoader::defineClass@220 (line 524)
  0x00007fa0312ece48: f4f6 fcff | 4885 c074 | 4144 8b50 | 0866 6666 | 0f1f 8400 | 0000 0000 

  0x00007fa0312ece60: ;   {metadata('java/security/cert/Certificate'[])}
  0x00007fa0312ece60: 4181 fac8 | 6312 000f | 858b 5600 | 0048 8bc8 | 488b 7c24 | 6844 8b4f | 0c44 8b41 | 0c66 6690 
  0x00007fa0312ece80: 4585 c90f | 8783 2500 | 0045 85c0 | 0f87 5e3b | 0000 4c8b | 5424 3845 | 8b42 100f | 1f44 0000 
  0x00007fa0312ecea0: ; implicit exception: dispatches to 0x00007fa0312f2b84
  0x00007fa0312ecea0: 418b 680c | 85ed 0f84 | 0827 0000 | 448b 5d38 | 4585 db0f | 84eb 3100 | 0049 8bf3 | 488b d590 
  0x00007fa0312ecec0: ;   {optimized virtual_call}
  0x00007fa0312ecec0: c5f8 77e8 

  0x00007fa0312ecec4: ; ImmutableOopMap {[48]=Oop [56]=Oop [64]=Oop [72]=Oop [88]=Oop }
                      ;*invokevirtual toExternalForm {reexecute=0 rethrow=0 return_oop=1}
                      ; - java.net.URL::toExternalForm@5 (line 1039)
                      ; - java.net.URL::toString@1 (line 1025)
                      ; - java.lang.ClassLoader::defineClassSourceLocation@22 (line 917)
                      ; - java.lang.ClassLoader::defineClass@12 (line 1016)
                      ; - java.security.SecureClassLoader::defineClass@12 (line 150)
                      ; - java.net.URLClassLoader::defineClass@220 (line 524)
  0x00007fa0312ecec4: f8a4 f6ff | 4c8b 5424 | 384c 8954 | 2438 488b | 7424 4848 | 8b54 2440 | 488b 4c24 | 5844 8b44 
  0x00007fa0312ecee4: 2420 448b | 4c24 6049 | 8bfa 4889 | 0424 6690 

  0x00007fa0312ecef4: ;   {static_call}
  0x00007fa0312ecef4: c5f8 77e8 

  0x00007fa0312ecef8: ; ImmutableOopMap {[48]=Oop [56]=Oop [72]=Oop }
                      ;*invokestatic defineClass1 {reexecute=0 rethrow=0 return_oop=1}
                      ; - java.lang.ClassLoader::defineClass@27 (line 1017)
                      ; - java.security.SecureClassLoader::defineClass@12 (line 150)
                      ; - java.net.URLClassLoader::defineClass@220 (line 524)
  0x00007fa0312ecef8: 64be d1ff | 4889 4424 | 4044 8b50 | 3c45 85d2 | 7408 498b | dae9 be03 | 0000 4c8b | 5010 458b 
  0x00007fa0312ecf18: 5a08 660f | 1f44 0000 | 4585 db0f | 8c8f 3600 | 0044 8b50 | 2c45 85d2 | 752a 488b | f048 8b6c 
  0x00007fa0312ecf38: 2448 4889 | 4424 1890 

  0x00007fa0312ecf40: ;   {optimized virtual_call}
  0x00007fa0312ecf40: c5f8 77e8 

  0x00007fa0312ecf44: ; ImmutableOopMap {rbp=Oop [24]=Oop [48]=Oop [56]=Oop [64]=Oop [72]=Oop }
                      ;*invokevirtual initClassName {reexecute=0 rethrow=0 return_oop=1}
                      ; - java.lang.Class::getName@14 (line 865)
                      ; - java.lang.Class::getPackageName@40 (line 1084)
                      ; - java.lang.ClassLoader::postDefineClass@2 (line 924)
                      ; - java.lang.ClassLoader::defineClass@37 (line 1018)
                      ; - java.security.SecureClassLoader::defineClass@12 (line 150)
                      ; - java.net.URLClassLoader::defineClass@220 (line 524)
  0x00007fa0312ecf44: 9806 d1ff | 4885 c075 | 12be f6ff | ffff 6690 

  0x00007fa0312ecf54: ;   {runtime_call UncommonTrapBlob}
  0x00007fa0312ecf54: c5f8 77e8 

  0x00007fa0312ecf58: ; ImmutableOopMap {}
                      ;*invokevirtual lastIndexOf {reexecute=0 rethrow=0 return_oop=0}
                      ; - java.lang.Class::getPackageName@47 (line 1085)
                      ; - java.lang.ClassLoader::postDefineClass@2 (line 924)
                      ; - java.lang.ClassLoader::defineClass@37 (line 1018)
                      ; - java.security.SecureClassLoader::defineClass@12 (line 150)
                      ; - java.net.URLClassLoader::defineClass@220 (line 524)
  0x00007fa0312ecf58: 245b 7bff | 498b c244 | 8b40 1445 | 8b58 0c0f | be48 1041 | 8bdb d3fb | 448b d341 | ffca 85c9 
  0x00007fa0312ecf78: 0f85 273e | 0000 4d8b | c84c 894c | 2460 458b | cb41 ffc9 | 453b d145 | 0f4c ca45 | 85c9 0f8c 
  0x00007fa0312ecf98: 1601 0000 | 0f1f 4000 | 4585 db0f | 86d7 3500 | 0045 3bcb | 0f83 ce35 | 0000 4585 | c90f 8e29 
  0x00007fa0312ecfb8: 3600 0045 | 8bd1 41ff | ca43 0fbe | 4c08 1083 | f92e 0f84 | 400b 0000 | 41ff c945 | 3bca 7fe9 
  0x00007fa0312ecfd8: 0f1f 8400 | 0000 0000 | 4183 f902 | 0f8e a300 | 0000 418b | c983 c1fe | 4183 f902 | 0f4c 4c24 
  0x00007fa0312ecff8: 2081 f9a0 | 0f00 00bf | a00f 0000 | 0f47 cf41 | 8bf9 2bf9 | 0f1f 4000 | 4d63 d143 | 0fbe 5410 
  0x00007fa0312ed018: 1083 fa2e | 0f1f 4000 | 0f84 9400 | 0000 430f | be4c 100f | 83f9 2e0f | 848a 0000 | 0045 8bd1 
  0x00007fa0312ed038: 4183 c2fe | 430f be4c | 1010 83f9 | 2e0f 847a | 0000 0045 | 8bd1 4183 | c2fd 430f | be54 1010 
  0x00007fa0312ed058: 83fa 2e0f | 1f44 0000 | 0f84 5f00 | 0000 4183 | c1fc 443b | cf7f a149 | 8baf 4803 | 0000 4c8b 
  0x00007fa0312ed078: 5424 4048 

  0x00007fa0312ed07c: ; ImmutableOopMap {r10=Oop r8=NarrowOop rsi=Oop rax=Oop [48]=Oop [56]=Oop [64]=Oop [72]=Oop [96]=Oop }
                      ;*goto {reexecute=1 rethrow=0 return_oop=0}
                      ; - (reexecute) java.lang.StringLatin1::lastIndexOf@35 (line 294)
                      ; - java.lang.String::lastIndexOf@13 (line 2489)
                      ; - java.lang.String::lastIndexOf@8 (line 2451)
                      ; - java.lang.Class::getPackageName@47 (line 1085)
                      ; - java.lang.ClassLoader::postDefineClass@2 (line 924)
                      ; - java.lang.ClassLoader::defineClass@37 (line 1018)
                      ; - java.security.SecureClassLoader::defineClass@12 (line 150)
                      ; - java.net.URLClassLoader::defineClass@220 (line 524)
  0x00007fa0312ed07c: 8b74 2460 

  0x00007fa0312ed080: ;   {poll}
  0x00007fa0312ed080: 8545 0041 | 83f9 020f | 8f5d ffff | ff41 83f9 | ff7e 1f90 | 430f be4c | 0810 660f | 1f44 0000 
  0x00007fa0312ed0a0: 83f9 2e0f | 84ef 3c00 | 0041 ffc9 | 4183 f9ff | 7fe2 41ba | ffff ffff | eb0b 458b | d1eb 0645 
  0x00007fa0312ed0c0: 8bd1 41ff | ca41 83fa | ff0f 84b2 | 0100 0045 | 85d2 0f8c | 2d3d 0000 | 443b d30f | 1f44 0000 
  0x00007fa0312ed0e0: 0f8f 5a3d | 0000 443b | d30f 84c6 | 0800 0045 | 85d2 0f84 | af1e 0000 | 498b 9f08 | 0100 004c 
  0x00007fa0312ed100: 8bcb 4983 | c118 4d3b | 8f18 0100 | 000f 835c | 2700 004d | 898f 0801 | 0000 410f | 0d89 0001 
  0x00007fa0312ed120: 0000 48c7 | 0301 0000 | 004c 8bcb | 4983 c110 

  0x00007fa0312ed130: ;   {metadata('java/lang/String')}
  0x00007fa0312ed130: c743 0810 | ec00 0044 | 8963 0cc5 | fdef c0c4 | c179 d601 | 4181 fa00 | 0010 000f | 87cb 3400 
  0x00007fa0312ed150: 004d 63ca | 453b da41 | 8bea 410f | 4ceb 6690 | 443b dd0f | 8230 3500 | 0044 3bd5 | 0f82 2735 
  0x00007fa0312ed170: 0000 4983 | c117 498b | d148 83e2 | f866 6690 | 4181 fa00 | 0010 000f | 872f 2700 | 004d 8bb7 
  0x00007fa0312ed190: 0801 0000 | 4d8b de4c | 03da 660f | 1f44 0000 | 4d3b 9f18 | 0100 000f | 830f 2700 | 004d 899f 
  0x00007fa0312ed1b0: 0801 0000 | 410f 0d8b | 0001 0000 | 49c7 0601 | 0000 0041 | 0f0d 8b40 

  0x00007fa0312ed1c8: ;   {metadata({type array byte})}
  0x00007fa0312ed1c8: 0100 0041 | c746 0838 | 6800 0045 | 8956 0c41 | 0f0d 8b80 | 0100 004d | 8bde 4983 | c310 49c1 
  0x00007fa0312ed1e8: e903 4d8b | ee85 ed0f | 8430 3400 | 004d 8d40 | 1041 3bea | 0f1f 4000 | 0f8c 0216 | 0000 4883 
  0x00007fa0312ed208: c2f0 48c1 | ea03 498b | f849 8bf3 | 0f1f 8400 | 0000 0000 | 6666 6690 | c5f8 7749 | ba20 39a8 
  0x00007fa0312ed228: 30a0 7f00 | 0041 ffd2 | 4489 6b14 | 4c8b d34d | 8bde 4d33 | da49 c1eb | 144d 85db | 7420 49c1 
  0x00007fa0312ed248: ea09 48bf | 0060 ef46 | a07f 0000 | 4903 fa80 | 3f04 660f | 1f44 0000 | 0f85 6f16 | 0000 4488 
  0x00007fa0312ed268: 6310 488b | f348 8b6c | 2448 6690 

  0x00007fa0312ed274: ;   {optimized virtual_call}
  0x00007fa0312ed274: c5f8 77e8 

  0x00007fa0312ed278: ; ImmutableOopMap {rbp=Oop [56]=Oop [64]=Oop [72]=Oop }
                      ;*invokevirtual intern {reexecute=0 rethrow=0 return_oop=1}
                      ; - java.lang.Class::getPackageName@65 (line 1086)
                      ; - java.lang.ClassLoader::postDefineClass@2 (line 924)
                      ; - java.lang.ClassLoader::defineClass@37 (line 1018)
                      ; - java.security.SecureClassLoader::defineClass@12 (line 150)
                      ; - java.net.URLClassLoader::defineClass@220 (line 524)
  0x00007fa0312ed278: e4ef d0ff | 4889 4424 | 3041 807f | 3800 0f85 | f914 0000 | 4c8b 5424 | 4048 8b5c | 2430 4c8b 
  0x00007fa0312ed298: c34c 8b5c | 2440 4589 | 433c 4c8b | db4d 33da | 49c1 eb14 | 4d85 db74 | 1f48 85db | 741a 49c1 
  0x00007fa0312ed2b8: ea09 48bf | 0060 ef46 | a07f 0000 | 4903 fa80 | 3f04 0f85 | ef14 0000 | 488b 5424 | 488b 7a38 
  0x00007fa0312ed2d8: 85ff 660f | 1f44 0000 | 0f84 ae2d | 0000 4c8b | eb8b 430c | 4c8b 5424 | 4045 8b52 | 3085 c00f 
  0x00007fa0312ed2f8: 8551 0100 | 0044 0fb6 | 5b11 4585 | db0f 8573 | 0800 0044 | 8b4b 144c | 8bf7 807b | 1000 0f85 
  0x00007fa0312ed318: 9b27 0000 | 0f1f 4000 

  0x00007fa0312ed320: ; implicit exception: dispatches to 0x00007fa0312f2c80
  0x00007fa0312ed320: 458b 410c | 4585 c00f | 8689 0800 | 0041 8bc8 | ffc9 413b | c80f 83a1 | 3c00 0045 | 0fb6 5910 
  0x00007fa0312ed340: 418b e883 | c5fd 418b | c3c1 e005 | 412b c383 | fd01 0f8e | c43c 0000 | 498b f1bb | 0100 0000 
  0x00007fa0312ed360: eb2e 410f | b64c 1910 | 03c1 ffc3 | 413b d80f | 8dcd 0000 | 008b c8c1 | e105 2bc8 | 8bc1 6690 
  0x00007fa0312ed380: ebe0 c4e1 | f97e c2c5 | f97e cfc4 | c179 7eda | 418b c82b | cb83 c1fd | 3beb 0f4c | 4c24 2081 
  0x00007fa0312ed3a0: f9a0 0f00 | 0041 bba0 | 0f00 0041 | 0f47 cb03 | cbc4 e1f9 | 6ec2 c5f9 | 6ecf c4c1 | 796e da90 
  0x00007fa0312ed3c0: 4863 d345 | 0fb6 5c11 | 1041 0fb6 | 7c11 1345 | 0fb6 5411 | 1141 0fb6 | 5411 1241 | 03c3 448b 
  0x00007fa0312ed3e0: d841 c1e3 | 0544 2bd8 | 4503 da45 | 8bd3 41c1 | e205 452b | d344 03d2 | 458b da41 | c1e3 0545 
  0x00007fa0312ed400: 2bda 4403 | df41 8bc3 | c1e0 0541 | 2bc3 83c3 | 043b d97c | ab4d 8b97 

  0x00007fa0312ed418: ; ImmutableOopMap {r9=NarrowOop rsi=Oop r13=Oop r14=Oop xmm0=Oop xmm1=NarrowOop xmm3=NarrowOop [56]=Oop [64]=Oop }
                      ;*goto {reexecute=1 rethrow=0 return_oop=0}
                      ; - (reexecute) java.lang.StringLatin1::hashCode@37 (line 196)
                      ; - java.lang.String::hashCode@27 (line 2344)
                      ; - java.util.concurrent.ConcurrentHashMap::get@1 (line 936)
                      ; - java.lang.ClassLoader::getNamedPackage@5 (line 340)
                      ; - java.lang.ClassLoader::postDefineClass@9 (line 924)
                      ; - java.lang.ClassLoader::defineClass@37 (line 1018)
                      ; - java.security.SecureClassLoader::defineClass@12 (line 150)
                      ; - java.net.URLClassLoader::defineClass@220 (line 524)
  0x00007fa0312ed418: 4803 0000 

  0x00007fa0312ed41c: ;   {poll}
  0x00007fa0312ed41c: 4185 0290 | 3bdd 0f8c | 5aff ffff | c4e1 f97e | c2c5 f97e | cfc4 c179 | 7eda 413b | d80f 8c23 
  0x00007fa0312ed43c: ffff ff41 | 8bc3 85c0 | 0f84 a626 | 0000 4189 | 450c 448b | 4f28 4585 | c90f 84bb | 0100 0045 
  0x00007fa0312ed45c: 8b41 0c44 | 8bd8 41c1 | eb10 4433 | d841 81e3 | ffff ff7f | 4585 c00f | 86a7 3400 | 0041 ffc8 
  0x00007fa0312ed47c: 4523 c34d | 63c0 478b | 4c81 1045 | 85c9 0f84 | 8601 0000 | 418b 690c | 413b eb0f | 8443 0300 
  0x00007fa0312ed49c: 0066 6690 | 85ed 0f8c | a040 0000 | 458b 4118 | 4585 c00f | 8461 0100 | 004d 8bf0 | 418b 4e0c 
  0x00007fa0312ed4bc: 498b 9f48 

  0x00007fa0312ed4c0: ; ImmutableOopMap {r10=NarrowOop rdx=Oop r13=Oop r14=Oop [56]=Oop [64]=Oop }
                      ;*if_icmpne {reexecute=1 rethrow=0 return_oop=0}
                      ; - (reexecute) java.util.concurrent.ConcurrentHashMap::get@127 (line 946)
                      ; - java.lang.ClassLoader::getNamedPackage@5 (line 340)
                      ; - java.lang.ClassLoader::postDefineClass@9 (line 924)
                      ; - java.lang.ClassLoader::defineClass@37 (line 1018)
                      ; - java.security.SecureClassLoader::defineClass@12 (line 150)
                      ; - java.net.URLClassLoader::defineClass@220 (line 524)
                      ;   {poll}
  0x00007fa0312ed4c0: 0300 0085 | 0341 3bcb | 7412 458b | 4e18 4585 | c90f 843f | 0100 004d | 8bf1 ebdc | 458b 4610 
  0x00007fa0312ed4e0: 4d8b c84d | 3bcd 0f84 | 1e01 0000 

  0x00007fa0312ed4ec: ; implicit exception: dispatches to 0x00007fa0312f2e40
  0x00007fa0312ed4ec: 418b 4808 | 4d8b c84d | 3be9 0f84 | 0e01 0000 | 0f1f 4000 

  0x00007fa0312ed500: ;   {metadata('java/lang/String')}
  0x00007fa0312ed500: 81f9 10ec | 0000 0f85 | a851 0000 | 410f be4d | 1041 0fbe | 6910 3bcd | 0f85 7a44 | 0000 458b 
  0x00007fa0312ed520: 4914 418b | 5d14 458b | 410c 8b4b | 0c41 3bc8 | 0f85 de42 | 0000 4d8b | c149 8d71 | 104c 8bc3 
  0x00007fa0312ed540: 488d 7b10 | 85c9 0f84 | a500 0000 | 8bc1 83e0 | 1f83 e1e0 | 0f84 4b00 | 0000 488d | 3c0f 488d 
  0x00007fa0312ed560: 340e 48f7 | d9c5 fe6f | 040f c5fe | 6f0c 0ec5 | fdef c1c4 | e27d 17c0 | 0f85 7a00 | 0000 4883 
  0x00007fa0312ed580: c120 75e1 | 85c0 0f84 | 6500 0000 | c5fe 6f44 | 07e0 c5fe | 6f4c 06e0 | c5fd efc1 | c4e2 7d17 
  0x00007fa0312ed5a0: c075 55eb | 4c8b c883 | e1fc 7419 | 488d 3c0f | 488d 340e | 48f7 d98b | 1c0f 3b1c | 0e75 3948 
  0x00007fa0312ed5c0: 83c1 0475 | f2f7 c002 | 0000 0074 | 120f b71f | 0fb7 0e3b | d975 2148 | 8d7f 0248 | 8d76 02f7 
  0x00007fa0312ed5e0: c001 0000 | 0074 0a0f | b61f 0fb6 | 0e3b d975 | 07b8 0100 | 0000 eb02 | 33c0 c5fd | efc0 c5f5 
  0x00007fa0312ed600: efc9 85c0 | 0f84 0e42 | 0000 418b | 6e14 85ed | 0f85 0903 | 0000 498b | 8708 0100 | 004c 8bd8 
  0x00007fa0312ed620: 4983 c318 | 4d3b 9f18 | 0100 000f | 8314 2300 | 004d 899f | 0801 0000 | 410f 0d8b | 0001 0000 
  0x00007fa0312ed640: 48c7 0001 

  0x00007fa0312ed644: ;   {metadata('java/lang/NamedPackage')}
  0x00007fa0312ed644: 0000 00c7 | 4008 480b | 0200 4489 | 600c 4c8b | d849 83c3 | 10c5 fdef | c0c4 c179 | d603 458b 
  0x00007fa0312ed664: 4514 458b | 580c 4585 | db0f 874a | 0300 0045 | 85d2 0f84 | d836 0000 | 4889 4424 | 604c 896c 
  0x00007fa0312ed684: 2448 4889 | 5424 1849 | 8bf2 4489 | 5424 5848 | 8944 2430 | 8b6c 2458 

  0x00007fa0312ed69c: ;   {optimized virtual_call}
  0x00007fa0312ed69c: c5f8 77e8 

  0x00007fa0312ed6a0: ; ImmutableOopMap {rbp=NarrowOop [24]=Oop [48]=Oop [56]=Oop [64]=Oop [72]=Oop [88]=NarrowOop [96]=Oop }
                      ;*invokevirtual isNamed {reexecute=0 rethrow=0 return_oop=0}
                      ; - java.lang.NamedPackage::<init>@12 (line 48)
                      ; - java.lang.ClassLoader::getNamedPackage@22 (line 342)
                      ; - java.lang.ClassLoader::postDefineClass@9 (line 924)
                      ; - java.lang.ClassLoader::defineClass@37 (line 1018)
                      ; - java.security.SecureClassLoader::defineClass@12 (line 150)
                      ; - java.net.URLClassLoader::defineClass@220 (line 524)
  0x00007fa0312ed6a0: dccf 7aff | 85c0 0f85 | b836 0000 | 448b d549 | 8bea 4489 | 5424 2448 | 8b74 2448 

  0x00007fa0312ed6bc: ;   {optimized virtual_call}
  0x00007fa0312ed6bc: c5f8 77e8 

  0x00007fa0312ed6c0: ; ImmutableOopMap {rbp=Oop [24]=Oop [36]=NarrowOop [56]=Oop [64]=Oop [72]=Oop [96]=Oop }
                      ;*invokevirtual intern {reexecute=0 rethrow=0 return_oop=1}
                      ; - java.lang.NamedPackage::<init>@47 (line 51)
                      ; - java.lang.ClassLoader::getNamedPackage@22 (line 342)
                      ; - java.lang.ClassLoader::postDefineClass@9 (line 924)
                      ; - java.lang.ClassLoader::defineClass@37 (line 1018)
                      ; - java.security.SecureClassLoader::defineClass@12 (line 150)
                      ; - java.net.URLClassLoader::defineClass@220 (line 524)
  0x00007fa0312ed6c0: bccf 7aff | 4c8b e841 | 807f 3800 | 0f85 d513 | 0000 488b | 5c24 604d | 8bd5 4489 | 530c 4c8b 
  0x00007fa0312ed6e0: d34d 8bdd | 4d33 da49 | c1eb 144d | 85db 741f | 4d85 ed74 | 1a49 c1ea | 0948 bf00 | 60ef 46a0 
  0x00007fa0312ed700: 7f00 0049 | 03fa 803f | 040f 850d | 1400 0041 | 807f 3800 | 0f85 c513 | 0000 448b | 6c24 2444 
  0x00007fa0312ed720: 896b 104c | 8bd5 4c8b | db4d 33d3 | 49c1 ea14 | 4d85 d274 | 1f45 85ed | 741a 49c1 | eb09 48bf 
  0x00007fa0312ed740: 0060 ef46 | a07f 0000 | 4903 fb80 | 3f04 0f85 | 1314 0000 | 4c8b 5c24 | 1845 8b53 | 3866 6690 
  0x00007fa0312ed760: 4585 d20f | 84fb 3300 | 0048 895c | 2460 4489 | 6c24 5848 | ff74 2418 | 488f 4424 | 2849 8bf2 
  0x00007fa0312ed780: 488b 5424 | 4848 8bcb | 41b8 0100 | 0000 6690 

  0x00007fa0312ed790: ;   {optimized virtual_call}
  0x00007fa0312ed790: c5f8 77e8 

  0x00007fa0312ed794: ; ImmutableOopMap {[24]=Oop [36]=NarrowOop [40]=Oop [56]=Oop [64]=Oop [88]=NarrowOop [96]=Oop }
                      ;*invokevirtual putVal {reexecute=0 rethrow=0 return_oop=1}
                      ; - java.util.concurrent.ConcurrentHashMap::putIfAbsent@4 (line 1541)
                      ; - java.lang.ClassLoader::getNamedPackage@32 (line 344)
                      ; - java.lang.ClassLoader::postDefineClass@9 (line 924)
                      ; - java.lang.ClassLoader::defineClass@37 (line 1018)
                      ; - java.security.SecureClassLoader::defineClass@12 (line 150)
                      ; - java.net.URLClassLoader::defineClass@220 (line 524)
  0x00007fa0312ed794: e8ce 7aff | 4885 c00f | 1f44 0000 | 0f84 6c13 | 0000 448b | 5008 49bb | 0000 00f7 | 9f7f 0000 
  0x00007fa0312ed7b4: 4d03 da4d 

  0x00007fa0312ed7b8: ;   {metadata('java/lang/NamedPackage')}
  0x00007fa0312ed7b8: 8b53 3849 | bb48 0b02 | f79f 7f00 | 004d 3bd3 | 0f84 aa33 | 0000 bede | ffff ff48 | 8be8 6690 
  0x00007fa0312ed7d8: ;   {runtime_call UncommonTrapBlob}
  0x00007fa0312ed7d8: c5f8 77e8 

  0x00007fa0312ed7dc: ; ImmutableOopMap {rbp=Oop }
                      ;*checkcast {reexecute=0 rethrow=0 return_oop=0}
                      ; - java.lang.ClassLoader::getNamedPackage@35 (line 344)
                      ; - java.lang.ClassLoader::postDefineClass@9 (line 924)
                      ; - java.lang.ClassLoader::defineClass@37 (line 1018)
                      ; - java.security.SecureClassLoader::defineClass@12 (line 150)
                      ; - java.net.URLClassLoader::defineClass@220 (line 524)
  0x00007fa0312ed7dc: a052 7bff | 458b 4110 | 498b c849 | 3bcd 0f84 | 2301 0000 

  0x00007fa0312ed7f0: ; implicit exception: dispatches to 0x00007fa0312f2d20
  0x00007fa0312ed7f0: 418b 4808 | 498b d84c | 3beb 660f | 1f44 0000 | 0f84 0d01 

  0x00007fa0312ed804: ;   {metadata('java/lang/String')}
  0x00007fa0312ed804: 0000 81f9 | 10ec 0000 | 0f85 6e50 | 0000 450f | be45 100f | be6b 100f | 1f44 0000 | 443b c50f 
  0x00007fa0312ed824: 855c 3c00 | 008b 7b14 | 458b 4514 | 8b5f 0c41 | 8b48 0c3b | cb0f 8569 | fcff ff48 | 8bdf 488d 
  0x00007fa0312ed844: 7710 498b | d849 8d78 | 1085 c90f | 84a5 0000 | 008b c183 | e01f 83e1 | e00f 844b | 0000 0048 
  0x00007fa0312ed864: 8d3c 0f48 | 8d34 0e48 | f7d9 c5fe | 6f04 0fc5 | fe6f 0c0e | c5fd efc1 | c4e2 7d17 | c00f 857a 
  0x00007fa0312ed884: 0000 0048 | 83c1 2075 | e185 c00f | 8465 0000 | 00c5 fe6f | 4407 e0c5 | fe6f 4c06 | e0c5 fdef 
  0x00007fa0312ed8a4: c1c4 e27d | 17c0 7555 | eb4c 8bc8 | 83e1 fc74 | 1948 8d3c | 0f48 8d34 | 0e48 f7d9 | 8b1c 0f3b 
  0x00007fa0312ed8c4: 1c0e 7539 | 4883 c104 | 75f2 f7c0 | 0200 0000 | 7412 0fb7 | 1f0f b70e | 3bd9 7521 | 488d 7f02 
  0x00007fa0312ed8e4: 488d 7602 | f7c0 0100 | 0000 740a | 0fb6 1f0f | b60e 3bd9 | 7507 b801 | 0000 00eb | 0233 c0c5 
  0x00007fa0312ed904: fdef c0c5 | f5ef c985 | c00f 8495 | fbff ff41 | 8b69 1485 | ed0f 84f7 | fcff ff44 | 8b5d 0849 
  0x00007fa0312ed924: ba00 0000 | f79f 7f00 | 004d 03d3 | 4d8b 5238 

  0x00007fa0312ed934: ;   {metadata('java/lang/NamedPackage')}
  0x00007fa0312ed934: 49bb 480b | 02f7 9f7f | 0000 6690 | 4d3b d30f | 85bb 2d00 | 004c 8b54 | 2438 458b | 4210 458b 
  0x00007fa0312ed954: 4814 4585 | c90f 8557 | 1600 0045 | 8b48 1045 | 85c9 0f85 | e916 0000 | 488b 4424 | 40c5 f877 
  0x00007fa0312ed974: 4881 c400 | 0100 005d 

  0x00007fa0312ed97c: ;   {poll_return}
  0x00007fa0312ed97c: 493b a740 | 0300 000f | 87ec 5d00 | 00c3 4c89 | 9424 a000 | 0000 e942 | d7ff ff48 | 8b5c 2440 
  0x00007fa0312ed99c: 0f1f 4000 | e94d f4ff | ff45 8bda | e9f6 d4ff | ff41 8bc8 | e9a2 f2ff | ff48 8bd8 | e9ad f8ff 
  0x00007fa0312ed9bc: ff48 8954 | 2418 4c89 | 6c24 4848 | 8944 2460 | e9de fcff | ff48 8b94 | 24c0 0000 | 00e9 97eb 
  0x00007fa0312ed9dc: ffff 4533 | d2e9 beeb | ffff 488b | b424 a800 

  0x00007fa0312ed9ec: ;   {oop(a 'java/util/jar/Attributes$Name'{0x00000000fff76e28})}
  0x00007fa0312ed9ec: 0000 48ba | 286e f7ff | 0000 0000 

  0x00007fa0312ed9f8: ;   {optimized virtual_call}
  0x00007fa0312ed9f8: c5f8 77e8 

  0x00007fa0312ed9fc: ; ImmutableOopMap {[24]=NarrowOop [40]=Oop [48]=Oop [64]=Oop [72]=Oop [88]=Oop [104]=Oop [112]=Oop [120]=Oop [128]=Oop [136]=Oop [144]=Oop [152]=Oop [160]=Oop [168]=Oop [192]=Oop }
                      ;*invokevirtual getValue {reexecute=0 rethrow=0 return_oop=1}
                      ; - java.net.URLClassLoader::definePackage@145 (line 565)
                      ; - java.net.URLClassLoader::defineClass@64 (line 495)
  0x00007fa0312ed9fc: e035 e2ff | 4889 4424 | 60e9 ffea | ffff 488b | b424 a800 

  0x00007fa0312eda10: ;   {oop(a 'java/util/jar/Attributes$Name'{0x00000000fff76f18})}
  0x00007fa0312eda10: 0000 48ba | 186f f7ff | 0000 0000 | 4c8b 5424 | 704c 8954 | 2468 488b | 6c24 5890 

  0x00007fa0312eda2c: ;   {optimized virtual_call}
  0x00007fa0312eda2c: c5f8 77e8 

  0x00007fa0312eda30: ; ImmutableOopMap {rbp=Oop [24]=NarrowOop [40]=Oop [48]=Oop [64]=Oop [72]=Oop [88]=Oop [96]=Oop [104]=Oop [112]=Oop [120]=Oop [128]=Oop [136]=Oop [144]=Oop [152]=Oop [160]=Oop [168]=Oop [192]=Oop }
                      ;*invokevirtual getValue {reexecute=0 rethrow=0 return_oop=1}
                      ; - java.net.URLClassLoader::definePackage@160 (line 568)
                      ; - java.net.URLClassLoader::defineClass@64 (line 495)
  0x00007fa0312eda30: ac35 e2ff | 4889 4424 | 68e9 d9ea | ffff 488b | b424 a800 

  0x00007fa0312eda44: ;   {oop(a 'java/util/jar/Attributes$Name'{0x00000000fff76ee8})}
  0x00007fa0312eda44: 0000 48ba | e86e f7ff | 0000 0000 | 488b 6c24 | 5866 6690 

  0x00007fa0312eda58: ;   {optimized virtual_call}
  0x00007fa0312eda58: c5f8 77e8 

  0x00007fa0312eda5c: ; ImmutableOopMap {rbp=Oop [24]=NarrowOop [40]=Oop [48]=Oop [64]=Oop [72]=Oop [88]=Oop [96]=Oop [104]=Oop [112]=Oop [120]=Oop [136]=Oop [144]=Oop [152]=Oop [160]=Oop [168]=Oop [192]=Oop }
                      ;*invokevirtual getValue {reexecute=0 rethrow=0 return_oop=1}
                      ; - java.net.URLClassLoader::definePackage@175 (line 571)
                      ; - java.net.URLClassLoader::defineClass@64 (line 495)
  0x00007fa0312eda5c: 8035 e2ff | 4889 8424 | 8000 0000 | e9bc eaff | ff48 8bb4 | 24a8 0000 

  0x00007fa0312eda74: ;   {oop(a 'java/util/jar/Attributes$Name'{0x00000000fff76f60})}
  0x00007fa0312eda74: 0048 ba60 | 6ff7 ff00 | 0000 0048 | 8b6c 2458 

  0x00007fa0312eda84: ;   {optimized virtual_call}
  0x00007fa0312eda84: c5f8 77e8 

  0x00007fa0312eda88: ; ImmutableOopMap {rbp=Oop [24]=NarrowOop [40]=Oop [48]=Oop [64]=Oop [72]=Oop [88]=Oop [96]=Oop [104]=Oop [112]=Oop [120]=Oop [128]=Oop [144]=Oop [152]=Oop [160]=Oop [168]=Oop [192]=Oop }
                      ;*invokevirtual getValue {reexecute=0 rethrow=0 return_oop=1}
                      ; - java.net.URLClassLoader::definePackage@190 (line 574)
                      ; - java.net.URLClassLoader::defineClass@64 (line 495)
  0x00007fa0312eda88: 5435 e2ff | 4889 8424 | 8800 0000 | e9a1 eaff | ff48 8bb4 | 24a8 0000 

  0x00007fa0312edaa0: ;   {oop(a 'java/util/jar/Attributes$Name'{0x00000000fff76fa8})}
  0x00007fa0312edaa0: 0048 baa8 | 6ff7 ff00 | 0000 0090 

  0x00007fa0312edaac: ;   {optimized virtual_call}
  0x00007fa0312edaac: c5f8 77e8 

  0x00007fa0312edab0: ; ImmutableOopMap {[24]=NarrowOop [40]=Oop [48]=Oop [64]=Oop [72]=Oop [88]=Oop [96]=Oop [104]=Oop [112]=Oop [120]=Oop [128]=Oop [136]=Oop [152]=Oop [160]=Oop [168]=Oop [192]=Oop }
                      ;*invokevirtual getValue {reexecute=0 rethrow=0 return_oop=1}
                      ; - java.net.URLClassLoader::definePackage@205 (line 577)
                      ; - java.net.URLClassLoader::defineClass@64 (line 495)
  0x00007fa0312edab0: 2c35 e2ff | 4889 8424 | 9000 0000 | 0f1f 4000 | e986 eaff | ff48 8bb4 | 24a8 0000 

  0x00007fa0312edacc: ;   {oop(a 'java/util/jar/Attributes$Name'{0x00000000fff76df8})}
  0x00007fa0312edacc: 0048 baf8 | 6df7 ff00 | 0000 0090 

  0x00007fa0312edad8: ;   {optimized virtual_call}
  0x00007fa0312edad8: c5f8 77e8 

  0x00007fa0312edadc: ; ImmutableOopMap {[24]=NarrowOop [40]=Oop [48]=Oop [64]=Oop [72]=Oop [88]=Oop [96]=Oop [104]=Oop [112]=Oop [120]=Oop [128]=Oop [136]=Oop [144]=Oop [152]=Oop [168]=Oop [192]=Oop }
                      ;*invokevirtual getValue {reexecute=0 rethrow=0 return_oop=1}
                      ; - java.net.URLClassLoader::definePackage@220 (line 580)
                      ; - java.net.URLClassLoader::defineClass@64 (line 495)
  0x00007fa0312edadc: 0035 e2ff | 4889 8424 | a000 0000 | e96f eaff | ff48 8bb4 | 24a8 0000 

  0x00007fa0312edaf4: ;   {oop(a 'java/util/jar/Attributes$Name'{0x00000000fff76e58})}
  0x00007fa0312edaf4: 0048 ba58 | 6ef7 ff00 | 0000 0090 

  0x00007fa0312edb00: ;   {optimized virtual_call}
  0x00007fa0312edb00: c5f8 77e8 

  0x00007fa0312edb04: ; ImmutableOopMap {[40]=Oop [48]=Oop [64]=Oop [72]=Oop [88]=Oop [96]=Oop [104]=Oop [112]=Oop [120]=Oop [128]=Oop [136]=Oop [144]=Oop [152]=Oop [160]=Oop }
                      ;*invokevirtual getValue {reexecute=0 rethrow=0 return_oop=1}
                      ; - java.net.URLClassLoader::definePackage@235 (line 583)
                      ; - java.net.URLClassLoader::defineClass@64 (line 495)
  0x00007fa0312edb04: d834 e2ff | 488b d0e9 | 65ea ffff | 458b d1e9 | adf5 ffff | 498b 8708 | 0100 004c | 8bd0 4983 
  0x00007fa0312edb24: c218 4d3b | 9718 0100 | 000f 839f | 2400 004d | 8997 0801 | 0000 410f | 0d8a 0001 | 0000 48c7 
  0x00007fa0312edb44: 0001 0000 

  0x00007fa0312edb48: ;   {metadata('java/lang/String')}
  0x00007fa0312edb48: 00c7 4008 | 10ec 0000 | 4489 600c | 4489 6010 

  0x00007fa0312edb58: ;   {oop([B{0x00000000fff00820})}
  0x00007fa0312edb58: c740 1420 

  0x00007fa0312edb5c: ;   {oop("/"{0x00000000fff00838})}
  0x00007fa0312edb5c: 08f0 ff49 | ba38 08f0 | ff00 0000 | 0045 8b52 | 0c44 8950 | 0c48 8984 | 24b0 0000 | 00e9 d1e5 
  0x00007fa0312edb7c: ffff 33c0 | e9c9 f8ff 

  0x00007fa0312edb84: ;   {oop(""{0x00000000fff00010})}
  0x00007fa0312edb84: ff33 c049 | b810 00f0 | ff00 0000 | 0049 b900 | 60ef 46a0 | 7f00 000f | 1f44 0000 | e986 d8ff 
  0x00007fa0312edba4: ff33 c0e9 | 28dd ffff | 33ed 4533 | dbe9 6de7 | ffff 33c0 | e985 f8ff 

  0x00007fa0312edbbc: ;   {oop(""{0x00000000fff00010})}
  0x00007fa0312edbbc: ff33 c049 | b810 00f0 | ff00 0000 | 0049 b900 | 60ef 46a0 | 7f00 00e9 | 48d8 ffff | 4c89 4c24 
  0x00007fa0312edbdc: 6044 8944 | 2458 4c89 | 5424 504c | 896c 2430 | 448b 5c24 | 2444 895c | 242c 448b | 5424 2044 
  0x00007fa0312edbfc: 8954 2428 | 4c8b 5424 | 484c 8954 | 2418 4c8b | 5424 404c | 8954 2420 | 498b f1ba | 0100 0000 
  0x00007fa0312edc1c: 4c8b 5424 | 504c 8954 | 2448 6690 

  0x00007fa0312edc28: ;   {optimized virtual_call}
  0x00007fa0312edc28: c5f8 77e8 

  0x00007fa0312edc2c: ; ImmutableOopMap {[24]=Oop [32]=Oop [48]=Oop [72]=Oop [80]=Oop [88]=NarrowOop [96]=Oop [112]=Oop [152]=Oop [160]=Oop }
                      ;*invokevirtual getManifestName {reexecute=0 rethrow=0 return_oop=1}
                      ; - java.util.zip.ZipFile$1::getManifestName@2 (line 1123)
                      ; - java.util.jar.JarFile::maybeInstantiateVerifier@20 (line 723)
                      ; - java.util.jar.JarFile::ensureInitialization@1 (line 1031)
                      ; - java.util.jar.JavaUtilJarAccessImpl::ensureInitialization@1 (line 72)
                      ; - jdk.internal.loader.URLClassPath$JarLoader$2::getManifest@10 (line 885)
                      ; - java.net.URLClassLoader::defineClass@34 (line 491)
  0x00007fa0312edc2c: 50ca 7aff | 4885 c00f | 8562 1700 | 0044 8b44 | 2458 4588 | 6012 4c8b | 5424 204c | 8954 2440 
  0x00007fa0312edc4c: 4c8b 5424 | 184c 8954 | 2448 448b | 5c24 2844 | 895c 2420 | 448b 5424 | 2c44 8954 | 2424 4c8b 
  0x00007fa0312edc6c: 5c24 304c | 8b54 2450 | 4c8b 4c24 | 604d 8beb | 0f1f 4000 | e923 d5ff | ff4c 8bc3 | 498b d00f 
  0x00007fa0312edc8c: 1f44 0000 | 8b4a 0c41 | 3bcb 0f85 | 3501 0000 | 8b6a 104c | 8bc5 488b | 8c24 b000 | 0000 4c3b 
  0x00007fa0312edcac: c10f 84cb | e6ff ff49 | 3bc8 0f84 | c2e6 ffff | 0f1f 4000 | 85ed 0f84 | 0901 0000 

  0x00007fa0312edcc8: ;   {metadata('java/lang/String')}
  0x00007fa0312edcc8: 8b4d 0881 | f910 ec00 | 000f 8541 | 4b00 004c | 8bc5 410f | be68 1090 | 443b cd0f | 8540 4300 
  0x00007fa0312edce8: 0041 8b4a | 0c45 8b40 | 1441 8b78 | 0c3b cf0f | 85d4 0000 | 0049 8bd8 | 498d 7010 | 4d8b c249 
  0x00007fa0312edd08: 8d7a 1085 | c90f 84a5 | 0000 008b | c183 e01f | 83e1 e00f | 844b 0000 | 0048 8d3c | 0f48 8d34 
  0x00007fa0312edd28: 0e48 f7d9 | c5fe 6f04 | 0fc5 fe6f | 0c0e c5fd | efc1 c4e2 | 7d17 c00f | 857a 0000 | 0048 83c1 
  0x00007fa0312edd48: 2075 e185 | c00f 8465 | 0000 00c5 | fe6f 4407 | e0c5 fe6f | 4c06 e0c5 | fdef c1c4 | e27d 17c0 
  0x00007fa0312edd68: 7555 eb4c | 8bc8 83e1 | fc74 1948 | 8d3c 0f48 | 8d34 0e48 | f7d9 8b1c | 0f3b 1c0e | 7539 4883 
  0x00007fa0312edd88: c104 75f2 | f7c0 0200 | 0000 7412 | 0fb7 1f0f | b70e 3bd9 | 7521 488d | 7f02 488d | 7602 f7c0 
  0x00007fa0312edda8: 0100 0000 | 740a 0fb6 | 1f0f b60e | 3bd9 7507 | b801 0000 | 00eb 0233 | c0c5 fdef | c0c5 f5ef 
  0x00007fa0312eddc8: c985 c00f | 85ad e5ff | ff4d 8b87 | 4803 0000 

  0x00007fa0312eddd8: ; ImmutableOopMap {r10=NarrowOop rcx=NarrowOop [40]=Oop [48]=Oop [64]=Oop [72]=Oop [88]=Oop [112]=Oop [120]=Oop [152]=Oop [176]=Oop }
                      ;*ifnonnull {reexecute=1 rethrow=0 return_oop=0}
                      ; - (reexecute) java.util.HashMap::getNode@145 (line 579)
                      ; - java.util.HashMap::get@2 (line 556)
                      ; - java.util.jar.Manifest::getAttributes@5 (line 159)
                      ; - java.util.jar.Manifest::getTrustedAttributes@2 (line 176)
                      ; - java.util.jar.JavaUtilJarAccessImpl::getTrustedAttributes@2 (line 68)
                      ; - java.net.URLClassLoader::definePackage@42 (line 552)
                      ; - java.net.URLClassLoader::defineClass@64 (line 495)
                      ;   {poll}
  0x00007fa0312eddd8: 8b4a 1841 | 8500 6690 | 85c9 0f84 | 91e0 ffff | 4c8b c149 | 8bd0 e99d | feff ff33 | c0e9 08e5 
  0x00007fa0312eddf8: ;   {oop(""{0x00000000fff00010})}
  0x00007fa0312eddf8: ffff 48bb | 1000 f0ff | 0000 0000 | e9e9 efff | ff0f 1f80 | 0000 0000 | 448b 7424 | 6044 8b44 
  0x00007fa0312ede18: 2464 488b | 8c24 8800 | 0000 4c8b | ac24 9000 | 0000 4c8b | 4c24 188b | d8e9 7c02 | 0000 6666 
  0x00007fa0312ede38: 0f1f 8400 | 0000 0000 

  0x00007fa0312ede40: ;   {metadata('jdk/internal/loader/URLClassPath$FileLoader$1')}
  0x00007fa0312ede40: 4181 f8f0 | 3142 010f | 85cb 4000 | 004c 8b54 | 2448 488d | 9c24 e000 | 0000 498b | 0248 f7c0 
  0x00007fa0312ede60: 0200 0000 | 7524 4883 | c801 4889 | 03f0 490f | b11a 0f84 | 3e00 0000 | 482b c448 | 81e0 07f0 
  0x00007fa0312ede80: ffff 4889 | 03e9 2c00 | 0000 4c8b | c848 33c0 | f04d 0fb1 | 793e 48c7 | 0303 0000 | 000f 8413 
  0x00007fa0312edea0: 0000 004c | 3bf8 0f85 | 0a00 0000 | 49ff 8186 | 0000 0048 | 33c0 0f85 | 7440 0000 | 458b 5a0c 
  0x00007fa0312edec0: 4585 db0f | 8565 0000 | 004c 8954 | 2418 418b | e849 8bf2 

  0x00007fa0312eded4: ;   {optimized virtual_call}
  0x00007fa0312eded4: c5f8 77e8 

  0x00007fa0312eded8: ; ImmutableOopMap {[24]=Oop [40]=Oop [48]=Oop [64]=Oop [72]=Oop [112]=Oop [152]=Oop }
                      ;*invokevirtual getInputStream {reexecute=0 rethrow=0 return_oop=1}
                      ; - jdk.internal.loader.Resource::cachedInputStream@9 (line 77)
                      ; - jdk.internal.loader.Resource::getBytes@1 (line 89)
                      ; - java.net.URLClassLoader::defineClass@179 (line 519)
  0x00007fa0312eded8: a4c7 7aff | 488b d890 | 4180 7f38 | 000f 8506 | 2100 004c | 8b54 2418 | 488b cb4c | 8bd9 4589 
  0x00007fa0312edef8: 5a0c 4d8b | c24c 8bc9 | 4d33 c849 | c1e9 144d | 85c9 741f | 4885 c974 | 1a49 c1e8 | 0948 bf00 
  0x00007fa0312edf18: 60ef 46a0 | 7f00 0049 | 03f8 803f | 040f 8504 | 2100 0044 | 8bc5 488d | 8424 e000 | 0000 4881 
  0x00007fa0312edf38: 3800 0000 | 000f 8483 | 0000 004d | 8b0a 49f7 | c102 0000 | 0074 6f49 | 81b9 8600 | 0000 0000 
  0x00007fa0312edf58: 0000 7409 | 49ff 8986 | 0000 00eb | 5149 8b81 | 9600 0000 | 490b 818e | 0000 0075 | 0a49 c741 
  0x00007fa0312edf78: 3e00 0000 | 00eb 4749 | 81b9 9e00 | 0000 0000 | 0000 7425 | 4833 c049 | c741 3e00 | 0000 00f0 
  0x00007fa0312edf98: 8304 2400 | 4981 b99e | 0000 0000 | 0000 0075 | 0df0 4d0f | b179 3e75 | 0583 c801 | eb10 f7c0 
  0x00007fa0312edfb8: 0000 0000 | eb08 4c8b | 08f0 4d0f | b10a 0f85 | 8b3f 0000 | 4c8b 4c24 | 2841 0fb6 | 692d 85ed 
  0x00007fa0312edfd8: 0f85 c240 | 0000 4489 | 4424 2448 | ff74 2428 | 488f 8424 | a000 0000 | 33ed 4489 | 5c24 604c 
  0x00007fa0312edff8: 8954 2458 | 498b f290 

  0x00007fa0312ee000: ;   {optimized virtual_call}
  0x00007fa0312ee000: c5f8 77e8 

  0x00007fa0312ee004: ; ImmutableOopMap {[48]=Oop [64]=Oop [72]=Oop [88]=Oop [96]=NarrowOop [112]=Oop [152]=Oop [160]=Oop }
                      ;*invokevirtual getContentLength {reexecute=0 rethrow=0 return_oop=0}
                      ; - jdk.internal.loader.Resource::getBytes@10 (line 100)
                      ; - java.net.URLClassLoader::defineClass@179 (line 519)
  0x00007fa0312ee004: 78c6 7aff | 8944 2418 | 498b 8f08 | 0100 004c | 8bd1 4983 | c210 660f | 1f44 0000 | 4d3b 9718 
  0x00007fa0312ee024: 0100 000f | 838f 2f00 | 004d 8997 | 0801 0000 | 410f 0d8a | 0001 0000 | 48c7 0101 | 0000 0041 
  0x00007fa0312ee044: 0f0d 8a40 

  0x00007fa0312ee048: ;   {metadata({type array byte})}
  0x00007fa0312ee048: 0100 00c7 | 4108 3868 | 0000 410f | 0d8a 8001 | 0000 4489 | 610c 448b | 4424 1841 | 83f8 ff0f 
  0x00007fa0312ee068: 8463 4000 | 0045 85c0 | 7f1e 448b | 5c24 6045 | 85db 660f | 1f44 0000 | 0f84 5641 | 0000 4889 
  0x00007fa0312ee088: 4c24 18e9 | f201 0000 | 448b 7424 | 6045 8b56 | 084d 8bee | 0f1f 4000 

  0x00007fa0312ee0a0: ;   {metadata('java/util/zip/ZipFile$ZipFileInflaterInputStream')}
  0x00007fa0312ee0a0: 4181 fa10 | f61c 000f | 853f 1c00 | 004d 8bcd | 33db 448b | 510c 413b | da0f 8c19 | 1900 0041 
  0x00007fa0312ee0c0: 8bf8 2bfb | 418b d281 | c200 0400 | 003b fa0f | 4cd7 85d2 | 0f8c 0e3e | 0000 8bfa | 03fb 6690 
  0x00007fa0312ee0e0: 81ff 0000 | 1000 0f87 | 013d 0000 | 4863 c744 | 3bd7 8bf7 | 410f 4cf2 | 89b4 24ac | 0000 0090 
  0x00007fa0312ee100: 443b d60f | 8260 3d00 | 003b fe0f | 8267 3d00 | 0048 83c0 | 174c 8bd8 | 4983 e3f8 | 0f1f 4000 
  0x00007fa0312ee120: 81ff 0000 | 1000 0f87 | 3426 0000 | 89ac 24a8 | 0000 0049 | 8bb7 0801 | 0000 4c8b | d64d 03d3 
  0x00007fa0312ee140: 4d3b 9718 | 0100 000f | 831a 2600 | 004d 8997 | 0801 0000 | 410f 0d8a | 0001 0000 | 48c7 0601 
  0x00007fa0312ee160: 0000 0041 | 0f0d 8a40 

  0x00007fa0312ee168: ;   {metadata({type array byte})}
  0x00007fa0312ee168: 0100 00c7 | 4608 3868 | 0000 897e | 0c41 0f0d | 8a80 0100 | 0048 8bee | 4883 c510 | 48c1 e803 
  0x00007fa0312ee188: 448b 9424 | ac00 0000 | 4585 d20f | 845c 3c00 | 0048 83c1 | 1066 6690 | 443b d70f | 8c14 1d00 
  0x00007fa0312ee1a8: 0048 8bc5 | 4889 7424 | 6089 5424 | 2c89 5c24 | 284c 894c | 2418 498b | ed45 8be8 | 4983 c3f0 
  0x00007fa0312ee1c8: 49c1 eb03 | 488b f948 | 8bf0 498b | d366 6666 | 0f1f 8400 | 0000 0000 | c5f8 7749 | ba20 39a8 
  0x00007fa0312ee1e8: 30a0 7f00 | 0041 ffd2 | 458b c54c | 8bed 4c8b | 4c24 188b | 5c24 288b | 5424 2c48 | 8b74 2460 
  0x00007fa0312ee208: 4889 b424 | 8800 0000 | 4489 7424 | 604c 89ac | 2490 0000 | 008b ac24 | a800 0000 | 448b da89 
  0x00007fa0312ee228: 5c24 284c | 894c 2418 | 4489 4424 | 6449 8bf1 | 488b 9424 | 8800 0000 | 8bcb 458b | c366 6690 
  0x00007fa0312ee248: ;   {optimized virtual_call}
  0x00007fa0312ee248: c5f8 77e8 

  0x00007fa0312ee24c: ; ImmutableOopMap {[24]=Oop [48]=Oop [64]=Oop [72]=Oop [88]=Oop [96]=NarrowOop [112]=Oop [136]=Oop [144]=Oop [152]=Oop [160]=Oop }
                      ;*invokevirtual read {reexecute=0 rethrow=0 return_oop=0}
                      ; - jdk.internal.loader.Resource::getBytes@117 (line 126)
                      ; - java.net.URLClassLoader::defineClass@179 (line 519)
  0x00007fa0312ee24c: 30c4 7aff | 85c0 0f8c | 5c3c 0000 | 0344 2428 | 4d8b 9f48 

  0x00007fa0312ee260: ; ImmutableOopMap {[24]=Oop [48]=Oop [64]=Oop [72]=Oop [88]=Oop [96]=NarrowOop [112]=Oop [136]=Oop [144]=Oop [152]=Oop [160]=Oop }
                      ;*goto {reexecute=1 rethrow=0 return_oop=0}
                      ; - (reexecute) jdk.internal.loader.Resource::getBytes@179 (line 142)
                      ; - java.net.URLClassLoader::defineClass@179 (line 519)
                      ;   {poll}
  0x00007fa0312ee260: 0300 0041 | 8503 3b44 | 2464 0f8c | a0fb ffff | 4c8b 9424 | 8800 0000 | 4c89 5424 | 1844 8b5c 
  0x00007fa0312ee280: 2460 458b | 5308 498b 

  0x00007fa0312ee288: ;   {metadata('java/util/zip/ZipFile$ZipFileInflaterInputStream')}
  0x00007fa0312ee288: f341 81fa | 10f6 1c00 | 0f85 e119 | 0000 6690 

  0x00007fa0312ee298: ;   {optimized virtual_call}
  0x00007fa0312ee298: c5f8 77e8 

  0x00007fa0312ee29c: ; ImmutableOopMap {[24]=Oop [48]=Oop [64]=Oop [72]=Oop [88]=Oop [112]=Oop [152]=Oop }
                      ;*invokevirtual close {reexecute=0 rethrow=0 return_oop=0}
                      ; - jdk.internal.loader.Resource::getBytes@183 (line 145)
                      ; - java.net.URLClassLoader::defineClass@179 (line 519)
  0x00007fa0312ee29c: e0c3 7aff | 85ed 0f85 | 593e 0000 | 4c8b 5424 | 184c 8954 | 2458 e97a | e3ff ff66 | 0f1f 8400 
  0x00007fa0312ee2bc: 0000 0000 

  0x00007fa0312ee2c0: ;   {metadata('jdk/internal/loader/URLClassPath$FileLoader$1')}
  0x00007fa0312ee2c0: 4181 fbf0 | 3142 010f | 85bf 3c00 | 0033 c0e9 | a4e3 ffff 

  0x00007fa0312ee2d4: ;   {oop(""{0x00000000fff00010})}
  0x00007fa0312ee2d4: 49ba 1000 | f0ff 0000 | 0000 49bb | 0060 ef46 | a07f 0000 | 4c89 6c24 | 284c 8954 | 2430 4c89 
  0x00007fa0312ee2f4: 5c24 50e9 | f4e2 ffff | 4c89 6c24 | 3044 8944 | 2428 4489 | 5c24 244c | 8b54 2448 | 4c89 5424 
  0x00007fa0312ee314: 1848 8b6c | 2440 498b | f290 c5f8 | 7748 b8ff | ffff ffff 

  0x00007fa0312ee328: ;   {virtual_call}
  0x00007fa0312ee328: ffff ffe8 

  0x00007fa0312ee32c: ; ImmutableOopMap {rbp=Oop [24]=Oop [48]=Oop [72]=Oop [112]=Oop }
                      ;*invokevirtual getCodeSourceURL {reexecute=0 rethrow=0 return_oop=1}
                      ; - java.net.URLClassLoader::defineClass@13 (line 487)
  0x00007fa0312ee32c: 50c8 7aff | 4889 8424 | 9800 0000 | 4889 6c24 | 4044 8b5c | 2424 448b | 4424 2844 | 8944 2424 
  0x00007fa0312ee34c: 4c8b 6c24 | 30e9 8fcb | ffff 4533 | d244 8954 | 2420 41bb | ffff ffff | e93a cbff | ff4c 8bed 
  0x00007fa0312ee36c: 448b 5520 | 4585 d20f | 849c e3ff | ff4d 8b5f | 2049 8bfa | 4d85 db0f | 84a3 2400 | 004d 8b57 
  0x00007fa0312ee38c: 304b 897c | 1af8 4983 | c3f8 4d89 | 5f20 e976 | e3ff ff4d | 8b57 504d | 8b5f 40f0 | 8344 24c0 
  0x00007fa0312ee3ac: 0080 3f00 | 0f84 97e3 | ffff 4488 | 274d 85db | 7518 498b | f7c5 f877 | 49ba a097 | 8048 a07f 
  0x00007fa0312ee3cc: 0000 41ff | d2e9 77e3 | ffff 4b89 | 7c1a f849 | 83c3 f84d | 895f 40e9 | 65e3 ffff | 4863 d54c 
  0x00007fa0312ee3ec: 8bda 4983 | c310 498b | cb48 83e1 | f849 8bf9 | 4803 f949 | c1eb 034d | 2bd3 498b | ca48 33c0 
  0x00007fa0312ee40c: 4883 f908 | 7f10 48ff | c978 5748 | 8904 cf48 | ffc9 7df7 | eb4c c5fd | efc0 e90d | 0000 00c5 
  0x00007fa0312ee42c: fe7f 07c5 | fe7f 4720 | 4883 c740 | 4883 e908 | 7ded 4883 | c104 7c0c | c5fe 7f07 | 4883 c720 
  0x00007fa0312ee44c: 4883 e904 | 4883 c104 | 7e18 b801 | 0000 00c4 | e271 f7c0 | 4883 e801 | c5f8 92f8 | 62f1 fe2f 
  0x00007fa0312ee46c: 7f07 4883 | fa20 7725 | 49ba ffff | ffff ffff | ffff c442 | e8f5 d2c4 | c1fb 92fa | 62d1 7faf 
  0x00007fa0312ee48c: 6f00 62f1 | 7f2f 7f06 | e9fa cbff | ff4d 8bd8 | 4c89 4c24 | 5048 895c | 2430 4c89 | 7424 2849 
  0x00007fa0312ee4ac: 8bfb c5f8 | 7749 ba60 | 18a8 30a0 | 7f00 0041 | ffd2 4c8b | 7424 2848 | 8b5c 2430 | 4c8b 4c24 
  0x00007fa0312ee4cc: 50e9 c1cb | ffff 4d8b | 5740 4d8b | 5f50 f083 | 4424 c000 | 803f 000f | 84e1 cbff | ff44 8827 
  0x00007fa0312ee4ec: 4d85 d275 | 2e48 895c | 2428 4c89 | 7424 1849 | 8bf7 6690 | c5f8 7749 | baa0 9780 | 48a0 7f00 
  0x00007fa0312ee50c: 0041 ffd2 | 4c8b 7424 | 1848 8b5c | 2428 e9ab | cbff ff4b | 897c 13f8 | 4983 c2f8 | 4d89 5740 
  0x00007fa0312ee52c: e999 cbff | ff48 63d5 | 488b ca48 | 83c1 1048 | 8bf1 4883 | e6f8 498b | f948 03fe | 48c1 e903 
  0x00007fa0312ee54c: 4c2b c149 | 8bc8 4833 | c048 83f9 | 087f 1048 | ffc9 7857 | 4889 04cf | 48ff c97d | f7eb 4cc5 
  0x00007fa0312ee56c: fdef c0e9 | 0d00 0000 | c5fe 7f07 | c5fe 7f47 | 2048 83c7 | 4048 83e9 | 087d ed48 | 83c1 047c 
  0x00007fa0312ee58c: 0cc5 fe7f | 0748 83c7 | 2048 83e9 | 0448 83c1 | 047e 18b8 | 0100 0000 | c4e2 71f7 | c048 83e8 
  0x00007fa0312ee5ac: 01c5 f892 | f862 f1fe | 2f7f 0748 | 83fa 2077 | 2849 b8ff | ffff ffff | ffff ffc4 | 42e8 f5c0 
  0x00007fa0312ee5cc: c4c1 fb92 | f862 d17f | af6f 0362 | d17f 2f7f | 0266 6690 | e9d9 e7ff | ff4d 8bc2 | 4c89 4c24 
  0x00007fa0312ee5ec: 4848 895c | 2418 498b | fb49 8bf0 | 0f1f 8400 | 0000 0000 | c5f8 7749 | ba60 18a8 | 30a0 7f00 
  0x00007fa0312ee60c: 0041 ffd2 | 488b 5c24 | 184c 8b4c | 2448 e99f | e7ff ff4d | 8b57 404d | 8b5f 50f0 | 8344 24c0 
  0x00007fa0312ee62c: 0080 3f00 | 0f84 b8e7 | ffff 4488 | 274d 85d2 | 7518 498b | f7c5 f877 | 49ba a097 | 8048 a07f 
  0x00007fa0312ee64c: 0000 41ff | d2e9 98e7 | ffff 4b89 | 7c13 f849 | 83c2 f84d | 8957 40e9 | 86e7 ffff | 450f b658 
  0x00007fa0312ee66c: 1145 85db | 0f85 3ccb | ffff 4c89 | 4c24 6044 | 8944 2430 | 4c89 5424 | 504c 896c | 2428 488b 
  0x00007fa0312ee68c: 6c24 484c | 8b54 2440 | 4c89 5424 

  0x00007fa0312ee698: ;   {oop(a 'java/lang/Boolean'{0x00000000c0674d70} = true)}
  0x00007fa0312ee698: 1848 ba70 | 4d67 c000 

  0x00007fa0312ee6a0: ;   {oop(a 'java/lang/ThreadLocal'{0x00000000c0001cf8})}
  0x00007fa0312ee6a0: 0000 0048 | bef8 1c00 | c000 0000 | 004c 8b54 | 2450 4c89 | 5424 4890 

  0x00007fa0312ee6b8: ;   {optimized virtual_call}
  0x00007fa0312ee6b8: c5f8 77e8 

  0x00007fa0312ee6bc: ; ImmutableOopMap {rbp=Oop [24]=Oop [40]=Oop [48]=NarrowOop [72]=Oop [80]=Oop [96]=Oop [112]=Oop [152]=Oop [160]=Oop }
                      ;*invokevirtual set {reexecute=0 rethrow=0 return_oop=0}
                      ; - java.util.jar.JarFile::ensureInitialization@37 (line 1036)
                      ; - java.util.jar.JavaUtilJarAccessImpl::ensureInitialization@1 (line 72)
                      ; - jdk.internal.loader.URLClassPath$JarLoader$2::getManifest@10 (line 885)
                      ; - java.net.URLClassLoader::defineClass@34 (line 491)
  0x00007fa0312ee6bc: c0bf 7aff | 488b 7424 | 6066 6690 

  0x00007fa0312ee6c8: ;   {optimized virtual_call}
  0x00007fa0312ee6c8: c5f8 77e8 

  0x00007fa0312ee6cc: ; ImmutableOopMap {rbp=Oop [24]=Oop [40]=Oop [48]=NarrowOop [72]=Oop [80]=Oop [96]=Oop [112]=Oop [152]=Oop [160]=Oop }
                      ;*invokevirtual initializeVerifier {reexecute=0 rethrow=0 return_oop=0}
                      ; - java.util.jar.JarFile::ensureInitialization@41 (line 1038)
                      ; - java.util.jar.JavaUtilJarAccessImpl::ensureInitialization@1 (line 72)
                      ; - jdk.internal.loader.URLClassPath$JarLoader$2::getManifest@10 (line 885)
                      ; - java.net.URLClassLoader::defineClass@34 (line 491)
  0x00007fa0312ee6cc: 3753 0000 | 448b 5424 | 3041 c642 

  0x00007fa0312ee6d8: ;   {oop(a 'java/lang/ThreadLocal'{0x00000000c0001cf8})}
  0x00007fa0312ee6d8: 1101 48be | f81c 00c0 | 0000 0000 

  0x00007fa0312ee6e4: ;   {oop(a 'java/lang/Boolean'{0x00000000c0674c50} = false)}
  0x00007fa0312ee6e4: 48ba 504c | 67c0 0000 | 0000 4c8b | 5424 484c | 8954 2440 

  0x00007fa0312ee6f8: ;   {optimized virtual_call}
  0x00007fa0312ee6f8: c5f8 77e8 

  0x00007fa0312ee6fc: ; ImmutableOopMap {rbp=Oop [24]=Oop [40]=Oop [64]=Oop [80]=Oop [96]=Oop [112]=Oop [152]=Oop [160]=Oop }
                      ;*invokevirtual set {reexecute=0 rethrow=0 return_oop=0}
                      ; - java.util.jar.JarFile::ensureInitialization@55 (line 1041)
                      ; - java.util.jar.JavaUtilJarAccessImpl::ensureInitialization@1 (line 72)
                      ; - jdk.internal.loader.URLClassPath$JarLoader$2::getManifest@10 (line 885)
                      ; - java.net.URLClassLoader::defineClass@34 (line 491)
  0x00007fa0312ee6fc: 80bf 7aff | 4c8b 5424 | 184c 8954 | 2440 4889 | 6c24 484c | 8b54 2450 | 4c8b 4c24 | 604c 8b6c 
  0x00007fa0312ee71c: 2428 6690 | e98d caff 

  0x00007fa0312ee724: ;   {metadata('jdk/internal/loader/URLClassPath$FileLoader$1')}
  0x00007fa0312ee724: ff41 81fb | f031 4201 | 0f85 d23a | 0000 4533 | d24c 8954 | 2478 e953 | cbff ff48 | 8954 2458 
  0x00007fa0312ee744: 4c89 4c24 | 504c 8944 | 2430 4c89 | 6c24 2848 | 8b74 2470 | 33c9 4533 | c045 33c9 | 33ff 4533 
  0x00007fa0312ee764: d24c 8914 | 244c 8954 | 2408 4c89 | 5424 1048 | 8bee 6690 

  0x00007fa0312ee778: ;   {optimized virtual_call}
  0x00007fa0312ee778: c5f8 77e8 

  0x00007fa0312ee77c: ; ImmutableOopMap {rbp=Oop [40]=Oop [48]=Oop [64]=Oop [72]=Oop [88]=Oop [112]=Oop [152]=Oop }
                      ;*invokevirtual definePackage {reexecute=0 rethrow=0 return_oop=1}
                      ; - java.net.URLClassLoader::defineClass@81 (line 497)
  0x00007fa0312ee77c: 00bf 7aff | e96b deff | ff4c 8b54 | 2440 458b | 523c 4585 | d20f 84f5 | eaff ff4d | 8b5f 2049 
  0x00007fa0312ee79c: 8bfa 6690 | 4d85 db0f | 843f 2600 | 004d 8b57 | 304b 897c | 1af8 4983 | c3f8 4d89 | 5f20 e9cd 
  0x00007fa0312ee7bc: eaff ff4d | 8b57 404d | 8b5f 50f0 | 8344 24c0 | 0080 3f00 | 0f84 faea | ffff 4488 | 274d 85d2 
  0x00007fa0312ee7dc: 7518 498b | f7c5 f877 | 49ba a097 | 8048 a07f | 0000 41ff | d2e9 daea | ffff 4b89 | 7c13 f849 
  0x00007fa0312ee7fc: 83c2 f84d | 8957 40e9 | c8ea ffff | 4863 d54c | 8bd2 4983 | c210 498b | ca48 83e1 | f849 8bfe 
  0x00007fa0312ee81c: 4803 f949 | c1ea 034d | 2bca 498b | c948 33c0 | 4883 f908 | 7f10 48ff | c978 5748 | 8904 cf48 
  0x00007fa0312ee83c: ffc9 7df7 | eb4c c5fd | efc0 e90d | 0000 00c5 | fe7f 07c5 | fe7f 4720 | 4883 c740 | 4883 e908 
  0x00007fa0312ee85c: 7ded 4883 | c104 7c0c | c5fe 7f07 | 4883 c720 | 4883 e904 | 4883 c104 | 7e18 b801 | 0000 00c4 
  0x00007fa0312ee87c: e271 f7c0 | 4883 e801 | c5f8 92f8 | 62f1 fe2f | 7f07 4883 | fa20 7725 | 49ba ffff | ffff ffff 
  0x00007fa0312ee89c: ffff c442 | e8f5 d2c4 | c1fb 92fa | 62d1 7faf | 6f00 62d1 | 7f2f 7f03 | e977 e9ff | ff49 8bf8 
  0x00007fa0312ee8bc: 498b f390 | c5f8 7749 | ba60 18a8 | 30a0 7f00 | 0041 ffd2 | e95b e9ff | ff4d 8b57 | 404d 8b5f 
  0x00007fa0312ee8dc: 50f0 8344 | 24c0 0080 | 3f00 0f84 | 7ae9 ffff | 4488 274d | 85d2 7521 | 498b f766 | 0f1f 8400 
  0x00007fa0312ee8fc: 0000 0000 | c5f8 7749 | baa0 9780 | 48a0 7f00 | 0041 ffd2 | e951 e9ff | ff4b 897c | 13f8 4983 
  0x00007fa0312ee91c: c2f8 4d89 | 5740 e93f 

  0x00007fa0312ee924: ;   {oop(""{0x00000000fff00010})}
  0x00007fa0312ee924: e9ff ff48 | bb10 00f0 | ff00 0000 | 00e9 9bc7 

  0x00007fa0312ee934: ;   {oop(""{0x00000000fff00010})}
  0x00007fa0312ee934: ffff 48bb | 1000 f0ff | 0000 0000 | e9ad e4ff | ff45 8b48 | 0c4d 63d9 | 49c1 e302 | 4983 c317 
  0x00007fa0312ee954: 4983 e3f8 | 0f1f 8400 | 0000 0000 | 4181 f900 | 0004 000f | 8747 2f00 | 0049 8b8f | 0801 0000 
  0x00007fa0312ee974: 4c8b d14d | 03d3 660f | 1f44 0000 | 4d3b 9718 | 0100 000f | 8327 2f00 | 004d 8997 | 0801 0000 
  0x00007fa0312ee994: 410f 0d8a | 0001 0000 | 48c7 0101 | 0000 0041 | 0f0d 8a40 

  0x00007fa0312ee9a8: ;   {metadata('java/security/CodeSigner'[])}
  0x00007fa0312ee9a8: 0100 00c7 | 4108 7039 | 0401 4489 | 490c 410f | 0d8a 8001 | 0000 4c89 | 4424 284c | 896c 2448 
  0x00007fa0312ee9c8: 498b eb48 | 8b7c 2428 | 4883 c710 | 488b f148 | 83c6 1048 | 8bd9 4c8b | d549 83c2 | f049 c1ea 
  0x00007fa0312ee9e8: 0349 8bd2 | c5f8 7749 | ba20 39a8 | 30a0 7f00 | 0041 ffd2 | 0f1f 4000 | 4180 7f38 | 000f 85e9 
  0x00007fa0312eea08: 2000 004c | 8b6c 2448 | 4d8b d54c | 8bdb 4d8b | c345 8945 | 104d 33da | 49c1 eb14 | 4d85 db0f 
  0x00007fa0312eea28: 842e ddff | ff49 c1ea | 0948 bf00 | 60ef 46a0 | 7f00 0049 | 03fa 6690 | 803f 040f | 8412 ddff 
  0x00007fa0312eea48: ff4d 8b57 | 404d 8b5f | 50f0 8344 | 24c0 0080 | 3f00 660f | 1f44 0000 | 0f84 f5dc | ffff 4488 
  0x00007fa0312eea68: 274d 85d2 | 7527 498b | f766 6666 | 0f1f 8400 | 0000 0000 | 6666 6690 | c5f8 7749 | baa0 9780 
  0x00007fa0312eea88: 48a0 7f00 | 0041 ffd2 | e9c6 dcff | ff4b 897c | 13f8 4983 | c2f8 4d89 | 5740 e9b4 | dcff ff48 
  0x00007fa0312eeaa8: 8b5c 2460 | 448b 5b0c | 4585 db0f | 841e ecff | ff4d 8b57 | 2049 8bfb | 4d85 d20f | 840d 2600 
  0x00007fa0312eeac8: 004d 8b5f | 304b 897c | 13f8 4983 | c2f8 4d89 | 5720 e9f8 | ebff ff44 | 8b53 1045 | 85d2 0f84 
  0x00007fa0312eeae8: 2eec ffff | 4d8b 5f20 | 498b fa4d | 85db 0f84 | f925 0000 | 4d8b 5730 | 4b89 7c1a | f849 83c3 
  0x00007fa0312eeb08: f84d 895f | 20e9 08ec | ffff 488b | 5424 18e9 | 2dee ffff | 4d8b 5750 | 4d8b 5f40 | f083 4424 
  0x00007fa0312eeb28: c000 803f | 000f 84dc | ebff ff44 | 8827 4d85 | db75 1a49 | 8bf7 6690 | c5f8 7749 | baa0 9780 
  0x00007fa0312eeb48: 48a0 7f00 | 0041 ffd2 | e9ba ebff | ff4b 897c | 1af8 4983 | c3f8 4d89 | 5f40 e9a8 | ebff ff4d 
  0x00007fa0312eeb68: 8b57 404d | 8b5f 50f0 | 8344 24c0 | 0080 3f00 | 0f84 d6eb | ffff 4488 | 274d 85d2 | 7518 498b 
  0x00007fa0312eeb88: f7c5 f877 | 49ba a097 | 8048 a07f | 0000 41ff | d2e9 b6eb | ffff 4b89 | 7c13 f849 | 83c2 f84d 
  0x00007fa0312eeba8: 8957 40e9 | a4eb ffff | 418b 4b0c | 458b 4b08 | 4c63 c149 | 8beb 49c1 | e002 4983 | c017 4983 
  0x00007fa0312eebc8: e0f8 81f9 | 0000 0400 | 0f87 0f2d | 0000 4d8b | af08 0100 | 004d 8bd5 | 4d03 d04d | 3b97 1801 
  0x00007fa0312eebe8: 0000 0f83 | f52c 0000 | 4d89 9708 | 0100 0041 | 0f0d 8a00 | 0100 0049 | c745 0001 | 0000 0045 
  0x00007fa0312eec08: 894d 0841 | 894d 0c41 | 0f0d 8a40 | 0100 0041 | 0f0d 8a80 | 0100 0049 | 8d7b 1049 | 8bf5 4883 
  0x00007fa0312eec28: c610 4983 | c0f0 49c1 | e803 498b | d066 6666 | 0f1f 8400 | 0000 0000 | c5f8 7749 | ba20 39a8 
  0x00007fa0312eec48: 30a0 7f00 | 0041 ffd2 | 498b ede9 | 4703 0000 | 498b 8708 | 0100 004c | 8bd0 4983 | c218 4d8b 
  0x00007fa0312eec68: cd4d 3b97 | 1801 0000 | 0f83 1e30 | 0000 4d89 | 9708 0100 | 0041 0f0d | 8a00 0100 | 0048 c700 
  0x00007fa0312eec88: 0100 0000 

  0x00007fa0312eec8c: ;   {metadata('java/util/ArrayList')}
  0x00007fa0312eec8c: c740 0830 | e100 0044 | 8960 0c44 | 8960 1045 

  0x00007fa0312eec9c: ;   {oop(a 'java/lang/Object'[0] {0x00000000c01d6e50})}
  0x00007fa0312eec9c: 8b43 0cc7 | 4014 506e | 1dc0 4c8b | d045 85c0 | 7605 4533 | c0eb 2b33 | d2e9 c400 | 0000 660f 
  0x00007fa0312eecbc: 1f44 0000 | 4889 6c24 | 404c 8b54 | 2418 4c89 | 5424 3848 | 8b5c 2448 | 4c8b 4c24 | 684c 8b54 
  0x00007fa0312eecdc: 2470 6690 

  0x00007fa0312eece0: ; implicit exception: dispatches to 0x00007fa0312f2f68
  0x00007fa0312eece0: 418b 4b0c | 443b c10f | 833f 3500 | 0047 8b5c | 8310 418b | 4b10 448b | 5910 4489 | 4424 644c 
  0x00007fa0312eed00: 8954 2470 | 4c89 4c24 | 6848 895c | 2448 4489 | 6c24 244c | 8b54 2438 | 4c89 5424 | 1848 8b6c 
  0x00007fa0312eed20: 2440 498b | d348 8b74 | 2470 6690 

  0x00007fa0312eed2c: ;   {optimized virtual_call}
  0x00007fa0312eed2c: c5f8 77e8 

  0x00007fa0312eed30: ; ImmutableOopMap {rbp=Oop [24]=Oop [36]=NarrowOop [40]=Oop [48]=Oop [72]=Oop [88]=Oop [104]=Oop [112]=Oop }
                      ;*invokevirtual addAll {reexecute=0 rethrow=0 return_oop=0}
                      ; - java.security.CodeSource::getCertificates@57 (line 210)
                      ; - java.lang.ClassLoader::checkCerts@34 (line 1158)
                      ; - java.lang.ClassLoader::preDefineClass@113 (line 907)
                      ; - java.lang.ClassLoader::defineClass@4 (line 1015)
                      ; - java.security.SecureClassLoader::defineClass@12 (line 150)
                      ; - java.net.URLClassLoader::defineClass@220 (line 524)
  0x00007fa0312eed30: 4cb9 7aff | 4d8b 8f48 | 0300 0044 | 8b6c 2424 | 458b 5d10 | 448b 4424 

  0x00007fa0312eed48: ; ImmutableOopMap {r11=NarrowOop rbp=Oop r13=NarrowOop [24]=Oop [40]=Oop [48]=Oop [72]=Oop [88]=Oop [104]=Oop [112]=Oop }
                      ;*goto {reexecute=1 rethrow=0 return_oop=0}
                      ; - (reexecute) java.security.CodeSource::getCertificates@64 (line 209)
                      ; - java.lang.ClassLoader::checkCerts@34 (line 1158)
                      ; - java.lang.ClassLoader::preDefineClass@113 (line 907)
                      ; - java.lang.ClassLoader::defineClass@4 (line 1015)
                      ; - java.security.SecureClassLoader::defineClass@12 (line 150)
                      ; - java.net.URLClassLoader::defineClass@220 (line 524)
  0x00007fa0312eed48: 6441 ffc0 

  0x00007fa0312eed4c: ;   {poll}
  0x00007fa0312eed4c: 4185 0145 | 8b53 0c45 | 3bc2 0f8c | 64ff ffff | 4c8b 5424 | 7041 8b52 | 1048 896c | 2440 4c8b 
  0x00007fa0312eed6c: 5c24 184c | 895c 2438 | 488b 5c24 | 484c 8b4c | 2468 6690 | 81fa 0000 | 0400 0f87 | 9835 0000 
  0x00007fa0312eed8c: 4863 ca81 | fa00 0004 | 000f 8759 | 2f00 004d | 8b9f 0801 | 0000 48c1 | e102 4883 | c117 4c8b 
  0x00007fa0312eedac: c149 83e0 | f849 8bfb | 4903 f866 | 0f1f 8400 | 0000 0000 | 493b bf18 | 0100 000f | 8327 2f00 
  0x00007fa0312eedcc: 0049 89bf | 0801 0000 | 0f0d 8f00 | 0100 0049 | c703 0100 | 0000 0f0d | 8f40 0100 

  0x00007fa0312eede8: ;   {metadata('java/security/cert/Certificate'[])}
  0x00007fa0312eede8: 0041 c743 | 08c8 6312 | 0041 8953 | 0c0f 0d8f | 8001 0000 | 498b fb48 | 83c7 1048 | c1e9 0348 
  0x00007fa0312eee08: 83c1 fe48 | 33c0 4883 | f908 7f10 | 48ff c978 | 5748 8904 | cf48 ffc9 | 7df7 eb4c | c5fd efc0 
  0x00007fa0312eee28: e90d 0000 | 00c5 fe7f | 07c5 fe7f | 4720 4883 | c740 4883 | e908 7ded | 4883 c104 | 7c0c c5fe 
  0x00007fa0312eee48: 7f07 4883 | c720 4883 | e904 4883 | c104 7e18 | b801 0000 | 00c4 e271 | f7c0 4883 | e801 c5f8 
  0x00007fa0312eee68: 92f8 62f1 | fe2f 7f07 | 4c8b 4424 | 404c 8944 | 2418 4489 | 6c24 4848 | 895c 2468 | 4c89 4c24 
  0x00007fa0312eee88: 7049 8bea | 498b d348 | 8bf5 488b | 6c24 2890 

  0x00007fa0312eee98: ;   {optimized virtual_call}
  0x00007fa0312eee98: c5f8 77e8 

  0x00007fa0312eee9c: ; ImmutableOopMap {rbp=Oop [24]=Oop [40]=Oop [48]=Oop [56]=Oop [72]=NarrowOop [88]=Oop [104]=Oop [112]=Oop }
                      ;*invokevirtual toArray {reexecute=0 rethrow=0 return_oop=1}
                      ; - java.security.CodeSource::getCertificates@76 (line 213)
                      ; - java.lang.ClassLoader::checkCerts@34 (line 1158)
                      ; - java.lang.ClassLoader::preDefineClass@113 (line 907)
                      ; - java.lang.ClassLoader::defineClass@4 (line 1015)
                      ; - java.security.SecureClassLoader::defineClass@12 (line 150)
                      ; - java.net.URLClassLoader::defineClass@220 (line 524)
  0x00007fa0312eee9c: e0b7 7aff | 4c8b c844 

  0x00007fa0312eeea4: ;   {metadata('java/security/cert/Certificate'[])}
  0x00007fa0312eeea4: 8b58 0841 | 81fb c863 | 1200 0f85 | 7036 0000 | 4180 7f38 | 000f 8534 | 2500 008b | 6c24 484c 
  0x00007fa0312eeec4: 8b54 2470 | 4d8b d944 | 895d 144d | 8bd9 4d33 | da49 c1eb | 144d 85db | 741a 49c1 | ea09 48bf 
  0x00007fa0312eeee4: 0060 ef46 | a07f 0000 | 4903 fa80 | 3f04 0f85 | 3725 0000 | 458b 410c | 458b 5108 | 4d63 d849 
  0x00007fa0312eef04: c1e3 0249 | 83c3 1749 | 83e3 f841 | 81f8 0000 | 0400 0f87 | 102e 0000 | 498b af08 | 0100 0048 
  0x00007fa0312eef24: 8bcd 4903 | cb49 3b8f | 1801 0000 | 0f83 f62d | 0000 4989 | 8f08 0100 | 000f 0d89 | 0001 0000 
  0x00007fa0312eef44: 48c7 4500 | 0100 0000 | 4489 5508 | 4489 450c | 0f0d 8940 | 0100 000f | 0d89 8001 | 0000 498b 
  0x00007fa0312eef64: f948 83c7 | 1048 8bf5 | 4883 c610 | 4983 c3f0 | 49c1 eb03 | 498b d30f | 1f44 0000 | c5f8 7749 
  0x00007fa0312eef84: ba20 39a8 | 30a0 7f00 | 0041 ffd2 | 4c8b 5424 | 184c 8954 | 2440 488b | 5c24 684c | 8bc5 e96f 
  0x00007fa0312eefa4: ;   {oop(""{0x00000000fff00010})}
  0x00007fa0312eefa4: deff ff48 | bb10 00f0 | ff00 0000 | 00e9 b4e2 | ffff 418b | 490c 458b | 5908 498b | e94c 63c1 
  0x00007fa0312eefc4: 49c1 e002 | 4983 c017 | 4983 e0f8 | 81f9 0000 | 0400 0f87 | 962b 0000 | 498b 8708 | 0100 004c 
  0x00007fa0312eefe4: 8bd0 4d03 | d04d 3b97 | 1801 0000 | 0f83 7c2b | 0000 4d89 | 9708 0100 | 0041 0f0d | 8a00 0100 
  0x00007fa0312ef004: 0048 c700 | 0100 0000 | 4489 5808 | 8948 0c41 | 0f0d 8a40 | 0100 0041 | 0f0d 8a80 | 0100 0048 
  0x00007fa0312ef024: 8bd8 498d | 7910 488b | f348 83c6 | 1049 83c0 | f049 c1e8 | 0349 8bd0 | 0f1f 4000 | c5f8 7749 
  0x00007fa0312ef044: ba20 39a8 | 30a0 7f00 | 0041 ffd2 | e925 0300 | 0049 8b87 | 0801 0000 | 4c8b d049 | 83c2 1849 
  0x00007fa0312ef064: 8bf0 4d3b | 9718 0100 | 000f 83e9 | 2c00 004d | 8997 0801 | 0000 410f | 0d8a 0001 | 0000 48c7 
  0x00007fa0312ef084: 0001 0000 

  0x00007fa0312ef088: ;   {metadata('java/util/ArrayList')}
  0x00007fa0312ef088: 00c7 4008 | 30e1 0000 | 4489 600c | 4489 6010 | 458b 590c 

  0x00007fa0312ef09c: ;   {oop(a 'java/lang/Object'[0] {0x00000000c01d6e50})}
  0x00007fa0312ef09c: c740 1450 | 6e1d c048 | 8bd8 4585 | db76 0545 | 33db eb1d | 448b 5c24 | 20e9 8a00 | 0000 660f 
  0x00007fa0312ef0bc: 1f44 0000 | 488b d548 | 8b74 2428 | 488b 5c24 | 3045 8b51 | 0c45 3bda | 0f83 c431 | 0000 478b 
  0x00007fa0312ef0dc: 5499 1090 

  0x00007fa0312ef0e0: ; implicit exception: dispatches to 0x00007fa0312f2fb8
  0x00007fa0312ef0e0: 458b 4a10 

  0x00007fa0312ef0e4: ; implicit exception: dispatches to 0x00007fa0312f2fc8
  0x00007fa0312ef0e4: 458b 5110 | 4489 5c24 | 2448 895c | 2430 4889 | 7424 2844 | 8944 2420 | 488b ea49 | 8bd2 488b 
  0x00007fa0312ef104: f366 6690 

  0x00007fa0312ef108: ;   {optimized virtual_call}
  0x00007fa0312ef108: c5f8 77e8 

  0x00007fa0312ef10c: ; ImmutableOopMap {rbp=Oop [32]=NarrowOop [40]=Oop [48]=Oop [64]=Oop }
                      ;*invokevirtual addAll {reexecute=0 rethrow=0 return_oop=0}
                      ; - java.security.CodeSource::getCertificates@57 (line 210)
                      ; - java.lang.ClassLoader::postDefineClass@24 (line 927)
                      ; - java.lang.ClassLoader::defineClass@37 (line 1018)
                      ; - java.security.SecureClassLoader::defineClass@12 (line 150)
                      ; - java.net.URLClassLoader::defineClass@220 (line 524)
  0x00007fa0312ef10c: 70b5 7aff | 498b 8f48 | 0300 0044 | 8b44 2420 | 458b 4810 | 448b 5c24 

  0x00007fa0312ef124: ; ImmutableOopMap {r8=NarrowOop r9=NarrowOop rbp=Oop [40]=Oop [48]=Oop [64]=Oop }
                      ;*goto {reexecute=1 rethrow=0 return_oop=0}
                      ; - (reexecute) java.security.CodeSource::getCertificates@64 (line 209)
                      ; - java.lang.ClassLoader::postDefineClass@24 (line 927)
                      ; - java.lang.ClassLoader::defineClass@37 (line 1018)
                      ; - java.security.SecureClassLoader::defineClass@12 (line 150)
                      ; - java.net.URLClassLoader::defineClass@220 (line 524)
  0x00007fa0312ef124: 2441 ffc3 

  0x00007fa0312ef128: ;   {poll}
  0x00007fa0312ef128: 8501 418b | 490c 443b | d97c 8d48 | 8b5c 2430 | 448b 5b10 | 488b d548 | 8b74 2428 | 4181 fb00 
  0x00007fa0312ef148: 0004 000f | 871b 3200 | 0049 63cb | 0f1f 8400 | 0000 0000 | 6666 6690 | 4181 fb00 | 0004 000f 
  0x00007fa0312ef168: 872a 2c00 | 004d 8b97 | 0801 0000 | 48c1 e102 | 4883 c117 | 4c8b c949 | 83e1 f849 | 8bfa 4903 
  0x00007fa0312ef188: f949 3bbf | 1801 0000 | 0f83 012c | 0000 4989 | bf08 0100 | 000f 0d8f | 0001 0000 | 49c7 0201 
  0x00007fa0312ef1a8: 0000 000f | 0d8f 4001 

  0x00007fa0312ef1b0: ;   {metadata('java/security/cert/Certificate'[])}
  0x00007fa0312ef1b0: 0000 41c7 | 4208 c863 | 1200 4589 | 5a0c 0f0d | 8f80 0100 | 0049 8bfa | 4883 c710 | 48c1 e903 
  0x00007fa0312ef1d0: 4883 c1fe | 4833 c048 | 83f9 087f | 1048 ffc9 | 7857 4889 | 04cf 48ff | c97d f7eb | 4cc5 fdef 
  0x00007fa0312ef1f0: c0e9 0d00 | 0000 c5fe | 7f07 c5fe | 7f47 2048 | 83c7 4048 | 83e9 087d | ed48 83c1 | 047c 0cc5 
  0x00007fa0312ef210: fe7f 0748 | 83c7 2048 | 83e9 0448 | 83c1 047e | 18b8 0100 | 0000 c4e2 | 71f7 c048 | 83e8 01c5 
  0x00007fa0312ef230: f892 f862 | f1fe 2f7f | 0748 8954 | 2418 4c8b | 5c24 404c | 895c 2420 | 4489 4424 | 2848 8bee 
  0x00007fa0312ef250: 4889 5c24 | 3049 8bd2 | 488b 7424 | 3066 6690 

  0x00007fa0312ef260: ;   {optimized virtual_call}
  0x00007fa0312ef260: c5f8 77e8 

  0x00007fa0312ef264: ; ImmutableOopMap {rbp=Oop [24]=Oop [32]=Oop [40]=NarrowOop }
                      ;*invokevirtual toArray {reexecute=0 rethrow=0 return_oop=1}
                      ; - java.security.CodeSource::getCertificates@76 (line 213)
                      ; - java.lang.ClassLoader::postDefineClass@24 (line 927)
                      ; - java.lang.ClassLoader::defineClass@37 (line 1018)
                      ; - java.security.SecureClassLoader::defineClass@12 (line 150)
                      ; - java.net.URLClassLoader::defineClass@220 (line 524)
  0x00007fa0312ef264: 18b4 7aff | 4c8b e844 

  0x00007fa0312ef26c: ;   {metadata('java/security/cert/Certificate'[])}
  0x00007fa0312ef26c: 8b50 0841 | 81fa c863 | 1200 0f85 | d032 0000 | 0f1f 4000 | 4180 7f38 | 000f 851a | 2400 008b 
  0x00007fa0312ef28c: 5c24 284d | 8bd5 4c89 | 5424 304c | 8bd5 4c8b | 5c24 3044 | 895b 144c | 8b5c 2430 | 4d33 da49 
  0x00007fa0312ef2ac: c1eb 144d | 85db 7416 | 49c1 ea09 | 4c8b 4424 | 504d 03c2 | 4180 3804 | 0f85 1524 | 0000 4c8b 
  0x00007fa0312ef2cc: 5424 3045 | 8b42 0c45 | 8b52 0849 | 63e8 48c1 | e502 4883 | c517 4883 | e5f8 4181 | f800 0004 
  0x00007fa0312ef2ec: 000f 87dd | 2a00 0049 | 8b87 0801 | 0000 4c8b | d84c 03dd | 4d3b 9f18 | 0100 000f | 83c3 2a00 
  0x00007fa0312ef30c: 004d 899f | 0801 0000 | 410f 0d8b | 0001 0000 | 48c7 0001 | 0000 0044 | 8950 0844 | 8940 0c41 
  0x00007fa0312ef32c: 0f0d 8b40 | 0100 0041 | 0f0d 8b80 | 0100 0048 | 8bd8 488b | 7c24 3048 | 83c7 1048 | 8bf3 4883 
  0x00007fa0312ef34c: c610 4883 | c5f0 48c1 | ed03 488b | d50f 1f80 | 0000 0000 | c5f8 7749 | ba20 39a8 | 30a0 7f00 
  0x00007fa0312ef36c: 0041 ffd2 | 4c8b 5424 | 204c 8954 | 2440 488b | 7424 4048 | 8bd3 6690 

  0x00007fa0312ef384: ;   {optimized virtual_call}
  0x00007fa0312ef384: c5f8 77e8 

  0x00007fa0312ef388: ; ImmutableOopMap {[64]=Oop }
                      ;*invokevirtual setSigners {reexecute=0 rethrow=0 return_oop=0}
                      ; - java.lang.ClassLoader::setSigners@2 (line 1308)
                      ; - java.lang.ClassLoader::postDefineClass@35 (line 929)
                      ; - java.lang.ClassLoader::defineClass@37 (line 1018)
                      ; - java.security.SecureClassLoader::defineClass@12 (line 150)
                      ; - java.net.URLClassLoader::defineClass@220 (line 524)
  0x00007fa0312ef388: f4b2 7aff | e9db e5ff | ff4c 8b6c | 2428 e954 | cbff ff0f | 1f44 0000 

  0x00007fa0312ef3a0: ;   {metadata('java/util/jar/JarFile')}
  0x00007fa0312ef3a0: 81fd 28a1 | 1900 0f85 | 392f 0000 | 488b 7424 | 6048 8b6c | 2470 4c8b | 5424 484c | 8954 2440 
  0x00007fa0312ef3c0: ;   {optimized virtual_call}
  0x00007fa0312ef3c0: c5f8 77e8 

  0x00007fa0312ef3c4: ; ImmutableOopMap {rbp=Oop [24]=Oop [32]=Oop [48]=Oop [64]=Oop [80]=Oop [88]=NarrowOop [96]=Oop [112]=Oop [152]=Oop [160]=Oop }
                      ;*invokevirtual getManifestFromReference {reexecute=0 rethrow=0 return_oop=1}
                      ; - java.util.jar.JarFile::getManifest@1 (line 406)
                      ; - java.util.jar.JarFile::maybeInstantiateVerifier@31 (line 725)
                      ; - java.util.jar.JarFile::ensureInitialization@1 (line 1031)
                      ; - java.util.jar.JavaUtilJarAccessImpl::ensureInitialization@1 (line 72)
                      ; - jdk.internal.loader.URLClassPath$JarLoader$2::getManifest@10 (line 885)
                      ; - java.net.URLClassLoader::defineClass@34 (line 491)
  0x00007fa0312ef3c4: b8b2 7aff | 4c8b 5424 | 204c 8954 | 2440 4c8b | 5424 184c | 8954 2448 | 448b 5c24 | 2844 895c 
  0x00007fa0312ef3e4: 2420 448b | 5424 2c44 | 8954 2424 | 4c8b 5c24 | 304c 8b54 | 2450 448b | 4424 584c | 8b4c 2460 
  0x00007fa0312ef404: 4d8b ebe9 | 9cbd ffff | 453b c80f | 85f4 0000 | 0041 8bd9 | ffcb 660f | 1f44 0000 | 413b d90f 
  0x00007fa0312ef424: 8303 2f00 | 0045 85c0 | 0f86 fa2e | 0000 418b | d0ff ca45 | 33d2 eb3a | 448b 9424 | 8800 0000 
  0x00007fa0312ef444: 41ff c244 | 3b94 249c | 0000 000f | 8dd3 0000 | 0048 8b7c | 2478 488b | 4c24 1844 | 8b8c 249c 
  0x00007fa0312ef464: 0000 0044 | 8b84 2498 | 0000 008b | 9424 a000 | 0000 428b | 5c97 100f | 1f44 0000 | 413b d00f 
  0x00007fa0312ef484: 839b 2c00 | 0085 db0f | 8493 2c00 | 004c 8bdb | 33ed 4889 | 7c24 7844 | 898c 249c | 0000 0044 
  0x00007fa0312ef4a4: 8984 2498 | 0000 0089 | 9424 a000 | 0000 4489 | 9424 8800 | 0000 899c | 248c 0000 | 004c 899c 
  0x00007fa0312ef4c4: 24a8 0000 | 00eb 0a0f | 1f44 0000 | 488b 4c24 | 1844 8b54 | a910 4889 | 4c24 1849 | 8bd2 488b 
  0x00007fa0312ef4e4: b424 a800 | 0000 6690 

  0x00007fa0312ef4ec: ;   {optimized virtual_call}
  0x00007fa0312ef4ec: c5f8 77e8 

  0x00007fa0312ef4f0: ; ImmutableOopMap {[24]=Oop [48]=Oop [56]=Oop [64]=Oop [72]=Oop [88]=Oop [120]=Oop [140]=NarrowOop [168]=Oop }
                      ;*invokevirtual equals {reexecute=0 rethrow=0 return_oop=0}
                      ; - java.lang.ClassLoader::compareCerts@81 (line 1188)
                      ; - java.lang.ClassLoader::checkCerts@80 (line 1162)
                      ; - java.lang.ClassLoader::preDefineClass@113 (line 907)
                      ; - java.lang.ClassLoader::defineClass@4 (line 1015)
                      ; - java.security.SecureClassLoader::defineClass@12 (line 150)
                      ; - java.net.URLClassLoader::defineClass@220 (line 524)
  0x00007fa0312ef4f0: 8cb1 7aff | 85c0 0f85 | 40ff ffff | ffc5 6690 | 3bac 2498 | 0000 007c | c7be 45ff | ffff 488b 
  0x00007fa0312ef510: 6c24 484c | 8b54 2438 | 4c89 5424 | 2066 6690 

  0x00007fa0312ef520: ;   {runtime_call UncommonTrapBlob}
  0x00007fa0312ef520: c5f8 77e8 

  0x00007fa0312ef524: ; ImmutableOopMap {rbp=Oop [32]=Oop [64]=Oop [88]=Oop }
                      ;*ifne {reexecute=1 rethrow=0 return_oop=0}
                      ; - (reexecute) java.lang.ClassLoader::checkCerts@83 (line 1162)
                      ; - java.lang.ClassLoader::preDefineClass@113 (line 907)
                      ; - java.lang.ClassLoader::defineClass@4 (line 1015)
                      ; - java.security.SecureClassLoader::defineClass@12 (line 150)
                      ; - java.net.URLClassLoader::defineClass@220 (line 524)
  0x00007fa0312ef524: 5835 7bff | 4533 d2eb | 2144 8b94 | 2480 0000 | 0041 ffc2 | 0f1f 8400 | 0000 0000 | 443b 9424 
  0x00007fa0312ef544: 9800 0000 | 0f8d 44d9 | ffff 4c8b | 4c24 1847 | 8b5c 9110 | 4585 db0f | 1f44 0000 | 0f84 162c 
  0x00007fa0312ef564: 0000 4d8b | c333 ed44 | 8994 2480 | 0000 0044 | 899c 2484 | 0000 004c | 8984 24a0 | 0000 004c 
  0x00007fa0312ef584: 8b54 2478 | 458b 54aa | 1049 8bd2 | 488b b424 | a000 0000 

  0x00007fa0312ef598: ;   {optimized virtual_call}
  0x00007fa0312ef598: c5f8 77e8 

  0x00007fa0312ef59c: ; ImmutableOopMap {[24]=Oop [48]=Oop [56]=Oop [64]=Oop [72]=Oop [88]=Oop [120]=Oop [132]=NarrowOop [160]=Oop }
                      ;*invokevirtual equals {reexecute=0 rethrow=0 return_oop=0}
                      ; - java.lang.ClassLoader::compareCerts@166 (line 1200)
                      ; - java.lang.ClassLoader::checkCerts@80 (line 1162)
                      ; - java.lang.ClassLoader::preDefineClass@113 (line 907)
                      ; - java.lang.ClassLoader::defineClass@4 (line 1015)
                      ; - java.security.SecureClassLoader::defineClass@12 (line 150)
                      ; - java.net.URLClassLoader::defineClass@220 (line 524)
  0x00007fa0312ef59c: e0b0 7aff | 85c0 7589 | ffc5 3bac | 249c 0000 | 007c d4e9 | 55ff ffff | 33c0 e912 | d9ff ff48 
  0x00007fa0312ef5bc: ;   {metadata('java/security/CodeSource')}
  0x00007fa0312ef5bc: 8be8 48be | e0f0 00f7 | 9f7f 0000 

  0x00007fa0312ef5c8: ;   {runtime_call _new_instance_Java}
  0x00007fa0312ef5c8: c5f8 77e8 

  0x00007fa0312ef5cc: ; ImmutableOopMap {rbp=Oop [48]=Oop [64]=Oop [88]=Oop [112]=Oop [152]=Oop }
                      ;*new {reexecute=0 rethrow=0 return_oop=1}
                      ; - java.net.URLClassLoader::defineClass@190 (line 522)
  0x00007fa0312ef5cc: b090 85ff | 4c8b d048 | 8bc5 4d8b | c2e9 f3d0 | ffff 4489 | 5424 244c | 896c 2418 

  0x00007fa0312ef5e8: ;   {metadata('java/security/SecureClassLoader$CodeSourceKey')}
  0x00007fa0312ef5e8: 48be 00ca | 14f7 9f7f | 0000 6690 

  0x00007fa0312ef5f4: ;   {runtime_call _new_instance_Java}
  0x00007fa0312ef5f4: c5f8 77e8 

  0x00007fa0312ef5f8: ; ImmutableOopMap {[24]=Oop [48]=Oop [64]=Oop [88]=Oop [112]=Oop }
                      ;*new {reexecute=0 rethrow=0 return_oop=1}
                      ; - java.security.SecureClassLoader::getProtectionDomain@6 (line 221)
                      ; - java.security.SecureClassLoader::defineClass@9 (line 150)
                      ; - java.net.URLClassLoader::defineClass@220 (line 524)
  0x00007fa0312ef5f8: 8490 85ff | 4c8b 4c24 | 584c 8b6c | 2418 448b | 5424 2448 | 8bd0 e9fb | d2ff ff44 | 895c 2448 
  0x00007fa0312ef618: 4889 5424 | 3844 8954 | 2424 4c89 

  0x00007fa0312ef624: ;   {metadata('java/security/SecureClassLoader$1')}
  0x00007fa0312ef624: 4c24 2848 | be18 cc14 | f79f 7f00 | 004c 896c | 2468 6690 

  0x00007fa0312ef638: ;   {runtime_call _new_instance_Java}
  0x00007fa0312ef638: c5f8 77e8 

  0x00007fa0312ef63c: ; ImmutableOopMap {rbp=NarrowOop [40]=Oop [48]=Oop [56]=Oop [64]=Oop [72]=NarrowOop [104]=Oop [112]=Oop }
                      ;*new {reexecute=0 rethrow=0 return_oop=1}
                      ; - java.security.SecureClassLoader::getProtectionDomain@20 (line 222)
                      ; - java.security.SecureClassLoader::defineClass@9 (line 150)
                      ; - java.net.URLClassLoader::defineClass@220 (line 524)
  0x00007fa0312ef63c: 4090 85ff | 488b 4c24 | 704c 8b4c | 2428 448b | 5424 2448 | 8b54 2438 | 448b 5c24 | 4848 8bd8 
  0x00007fa0312ef65c: 0f1f 4000 | e9f8 d2ff | ff44 8944 | 242c 4c89 | 6c24 3044 | 8b54 2424 | 4489 5424 | 2844 895c 
  0x00007fa0312ef67c: 2424 4c8b | 5424 484c | 8954 2418 | 488b 6c24 

  0x00007fa0312ef68c: ;   {metadata('java/lang/String')}
  0x00007fa0312ef68c: 4048 be10 | ec00 f79f | 7f00 0090 

  0x00007fa0312ef698: ;   {runtime_call _new_instance_Java}
  0x00007fa0312ef698: c5f8 77e8 

  0x00007fa0312ef69c: ; ImmutableOopMap {rbp=Oop [24]=Oop [44]=NarrowOop [48]=Oop [112]=Oop [152]=Oop }
                      ;*new {reexecute=0 rethrow=0 return_oop=1}
                      ; - java.lang.StringLatin1::newString@7 (line 769)
                      ; - java.lang.String::substring@41 (line 2714)
                      ; - java.net.URLClassLoader::defineClass@28 (line 489)
  0x00007fa0312ef69c: e08f 85ff | 4889 6c24 | 404c 8b5c | 2418 4c89 | 5c24 4844 | 8b5c 2424 | 448b 4c24 | 2844 894c 
  0x00007fa0312ef6bc: 2424 448b | 4424 2c48 | 8bd8 4c8b | 6c24 30e9 | ceb8 ffff | 4889 5424 | 684c 8954 | 2460 4889 
  0x00007fa0312ef6dc: 5c24 5844 | 8944 2434 | 4c89 6c24 | 5044 8b54 | 2424 4489 | 5424 3044 | 895c 242c | 448b 5c24 
  0x00007fa0312ef6fc: 2044 895c | 2428 4c8b | 5424 484c | 8954 2420 | 4c8b 5424 | 404c 8954 

  0x00007fa0312ef714: ;   {metadata({type array byte})}
  0x00007fa0312ef714: 2418 48be | 3868 00f7 | 9f7f 0000 | 8b54 242c 

  0x00007fa0312ef724: ;   {runtime_call _new_array_nozero_Java}
  0x00007fa0312ef724: c5f8 77e8 

  0x00007fa0312ef728: ; ImmutableOopMap {[24]=Oop [32]=Oop [52]=NarrowOop [80]=Oop [88]=Oop [112]=Oop [152]=Oop }
                      ;*newarray {reexecute=0 rethrow=0 return_oop=1}
                      ; - java.util.Arrays::copyOfRange@41 (line 3822)
                      ; - java.lang.StringLatin1::newString@16 (line 769)
                      ; - java.lang.String::substring@41 (line 2714)
                      ; - java.net.URLClassLoader::defineClass@28 (line 489)
  0x00007fa0312ef728: d462 85ff | 4c8b 5424 | 184c 8954 | 2440 4c8b | 5424 204c | 8954 2448 | 448b 5424 | 2844 8954 
  0x00007fa0312ef748: 2420 448b | 5c24 2c44 | 8b44 2430 | 4489 4424 | 244c 8b74 | 2450 448b | 4424 3448 | 8b5c 2458 
  0x00007fa0312ef768: 4c8b 5424 | 6048 8b54 | 2468 4c8b | c8e9 c5b8 | ffff 894c | 2464 4489 | 6c24 244c | 895c 2468 
  0x00007fa0312ef788: 4889 7424 | 4844 8974 | 241c 4489 | 5424 1848 | 8b6c 2440 

  0x00007fa0312ef79c: ;   {metadata('java/lang/String')}
  0x00007fa0312ef79c: 48be 10ec | 00f7 9f7f | 0000 6690 

  0x00007fa0312ef7a8: ;   {runtime_call _new_instance_Java}
  0x00007fa0312ef7a8: c5f8 77e8 

  0x00007fa0312ef7ac: ; ImmutableOopMap {rbp=Oop [24]=NarrowOop [36]=NarrowOop [40]=Oop [48]=Oop [56]=Oop [72]=Oop [88]=Oop [104]=Derived_oop_[72] }
                      ;*new {reexecute=0 rethrow=0 return_oop=1}
                      ; - java.lang.StringLatin1::newString@7 (line 769)
                      ; - java.lang.String::substring@41 (line 2714)
                      ; - java.lang.ClassLoader::checkCerts@21 (line 1154)
                      ; - java.lang.ClassLoader::preDefineClass@113 (line 907)
                      ; - java.lang.ClassLoader::defineClass@4 (line 1015)
                      ; - java.security.SecureClassLoader::defineClass@12 (line 150)
                      ; - java.net.URLClassLoader::defineClass@220 (line 524)
  0x00007fa0312ef7ac: d08e 85ff | 4889 6c24 | 4044 8b54 | 2418 448b | 7424 1c48 | 8b74 2448 | 4c8b 5c24 | 6844 8b6c 
  0x00007fa0312ef7cc: 2424 8b4c | 2464 488b | d8e9 04d5 | ffff 4889 | 9424 8800 | 0000 4c89 | 8424 8000 | 0000 4889 
  0x00007fa0312ef7ec: 5c24 7889 | 4c24 2444 | 896c 241c | 4c89 5c24 | 7048 8974 | 2468 4c8b | 5c24 384c | 895c 2448 
  0x00007fa0312ef80c: 4c8b 5c24 | 404c 895c 

  0x00007fa0312ef814: ;   {metadata({type array byte})}
  0x00007fa0312ef814: 2438 48be | 3868 00f7 | 9f7f 0000 | 4489 5424 | 188b d190 

  0x00007fa0312ef828: ;   {runtime_call _new_array_nozero_Java}
  0x00007fa0312ef828: c5f8 77e8 

  0x00007fa0312ef82c: ; ImmutableOopMap {[24]=NarrowOop [28]=NarrowOop [40]=Oop [48]=Oop [56]=Oop [72]=Oop [88]=Oop [104]=Oop [112]=Derived_oop_[104] [120]=Oop }
                      ;*newarray {reexecute=0 rethrow=0 return_oop=1}
                      ; - java.util.Arrays::copyOfRange@41 (line 3822)
                      ; - java.lang.StringLatin1::newString@16 (line 769)
                      ; - java.lang.String::substring@41 (line 2714)
                      ; - java.lang.ClassLoader::checkCerts@21 (line 1154)
                      ; - java.lang.ClassLoader::preDefineClass@113 (line 907)
                      ; - java.lang.ClassLoader::defineClass@4 (line 1015)
                      ; - java.security.SecureClassLoader::defineClass@12 (line 150)
                      ; - java.net.URLClassLoader::defineClass@220 (line 524)
  0x00007fa0312ef82c: d061 85ff | 4c8b 5c24 | 384c 895c | 2440 4c8b | 5c24 484c | 895c 2438 | 4c8b 5c24 | 7044 8b6c 
  0x00007fa0312ef84c: 241c 8b4c | 2424 488b | 5c24 784c | 8b84 2480 | 0000 0048 | 8b94 2488 | 0000 004c | 8bc8 e90d 
  0x00007fa0312ef86c: d5ff ff44 | 8954 2424 | 4489 5c24 | 1c44 8944 | 2418 488b 

  0x00007fa0312ef880: ;   {metadata('java/lang/String')}
  0x00007fa0312ef880: 6c24 4048 | be10 ec00 | f79f 7f00 | 004c 8b54 | 2448 4c89 | 5424 4090 

  0x00007fa0312ef898: ;   {runtime_call _new_instance_Java}
  0x00007fa0312ef898: c5f8 77e8 

  0x00007fa0312ef89c: ; ImmutableOopMap {rbp=Oop [24]=NarrowOop [56]=Oop [64]=Oop [72]=Oop [96]=Oop }
                      ;*new {reexecute=0 rethrow=0 return_oop=1}
                      ; - java.lang.StringLatin1::newString@7 (line 769)
                      ; - java.lang.String::substring@41 (line 2714)
                      ; - java.lang.Class::getPackageName@62 (line 1086)
                      ; - java.lang.ClassLoader::postDefineClass@2 (line 924)
                      ; - java.lang.ClassLoader::defineClass@37 (line 1018)
                      ; - java.security.SecureClassLoader::defineClass@12 (line 150)
                      ; - java.net.URLClassLoader::defineClass@220 (line 524)
  0x00007fa0312ef89c: e08d 85ff | 4889 6c24 | 4044 8b44 | 2418 448b | 5c24 1c44 | 8b54 2424 | 488b d8e9 | 88d8 ffff 
  0x00007fa0312ef8bc: 4c8b 5c24 | 604c 899c | 2488 0000 | 0048 8954 | 2460 4c89 | 4c24 5848 | 895c 2430 | 4489 5424 
  0x00007fa0312ef8dc: 2844 8944 | 2424 4c8b | 5424 404c | 8954 2418 

  0x00007fa0312ef8ec: ;   {metadata({type array byte})}
  0x00007fa0312ef8ec: 48be 3868 | 00f7 9f7f | 0000 8b54 | 2428 4c8b | 5424 484c | 8954 2440 

  0x00007fa0312ef904: ;   {runtime_call _new_array_nozero_Java}
  0x00007fa0312ef904: c5f8 77e8 

  0x00007fa0312ef908: ; ImmutableOopMap {[24]=Oop [36]=NarrowOop [48]=Oop [56]=Oop [64]=Oop [72]=Oop [136]=Oop }
                      ;*newarray {reexecute=0 rethrow=0 return_oop=1}
                      ; - java.util.Arrays::copyOfRange@41 (line 3822)
                      ; - java.lang.StringLatin1::newString@16 (line 769)
                      ; - java.lang.String::substring@41 (line 2714)
                      ; - java.lang.Class::getPackageName@62 (line 1086)
                      ; - java.lang.ClassLoader::postDefineClass@2 (line 924)
                      ; - java.lang.ClassLoader::defineClass@37 (line 1018)
                      ; - java.security.SecureClassLoader::defineClass@12 (line 150)
                      ; - java.net.URLClassLoader::defineClass@220 (line 524)
  0x00007fa0312ef908: f460 85ff | 4c8b 5424 | 184c 8954 | 2440 448b | 4424 2444 | 8b54 2428 | 488b 5c24 | 304c 8b4c 
  0x00007fa0312ef928: 2458 488b | 5424 604c | 8bf0 4c8b | 9c24 8800 | 0000 4c89 | 5c24 6090 | e99a d8ff | ff44 8954 
  0x00007fa0312ef948: 2424 4c89 | 6c24 284c | 8b54 2440 | 4c89 5424 | 1848 8bea 

  0x00007fa0312ef95c: ;   {metadata('java/lang/NamedPackage')}
  0x00007fa0312ef95c: 48be 480b | 02f7 9f7f | 0000 6690 

  0x00007fa0312ef968: ;   {runtime_call _new_instance_Java}
  0x00007fa0312ef968: c5f8 77e8 

  0x00007fa0312ef96c: ; ImmutableOopMap {rbp=Oop [24]=Oop [36]=NarrowOop [40]=Oop [56]=Oop }
                      ;*new {reexecute=0 rethrow=0 return_oop=1}
                      ; - java.lang.ClassLoader::getNamedPackage@16 (line 342)
                      ; - java.lang.ClassLoader::postDefineClass@9 (line 924)
                      ; - java.lang.ClassLoader::defineClass@37 (line 1018)
                      ; - java.security.SecureClassLoader::defineClass@12 (line 150)
                      ; - java.net.URLClassLoader::defineClass@220 (line 524)
  0x00007fa0312ef96c: 108d 85ff | 488b d54c | 8b54 2418 | 4c89 5424 | 404c 8b6c | 2428 448b | 5424 24e9 | d6dc ffff 
  0x00007fa0312ef98c: ;   {metadata({type array byte})}
  0x00007fa0312ef98c: 48be 3868 | 00f7 9f7f | 0000 8b94 | 24a8 0000 | 0066 6690 

  0x00007fa0312ef9a0: ;   {runtime_call _new_array_Java}
  0x00007fa0312ef9a0: c5f8 77e8 

  0x00007fa0312ef9a4: ; ImmutableOopMap {[40]=Oop [48]=Oop [64]=Oop [72]=Oop [88]=Oop [96]=Oop [112]=Oop [120]=Oop [128]=NarrowOop [132]=NarrowOop [136]=Oop [152]=Oop }
                      ;*invokevirtual allocateUninitializedArray0 {reexecute=0 rethrow=0 return_oop=1}
                      ; - jdk.internal.misc.Unsafe::allocateUninitializedArray@51 (line 1375)
                      ; - java.lang.StringConcatHelper::newArray@33 (line 497)
                      ; - java.lang.StringConcatHelper::simpleConcat@61 (line 421)
                      ; - java.lang.String::concat@11 (line 2774)
                      ; - java.net.URLClassLoader::definePackage@39 (line 552)
                      ; - java.net.URLClassLoader::defineClass@64 (line 495)
  0x00007fa0312ef9a4: 5863 85ff | 4c8b c0e9 | b9c6 ffff 

  0x00007fa0312ef9b0: ;   {metadata('java/lang/String')}
  0x00007fa0312ef9b0: 498b e848 | be10 ec00 | f79f 7f00 | 004c 8b54 | 2470 4c89 | 5424 6890 

  0x00007fa0312ef9c8: ;   {runtime_call _new_instance_Java}
  0x00007fa0312ef9c8: c5f8 77e8 

  0x00007fa0312ef9cc: ; ImmutableOopMap {rbp=Oop [40]=Oop [48]=Oop [64]=Oop [72]=Oop [88]=Oop [96]=Oop [104]=Oop [112]=Oop [120]=Oop [128]=NarrowOop [152]=Oop }
                      ;*new {reexecute=0 rethrow=0 return_oop=1}
                      ; - java.lang.StringConcatHelper::newString@6 (line 387)
                      ; - java.lang.StringConcatHelper::simpleConcat@90 (line 426)
                      ; - java.lang.String::concat@11 (line 2774)
                      ; - java.net.URLClassLoader::definePackage@39 (line 552)
                      ; - java.net.URLClassLoader::defineClass@64 (line 495)
  0x00007fa0312ef9cc: b08c 85ff | 4c8b c5e9 | 68c7 ffff | 418b d22b | d348 898c | 2488 0000 | 0044 8974 | 2460 4c89 
  0x00007fa0312ef9ec: ac24 9000 | 0000 e92d | e8ff ff44 | 89b4 2480 | 0000 0048 | 8954 2468 | 4c89 4c24 | 604c 8944 
  0x00007fa0312efa0c: 2458 4c8b | 5424 284c | 8954 2450 | 448b 5424 | 2444 8954 | 2434 448b | 5424 2044 | 8954 2430 
  0x00007fa0312efa2c: 4c8b 5424 | 484c 8954 | 2428 4c8b | 5424 704c | 8954 2420 | 4c8b 5424 | 404c 8954 

  0x00007fa0312efa48: ;   {metadata('java/lang/ClassLoader$$Lambda$44+0x00007f9ff8063cd8')}
  0x00007fa0312efa48: 2418 48be | d83c 06f8 | 9f7f 0000 

  0x00007fa0312efa54: ;   {runtime_call _new_instance_Java}
  0x00007fa0312efa54: c5f8 77e8 

  0x00007fa0312efa58: ; ImmutableOopMap {rbp=NarrowOop [24]=Oop [32]=Oop [40]=Oop [80]=Oop [88]=Oop [104]=Oop [120]=Oop [128]=NarrowOop [152]=Oop }
                      ;*invokevirtual allocateInstance {reexecute=0 rethrow=0 return_oop=1}
                      ; - java.lang.invoke.DirectMethodHandle::allocateInstance@12 (line 520)
                      ; - java.lang.invoke.DirectMethodHandle$Holder::newInvokeSpecial@1
                      ; - java.lang.invoke.Invokers$Holder::linkToTargetMethod@6
                      ; - java.lang.ClassLoader::definePackage@73 (line 2105)
                      ; - java.lang.ClassLoader::getDefinedPackage@32 (line 2243)
                      ; - java.net.URLClassLoader::getAndVerifyPackage@2 (line 457)
                      ; - java.net.URLClassLoader::defineClass@46 (line 492)
  0x00007fa0312efa58: 248c 85ff | 4c8b 5c24 | 184c 895c | 2440 4c8b | 5c24 204c | 895c 2470 | 4c8b 5c24 | 284c 895c 
  0x00007fa0312efa78: 2448 448b | 5c24 3044 | 895c 2420 | 448b 5c24 | 3444 895c | 2424 4c8b | 5c24 504c | 895c 2428 
  0x00007fa0312efa98: 4c8b 4424 | 584c 8b4c | 2460 488b | 5424 6844 | 8bb4 2480 | 0000 0048 | 8bc8 e983 | c1ff ff44 
  0x00007fa0312efab8: 8954 2448 | 897c 2424 | 4889 5c24 | 3048 8954 | 2418 498b | f149 8bee 

  0x00007fa0312efad0: ;   {static_call}
  0x00007fa0312efad0: c5f8 77e8 

  0x00007fa0312efad4: ; ImmutableOopMap {rbp=Oop [24]=Oop [36]=NarrowOop [48]=Oop [56]=Oop [64]=Oop [72]=NarrowOop }
                      ;*invokestatic hashCode {reexecute=0 rethrow=0 return_oop=0}
                      ; - java.lang.String::hashCode@37 (line 2345)
                      ; - java.util.concurrent.ConcurrentHashMap::get@1 (line 936)
                      ; - java.lang.ClassLoader::getNamedPackage@5 (line 340)
                      ; - java.lang.ClassLoader::postDefineClass@9 (line 924)
                      ; - java.lang.ClassLoader::defineClass@37 (line 1018)
                      ; - java.security.SecureClassLoader::defineClass@12 (line 150)
                      ; - java.net.URLClassLoader::defineClass@220 (line 524)
  0x00007fa0312efad4: a8b5 7aff | 488b 5424 | 184c 8b6c | 2430 8b7c | 2424 448b | 5424 48e9 | 52d9 ffff | 41c6 4511 
  0x00007fa0312efaf4: 0133 c0e9 | 52d9 ffff | 4c8b 5c24 | 784c 895c | 2468 4c89 | 6c24 5844 | 8b44 2424 | 4489 4424 
  0x00007fa0312efb14: 5444 8b5c | 2420 4489 | 5c24 504c | 8b5c 2448 | 4c89 5c24 | 304c 8b5c | 2470 4c89 | 5c24 284c 
  0x00007fa0312efb34: 8b5c 2440 | 4c89 5c24 | 2049 8bf2 | 4c89 4c24 | 1866 6690 

  0x00007fa0312efb48: ;   {static_call}
  0x00007fa0312efb48: c5f8 77e8 

  0x00007fa0312efb4c: ; ImmutableOopMap {rbp=NarrowOop [24]=Oop [32]=Oop [40]=Oop [48]=Oop [88]=Oop [104]=Oop [112]=Oop [152]=Oop [160]=Oop }
                      ;*invokestatic hashCode {reexecute=0 rethrow=0 return_oop=0}
                      ; - java.lang.String::hashCode@37 (line 2345)
                      ; - java.util.concurrent.ConcurrentHashMap::get@1 (line 936)
                      ; - java.lang.ClassLoader::getDefinedPackage@13 (line 2239)
                      ; - java.net.URLClassLoader::getAndVerifyPackage@2 (line 457)
                      ; - java.net.URLClassLoader::defineClass@46 (line 492)
  0x00007fa0312efb4c: 30b5 7aff 

  0x00007fa0312efb50: ;   {oop(""{0x00000000fff00010})}
  0x00007fa0312efb50: 49b8 1000 | f0ff 0000 | 0000 49b9 | 0060 ef46 | a07f 0000 | 4c8b 5424 | 204c 8954 | 2440 4c8b 
  0x00007fa0312efb70: 5424 304c | 8954 2448 | 448b 5424 | 5044 8954 | 2420 448b | 5c24 5444 | 895c 2424 | 488b 9424 
  0x00007fa0312efb90: a000 0000 | 4c8b 5c24 | 684c 895c | 2478 4c8b | 6c24 58e9 | 78b8 ffff | c642 1101 | 33c0 e978 
  0x00007fa0312efbb0: b8ff ff44 | 89b4 2480 | 0000 0048 | 8954 2468 | 4c89 4c24 | 604c 8944 | 2458 4c8b | 5c24 284c 
  0x00007fa0312efbd0: 895c 2450 | 448b 5c24 | 2444 895c | 2434 448b | 4424 2044 | 8944 2430 | 4c8b 5c24 | 484c 895c 
  0x00007fa0312efbf0: 2428 4c8b | 5c24 704c | 895c 2420 | 4c8b 5c24 | 404c 895c | 2418 498b | f266 6690 

  0x00007fa0312efc0c: ;   {static_call}
  0x00007fa0312efc0c: c5f8 77e8 

  0x00007fa0312efc10: ; ImmutableOopMap {rbp=Oop [24]=Oop [32]=Oop [40]=Oop [80]=Oop [88]=Oop [104]=Oop [120]=Oop [128]=NarrowOop [152]=Oop [200]=NarrowOop }
                      ;*invokestatic hashCode {reexecute=0 rethrow=0 return_oop=0}
                      ; - java.lang.String::hashCode@37 (line 2345)
                      ; - java.util.concurrent.ConcurrentHashMap::get@1 (line 936)
                      ; - java.lang.ClassLoader::definePackage@47 (line 2101)
                      ; - java.lang.ClassLoader::getDefinedPackage@32 (line 2243)
                      ; - java.net.URLClassLoader::getAndVerifyPackage@2 (line 457)
                      ; - java.net.URLClassLoader::defineClass@46 (line 492)
  0x00007fa0312efc10: 6cb4 7aff | 4c8b 5424 | 184c 8954 | 2440 4c8b | 5424 204c | 8954 2470 | 4c8b 5424 | 284c 8954 
  0x00007fa0312efc30: 2448 448b | 5424 3044 | 8954 2420 | 448b 5c24 | 3444 895c | 2424 4c8b | 5424 504c | 8954 2428 
  0x00007fa0312efc50: 4c8b 4424 | 584c 8b4c | 2460 488b | 5424 6844 | 8bb4 2480 | 0000 00e9 | 5dbc ffff | c642 1101 
  0x00007fa0312efc70: 33c0 e95d | bcff ff66 | 6690 c5f8 | 7748 b8ff | ffff ffff 

  0x00007fa0312efc84: ;   {virtual_call}
  0x00007fa0312efc84: ffff ffe8 

  0x00007fa0312efc88: ; ImmutableOopMap {[24]=Oop [48]=Oop [64]=Oop [72]=Oop [88]=Oop [112]=Oop [152]=Oop }
                      ;*invokevirtual close {reexecute=0 rethrow=0 return_oop=0}
                      ; - jdk.internal.loader.Resource::getBytes@183 (line 145)
                      ; - java.net.URLClassLoader::defineClass@179 (line 519)
  0x00007fa0312efc88: f4ae 7aff | e90f e6ff | ff48 8bf7 | 4c89 6c24 | 184c 8b54 | 2470 4c89 | 5424 6090 

  0x00007fa0312efca4: ;   {static_call}
  0x00007fa0312efca4: c5f8 77e8 

  0x00007fa0312efca8: ; ImmutableOopMap {[24]=Oop [40]=Oop [48]=Oop [64]=Oop [72]=Oop [88]=Oop [96]=Oop [112]=Oop [120]=Oop [152]=Oop [160]=NarrowOop [176]=Oop }
                      ;*invokestatic hashCode {reexecute=0 rethrow=0 return_oop=0}
                      ; - java.lang.String::hashCode@37 (line 2345)
                      ; - java.util.HashMap::hash@9 (line 338)
                      ; - java.util.HashMap::getNode@23 (line 568)
                      ; - java.util.HashMap::get@2 (line 556)
                      ; - java.util.jar.Manifest::getAttributes@5 (line 159)
                      ; - java.util.jar.Manifest::getTrustedAttributes@2 (line 176)
                      ; - java.util.jar.JavaUtilJarAccessImpl::getTrustedAttributes@2 (line 68)
                      ; - java.net.URLClassLoader::definePackage@42 (line 552)
                      ; - java.net.URLClassLoader::defineClass@64 (line 495)
  0x00007fa0312efca8: d4b3 7aff | e951 c6ff | ff4c 8b94 | 24b0 0000 | 0041 c642 | 1101 33ed | 4533 dbe9 | 5bc6 ffff 
  0x00007fa0312efcc8: 0f1f 8400 | 0000 0000 | 448b 7424 | 6044 8b44 | 2464 488b | 8c24 8800 | 0000 4c8b | 6c24 1841 
  0x00007fa0312efce8: 8bf2 eb02 | 33f6 448b | 510c 413b | f20f 8ce5 | 1800 0045 | 8bd8 442b | de41 8bd2 | 81c2 0004 
  0x00007fa0312efd08: 0000 443b | da41 0f4c | d385 d20f | 8c4c 2700 | 008b fe03 | fa66 6690 | 81ff 0000 | 1000 0f87 
  0x00007fa0312efd28: 8926 0000 | 4863 c744 | 3bd7 8bdf | 410f 4cda | 899c 2494 | 0000 0090 | 443b d30f | 82e8 2600 
  0x00007fa0312efd48: 003b fb0f | 82e9 2600 | 0048 83c0 | 1748 8bd8 | 4883 e3f8 | 0f1f 4000 | 81ff 0000 | 1000 0f87 
  0x00007fa0312efd68: 3822 0000 | 4d8b 9f08 | 0100 004d | 8bd3 4c03 | d30f 1f80 | 0000 0000 | 4d3b 9718 | 0100 000f 
  0x00007fa0312efd88: 8317 2200 | 004d 8997 | 0801 0000 | 410f 0d8a | 0001 0000 | 49c7 0301 | 0000 0041 | 0f0d 8a40 
  0x00007fa0312efda8: ;   {metadata({type array byte})}
  0x00007fa0312efda8: 0100 0041 | c743 0838 | 6800 0041 | 897b 0c41 | 0f0d 8a80 | 0100 004d | 8bcb 4983 | c110 48c1 
  0x00007fa0312efdc8: e803 448b | 9424 9400 | 0000 4585 | d20f 84e2 | 2500 0048 | 83c1 1090 | 443b d70f | 8c6f 1c00 
  0x00007fa0312efde8: 004c 895c | 2460 8974 | 242c 8954 | 2428 4c89 | 6c24 1845 | 8be8 4883 | c3f0 48c1 | eb03 488b 
  0x00007fa0312efe08: f949 8bf1 | 488b d3c5 | f877 49ba | 2039 a830 | a07f 0000 | 41ff d245 | 8bc5 4c8b | 6c24 188b 
  0x00007fa0312efe28: 5424 288b | 7424 2c4c | 8b5c 2460 | 4c89 9c24 | 8800 0000 | 4489 7424 | 6089 7424 | 2844 8bd2 
  0x00007fa0312efe48: 4c89 6c24 | 1844 8944 | 2464 498b | f548 8b94 | 2488 0000 | 008b 4c24 | 2845 8bc2 | 6690 c5f8 
  0x00007fa0312efe68: 7748 b8ff | ffff ffff 

  0x00007fa0312efe70: ;   {virtual_call}
  0x00007fa0312efe70: ffff ffe8 

  0x00007fa0312efe74: ; ImmutableOopMap {[24]=Oop [48]=Oop [64]=Oop [72]=Oop [88]=Oop [96]=NarrowOop [112]=Oop [136]=Oop [152]=Oop [160]=Oop }
                      ;*invokevirtual read {reexecute=0 rethrow=0 return_oop=0}
                      ; - jdk.internal.loader.Resource::getBytes@117 (line 126)
                      ; - java.net.URLClassLoader::defineClass@179 (line 519)
  0x00007fa0312efe74: 08ad 7aff | 85c0 660f | 1f44 0000 | 0f8c bf25 | 0000 448b | 5424 2844 | 03d0 4d8b | 9f48 0300 
  0x00007fa0312efe94: ; ImmutableOopMap {[24]=Oop [48]=Oop [64]=Oop [72]=Oop [88]=Oop [96]=NarrowOop [112]=Oop [136]=Oop [152]=Oop [160]=Oop }
                      ;*goto {reexecute=1 rethrow=0 return_oop=0}
                      ; - (reexecute) jdk.internal.loader.Resource::getBytes@179 (line 142)
                      ; - java.net.URLClassLoader::defineClass@179 (line 519)
                      ;   {poll}
  0x00007fa0312efe94: 0041 8503 | 0f1f 8400 | 0000 0000 | 443b 5424 | 640f 8c25 | feff ff4c | 8b94 2488 | 0000 004c 
  0x00007fa0312efeb4: 8954 2418 | e9c0 e3ff | ffc4 e1f9 | 6ec5 4889 | 7424 6089 | 5424 2c89 | 5c24 284c | 894c 2418 
  0x00007fa0312efed4: 498b ed4c | 8bd1 458b | e844 8b84 | 24ac 0000 | 0049 63d0 | 4c8b da49 | 83c3 104d | 8bc3 4983 
  0x00007fa0312efef4: e0f8 488b | 7c24 6049 | 03f8 49c1 | eb03 4c8b | c04d 2bc3 | 498b c848 | 33c0 4883 | f908 7f10 
  0x00007fa0312eff14: 48ff c978 | 5748 8904 | cf48 ffc9 | 7df7 eb4c | c5f5 efc9 | e90d 0000 | 00c5 fe7f | 0fc5 fe7f 
  0x00007fa0312eff34: 4f20 4883 | c740 4883 | e908 7ded | 4883 c104 | 7c0c c5fe | 7f0f 4883 | c720 4883 | e904 4883 
  0x00007fa0312eff54: c104 7e18 | b801 0000 | 00c4 e271 | f7c0 4883 | e801 c5f8 | 92f8 62f1 | fe2f 7f0f | 4883 fa20 
  0x00007fa0312eff74: 7742 49bb | ffff ffff | ffff ffff | c442 e8f5 | dbc4 c1fb | 92fb 62d1 | 7faf 6f0a | c4c1 f97e 
  0x00007fa0312eff94: c262 d17f | 2f7f 0a45 | 8bc5 4c8b | ed4c 8b4c | 2418 8b5c | 2428 8b54 | 242c 488b | 7424 60e9 
  0x00007fa0312effb4: 50e2 ffff | 498b fac4 | e1f9 7ec6 | c5f8 7749 | ba60 18a8 | 30a0 7f00 | 0041 ffd2 

  0x00007fa0312effd0: ;   {metadata('java/lang/String')}
  0x00007fa0312effd0: ebc9 48be | 10ec 00f7 | 9f7f 0000 | 488b 6c24 | 7066 6690 

  0x00007fa0312effe4: ;   {runtime_call _new_instance_Java}
  0x00007fa0312effe4: c5f8 77e8 

  0x00007fa0312effe8: ; ImmutableOopMap {rbp=Oop [40]=Oop [48]=Oop [64]=Oop [72]=Oop [88]=Oop [96]=Oop [112]=Oop [120]=Oop [128]=NarrowOop [152]=Oop }
                      ;*new {reexecute=0 rethrow=0 return_oop=1}
                      ; - java.lang.StringConcatHelper::simpleConcat@17 (line 411)
                      ; - java.lang.String::concat@11 (line 2774)
                      ; - java.net.URLClassLoader::definePackage@39 (line 552)
                      ; - java.net.URLClassLoader::defineClass@64 (line 495)
  0x00007fa0312effe8: 9486 85ff | e967 dbff | ff4c 8b54 | 2418 458b | 5a0c 660f | 1f44 0000 | 4585 db0f | 84e7 deff 
  0x00007fa0312f0008: ff4d 8b47 | 2049 8bfb | 4d85 c00f | 8467 2200 | 004d 8b5f | 304b 897c | 03f8 4983 | c0f8 4d89 
  0x00007fa0312f0028: 4720 e9c1 | deff ff4d | 8b5f 504d | 8b47 40f0 | 8344 24c0 | 0066 6690 | 803f 0074 | 3044 8827 
  0x00007fa0312f0048: 4d85 c074 | 0f4b 897c | 03f8 4983 | c0f8 4d89 | 4740 eb19 | 498b da49 | 8bf7 c5f8 | 7749 baa0 
  0x00007fa0312f0068: 9780 48a0 | 7f00 0041 | ffd2 4c8b | d345 8b5a | 0ce9 adde | ffff bef6 | ffff ff48 | 8beb 4c89 
  0x00007fa0312f0088: 4424 1890 

  0x00007fa0312f008c: ;   {runtime_call UncommonTrapBlob}
  0x00007fa0312f008c: c5f8 77e8 

  0x00007fa0312f0090: ; ImmutableOopMap {rbp=Oop [24]=Oop }
                      ;*invokevirtual putIfAbsent {reexecute=0 rethrow=0 return_oop=0}
                      ; - java.lang.ClassLoader::checkCerts@62 (line 1161)
                      ; - java.lang.ClassLoader::preDefineClass@113 (line 907)
                      ; - java.lang.ClassLoader::defineClass@4 (line 1015)
                      ; - java.security.SecureClassLoader::defineClass@12 (line 150)
                      ; - java.net.URLClassLoader::defineClass@220 (line 524)
  0x00007fa0312f0090: ec29 7bff | bef6 ffff | ff48 8beb 

  0x00007fa0312f009c: ;   {runtime_call UncommonTrapBlob}
  0x00007fa0312f009c: c5f8 77e8 

  0x00007fa0312f00a0: ; ImmutableOopMap {rbp=Oop }
                      ;*invokevirtual get {reexecute=0 rethrow=0 return_oop=0}
                      ; - java.lang.ClassLoader::getNamedPackage@5 (line 340)
                      ; - java.lang.ClassLoader::postDefineClass@9 (line 924)
                      ; - java.lang.ClassLoader::defineClass@37 (line 1018)
                      ; - java.security.SecureClassLoader::defineClass@12 (line 150)
                      ; - java.net.URLClassLoader::defineClass@220 (line 524)
  0x00007fa0312f00a0: dc29 7bff | bef6 ffff | ff66 6690 

  0x00007fa0312f00ac: ;   {runtime_call UncommonTrapBlob}
  0x00007fa0312f00ac: c5f8 77e8 

  0x00007fa0312f00b0: ; ImmutableOopMap {rbp=NarrowOop }
                      ;*invokevirtual toExternalForm {reexecute=0 rethrow=0 return_oop=0}
                      ; - java.net.URL::toExternalForm@5 (line 1039)
                      ; - java.net.URL::toString@1 (line 1025)
                      ; - java.lang.ClassLoader::defineClassSourceLocation@22 (line 917)
                      ; - java.lang.ClassLoader::defineClass@12 (line 1016)
                      ; - java.security.SecureClassLoader::defineClass@12 (line 150)
                      ; - java.net.URLClassLoader::defineClass@220 (line 524)
  0x00007fa0312f00b0: cc29 7bff | be76 ffff | ff48 8b6c | 2470 4889 | 4424 2844 | 894c 2430 | 4489 5424 | 3866 6690 
  0x00007fa0312f00d0: ;   {runtime_call UncommonTrapBlob}
  0x00007fa0312f00d0: c5f8 77e8 

  0x00007fa0312f00d4: ; ImmutableOopMap {rbp=Oop [48]=NarrowOop [64]=Oop [72]=Oop }
                      ;*iflt {reexecute=1 rethrow=0 return_oop=0}
                      ; - (reexecute) java.lang.StringLatin1::lastIndexOf@19 (line 294)
                      ; - java.lang.String::lastIndexOf@13 (line 2489)
                      ; - java.lang.String::lastIndexOf@8 (line 2451)
                      ; - java.net.URLClassLoader::defineClass@7 (line 486)
  0x00007fa0312f00d4: a829 7bff | be76 ffff | ff48 8b6c | 2428 4c8b | 5c24 384c | 895c 2420 | 4c8b 5c24 | 404c 895c 
  0x00007fa0312f00f4: 2430 4489 | 5424 3844 | 8944 2440 | 4489 6c24 | 5066 6690 

  0x00007fa0312f0108: ;   {runtime_call UncommonTrapBlob}
  0x00007fa0312f0108: c5f8 77e8 

  0x00007fa0312f010c: ; ImmutableOopMap {rbp=Oop [32]=Oop [48]=Oop [56]=NarrowOop [80]=NarrowOop [88]=Oop }
                      ;*iflt {reexecute=1 rethrow=0 return_oop=0}
                      ; - (reexecute) java.lang.StringLatin1::lastIndexOf@19 (line 294)
                      ; - java.lang.String::lastIndexOf@13 (line 2489)
                      ; - java.lang.String::lastIndexOf@8 (line 2451)
                      ; - java.lang.ClassLoader::checkCerts@3 (line 1153)
                      ; - java.lang.ClassLoader::preDefineClass@113 (line 907)
                      ; - java.lang.ClassLoader::defineClass@4 (line 1015)
                      ; - java.security.SecureClassLoader::defineClass@12 (line 150)
                      ; - java.net.URLClassLoader::defineClass@220 (line 524)
  0x00007fa0312f010c: 7029 7bff | bef6 ffff | ff49 8bea | 4c8b 5424 | 404c 8954 | 2418 4c8b | 5424 484c | 8954 2420 
  0x00007fa0312f012c: 4c8b 5424 | 384c 8954 | 2428 6690 

  0x00007fa0312f0138: ;   {runtime_call UncommonTrapBlob}
  0x00007fa0312f0138: c5f8 77e8 

  0x00007fa0312f013c: ; ImmutableOopMap {rbp=Oop [24]=Oop [32]=Oop [120]=Oop [152]=Oop [160]=Oop }
                      ;*invokevirtual get {reexecute=0 rethrow=0 return_oop=0}
                      ; - java.lang.ClassLoader::getDefinedPackage@13 (line 2239)
                      ; - java.net.URLClassLoader::getAndVerifyPackage@2 (line 457)
                      ; - java.net.URLClassLoader::defineClass@46 (line 492)
  0x00007fa0312f013c: 4029 7bff | 4c89 4c24 | 1849 8bed 

  0x00007fa0312f0148: ;   {oop(a 'jdk/internal/perf/PerfCounter'{0x00000000c0007538})}
  0x00007fa0312f0148: 48be 3875 | 00c0 0000 | 0000 488d | 9424 e000 | 0000 6690 

  0x00007fa0312f015c: ;   {runtime_call _complete_monitor_locking_Java}
  0x00007fa0312f015c: c5f8 77e8 

  0x00007fa0312f0160: ; ImmutableOopMap {rbp=Oop [48]=Oop [64]=Oop [88]=Oop [112]=Oop }
                      ;*synchronization entry
                      ; - jdk.internal.perf.PerfCounter::add@-1 (line 98)
                      ; - jdk.internal.perf.PerfCounter::addElapsedTimeFrom@6 (line 120)
                      ; - java.net.URLClassLoader::defineClass@207 (line 523)
  0x00007fa0312f0160: 9c9f 85ff | 4c8b ed4c | 8b4c 2418 | e97b c6ff | ffbe ecff | ffff 4c8b | 5c24 404c | 895c 2420 
  0x00007fa0312f0180: 4c89 6c24 | 304c 894c | 2438 4489 | 5424 4490 

  0x00007fa0312f0190: ;   {runtime_call UncommonTrapBlob}
  0x00007fa0312f0190: c5f8 77e8 

  0x00007fa0312f0194: ; ImmutableOopMap {rbp=NarrowOop [32]=Oop [48]=Oop [68]=NarrowOop [88]=Oop [112]=Oop }
                      ;*ifnull {reexecute=1 rethrow=0 return_oop=0}
                      ; - (reexecute) java.nio.Buffer::scope@4 (line 763)
                      ; - java.nio.DirectLongBufferU::get@4 (line 339)
                      ; - jdk.internal.perf.PerfCounter::get@5 (line 84)
                      ; - jdk.internal.perf.PerfCounter::add@1 (line 98)
                      ; - jdk.internal.perf.PerfCounter::addElapsedTimeFrom@6 (line 120)
                      ; - java.net.URLClassLoader::defineClass@207 (line 523)
  0x00007fa0312f0194: e828 7bff 

  0x00007fa0312f0198: ;   {oop(a 'jdk/internal/perf/PerfCounter'{0x00000000c0007538})}
  0x00007fa0312f0198: 48bf 3875 | 00c0 0000 | 0000 488d | b424 e000 | 0000 498b | d7c5 f877 | 49ba 00cd | e148 a07f 
  0x00007fa0312f01b8: 0000 41ff | d266 6690 | e902 c7ff | ffbe deff | ffff 4889 | 4c24 184c | 8b5c 2440 | 4c89 5c24 
  0x00007fa0312f01d8: 204c 894c | 2428 4489 | 5424 3048 | 8954 2438 | 4889 5c24 | 4066 6690 

  0x00007fa0312f01f0: ;   {runtime_call UncommonTrapBlob}
  0x00007fa0312f01f0: c5f8 77e8 

  0x00007fa0312f01f4: ; ImmutableOopMap {rbp=NarrowOop [24]=Oop [32]=Oop [40]=Oop [56]=Oop [64]=Oop }
                      ;*invokeinterface computeIfAbsent {reexecute=0 rethrow=0 return_oop=0}
                      ; - java.security.SecureClassLoader::getProtectionDomain@29 (line 222)
                      ; - java.security.SecureClassLoader::defineClass@9 (line 150)
                      ; - java.net.URLClassLoader::defineClass@220 (line 524)
  0x00007fa0312f01f4: 8828 7bff | be45 ffff | ff48 8b6c | 2428 4c8b | 5424 404c | 8954 2428 | 4889 4424 | 304c 8b54 
  0x00007fa0312f0214: 2440 4c89 | 5424 3890 

  0x00007fa0312f021c: ;   {runtime_call UncommonTrapBlob}
  0x00007fa0312f021c: c5f8 77e8 

  0x00007fa0312f0220: ; ImmutableOopMap {rbp=Oop [40]=Oop [48]=Oop [56]=Oop [88]=Oop }
                      ;*ifeq {reexecute=1 rethrow=0 return_oop=0}
                      ; - (reexecute) java.lang.ClassLoader::checkName@8 (line 1145)
                      ; - java.lang.ClassLoader::preDefineClass@1 (line 890)
                      ; - java.lang.ClassLoader::defineClass@4 (line 1015)
                      ; - java.security.SecureClassLoader::defineClass@12 (line 150)
                      ; - java.net.URLClassLoader::defineClass@220 (line 524)
  0x00007fa0312f0220: 5c28 7bff | be6e ffff | ff48 8b6c | 2470 4889 | 4424 2844 | 894c 2430 | 4489 5424 | 3866 6690 
  0x00007fa0312f0240: ;   {runtime_call UncommonTrapBlob}
  0x00007fa0312f0240: c5f8 77e8 

  0x00007fa0312f0244: ; ImmutableOopMap {rbp=Oop [48]=NarrowOop [64]=Oop [72]=Oop }
                      ;*iflt {reexecute=1 rethrow=0 return_oop=0}
                      ; - (reexecute) java.lang.StringLatin1::lastIndexOf@19 (line 294)
                      ; - java.lang.String::lastIndexOf@13 (line 2489)
                      ; - java.lang.String::lastIndexOf@8 (line 2451)
                      ; - java.net.URLClassLoader::defineClass@7 (line 486)
  0x00007fa0312f0244: 3828 7bff | be6e ffff | ff48 8b6c | 2428 4c8b | 5c24 384c | 895c 2420 | 4c8b 5c24 | 404c 895c 
  0x00007fa0312f0264: 2430 4489 | 5424 3844 | 8944 2440 | 4489 6c24 | 5066 6690 

  0x00007fa0312f0278: ;   {runtime_call UncommonTrapBlob}
  0x00007fa0312f0278: c5f8 77e8 

  0x00007fa0312f027c: ; ImmutableOopMap {rbp=Oop [32]=Oop [48]=Oop [56]=NarrowOop [80]=NarrowOop [88]=Oop }
                      ;*iflt {reexecute=1 rethrow=0 return_oop=0}
                      ; - (reexecute) java.lang.StringLatin1::lastIndexOf@19 (line 294)
                      ; - java.lang.String::lastIndexOf@13 (line 2489)
                      ; - java.lang.String::lastIndexOf@8 (line 2451)
                      ; - java.lang.ClassLoader::checkCerts@3 (line 1153)
                      ; - java.lang.ClassLoader::preDefineClass@113 (line 907)
                      ; - java.lang.ClassLoader::defineClass@4 (line 1015)
                      ; - java.security.SecureClassLoader::defineClass@12 (line 150)
                      ; - java.net.URLClassLoader::defineClass@220 (line 524)
  0x00007fa0312f027c: 0028 7bff | bede ffff | ff48 8b6c | 2470 4c8b | 4c24 404c | 894c 2418 | 4c8b 4c24 | 384c 894c 
  0x00007fa0312f029c: 2420 4c89 | 5424 4044 | 895c 2448 | 4489 4424 | 4c66 6690 

  0x00007fa0312f02b0: ;   {runtime_call UncommonTrapBlob}
  0x00007fa0312f02b0: c5f8 77e8 

  0x00007fa0312f02b4: ; ImmutableOopMap {rbp=Oop [24]=Oop [64]=Oop [72]=NarrowOop [76]=NarrowOop [152]=Oop [160]=Oop }
                      ;*invokeinterface ensureInitialization {reexecute=0 rethrow=0 return_oop=0}
                      ; - jdk.internal.loader.URLClassPath$JarLoader$2::getManifest@10 (line 885)
                      ; - java.net.URLClassLoader::defineClass@34 (line 491)
  0x00007fa0312f02b4: c827 7bff | 4c89 4c24 | 6044 8944 | 2458 4c89 | 5424 504c | 896c 2430 | 448b 5c24 | 2444 895c 
  0x00007fa0312f02d4: 242c 448b | 5424 2044 | 8954 2428 | 4c8b 5424 | 484c 8954 | 2420 4c8b | 5424 404c | 8954 2418 
  0x00007fa0312f02f4: 498b f148 | 8d94 24e0 | 0000 004c | 8b54 2450 | 4c89 5424 | 4866 6690 

  0x00007fa0312f030c: ;   {runtime_call _complete_monitor_locking_Java}
  0x00007fa0312f030c: c5f8 77e8 

  0x00007fa0312f0310: ; ImmutableOopMap {[24]=Oop [32]=Oop [48]=Oop [72]=Oop [80]=Oop [88]=NarrowOop [96]=Oop [112]=Oop [152]=Oop [160]=Oop }
                      ;*synchronization entry
                      ; - java.util.jar.JarFile::ensureInitialization@-1 (line 1031)
                      ; - java.util.jar.JavaUtilJarAccessImpl::ensureInitialization@1 (line 72)
                      ; - jdk.internal.loader.URLClassPath$JarLoader$2::getManifest@10 (line 885)
                      ; - java.net.URLClassLoader::defineClass@34 (line 491)
  0x00007fa0312f0310: ec9d 85ff | 4c8b 5424 | 184c 8954 | 2440 4c8b | 5424 204c | 8954 2448 | 448b 5c24 | 2844 895c 
  0x00007fa0312f0330: 2420 448b | 5424 2c44 | 8954 2424 | 4c8b 5424 | 5044 8b44 | 2458 4c8b | 4c24 604c | 8b6c 2430 
  0x00007fa0312f0350: e93c aeff | ff4c 8954 | 2428 4c89 | 6c24 1849 | 8bf9 488d | b424 e000 | 0000 498b | d7c5 f877 
  0x00007fa0312f0370: 49ba 00cd | e148 a07f | 0000 41ff | d24c 8b54 | 2428 4c8b | 6c24 18e9 | c4ae ffff | bede ffff 
  0x00007fa0312f0390: ff4c 8b5c | 2440 4c89 | 5c24 204c | 8b5c 2438 | 4c89 5c24 | 284c 8954 | 2440 6690 

  0x00007fa0312f03ac: ;   {runtime_call UncommonTrapBlob}
  0x00007fa0312f03ac: c5f8 77e8 

  0x00007fa0312f03b0: ; ImmutableOopMap {rbp=NarrowOop [32]=Oop [64]=Oop [112]=Oop [152]=Oop [160]=Oop }
                      ;*invokevirtual getManifest {reexecute=0 rethrow=0 return_oop=0}
                      ; - jdk.internal.loader.URLClassPath$JarLoader$2::getManifest@22 (line 886)
                      ; - java.net.URLClassLoader::defineClass@34 (line 491)
  0x00007fa0312f03b0: cc26 7bff | bede ffff | ff4c 8b54 | 2438 4c89 | 5424 2890 

  0x00007fa0312f03c4: ;   {runtime_call UncommonTrapBlob}
  0x00007fa0312f03c4: c5f8 77e8 

  0x00007fa0312f03c8: ; ImmutableOopMap {rbp=NarrowOop [64]=Oop [88]=Oop [112]=Oop [152]=Oop }
                      ;*invokevirtual getCodeSigners {reexecute=0 rethrow=0 return_oop=0}
                      ; - jdk.internal.loader.URLClassPath$JarLoader$2::getCodeSigners@4 (line 891)
                      ; - java.net.URLClassLoader::defineClass@185 (line 521)
  0x00007fa0312f03c8: b426 7bff | 4d63 d3e9 | dcab ffff | 4983 c2fe | 498b ca48 | 8bfe 4833 | c048 83f9 | 087f 1048 
  0x00007fa0312f03e8: ffc9 7857 | 4889 04cf | 48ff c97d | f7eb 4cc5 | fdef c0e9 | 0d00 0000 | c5fe 7f07 | c5fe 7f47 
  0x00007fa0312f0408: 2048 83c7 | 4048 83e9 | 087d ed48 | 83c1 047c | 0cc5 fe7f | 0748 83c7 | 2048 83e9 | 0448 83c1 
  0x00007fa0312f0428: 047e 18b8 | 0100 0000 | c4e2 71f7 | c048 83e8 | 01c5 f892 | f862 f1fe | 2f7f 07e9 | 4bac ffff 
  0x00007fa0312f0448: 4c63 c1e9 | 9fc8 ffff | 4983 c0fe | 498b c849 | 8bfa 4833 | c048 83f9 | 087f 1048 | ffc9 7857 
  0x00007fa0312f0468: 4889 04cf | 48ff c97d | f7eb 4cc5 | fdef c0e9 | 0d00 0000 | c5fe 7f07 | c5fe 7f47 | 2048 83c7 
  0x00007fa0312f0488: 4048 83e9 | 087d ed48 | 83c1 047c | 0cc5 fe7f | 0748 83c7 | 2048 83e9 | 0448 83c1 | 047e 18b8 
  0x00007fa0312f04a8: 0100 0000 | c4e2 71f7 | c048 83e8 | 01c5 f892 | f862 f1fe | 2f7f 0790 | e9f9 c8ff | ffbe ccff 
  0x00007fa0312f04c8: ffff 488b | 6c24 704c | 8b54 2440 | 4c89 5424 | 184c 8b54 | 2448 4c89 | 5424 204c | 8b54 2438 
  0x00007fa0312f04e8: 4c89 5424 | 2844 895c | 243c 4889 | 5c24 4844 | 8944 2450 

  0x00007fa0312f04fc: ;   {runtime_call UncommonTrapBlob}
  0x00007fa0312f04fc: c5f8 77e8 

  0x00007fa0312f0500: ; ImmutableOopMap {rbp=Oop [24]=Oop [32]=Oop [72]=Oop [80]=NarrowOop [152]=Oop }
                      ;*newarray {reexecute=1 rethrow=0 return_oop=0}
                      ; - (reexecute) java.util.Arrays::copyOfRange@41 (line 3822)
                      ; - java.lang.StringLatin1::newString@16 (line 769)
                      ; - java.lang.String::substring@41 (line 2714)
                      ; - java.net.URLClassLoader::defineClass@28 (line 489)
  0x00007fa0312f0500: 7c25 7bff | becc ffff | ff48 8b6c | 2428 4c8b | 5c24 384c | 895c 2420 | 4c8b 5c24 | 404c 895c 
  0x00007fa0312f0520: 2430 4489 | 5424 3889 | 4c24 404c | 8b54 2458 | 4c89 5424 | 4844 8b5c | 2460 4489 | 5c24 4444 
  0x00007fa0312f0540: 896c 2450 | 4889 5c24 | 6066 6690 

  0x00007fa0312f054c: ;   {runtime_call UncommonTrapBlob}
  0x00007fa0312f054c: c5f8 77e8 

  0x00007fa0312f0550: ; ImmutableOopMap {rbp=Oop [32]=Oop [48]=Oop [56]=NarrowOop [72]=Oop [80]=NarrowOop [96]=Oop }
                      ;*newarray {reexecute=1 rethrow=0 return_oop=0}
                      ; - (reexecute) java.util.Arrays::copyOfRange@41 (line 3822)
                      ; - java.lang.StringLatin1::newString@16 (line 769)
                      ; - java.lang.String::substring@41 (line 2714)
                      ; - java.lang.ClassLoader::checkCerts@21 (line 1154)
                      ; - java.lang.ClassLoader::preDefineClass@113 (line 907)
                      ; - java.lang.ClassLoader::defineClass@4 (line 1015)
                      ; - java.security.SecureClassLoader::defineClass@12 (line 150)
                      ; - java.net.URLClassLoader::defineClass@220 (line 524)
  0x00007fa0312f0550: 2c25 7bff | bee4 ffff | ff48 8b6c | 2428 4c8b | 5c24 404c | 895c 2428 | 4c8b 5c24 | 384c 895c 
  0x00007fa0312f0570: 2430 4489 | 5424 3c90 

  0x00007fa0312f0578: ;   {runtime_call UncommonTrapBlob}
  0x00007fa0312f0578: c5f8 77e8 

  0x00007fa0312f057c: ; ImmutableOopMap {rbp=Oop [40]=Oop [48]=Oop [60]=NarrowOop [88]=Oop }
                      ;*baload {reexecute=0 rethrow=0 return_oop=0}
                      ; - java.lang.String::startsWith@80 (line 2270)
                      ; - java.lang.String::startsWith@3 (line 2302)
                      ; - java.lang.ClassLoader::preDefineClass@43 (line 896)
                      ; - java.lang.ClassLoader::defineClass@4 (line 1015)
                      ; - java.security.SecureClassLoader::defineClass@12 (line 150)
                      ; - java.net.URLClassLoader::defineClass@220 (line 524)
  0x00007fa0312f057c: 0025 7bff | be76 ffff | ff48 8b6c | 2440 4c8b | 5424 484c | 8954 2418 | 4c8b 5424 | 384c 8954 
  0x00007fa0312f059c: 2428 4489 | 4424 4044 | 894c 2448 | 4889 4424 | 5066 6690 

  0x00007fa0312f05b0: ;   {runtime_call UncommonTrapBlob}
  0x00007fa0312f05b0: c5f8 77e8 

  0x00007fa0312f05b4: ; ImmutableOopMap {rbp=Oop [24]=Oop [40]=Oop [64]=NarrowOop [80]=Oop }
                      ;*iflt {reexecute=1 rethrow=0 return_oop=0}
                      ; - (reexecute) java.lang.StringLatin1::lastIndexOf@19 (line 294)
                      ; - java.lang.String::lastIndexOf@13 (line 2489)
                      ; - java.lang.String::lastIndexOf@8 (line 2451)
                      ; - java.lang.Class::getPackageName@47 (line 1085)
                      ; - java.lang.ClassLoader::postDefineClass@2 (line 924)
                      ; - java.lang.ClassLoader::defineClass@37 (line 1018)
                      ; - java.security.SecureClassLoader::defineClass@12 (line 150)
                      ; - java.net.URLClassLoader::defineClass@220 (line 524)
  0x00007fa0312f05b4: c824 7bff | be45 ffff | ff4c 8b54 | 2448 4c89 | 5424 1848 | 8944 2420 | 4c8b 5424 | 384c 8954 
  0x00007fa0312f05d4: 2428 4889 | 4424 3890 

  0x00007fa0312f05dc: ;   {runtime_call UncommonTrapBlob}
  0x00007fa0312f05dc: c5f8 77e8 

  0x00007fa0312f05e0: ; ImmutableOopMap {[24]=Oop [32]=Oop [40]=Oop [56]=Oop }
                      ;*ifeq {reexecute=1 rethrow=0 return_oop=0}
                      ; - (reexecute) java.lang.Class::getPackageName@13 (line 1080)
                      ; - java.lang.ClassLoader::postDefineClass@2 (line 924)
                      ; - java.lang.ClassLoader::defineClass@37 (line 1018)
                      ; - java.security.SecureClassLoader::defineClass@12 (line 150)
                      ; - java.net.URLClassLoader::defineClass@220 (line 524)
  0x00007fa0312f05e0: 9c24 7bff | be6e ffff | ff48 8b6c | 2440 4c8b | 5424 484c | 8954 2418 | 4c8b 5424 | 384c 8954 
  0x00007fa0312f0600: 2428 4489 | 4424 4044 | 894c 2448 | 4889 4424 | 5066 6690 

  0x00007fa0312f0614: ;   {runtime_call UncommonTrapBlob}
  0x00007fa0312f0614: c5f8 77e8 

  0x00007fa0312f0618: ; ImmutableOopMap {rbp=Oop [24]=Oop [40]=Oop [64]=NarrowOop [80]=Oop }
                      ;*iflt {reexecute=1 rethrow=0 return_oop=0}
                      ; - (reexecute) java.lang.StringLatin1::lastIndexOf@19 (line 294)
                      ; - java.lang.String::lastIndexOf@13 (line 2489)
                      ; - java.lang.String::lastIndexOf@8 (line 2451)
                      ; - java.lang.Class::getPackageName@47 (line 1085)
                      ; - java.lang.ClassLoader::postDefineClass@2 (line 924)
                      ; - java.lang.ClassLoader::defineClass@37 (line 1018)
                      ; - java.security.SecureClassLoader::defineClass@12 (line 150)
                      ; - java.net.URLClassLoader::defineClass@220 (line 524)
  0x00007fa0312f0618: 6424 7bff | 4d63 ca90 | e92f cbff | ff49 83c1 | fe49 8bc9 | 498b fb48 | 33c0 4883 | f908 7f10 
  0x00007fa0312f0638: 48ff c978 | 5748 8904 | cf48 ffc9 | 7df7 eb4c | c5fd efc0 | e90d 0000 | 00c5 fe7f | 07c5 fe7f 
  0x00007fa0312f0658: 4720 4883 | c740 4883 | e908 7ded | 4883 c104 | 7c0c c5fe | 7f07 4883 | c720 4883 | e904 4883 
  0x00007fa0312f0678: c104 7e18 | b801 0000 | 00c4 e271 | f7c0 4883 | e801 c5f8 | 92f8 62f1 | fe2f 7f07 | e997 cbff 
  0x00007fa0312f0698: ffbe ccff | ffff 488b | 6c24 404c | 8b5c 2448 | 4c89 5c24 | 184c 8b5c | 2438 4c89 | 5c24 2844 
  0x00007fa0312f06b8: 8944 2440 | 4489 5424 | 4848 895c | 2458 6690 

  0x00007fa0312f06c8: ;   {runtime_call UncommonTrapBlob}
  0x00007fa0312f06c8: c5f8 77e8 

  0x00007fa0312f06cc: ; ImmutableOopMap {rbp=Oop [24]=Oop [40]=Oop [64]=NarrowOop [88]=Oop }
                      ;*newarray {reexecute=1 rethrow=0 return_oop=0}
                      ; - (reexecute) java.util.Arrays::copyOfRange@41 (line 3822)
                      ; - java.lang.StringLatin1::newString@16 (line 769)
                      ; - java.lang.String::substring@41 (line 2714)
                      ; - java.lang.Class::getPackageName@62 (line 1086)
                      ; - java.lang.ClassLoader::postDefineClass@2 (line 924)
                      ; - java.lang.ClassLoader::defineClass@37 (line 1018)
                      ; - java.security.SecureClassLoader::defineClass@12 (line 150)
                      ; - java.net.URLClassLoader::defineClass@220 (line 524)
  0x00007fa0312f06cc: b023 7bff | bef6 ffff | ff49 8beb | 4c8b 5424 | 404c 8954 | 2418 4c8b | 5424 484c | 8954 2420 
  0x00007fa0312f06ec: 4c8b 5424 | 384c 8954 | 2428 4889 | 5424 4890 

  0x00007fa0312f06fc: ;   {runtime_call UncommonTrapBlob}
  0x00007fa0312f06fc: c5f8 77e8 

  0x00007fa0312f0700: ; ImmutableOopMap {rbp=Oop [24]=Oop [32]=Oop [72]=Oop [120]=Oop [152]=Oop }
                      ;*invokevirtual get {reexecute=0 rethrow=0 return_oop=0}
                      ; - java.lang.ClassLoader::definePackage@47 (line 2101)
                      ; - java.lang.ClassLoader::getDefinedPackage@32 (line 2243)
                      ; - java.net.URLClassLoader::getAndVerifyPackage@2 (line 457)
                      ; - java.net.URLClassLoader::defineClass@46 (line 492)
  0x00007fa0312f0700: 7c23 7bff | bede ffff | ff66 6690 

  0x00007fa0312f070c: ;   {runtime_call UncommonTrapBlob}
  0x00007fa0312f070c: c5f8 77e8 

  0x00007fa0312f0710: ; ImmutableOopMap {rbp=NarrowOop }
                      ;*checkcast {reexecute=0 rethrow=0 return_oop=0}
                      ; - java.lang.ClassLoader::getNamedPackage@8 (line 340)
                      ; - java.lang.ClassLoader::postDefineClass@9 (line 924)
                      ; - java.lang.ClassLoader::defineClass@37 (line 1018)
                      ; - java.security.SecureClassLoader::defineClass@12 (line 150)
                      ; - java.net.URLClassLoader::defineClass@220 (line 524)
  0x00007fa0312f0710: 6c23 7bff | be45 ffff | ff48 8b6c | 2470 4c8b | 5424 404c | 8954 2418 | 4c8b 5424 | 484c 8954 
  0x00007fa0312f0730: 2420 4c8b | 5424 384c | 8954 2428 | 4889 5424 | 504c 8b54 | 2478 4c89 | 5424 5848 | 8954 2470 
  0x00007fa0312f0750: 4489 7424 | 7866 6690 

  0x00007fa0312f0758: ;   {runtime_call UncommonTrapBlob}
  0x00007fa0312f0758: c5f8 77e8 

  0x00007fa0312f075c: ; ImmutableOopMap {rbp=Oop [24]=Oop [32]=Oop [80]=Oop [88]=Oop [112]=Oop [120]=NarrowOop [152]=Oop }
                      ;*ifeq {reexecute=1 rethrow=0 return_oop=0}
                      ; - (reexecute) java.lang.ClassLoader::definePackage@4 (line 2096)
                      ; - java.lang.ClassLoader::getDefinedPackage@32 (line 2243)
                      ; - java.net.URLClassLoader::getAndVerifyPackage@2 (line 457)
                      ; - java.net.URLClassLoader::defineClass@46 (line 492)
  0x00007fa0312f075c: 2023 7bff | 89ac 24a8 | 0000 004c | 899c 2488 | 0000 0048 | 8984 2480 | 0000 0089 | 7c24 7c89 
  0x00007fa0312f077c: 5424 7889 | 5c24 644c | 894c 2468 | 4c89 6c24 | 2848 894c | 2418 418b | e844 8974 

  0x00007fa0312f0798: ;   {metadata({type array byte})}
  0x00007fa0312f0798: 2460 48be | 3868 00f7 | 9f7f 0000 | 8bd7 6690 

  0x00007fa0312f07a8: ;   {runtime_call _new_array_nozero_Java}
  0x00007fa0312f07a8: c5f8 77e8 

  0x00007fa0312f07ac: ; ImmutableOopMap {[24]=Oop [40]=Oop [48]=Oop [64]=Oop [72]=Oop [88]=Oop [96]=NarrowOop [104]=Oop [112]=Oop [152]=Oop [160]=Oop }
                      ;*newarray {reexecute=0 rethrow=0 return_oop=1}
                      ; - java.util.Arrays::copyOf@1 (line 3537)
                      ; - jdk.internal.loader.Resource::getBytes@94 (line 120)
                      ; - java.net.URLClassLoader::defineClass@179 (line 519)
  0x00007fa0312f07ac: 5052 85ff | 4c8b d044 | 8b74 2460 | 448b c548 | 8b4c 2418 | 4c8b 6c24 | 284c 8b4c | 2468 8b5c 
  0x00007fa0312f07cc: 2464 8b54 | 2478 8b7c | 247c 488b | 8424 8000 | 0000 4c8b | 9c24 8800 | 0000 498b | f2e9 8fd9 
  0x00007fa0312f07ec: ffff 458b | dae9 ada6 | ffff 418b | c8e9 59c4 | ffff 85c9 | 400f 95c5 | 400f b6ed | 83f5 01be 
  0x00007fa0312f080c: 45ff ffff | 4c8b 5424 | 404c 8954 | 2420 4889 | 4424 3044 | 895c 2440 

  0x00007fa0312f0824: ;   {runtime_call UncommonTrapBlob}
  0x00007fa0312f0824: c5f8 77e8 

  0x00007fa0312f0828: ; ImmutableOopMap {[32]=Oop [72]=Oop [112]=Oop }
                      ;*ifeq {reexecute=1 rethrow=0 return_oop=0}
                      ; - (reexecute) java.lang.String::lastIndexOf@4 (line 2489)
                      ; - java.lang.String::lastIndexOf@8 (line 2451)
                      ; - java.net.URLClassLoader::defineClass@7 (line 486)
  0x00007fa0312f0828: 5422 7bff | 498b f7c5 | f877 49ba | 7097 8048 | a07f 0000 | 41ff d290 | e9d0 beff | ff45 85c0 
  0x00007fa0312f0848: 400f 95c5 | 400f b6ed | 83f5 01be | 45ff ffff | 4c8b 5424 | 584c 8954 | 2450 6690 

  0x00007fa0312f0864: ;   {runtime_call UncommonTrapBlob}
  0x00007fa0312f0864: c5f8 77e8 

  0x00007fa0312f0868: ; ImmutableOopMap {[40]=Oop [56]=Oop [64]=Oop [80]=Oop }
                      ;*ifeq {reexecute=1 rethrow=0 return_oop=0}
                      ; - (reexecute) java.lang.String::indexOf@4 (line 2423)
                      ; - java.lang.String::indexOf@3 (line 2380)
                      ; - java.lang.ClassLoader::checkName@16 (line 1147)
                      ; - java.lang.ClassLoader::preDefineClass@1 (line 890)
                      ; - java.lang.ClassLoader::defineClass@4 (line 1015)
                      ; - java.security.SecureClassLoader::defineClass@12 (line 150)
                      ; - java.net.URLClassLoader::defineClass@220 (line 524)
  0x00007fa0312f0868: 1422 7bff | be45 ffff | ff48 8b6c | 2428 4c8b | 5424 404c | 8954 2428 | 4c8b 5424 | 384c 8954 
  0x00007fa0312f0888: 2430 4c8b | 5424 404c | 8954 2438 | 895c 244c 

  0x00007fa0312f0898: ;   {runtime_call UncommonTrapBlob}
  0x00007fa0312f0898: c5f8 77e8 

  0x00007fa0312f089c: ; ImmutableOopMap {rbp=Oop [40]=Oop [48]=Oop [56]=Oop [88]=Oop }
                      ;*if_icmpne {reexecute=1 rethrow=0 return_oop=0}
                      ; - (reexecute) java.lang.ClassLoader::checkName@20 (line 1147)
                      ; - java.lang.ClassLoader::preDefineClass@1 (line 890)
                      ; - java.lang.ClassLoader::defineClass@4 (line 1015)
                      ; - java.security.SecureClassLoader::defineClass@12 (line 150)
                      ; - java.net.URLClassLoader::defineClass@220 (line 524)
  0x00007fa0312f089c: e021 7bff | be45 ffff | ff4c 8b54 | 2448 4c89 | 5424 284c | 8b54 2438 | 4c89 5424 | 3044 895c 
  0x00007fa0312f08bc: 244c 4489 | 5c24 5090 

  0x00007fa0312f08c4: ;   {runtime_call UncommonTrapBlob}
  0x00007fa0312f08c4: c5f8 77e8 

  0x00007fa0312f08c8: ; ImmutableOopMap {[40]=Oop [64]=Oop [112]=Oop [152]=Oop }
                      ;*if_icmpgt {reexecute=1 rethrow=0 return_oop=0}
                      ; - (reexecute) java.lang.String::checkBoundsBeginEnd@6 (line 4605)
                      ; - java.lang.String::substring@8 (line 2709)
                      ; - java.net.URLClassLoader::defineClass@28 (line 489)
  0x00007fa0312f08c8: b421 7bff | be45 ffff | ff48 8b6c | 2428 4c8b | 5424 384c | 8954 2420 | 4c8b 5424 | 404c 8954 
  0x00007fa0312f08e8: 2430 4c89 | 5424 3889 | 4c24 4489 | 4c24 484c | 8b54 2458 | 4c89 5424 | 5044 8b5c | 2460 4489 
  0x00007fa0312f0908: 5c24 4c44 | 896c 2458 | 4489 4c24 | 6066 6690 

  0x00007fa0312f0918: ;   {runtime_call UncommonTrapBlob}
  0x00007fa0312f0918: c5f8 77e8 

  0x00007fa0312f091c: ; ImmutableOopMap {rbp=Oop [32]=Oop [48]=Oop [56]=Oop [80]=Oop [88]=NarrowOop }
                      ;*if_icmpgt {reexecute=1 rethrow=0 return_oop=0}
                      ; - (reexecute) java.lang.String::checkBoundsBeginEnd@6 (line 4605)
                      ; - java.lang.String::substring@8 (line 2709)
                      ; - java.lang.ClassLoader::checkCerts@21 (line 1154)
                      ; - java.lang.ClassLoader::preDefineClass@113 (line 907)
                      ; - java.lang.ClassLoader::defineClass@4 (line 1015)
                      ; - java.security.SecureClassLoader::defineClass@12 (line 150)
                      ; - java.net.URLClassLoader::defineClass@220 (line 524)
  0x00007fa0312f091c: 6021 7bff | be45 ffff | ff48 8b6c | 2440 488b | 4c24 3848 | 894c 2428 | 4889 5424 | 3044 8954 
  0x00007fa0312f093c: 2440 4c89 | 6c24 4844 | 894c 2444 | 4489 5c24 | 5444 8944 | 2458 6690 

  0x00007fa0312f0954: ;   {runtime_call UncommonTrapBlob}
  0x00007fa0312f0954: c5f8 77e8 

  0x00007fa0312f0958: ; ImmutableOopMap {rbp=Oop [40]=Oop [48]=Oop [64]=NarrowOop [68]=NarrowOop [72]=Oop }
                      ;*ifle {reexecute=1 rethrow=0 return_oop=0}
                      ; - (reexecute) java.util.concurrent.ConcurrentHashMap::get@23 (line 937)
                      ; - java.lang.ClassLoader::getNamedPackage@5 (line 340)
                      ; - java.lang.ClassLoader::postDefineClass@9 (line 924)
                      ; - java.lang.ClassLoader::defineClass@37 (line 1018)
                      ; - java.security.SecureClassLoader::defineClass@12 (line 150)
                      ; - java.net.URLClassLoader::defineClass@220 (line 524)
  0x00007fa0312f0958: 2421 7bff | be45 ffff | ff4c 8b54 | 2440 4c89 | 5424 184c | 8b54 2438 | 4c89 5424 | 2848 8944 
  0x00007fa0312f0978: 2440 6690 

  0x00007fa0312f097c: ;   {runtime_call UncommonTrapBlob}
  0x00007fa0312f097c: c5f8 77e8 

  0x00007fa0312f0980: ; ImmutableOopMap {[24]=Oop [64]=Oop [72]=Oop [112]=Oop [152]=Oop }
                      ;*ifnull {reexecute=1 rethrow=0 return_oop=0}
                      ; - (reexecute) java.net.URLClassLoader::defineClass@139 (line 512)
  0x00007fa0312f0980: fc20 7bff | be45 ffff | ff4c 8b54 | 2440 4c89 | 5424 184c | 8b54 2438 | 4c89 5424 | 204c 8944 
  0x00007fa0312f09a0: 2448 4889 | 4424 5090 

  0x00007fa0312f09a8: ;   {runtime_call UncommonTrapBlob}
  0x00007fa0312f09a8: c5f8 77e8 

  0x00007fa0312f09ac: ; ImmutableOopMap {[24]=Oop [72]=Oop [80]=Oop [88]=Oop [112]=Oop [152]=Oop }
                      ;*ifnull {reexecute=1 rethrow=0 return_oop=0}
                      ; - (reexecute) java.security.CodeSource::<init>@25 (line 122)
                      ; - java.net.URLClassLoader::defineClass@198 (line 522)
  0x00007fa0312f09ac: d020 7bff | be45 ffff | ff4c 8b5c | 2440 4c89 | 5c24 204c | 896c 2430 | 4c89 4c24 | 3844 8954 
  0x00007fa0312f09cc: 2444 6690 

  0x00007fa0312f09d0: ;   {runtime_call UncommonTrapBlob}
  0x00007fa0312f09d0: c5f8 77e8 

  0x00007fa0312f09d4: ; ImmutableOopMap {[32]=Oop [48]=Oop [68]=NarrowOop [88]=Oop [112]=Oop }
                      ;*if_icmplt {reexecute=1 rethrow=0 return_oop=0}
                      ; - (reexecute) java.nio.Buffer::checkIndex@9 (line 742)
                      ; - java.nio.DirectLongBufferU::get@11 (line 339)
                      ; - jdk.internal.perf.PerfCounter::get@5 (line 84)
                      ; - jdk.internal.perf.PerfCounter::add@1 (line 98)
                      ; - jdk.internal.perf.PerfCounter::addElapsedTimeFrom@6 (line 120)
                      ; - java.net.URLClassLoader::defineClass@207 (line 523)
  0x00007fa0312f09d4: a820 7bff | be45 ffff | ff4c 8b54 | 2440 4c89 | 5424 3090 

  0x00007fa0312f09e8: ;   {runtime_call UncommonTrapBlob}
  0x00007fa0312f09e8: c5f8 77e8 

  0x00007fa0312f09ec: ; ImmutableOopMap {[40]=Oop [48]=Oop [56]=Oop [88]=Oop }
                      ;*if_icmpne {reexecute=1 rethrow=0 return_oop=0}
                      ; - (reexecute) java.lang.ClassLoader::checkName@30 (line 1147)
                      ; - java.lang.ClassLoader::preDefineClass@1 (line 890)
                      ; - java.lang.ClassLoader::defineClass@4 (line 1015)
                      ; - java.security.SecureClassLoader::defineClass@12 (line 150)
                      ; - java.net.URLClassLoader::defineClass@220 (line 524)
  0x00007fa0312f09ec: 9020 7bff | be45 ffff | ff48 8b6c | 2428 4c8b | 5424 384c | 8954 2420 | 4489 4424 | 3c66 6690 
  0x00007fa0312f0a0c: ;   {runtime_call UncommonTrapBlob}
  0x00007fa0312f0a0c: c5f8 77e8 

  0x00007fa0312f0a10: ; ImmutableOopMap {rbp=Oop [32]=Oop [64]=Oop [88]=Oop }
                      ;*ifne {reexecute=1 rethrow=0 return_oop=0}
                      ; - (reexecute) java.lang.ClassLoader::compareCerts@7 (line 1176)
                      ; - java.lang.ClassLoader::checkCerts@80 (line 1162)
                      ; - java.lang.ClassLoader::preDefineClass@113 (line 907)
                      ; - java.lang.ClassLoader::defineClass@4 (line 1015)
                      ; - java.security.SecureClassLoader::defineClass@12 (line 150)
                      ; - java.net.URLClassLoader::defineClass@220 (line 524)
  0x00007fa0312f0a10: 6c20 7bff | be45 ffff | ff48 8b6c | 2470 4c8b | 4424 404c | 8944 2418 | 4c8b 4424 | 484c 8944 
  0x00007fa0312f0a30: 2420 4c8b | 4424 384c | 8944 2428 | 4889 5424 | 504c 8b44 | 2478 4c89 | 4424 5848 | 8954 2470 
  0x00007fa0312f0a50: 4489 9424 | 8000 0000 | 4489 9c24 | 8800 0000 | 898c 248c | 0000 0090 

  0x00007fa0312f0a68: ;   {runtime_call UncommonTrapBlob}
  0x00007fa0312f0a68: c5f8 77e8 

  0x00007fa0312f0a6c: ; ImmutableOopMap {rbp=Oop [24]=Oop [32]=Oop [80]=Oop [88]=Oop [112]=Oop [128]=NarrowOop [152]=Oop }
                      ;*ifle {reexecute=1 rethrow=0 return_oop=0}
                      ; - (reexecute) java.util.concurrent.ConcurrentHashMap::get@23 (line 937)
                      ; - java.lang.ClassLoader::getDefinedPackage@13 (line 2239)
                      ; - java.net.URLClassLoader::getAndVerifyPackage@2 (line 457)
                      ; - java.net.URLClassLoader::defineClass@46 (line 492)
  0x00007fa0312f0a6c: 1020 7bff | be45 ffff | ff4c 8b54 | 2448 4c89 | 5424 284c | 8b54 2438 | 4c89 5424 | 3044 895c 
  0x00007fa0312f0a8c: 244c 4489 | 5c24 5090 

  0x00007fa0312f0a94: ;   {runtime_call UncommonTrapBlob}
  0x00007fa0312f0a94: c5f8 77e8 

  0x00007fa0312f0a98: ; ImmutableOopMap {[40]=Oop [64]=Oop [112]=Oop [152]=Oop }
                      ;*if_icmple {reexecute=1 rethrow=0 return_oop=0}
                      ; - (reexecute) java.lang.String::checkBoundsBeginEnd@11 (line 4605)
                      ; - java.lang.String::substring@8 (line 2709)
                      ; - java.net.URLClassLoader::defineClass@28 (line 489)
  0x00007fa0312f0a98: e41f 7bff | be45 ffff | ff48 8b6c | 2428 4c8b | 5424 384c | 8954 2420 | 4c8b 5424 | 404c 8954 
  0x00007fa0312f0ab8: 2430 4c89 | 5424 3889 | 4c24 4489 | 4c24 484c | 8b54 2458 | 4c89 5424 | 5044 8b54 | 2460 4489 
  0x00007fa0312f0ad8: 5424 4c44 | 896c 2458 | 4489 4c24 | 6044 894c | 2464 6690 

  0x00007fa0312f0aec: ;   {runtime_call UncommonTrapBlob}
  0x00007fa0312f0aec: c5f8 77e8 

  0x00007fa0312f0af0: ; ImmutableOopMap {rbp=Oop [32]=Oop [48]=Oop [56]=Oop [80]=Oop [88]=NarrowOop }
                      ;*if_icmple {reexecute=1 rethrow=0 return_oop=0}
                      ; - (reexecute) java.lang.String::checkBoundsBeginEnd@11 (line 4605)
                      ; - java.lang.String::substring@8 (line 2709)
                      ; - java.lang.ClassLoader::checkCerts@21 (line 1154)
                      ; - java.lang.ClassLoader::preDefineClass@113 (line 907)
                      ; - java.lang.ClassLoader::defineClass@4 (line 1015)
                      ; - java.security.SecureClassLoader::defineClass@12 (line 150)
                      ; - java.net.URLClassLoader::defineClass@220 (line 524)
  0x00007fa0312f0af0: 8c1f 7bff | 4c8b 6c24 | 4845 8b55 | 1066 6690 | 4585 d20f | 8407 dfff | ff4d 8b5f | 2049 8bfa 
  0x00007fa0312f0b10: 4d85 db0f | 84b3 1700 | 004d 8b57 | 304b 897c | 1af8 4983 | c3f8 4d89 | 5f20 e9e1 | deff ff85 
  0x00007fa0312f0b30: c940 0f95 | c540 0fb6 | ed83 f501 | be45 ffff | ff4c 8b54 | 2448 4c89 | 5424 284c | 8b54 2438 
  0x00007fa0312f0b50: 4c89 5424 | 3044 895c | 2448 6690 

  0x00007fa0312f0b5c: ;   {runtime_call UncommonTrapBlob}
  0x00007fa0312f0b5c: c5f8 77e8 

  0x00007fa0312f0b60: ; ImmutableOopMap {[40]=Oop [64]=Oop [112]=Oop [152]=Oop }
                      ;*ifeq {reexecute=1 rethrow=0 return_oop=0}
                      ; - (reexecute) java.lang.String::substring@31 (line 2714)
                      ; - java.net.URLClassLoader::defineClass@28 (line 489)
  0x00007fa0312f0b60: 1c1f 7bff | bef6 ffff | ff48 895c | 2418 6690 

  0x00007fa0312f0b70: ;   {runtime_call UncommonTrapBlob}
  0x00007fa0312f0b70: c5f8 77e8 

  0x00007fa0312f0b74: ; ImmutableOopMap {[24]=Oop [72]=Oop }
                      ;*invokevirtual putIfAbsent {reexecute=0 rethrow=0 return_oop=0}
                      ; - java.lang.ClassLoader::getNamedPackage@32 (line 344)
                      ; - java.lang.ClassLoader::postDefineClass@9 (line 924)
                      ; - java.lang.ClassLoader::defineClass@37 (line 1018)
                      ; - java.security.SecureClassLoader::defineClass@12 (line 150)
                      ; - java.net.URLClassLoader::defineClass@220 (line 524)
  0x00007fa0312f0b74: 081f 7bff | 488b e8be | 54ff ffff | 4c8b 5424 | 284c 8954 | 2420 4c8b | 5424 404c | 8954 2428 
  0x00007fa0312f0b94: 4c8b 5424 | 384c 8954 | 2430 6690 

  0x00007fa0312f0ba0: ;   {runtime_call UncommonTrapBlob}
  0x00007fa0312f0ba0: c5f8 77e8 

  0x00007fa0312f0ba4: ; ImmutableOopMap {rbp=Oop [32]=Oop [40]=Oop [48]=Oop [88]=NarrowOop [96]=Oop }
                      ;*ifnull {reexecute=1 rethrow=0 return_oop=0}
                      ; - (reexecute) java.lang.ClassLoader::getNamedPackage@42 (line 345)
                      ; - java.lang.ClassLoader::postDefineClass@9 (line 924)
                      ; - java.lang.ClassLoader::defineClass@37 (line 1018)
                      ; - java.security.SecureClassLoader::defineClass@12 (line 150)
                      ; - java.net.URLClassLoader::defineClass@220 (line 524)
  0x00007fa0312f0ba4: d81e 7bff | be37 0100 | 0048 8b6c | 2428 6690 

  0x00007fa0312f0bb4: ;   {runtime_call UncommonTrapBlob}
  0x00007fa0312f0bb4: c5f8 77e8 

  0x00007fa0312f0bb8: ; ImmutableOopMap {rbp=Oop [64]=Oop [88]=Oop }
                      ;*new {reexecute=0 rethrow=0 return_oop=0}
                      ; - java.lang.ClassLoader::preDefineClass@56 (line 898)
                      ; - java.lang.ClassLoader::defineClass@4 (line 1015)
                      ; - java.security.SecureClassLoader::defineClass@12 (line 150)
                      ; - java.net.URLClassLoader::defineClass@220 (line 524)
  0x00007fa0312f0bb8: c41e 7bff | bedf ffff | ff48 8b6c | 2470 4c8b | 5424 404c | 8954 2418 | 4c8b 5424 | 484c 8954 
  0x00007fa0312f0bd8: 2420 4c8b | 5424 384c | 8954 2428 | 4c8b 5424 | 584c 8954 | 2438 4c8b | 5424 784c | 8954 2458 
  0x00007fa0312f0bf8: 4c8b 5424 | 784c 8954 | 2468 6690 

  0x00007fa0312f0c04: ;   {runtime_call UncommonTrapBlob}
  0x00007fa0312f0c04: c5f8 77e8 

  0x00007fa0312f0c08: ; ImmutableOopMap {rbp=Oop [24]=Oop [32]=Oop [56]=Oop [88]=Oop [104]=Oop [128]=NarrowOop [152]=Oop [176]=Oop }
                      ;*invokeinterface getTrustedAttributes {reexecute=0 rethrow=0 return_oop=0}
                      ; - java.net.URLClassLoader::definePackage@42 (line 552)
                      ; - java.net.URLClassLoader::defineClass@64 (line 495)
  0x00007fa0312f0c08: 741e 7bff | bede ffff | ff4c 8b54 | 2470 4c89 | 5424 184c | 8b54 2440 | 4c89 5424 | 204c 8b54 
  0x00007fa0312f0c28: 2448 4c89 | 5424 284c | 8b54 2438 | 4c89 5424 | 3048 ff74 | 2478 488f | 4424 6048 | ff74 2478 
  0x00007fa0312f0c48: 488f 4424 | 7066 6690 

  0x00007fa0312f0c50: ;   {runtime_call UncommonTrapBlob}
  0x00007fa0312f0c50: c5f8 77e8 

  0x00007fa0312f0c54: ; ImmutableOopMap {rbp=NarrowOop [24]=Oop [32]=Oop [40]=Oop [88]=Oop [96]=Oop [112]=Oop [152]=Oop [176]=Oop }
                      ;*invokeinterface get {reexecute=0 rethrow=0 return_oop=0}
                      ; - java.util.jar.Manifest::getAttributes@5 (line 159)
                      ; - java.util.jar.Manifest::getTrustedAttributes@2 (line 176)
                      ; - java.util.jar.JavaUtilJarAccessImpl::getTrustedAttributes@2 (line 68)
                      ; - java.net.URLClassLoader::definePackage@42 (line 552)
                      ; - java.net.URLClassLoader::defineClass@64 (line 495)
  0x00007fa0312f0c54: 281e 7bff | 4d63 d30f | 1f44 0000 | e99a b3ff | ffbe ccff | ffff 488b | 6c24 704c | 8b54 2440 
  0x00007fa0312f0c74: 4c89 5424 | 184c 8b54 | 2448 4c89 | 5424 204c | 8b54 2438 | 4c89 5424 | 284c 8b54 | 2458 4c89 
  0x00007fa0312f0c94: 5424 384c | 8b54 2478 | 4c89 5424 | 584c 8b94 | 2498 0000 | 004c 8954 | 2460 4c8b | 5424 784c 
  0x00007fa0312f0cb4: 8954 2468 | 448b 9c24 | 8000 0000 | 4489 5c24 | 704c 8b94 | 2488 0000 | 004c 8954 | 2478 4c89 
  0x00007fa0312f0cd4: 8424 9800 | 0000 6690 

  0x00007fa0312f0cdc: ;   {runtime_call UncommonTrapBlob}
  0x00007fa0312f0cdc: c5f8 77e8 

  0x00007fa0312f0ce0: ; ImmutableOopMap {rbp=Oop [24]=Oop [32]=Oop [56]=Oop [88]=Oop [96]=Oop [104]=Oop [112]=NarrowOop [120]=Oop [152]=Oop }
                      ;*invokestatic arraycopy {reexecute=0 rethrow=0 return_oop=0}
                      ; - java.lang.String::getBytes@22 (line 4459)
                      ; - java.lang.StringConcatHelper::prepend@21 (line 354)
                      ; - java.lang.StringConcatHelper::simpleConcat@71 (line 424)
                      ; - java.lang.String::concat@11 (line 2774)
                      ; - java.net.URLClassLoader::definePackage@39 (line 552)
                      ; - java.net.URLClassLoader::defineClass@64 (line 495)
  0x00007fa0312f0ce0: 9c1d 7bff | becc ffff | ff48 8b6c | 2470 4c8b | 5424 404c | 8954 2418 | 4c8b 5424 | 484c 8954 
  0x00007fa0312f0d00: 2420 4c8b | 5424 384c | 8954 2428 | 4c8b 5424 | 584c 8954 | 2438 4c8b | 5424 784c | 8954 2458 
  0x00007fa0312f0d20: 4c8b 5424 | 784c 8954 | 2468 448b | 9c24 8000 | 0000 4489 | 5c24 7044 | 8b94 2484 | 0000 0044 
  0x00007fa0312f0d40: 8954 2474 | 4c89 8424 | 8000 0000 

  0x00007fa0312f0d4c: ;   {runtime_call UncommonTrapBlob}
  0x00007fa0312f0d4c: c5f8 77e8 

  0x00007fa0312f0d50: ; ImmutableOopMap {rbp=Oop [24]=Oop [32]=Oop [56]=Oop [88]=Oop [104]=Oop [112]=NarrowOop [116]=NarrowOop [128]=Oop [152]=Oop }
                      ;*invokestatic arraycopy {reexecute=0 rethrow=0 return_oop=0}
                      ; - java.lang.String::getBytes@22 (line 4459)
                      ; - java.lang.StringConcatHelper::prepend@21 (line 354)
                      ; - java.lang.StringConcatHelper::simpleConcat@81 (line 425)
                      ; - java.lang.String::concat@11 (line 2774)
                      ; - java.net.URLClassLoader::definePackage@39 (line 552)
                      ; - java.net.URLClassLoader::defineClass@64 (line 495)
  0x00007fa0312f0d50: 2c1d 7bff | bef6 ffff | ff66 6690 

  0x00007fa0312f0d5c: ;   {runtime_call UncommonTrapBlob}
  0x00007fa0312f0d5c: c5f8 77e8 

  0x00007fa0312f0d60: ; ImmutableOopMap {}
                      ;*invokevirtual isNamed {reexecute=0 rethrow=0 return_oop=0}
                      ; - java.lang.NamedPackage::<init>@12 (line 48)
                      ; - java.lang.ClassLoader::getNamedPackage@22 (line 342)
                      ; - java.lang.ClassLoader::postDefineClass@9 (line 924)
                      ; - java.lang.ClassLoader::defineClass@37 (line 1018)
                      ; - java.security.SecureClassLoader::defineClass@12 (line 150)
                      ; - java.net.URLClassLoader::defineClass@220 (line 524)
  0x00007fa0312f0d60: 1c1d 7bff | be12 0000 | 0048 8b6c | 2440 4c8b | 5424 384c | 8954 2428 | 4c8b 5424 | 484c 8954 
  0x00007fa0312f0d80: 2438 448b | 5c24 5845 | 8bd3 4489 | 5424 4490 

  0x00007fa0312f0d90: ;   {runtime_call UncommonTrapBlob}
  0x00007fa0312f0d90: c5f8 77e8 

  0x00007fa0312f0d94: ; ImmutableOopMap {rbp=Oop [24]=Oop [40]=Oop [56]=Oop [68]=NarrowOop [88]=NarrowOop [96]=Oop }
                      ;*new {reexecute=0 rethrow=0 return_oop=0}
                      ; - java.lang.NamedPackage::<init>@18 (line 49)
                      ; - java.lang.ClassLoader::getNamedPackage@22 (line 342)
                      ; - java.lang.ClassLoader::postDefineClass@9 (line 924)
                      ; - java.lang.ClassLoader::defineClass@37 (line 1018)
                      ; - java.security.SecureClassLoader::defineClass@12 (line 150)
                      ; - java.net.URLClassLoader::defineClass@220 (line 524)
  0x00007fa0312f0d94: e81c 7bff | 458b d10f | 1f44 0000 | e920 c3ff | ff85 c940 | 0f95 c540 | 0fb6 ed83 | f501 be45 
  0x00007fa0312f0db4: ffff ff4c | 8b5c 2440 | 4c89 5c24 | 184c 8b5c | 2448 4c89 | 5c24 204c | 8b5c 2438 | 4c89 5c24 
  0x00007fa0312f0dd4: 3048 8944 | 2450 4489 | 5424 5890 

  0x00007fa0312f0de0: ;   {runtime_call UncommonTrapBlob}
  0x00007fa0312f0de0: c5f8 77e8 

  0x00007fa0312f0de4: ; ImmutableOopMap {[24]=Oop [32]=Oop [48]=Oop [80]=Oop }
                      ;*ifeq {reexecute=1 rethrow=0 return_oop=0}
                      ; - (reexecute) java.lang.String::lastIndexOf@4 (line 2489)
                      ; - java.lang.String::lastIndexOf@8 (line 2451)
                      ; - java.lang.Class::getPackageName@47 (line 1085)
                      ; - java.lang.ClassLoader::postDefineClass@2 (line 924)
                      ; - java.lang.ClassLoader::defineClass@37 (line 1018)
                      ; - java.security.SecureClassLoader::defineClass@12 (line 150)
                      ; - java.net.URLClassLoader::defineClass@220 (line 524)
  0x00007fa0312f0de4: 981c 7bff | 498b f7c5 | f877 49ba | 7097 8048 | a07f 0000 | 41ff d20f | 1f44 0000 | e987 c4ff 
  0x00007fa0312f0e04: ffbe 45ff | ffff 488b | 6c24 404c | 8b5c 2448 | 4c89 5c24 | 184c 8b5c | 2438 4c89 | 5c24 2844 
  0x00007fa0312f0e24: 8954 2444 | 4489 5424 | 4848 8944 | 2450 895c | 2458 6690 

  0x00007fa0312f0e38: ;   {runtime_call UncommonTrapBlob}
  0x00007fa0312f0e38: c5f8 77e8 

  0x00007fa0312f0e3c: ; ImmutableOopMap {rbp=Oop [24]=Oop [40]=Oop [80]=Oop }
                      ;*if_icmpgt {reexecute=1 rethrow=0 return_oop=0}
                      ; - (reexecute) java.lang.String::checkBoundsBeginEnd@6 (line 4605)
                      ; - java.lang.String::substring@8 (line 2709)
                      ; - java.lang.Class::getPackageName@62 (line 1086)
                      ; - java.lang.ClassLoader::postDefineClass@2 (line 924)
                      ; - java.lang.ClassLoader::defineClass@37 (line 1018)
                      ; - java.security.SecureClassLoader::defineClass@12 (line 150)
                      ; - java.net.URLClassLoader::defineClass@220 (line 524)
  0x00007fa0312f0e3c: 401c 7bff | be45 ffff | ff48 8b6c | 2440 4c8b | 5c24 484c | 895c 2418 | 4c8b 5c24 | 384c 895c 
  0x00007fa0312f0e5c: 2428 4489 | 5424 4444 | 8954 2448 | 4889 4424 | 5089 5c24 | 5889 5c24 | 5c66 6690 

  0x00007fa0312f0e78: ;   {runtime_call UncommonTrapBlob}
  0x00007fa0312f0e78: c5f8 77e8 

  0x00007fa0312f0e7c: ; ImmutableOopMap {rbp=Oop [24]=Oop [40]=Oop [80]=Oop }
                      ;*if_icmple {reexecute=1 rethrow=0 return_oop=0}
                      ; - (reexecute) java.lang.String::checkBoundsBeginEnd@11 (line 4605)
                      ; - java.lang.String::substring@8 (line 2709)
                      ; - java.lang.Class::getPackageName@62 (line 1086)
                      ; - java.lang.ClassLoader::postDefineClass@2 (line 924)
                      ; - java.lang.ClassLoader::defineClass@37 (line 1018)
                      ; - java.security.SecureClassLoader::defineClass@12 (line 150)
                      ; - java.net.URLClassLoader::defineClass@220 (line 524)
  0x00007fa0312f0e7c: 001c 7bff | 4d8b d34d | 85d2 400f | 95c5 400f | b6ed be45 | ffff ff4c | 8b54 2440 | 4c89 5424 
  0x00007fa0312f0e9c: 204c 8b54 | 2448 4c89 | 5424 284c | 8b54 2438 | 4c89 5424 | 304c 8b54 | 2470 4c89 | 5424 5048 
  0x00007fa0312f0ebc: 8954 2458 | 4c8b 5424 | 784c 8954 | 2460 4889 | 4424 7890 

  0x00007fa0312f0ed0: ;   {runtime_call UncommonTrapBlob}
  0x00007fa0312f0ed0: c5f8 77e8 

  0x00007fa0312f0ed4: ; ImmutableOopMap {[32]=Oop [40]=Oop [80]=Oop [88]=Oop [96]=Oop [120]=Oop [152]=Oop }
                      ;*ifne {reexecute=1 rethrow=0 return_oop=0}
                      ; - (reexecute) java.lang.Package::isSealed@7 (line 235)
                      ; - java.net.URLClassLoader::getAndVerifyPackage@14 (line 460)
                      ; - java.net.URLClassLoader::defineClass@46 (line 492)
  0x00007fa0312f0ed4: a81b 7bff | be45 ffff | ff48 8b6c | 2470 4c8b | 4424 404c | 8944 2418 | 4c8b 4424 | 484c 8944 
  0x00007fa0312f0ef4: 2420 4c8b | 4424 384c | 8944 2428 | 4889 5424 | 504c 8b44 | 2478 4c89 | 4424 5848 | 8954 2470 
  0x00007fa0312f0f14: 4489 7424 | 7844 8954 | 247c 4489 | 9c24 8c00 | 0000 898c | 2490 0000 | 0066 6690 

  0x00007fa0312f0f30: ;   {runtime_call UncommonTrapBlob}
  0x00007fa0312f0f30: c5f8 77e8 

  0x00007fa0312f0f34: ; ImmutableOopMap {rbp=Oop [24]=Oop [32]=Oop [80]=Oop [88]=Oop [112]=Oop [120]=NarrowOop [124]=NarrowOop [152]=Oop }
                      ;*ifle {reexecute=1 rethrow=0 return_oop=0}
                      ; - (reexecute) java.util.concurrent.ConcurrentHashMap::get@23 (line 937)
                      ; - java.lang.ClassLoader::definePackage@47 (line 2101)
                      ; - java.lang.ClassLoader::getDefinedPackage@32 (line 2243)
                      ; - java.net.URLClassLoader::getAndVerifyPackage@2 (line 457)
                      ; - java.net.URLClassLoader::defineClass@46 (line 492)
  0x00007fa0312f0f34: 481b 7bff | be45 ffff | ff4c 8b54 | 2440 4c89 | 5424 204c | 8b54 2448 | 4c89 5424 | 284c 8b54 
  0x00007fa0312f0f54: 2438 4c89 | 5424 304c | 8b54 2470 | 4c89 5424 | 5048 8954 | 2458 4889 | 4424 7090 

  0x00007fa0312f0f70: ;   {runtime_call UncommonTrapBlob}
  0x00007fa0312f0f70: c5f8 77e8 

  0x00007fa0312f0f74: ; ImmutableOopMap {rbp=NarrowOop [32]=Oop [40]=Oop [80]=Oop [88]=Oop [112]=Oop [120]=Oop [152]=Oop }
                      ;*ifnull {reexecute=1 rethrow=0 return_oop=0}
                      ; - (reexecute) java.lang.Package::isSealed@17 (line 235)
                      ; - java.net.URLClassLoader::getAndVerifyPackage@14 (line 460)
                      ; - java.net.URLClassLoader::defineClass@46 (line 492)
  0x00007fa0312f0f74: 081b 7bff | be45 ffff | ff4c 8b54 | 2440 4c89 | 5424 184c | 8b54 2448 | 4c89 5424 | 204c 8b54 
  0x00007fa0312f0f94: 2438 4c89 | 5424 284c | 8b54 2450 | 4c89 5424 | 384c 8b54 | 2458 4c89 | 5424 5089 | 4424 5890 
  0x00007fa0312f0fb4: ;   {runtime_call UncommonTrapBlob}
  0x00007fa0312f0fb4: c5f8 77e8 

  0x00007fa0312f0fb8: ; ImmutableOopMap {[24]=Oop [32]=Oop [56]=Oop [80]=Oop [112]=Oop [120]=Oop [152]=Oop }
                      ;*ifeq {reexecute=1 rethrow=0 return_oop=0}
                      ; - (reexecute) java.net.URLClassLoader::getAndVerifyPackage@71 (line 469)
                      ; - java.net.URLClassLoader::defineClass@46 (line 492)
  0x00007fa0312f0fb8: c41a 7bff 

  0x00007fa0312f0fbc: ;   {metadata({type array byte})}
  0x00007fa0312f0fbc: 48be 3868 | 00f7 9f7f | 0000 8b54 | 2420 6690 

  0x00007fa0312f0fcc: ;   {runtime_call _new_array_Java}
  0x00007fa0312f0fcc: c5f8 77e8 

  0x00007fa0312f0fd0: ; ImmutableOopMap {[48]=Oop [64]=Oop [72]=Oop [88]=Oop [96]=NarrowOop [112]=Oop [152]=Oop [160]=Oop }
                      ;*newarray {reexecute=0 rethrow=0 return_oop=1}
                      ; - jdk.internal.loader.Resource::getBytes@30 (line 109)
                      ; - java.net.URLClassLoader::defineClass@179 (line 519)
  0x00007fa0312f0fd0: 2c4d 85ff | 488b c8e9 | 82d0 ffff | be76 ffff | ff48 8b6c | 2440 4c8b | 5c24 384c | 895c 2428 
  0x00007fa0312f0ff0: 4889 5424 | 3044 8954 | 2440 4889 | 5c24 4848 | 895c 2450 | 4489 4c24 | 4444 8944 | 245c 897c 
  0x00007fa0312f1010: 2460 6690 

  0x00007fa0312f1014: ;   {runtime_call UncommonTrapBlob}
  0x00007fa0312f1014: c5f8 77e8 

  0x00007fa0312f1018: ; ImmutableOopMap {rbp=Oop [40]=Oop [48]=Oop [64]=NarrowOop [68]=NarrowOop [72]=Oop [80]=Oop [96]=NarrowOop }
                      ;*if_icmpge {reexecute=1 rethrow=0 return_oop=0}
                      ; - (reexecute) java.lang.StringLatin1::hashCode@13 (line 196)
                      ; - java.lang.String::hashCode@27 (line 2344)
                      ; - java.util.concurrent.ConcurrentHashMap::get@1 (line 936)
                      ; - java.lang.ClassLoader::getNamedPackage@5 (line 340)
                      ; - java.lang.ClassLoader::postDefineClass@9 (line 924)
                      ; - java.lang.ClassLoader::defineClass@37 (line 1018)
                      ; - java.security.SecureClassLoader::defineClass@12 (line 150)
                      ; - java.net.URLClassLoader::defineClass@220 (line 524)
  0x00007fa0312f1018: 641a 7bff | bb01 0000 | 00e9 10c4 | ffff bef6 | ffff ff4c | 8b54 2440 | 4c89 5424 | 184c 8b54 
  0x00007fa0312f1038: 2448 4c89 | 5424 204c | 8b54 2438 | 4c89 5424 | 2848 8954 | 2448 4889 | 4c24 5090 

  0x00007fa0312f1054: ;   {runtime_call UncommonTrapBlob}
  0x00007fa0312f1054: c5f8 77e8 

  0x00007fa0312f1058: ; ImmutableOopMap {[24]=Oop [32]=Oop [72]=Oop [80]=Oop [112]=Oop [120]=Oop [152]=Oop }
                      ;*invokevirtual compute {reexecute=0 rethrow=0 return_oop=0}
                      ; - java.lang.ClassLoader::definePackage@78 (line 2105)
                      ; - java.lang.ClassLoader::getDefinedPackage@32 (line 2243)
                      ; - java.net.URLClassLoader::getAndVerifyPackage@2 (line 457)
                      ; - java.net.URLClassLoader::defineClass@46 (line 492)
  0x00007fa0312f1058: 241a 7bff | be76 ffff | ff4c 8b5c | 2470 4c89 | 5c24 184c | 8b5c 2440 | 4c89 5c24 | 204c 8b5c 
  0x00007fa0312f1078: 2448 4c89 | 5c24 284c | 8b5c 2438 | 4c89 5c24 | 304c 8b5c | 2478 4c89 | 5c24 604c | 8b9c 2498 
  0x00007fa0312f1098: 0000 004c | 895c 2468 | 4489 9424 | 9000 0000 | 898c 2498 | 0000 0090 

  0x00007fa0312f10b0: ;   {runtime_call UncommonTrapBlob}
  0x00007fa0312f10b0: c5f8 77e8 

  0x00007fa0312f10b4: ; ImmutableOopMap {rbp=NarrowOop [24]=Oop [32]=Oop [40]=Oop [96]=Oop [104]=Oop [144]=NarrowOop [160]=Oop }
                      ;*if_icmpge {reexecute=1 rethrow=0 return_oop=0}
                      ; - (reexecute) java.lang.StringLatin1::hashCode@13 (line 196)
                      ; - java.lang.String::hashCode@27 (line 2344)
                      ; - java.util.concurrent.ConcurrentHashMap::get@1 (line 936)
                      ; - java.lang.ClassLoader::getDefinedPackage@13 (line 2239)
                      ; - java.net.URLClassLoader::getAndVerifyPackage@2 (line 457)
                      ; - java.net.URLClassLoader::defineClass@46 (line 492)
  0x00007fa0312f10b4: c819 7bff | bf01 0000 

  0x00007fa0312f10bc: ;   {oop(""{0x00000000fff00010})}
  0x00007fa0312f10bc: 0049 b810 | 00f0 ff00 | 0000 0049 | b900 60ef | 46a0 7f00 | 00e9 0aa3 | ffff 498b | f70f 1f80 
  0x00007fa0312f10dc: 0000 0000 | c5f8 7749 | ba70 9780 | 48a0 7f00 | 0041 ffd2 | e9e2 c5ff | ff49 8bf7 | 0f1f 8400 
  0x00007fa0312f10fc: 0000 0000 | c5f8 7749 | ba70 9780 | 48a0 7f00 | 0041 ffd2 | e905 c6ff | ffbe 45ff | ffff 488b 
  0x00007fa0312f111c: 6c24 704c | 8b44 2440 | 4c89 4424 | 184c 8b44 | 2448 4c89 | 4424 204c | 8b44 2438 | 4c89 4424 
  0x00007fa0312f113c: 284c 8b44 | 2458 4c89 | 4424 384c | 8b44 2478 | 4c89 4424 | 584c 8b44 | 2478 4c89 | 4424 6844 
  0x00007fa0312f115c: 8b84 2480 | 0000 0044 | 8944 2470 | 4889 4424 | 784c 899c | 2480 0000 | 0044 8954 | 2474 6690 
  0x00007fa0312f117c: ;   {runtime_call UncommonTrapBlob}
  0x00007fa0312f117c: c5f8 77e8 

  0x00007fa0312f1180: ; ImmutableOopMap {rbp=Oop [24]=Oop [32]=Oop [56]=Oop [88]=Oop [104]=Oop [112]=NarrowOop [120]=Oop [152]=Oop }
                      ;*iflt {reexecute=1 rethrow=0 return_oop=0}
                      ; - (reexecute) java.lang.StringConcatHelper::checkOverflow@2 (line 54)
                      ; - java.lang.StringConcatHelper::mix@23 (line 138)
                      ; - java.lang.StringConcatHelper::simpleConcat@46 (line 419)
                      ; - java.lang.String::concat@11 (line 2774)
                      ; - java.net.URLClassLoader::definePackage@39 (line 552)
                      ; - java.net.URLClassLoader::defineClass@64 (line 495)
  0x00007fa0312f1180: fc18 7bff | be45 ffff | ff4c 8b54 | 2470 4c89 | 5424 184c | 8b54 2440 | 4c89 5424 | 204c 8b54 
  0x00007fa0312f11a0: 2448 4c89 | 5424 284c | 8b54 2438 | 4c89 5424 | 304c 8b54 | 2478 4c89 | 5424 604c | 8b54 2478 
  0x00007fa0312f11c0: 4c89 5424 | 7044 8b94 | 2480 0000 | 0044 8954 | 2478 4489 | 5c24 7c90 

  0x00007fa0312f11d8: ;   {runtime_call UncommonTrapBlob}
  0x00007fa0312f11d8: c5f8 77e8 

  0x00007fa0312f11dc: ; ImmutableOopMap {[24]=Oop [32]=Oop [40]=Oop [88]=Oop [96]=Oop [112]=Oop [120]=NarrowOop [136]=Oop [152]=Oop }
                      ;*iflt {reexecute=1 rethrow=0 return_oop=0}
                      ; - (reexecute) java.lang.StringConcatHelper::checkOverflow@2 (line 54)
                      ; - java.lang.StringConcatHelper::mix@23 (line 138)
                      ; - java.lang.StringConcatHelper::simpleConcat@54 (line 420)
                      ; - java.lang.String::concat@11 (line 2774)
                      ; - java.net.URLClassLoader::definePackage@39 (line 552)
                      ; - java.net.URLClassLoader::defineClass@64 (line 495)
  0x00007fa0312f11dc: a018 7bff | be45 ffff | ff48 8b6c | 2470 4c8b | 5c24 404c | 895c 2418 | 4c8b 5c24 | 484c 895c 
  0x00007fa0312f11fc: 2420 4c8b | 5c24 384c | 895c 2428 | 4c8b 5c24 | 584c 895c | 2438 4c8b | 5c24 784c | 895c 2458 
  0x00007fa0312f121c: 4c8b 5c24 | 784c 895c | 2468 448b | 8c24 8000 | 0000 4489 | 4c24 704c | 8b9c 2488 | 0000 004c 
  0x00007fa0312f123c: 899c 2480 | 0000 004c | 8984 2488 | 0000 0044 | 8954 2474 

  0x00007fa0312f1250: ;   {runtime_call UncommonTrapBlob}
  0x00007fa0312f1250: c5f8 77e8 

  0x00007fa0312f1254: ; ImmutableOopMap {rbp=Oop [24]=Oop [32]=Oop [56]=Oop [88]=Oop [104]=Oop [112]=NarrowOop [128]=Oop [136]=Oop [152]=Oop }
                      ;*if_icmpne {reexecute=1 rethrow=0 return_oop=0}
                      ; - (reexecute) java.lang.String::getBytes@5 (line 4458)
                      ; - java.lang.StringConcatHelper::prepend@21 (line 354)
                      ; - java.lang.StringConcatHelper::simpleConcat@81 (line 425)
                      ; - java.lang.String::concat@11 (line 2774)
                      ; - java.net.URLClassLoader::definePackage@39 (line 552)
                      ; - java.net.URLClassLoader::defineClass@64 (line 495)
  0x00007fa0312f1254: 2818 7bff | be45 ffff | ff4c 8b54 | 2470 4c89 | 5424 184c | 8b54 2440 | 4c89 5424 | 204c 8b54 
  0x00007fa0312f1274: 2448 4c89 | 5424 284c | 8b54 2438 | 4c89 5424 | 304c 8b54 | 2478 4c89 | 5424 604c | 8b54 2478 
  0x00007fa0312f1294: 4c89 5424 | 7066 6690 

  0x00007fa0312f129c: ;   {runtime_call UncommonTrapBlob}
  0x00007fa0312f129c: c5f8 77e8 

  0x00007fa0312f12a0: ; ImmutableOopMap {[24]=Oop [32]=Oop [40]=Oop [88]=Oop [96]=Oop [112]=Oop [152]=Oop [160]=NarrowOop [176]=Oop }
                      ;*ifle {reexecute=1 rethrow=0 return_oop=0}
                      ; - (reexecute) java.util.HashMap::getNode@14 (line 567)
                      ; - java.util.HashMap::get@2 (line 556)
                      ; - java.util.jar.Manifest::getAttributes@5 (line 159)
                      ; - java.util.jar.Manifest::getTrustedAttributes@2 (line 176)
                      ; - java.util.jar.JavaUtilJarAccessImpl::getTrustedAttributes@2 (line 68)
                      ; - java.net.URLClassLoader::definePackage@42 (line 552)
                      ; - java.net.URLClassLoader::defineClass@64 (line 495)
  0x00007fa0312f12a0: dc17 7bff | be45 ffff | ff48 8b6c | 2470 4c8b | 5424 404c | 8954 2418 | 4c8b 5424 | 484c 8954 
  0x00007fa0312f12c0: 2420 4c8b | 5424 384c | 8954 2428 | 4c8b 5424 | 584c 8954 | 2438 4c8b | 5424 784c | 8954 2458 
  0x00007fa0312f12e0: 4c8b 5424 | 784c 8954 | 2468 448b | 8424 8000 | 0000 4489 | 4424 7048 | 8944 2478 | 4c89 9c24 
  0x00007fa0312f1300: 8000 0000 | 894c 2474 

  0x00007fa0312f1308: ;   {runtime_call UncommonTrapBlob}
  0x00007fa0312f1308: c5f8 77e8 

  0x00007fa0312f130c: ; ImmutableOopMap {rbp=Oop [24]=Oop [32]=Oop [56]=Oop [88]=Oop [104]=Oop [112]=NarrowOop [120]=Oop [152]=Oop }
                      ;*if_icmpne {reexecute=1 rethrow=0 return_oop=0}
                      ; - (reexecute) java.lang.StringConcatHelper::mix@13 (line 135)
                      ; - java.lang.StringConcatHelper::simpleConcat@46 (line 419)
                      ; - java.lang.String::concat@11 (line 2774)
                      ; - java.net.URLClassLoader::definePackage@39 (line 552)
                      ; - java.net.URLClassLoader::defineClass@64 (line 495)
  0x00007fa0312f130c: 7017 7bff | be45 ffff | ff4c 8b54 | 2470 4c89 | 5424 184c | 8b54 2440 | 4c89 5424 | 204c 8b54 
  0x00007fa0312f132c: 2448 4c89 | 5424 284c | 8b54 2438 | 4c89 5424 | 304c 8b54 | 2478 4c89 | 5424 604c | 8b54 2478 
  0x00007fa0312f134c: 4c89 5424 | 7044 8b9c | 2480 0000 | 0044 895c | 2478 4889 | 8424 8000 | 0000 448b | 9424 a800 
  0x00007fa0312f136c: 0000 458b | da44 899c | 2488 0000 | 0066 6690 

  0x00007fa0312f137c: ;   {runtime_call UncommonTrapBlob}
  0x00007fa0312f137c: c5f8 77e8 

  0x00007fa0312f1380: ; ImmutableOopMap {[24]=Oop [32]=Oop [40]=Oop [88]=Oop [96]=Oop [112]=Oop [120]=NarrowOop [128]=Oop [152]=Oop }
                      ;*ifge {reexecute=1 rethrow=0 return_oop=0}
                      ; - (reexecute) java.lang.StringConcatHelper::newArray@13 (line 494)
                      ; - java.lang.StringConcatHelper::simpleConcat@61 (line 421)
                      ; - java.lang.String::concat@11 (line 2774)
                      ; - java.net.URLClassLoader::definePackage@39 (line 552)
                      ; - java.net.URLClassLoader::defineClass@64 (line 495)
  0x00007fa0312f1380: fc16 7bff | be76 ffff | ff48 8b6c | 2470 4c8b | 5c24 404c | 895c 2418 | 4c8b 5c24 | 484c 895c 
  0x00007fa0312f13a0: 2420 4c8b | 5c24 384c | 895c 2428 | 4889 5424 | 504c 8b5c | 2478 4c89 | 5c24 584c | 8b9c 2498 
  0x00007fa0312f13c0: 0000 004c | 895c 2460 | 4889 5424 | 7044 8974 | 2478 4489 | 5424 7c89 | 8c24 9400 | 0000 6690 
  0x00007fa0312f13e0: ;   {runtime_call UncommonTrapBlob}
  0x00007fa0312f13e0: c5f8 77e8 

  0x00007fa0312f13e4: ; ImmutableOopMap {rbp=Oop [24]=Oop [32]=Oop [80]=Oop [88]=Oop [96]=Oop [112]=Oop [120]=NarrowOop [124]=NarrowOop [200]=NarrowOop }
                      ;*if_icmpge {reexecute=1 rethrow=0 return_oop=0}
                      ; - (reexecute) java.lang.StringLatin1::hashCode@13 (line 196)
                      ; - java.lang.String::hashCode@27 (line 2344)
                      ; - java.util.concurrent.ConcurrentHashMap::get@1 (line 936)
                      ; - java.lang.ClassLoader::definePackage@47 (line 2101)
                      ; - java.lang.ClassLoader::getDefinedPackage@32 (line 2243)
                      ; - java.net.URLClassLoader::getAndVerifyPackage@2 (line 457)
                      ; - java.net.URLClassLoader::defineClass@46 (line 492)
  0x00007fa0312f13e4: 9816 7bff | 41bb 0100 | 0000 e9aa | a4ff ff8b | 6c24 4844 | 8b55 140f | 1f44 0000 | 4585 d20f 
  0x00007fa0312f1404: 84ba daff | ff4d 8b5f | 2049 8bfa | 4d85 db0f | 845b 0f00 | 004d 8b57 | 304b 897c | 1af8 4983 
  0x00007fa0312f1424: c3f8 4d89 | 5f20 e994 | daff ff4d | 8b57 404d | 8b5f 50f0 | 8344 24c0 | 0066 6690 | 803f 0074 
  0x00007fa0312f1444: 2b44 8827 | 4d85 d274 | 0f4b 897c | 13f8 4983 | c2f8 4d89 | 5740 eb14 | 498b f790 | c5f8 7749 
  0x00007fa0312f1464: baa0 9780 | 48a0 7f00 | 0041 ffd2 | 448b 5514 | 4585 d20f | 84fa 0f00 | 004d 8bca | e973 daff 
  0x00007fa0312f1484: ffbe 45ff | ffff 488b | 4c24 4048 | 894c 2428 | 488b 4c24 | 3848 894c | 2430 4889 | 5424 3844 
  0x00007fa0312f14a4: 8954 2448 | 4c89 6c24 | 504c 896c | 2458 4489 | 4c24 4c44 | 895c 2460 | 4889 5c24 | 6844 8944 
  0x00007fa0312f14c4: 2464 6690 

  0x00007fa0312f14c8: ;   {runtime_call UncommonTrapBlob}
  0x00007fa0312f14c8: c5f8 77e8 

  0x00007fa0312f14cc: ; ImmutableOopMap {[40]=Oop [48]=Oop [56]=Oop [72]=NarrowOop [76]=NarrowOop [80]=Oop [88]=Oop [104]=Oop }
                      ;*if_icmpne {reexecute=1 rethrow=0 return_oop=0}
                      ; - (reexecute) java.lang.String::equals@33 (line 1830)
                      ; - java.util.concurrent.ConcurrentHashMap::get@73 (line 940)
                      ; - java.lang.ClassLoader::getNamedPackage@5 (line 340)
                      ; - java.lang.ClassLoader::postDefineClass@9 (line 924)
                      ; - java.lang.ClassLoader::defineClass@37 (line 1018)
                      ; - java.security.SecureClassLoader::defineClass@12 (line 150)
                      ; - java.net.URLClassLoader::defineClass@220 (line 524)
  0x00007fa0312f14cc: b015 7bff | be45 ffff | ff4c 8b44 | 2470 4c89 | 4424 184c | 8b44 2440 | 4c89 4424 | 204c 8b44 
  0x00007fa0312f14ec: 2448 4c89 | 4424 284c | 8b44 2438 | 4c89 4424 | 3048 8954 | 2458 4c8b | 4424 784c | 8944 2460 
  0x00007fa0312f150c: 4c8b 8424 | 9800 0000 | 4c89 4424 | 6848 8954 | 2478 4489 | 9424 9000 | 0000 4489 | 9c24 9400 
  0x00007fa0312f152c: 0000 4889 | bc24 9800 | 0000 898c | 24a0 0000 | 0066 6690 

  0x00007fa0312f1540: ;   {runtime_call UncommonTrapBlob}
  0x00007fa0312f1540: c5f8 77e8 

  0x00007fa0312f1544: ; ImmutableOopMap {[24]=Oop [32]=Oop [40]=Oop [88]=Oop [96]=Oop [104]=Oop [120]=Oop [144]=NarrowOop [152]=Oop }
                      ;*if_icmpne {reexecute=1 rethrow=0 return_oop=0}
                      ; - (reexecute) java.lang.String::equals@33 (line 1830)
                      ; - java.util.concurrent.ConcurrentHashMap::get@73 (line 940)
                      ; - java.lang.ClassLoader::getDefinedPackage@13 (line 2239)
                      ; - java.net.URLClassLoader::getAndVerifyPackage@2 (line 457)
                      ; - java.net.URLClassLoader::defineClass@46 (line 492)
  0x00007fa0312f1544: 3815 7bff | be45 ffff | ff4c 8b44 | 2440 4c89 | 4424 284c | 8b44 2438 | 4c89 4424 | 3048 8954 
  0x00007fa0312f1564: 2438 4489 | 5424 484c | 896c 2450 | 4489 4c24 | 4c44 895c | 2458 6690 

  0x00007fa0312f157c: ;   {runtime_call UncommonTrapBlob}
  0x00007fa0312f157c: c5f8 77e8 

  0x00007fa0312f1580: ; ImmutableOopMap {[40]=Oop [48]=Oop [56]=Oop [72]=NarrowOop [76]=NarrowOop [80]=Oop }
                      ;*ifge {reexecute=1 rethrow=0 return_oop=0}
                      ; - (reexecute) java.util.concurrent.ConcurrentHashMap::get@86 (line 943)
                      ; - java.lang.ClassLoader::getNamedPackage@5 (line 340)
                      ; - java.lang.ClassLoader::postDefineClass@9 (line 924)
                      ; - java.lang.ClassLoader::defineClass@37 (line 1018)
                      ; - java.security.SecureClassLoader::defineClass@12 (line 150)
                      ; - java.net.URLClassLoader::defineClass@220 (line 524)
  0x00007fa0312f1580: fc14 7bff | be45 ffff | ff4c 8b44 | 2470 4c89 | 4424 184c | 8b44 2440 | 4c89 4424 | 204c 8b44 
  0x00007fa0312f15a0: 2448 4c89 | 4424 284c | 8b44 2438 | 4c89 4424 | 3048 8954 | 2458 4c8b | 4424 784c | 8944 2460 
  0x00007fa0312f15c0: 4889 5424 | 7844 8994 | 2488 0000 | 0044 899c | 248c 0000 | 0066 6690 

  0x00007fa0312f15d8: ;   {runtime_call UncommonTrapBlob}
  0x00007fa0312f15d8: c5f8 77e8 

  0x00007fa0312f15dc: ; ImmutableOopMap {[24]=Oop [32]=Oop [40]=Oop [88]=Oop [96]=Oop [120]=Oop [136]=NarrowOop [152]=Oop }
                      ;*ifge {reexecute=1 rethrow=0 return_oop=0}
                      ; - (reexecute) java.util.concurrent.ConcurrentHashMap::get@86 (line 943)
                      ; - java.lang.ClassLoader::getDefinedPackage@13 (line 2239)
                      ; - java.net.URLClassLoader::getAndVerifyPackage@2 (line 457)
                      ; - java.net.URLClassLoader::defineClass@46 (line 492)
  0x00007fa0312f15dc: a014 7bff | 418b d22b | d648 898c | 2488 0000 | 0044 8974 | 2460 e94a | e8ff ffbe | 3f00 0000 
  0x00007fa0312f15fc: 488b 6c24 | 604c 8b54 | 2440 4c89 | 5424 184c | 8b54 2448 | 4c89 5424 | 204c 8b54 | 2438 4c89 
  0x00007fa0312f161c: 5424 284c | 8b54 2458 | 4c89 5424 | 3866 6690 

  0x00007fa0312f162c: ;   {runtime_call UncommonTrapBlob}
  0x00007fa0312f162c: c5f8 77e8 

  0x00007fa0312f1630: ; ImmutableOopMap {rbp=Oop [24]=Oop [32]=Oop [56]=Oop [120]=Oop [152]=Oop [176]=Oop }
                      ;*new {reexecute=0 rethrow=0 return_oop=0}
                      ; - java.util.jar.Manifest::getTrustedAttributes@28 (line 178)
                      ; - java.util.jar.JavaUtilJarAccessImpl::getTrustedAttributes@2 (line 68)
                      ; - java.net.URLClassLoader::definePackage@42 (line 552)
                      ; - java.net.URLClassLoader::defineClass@64 (line 495)
  0x00007fa0312f1630: 4c14 7bff | be76 ffff | ff4c 8b54 | 2470 4c89 | 5424 184c | 8b54 2440 | 4c89 5424 | 204c 8b54 
  0x00007fa0312f1650: 2448 4c89 | 5424 284c | 8b54 2438 | 4c89 5424 | 304c 8b54 | 2478 4c89 | 5424 604c | 8b94 2498 
  0x00007fa0312f1670: 0000 004c | 8954 2468 | 4c8b 5424 | 784c 8954 | 2470 89bc | 2490 0000 | 0089 8c24 | 9800 0000 
  0x00007fa0312f1690: ;   {runtime_call UncommonTrapBlob}
  0x00007fa0312f1690: c5f8 77e8 

  0x00007fa0312f1694: ; ImmutableOopMap {[24]=Oop [32]=Oop [40]=Oop [88]=Oop [96]=Oop [104]=Oop [112]=Oop [144]=NarrowOop [160]=NarrowOop [176]=Oop }
                      ;*if_icmpge {reexecute=1 rethrow=0 return_oop=0}
                      ; - (reexecute) java.lang.StringLatin1::hashCode@13 (line 196)
                      ; - java.lang.String::hashCode@27 (line 2344)
                      ; - java.util.HashMap::hash@9 (line 338)
                      ; - java.util.HashMap::getNode@23 (line 568)
                      ; - java.util.HashMap::get@2 (line 556)
                      ; - java.util.jar.Manifest::getAttributes@5 (line 159)
                      ; - java.util.jar.Manifest::getTrustedAttributes@2 (line 176)
                      ; - java.util.jar.JavaUtilJarAccessImpl::getTrustedAttributes@2 (line 68)
                      ; - java.net.URLClassLoader::definePackage@42 (line 552)
                      ; - java.net.URLClassLoader::defineClass@64 (line 495)
  0x00007fa0312f1694: e813 7bff | ba01 0000 | 0066 6690 | e924 acff | ff8b 5c24 | 2844 8b5b | 1445 85db | 0f84 d9db 
  0x00007fa0312f16b4: ffff 4d8b | 5720 498b | fb66 6690 | 4d85 d20f | 84cf 0c00 | 004d 8b5f | 304b 897c | 13f8 4983 
  0x00007fa0312f16d4: c2f8 4d89 | 5720 e9b0 | dbff ff4d | 8b57 404d | 8b5f 50f0 | 8344 24c0 | 0041 8038 | 0074 3d45 
  0x00007fa0312f16f4: 8820 4d85 | d274 0f4f | 8944 13f8 | 4983 c2f8 | 4d89 5740 | eb26 498b | f849 8bf7 | 6666 660f 
  0x00007fa0312f1714: 1f84 0000 | 0000 0066 | 6666 9090 | c5f8 7749 | baa0 9780 | 48a0 7f00 | 0041 ffd2 | 448b 5314 
  0x00007fa0312f1734: 4585 d20f | 8447 0d00 | 004c 8954 | 2430 e983 | dbff ffbe | 45ff ffff | 4c8b 4424 | 404c 8944 
  0x00007fa0312f1754: 2420 4c8b | 4424 484c | 8944 2428 | 4c8b 4424 | 384c 8944 | 2430 4889 | 5424 584c | 8b44 2478 
  0x00007fa0312f1774: 4c89 4424 | 604c 8b84 | 2498 0000 | 004c 8944 | 2468 4889 | 5424 7844 | 89b4 2480 | 0000 0044 
  0x00007fa0312f1794: 8994 2484 | 0000 0044 | 899c 2498 | 0000 0048 | 898c 24a0 | 0000 0089 | 9c24 9c00 | 0000 6690 
  0x00007fa0312f17b4: ;   {runtime_call UncommonTrapBlob}
  0x00007fa0312f17b4: c5f8 77e8 

  0x00007fa0312f17b8: ; ImmutableOopMap {[32]=Oop [40]=Oop [88]=Oop [96]=Oop [104]=Oop [112]=Oop [120]=Oop [128]=NarrowOop [132]=NarrowOop [160]=Oop }
                      ;*if_icmpne {reexecute=1 rethrow=0 return_oop=0}
                      ; - (reexecute) java.lang.String::equals@33 (line 1830)
                      ; - java.util.concurrent.ConcurrentHashMap::get@73 (line 940)
                      ; - java.lang.ClassLoader::definePackage@47 (line 2101)
                      ; - java.lang.ClassLoader::getDefinedPackage@32 (line 2243)
                      ; - java.net.URLClassLoader::getAndVerifyPackage@2 (line 457)
                      ; - java.net.URLClassLoader::defineClass@46 (line 492)
  0x00007fa0312f17b8: c412 7bff | be45 ffff | ff4c 8b44 | 2440 4c89 | 4424 204c | 8b44 2448 | 4c89 4424 | 284c 8b44 
  0x00007fa0312f17d8: 2438 4c89 | 4424 3048 | 8954 2458 | 4c8b 4424 | 784c 8944 | 2460 4889 | 5424 7844 | 89b4 2480 
  0x00007fa0312f17f8: 0000 0044 | 8994 2484 | 0000 0044 | 899c 2490 | 0000 0090 

  0x00007fa0312f180c: ;   {runtime_call UncommonTrapBlob}
  0x00007fa0312f180c: c5f8 77e8 

  0x00007fa0312f1810: ; ImmutableOopMap {[32]=Oop [40]=Oop [88]=Oop [96]=Oop [112]=Oop [120]=Oop [128]=NarrowOop [132]=NarrowOop [152]=Oop }
                      ;*ifge {reexecute=1 rethrow=0 return_oop=0}
                      ; - (reexecute) java.util.concurrent.ConcurrentHashMap::get@86 (line 943)
                      ; - java.lang.ClassLoader::definePackage@47 (line 2101)
                      ; - java.lang.ClassLoader::getDefinedPackage@32 (line 2243)
                      ; - java.net.URLClassLoader::getAndVerifyPackage@2 (line 457)
                      ; - java.net.URLClassLoader::defineClass@46 (line 492)
  0x00007fa0312f1810: 6c12 7bff | 33ed eb02 | 8be8 be45 | ffff ff4c | 8b44 2440 | 4c89 4424 | 284c 8b44 | 2438 4c89 
  0x00007fa0312f1830: 4424 3048 | 8954 2438 | 4489 5424 | 484c 896c | 2450 4c89 | 7424 5844 | 895c 244c 

  0x00007fa0312f184c: ;   {runtime_call UncommonTrapBlob}
  0x00007fa0312f184c: c5f8 77e8 

  0x00007fa0312f1850: ; ImmutableOopMap {[40]=Oop [48]=Oop [56]=Oop [72]=NarrowOop [80]=Oop [88]=Oop }
                      ;*ifeq {reexecute=1 rethrow=0 return_oop=0}
                      ; - (reexecute) java.util.concurrent.ConcurrentHashMap::get@152 (line 947)
                      ; - java.lang.ClassLoader::getNamedPackage@5 (line 340)
                      ; - java.lang.ClassLoader::postDefineClass@9 (line 924)
                      ; - java.lang.ClassLoader::defineClass@37 (line 1018)
                      ; - java.security.SecureClassLoader::defineClass@12 (line 150)
                      ; - java.net.URLClassLoader::defineClass@220 (line 524)
  0x00007fa0312f1850: 2c12 7bff | 33ed eb02 | 8be8 be45 | ffff ff4c | 8b54 2470 | 4c89 5424 | 184c 8b54 | 2440 4c89 
  0x00007fa0312f1870: 5424 204c | 8b54 2448 | 4c89 5424 | 284c 8b54 | 2438 4c89 | 5424 3048 | 8954 2458 | 4c8b 5424 
  0x00007fa0312f1890: 784c 8954 | 2460 4889 | 5424 784c | 89ac 2488 | 0000 0044 | 899c 2490 | 0000 0090 

  0x00007fa0312f18ac: ;   {runtime_call UncommonTrapBlob}
  0x00007fa0312f18ac: c5f8 77e8 

  0x00007fa0312f18b0: ; ImmutableOopMap {[24]=Oop [32]=Oop [40]=Oop [88]=Oop [96]=Oop [120]=Oop [136]=Oop [152]=Oop }
                      ;*ifeq {reexecute=1 rethrow=0 return_oop=0}
                      ; - (reexecute) java.util.concurrent.ConcurrentHashMap::get@152 (line 947)
                      ; - java.lang.ClassLoader::getDefinedPackage@13 (line 2239)
                      ; - java.net.URLClassLoader::getAndVerifyPackage@2 (line 457)
                      ; - java.net.URLClassLoader::defineClass@46 (line 492)
  0x00007fa0312f18b0: cc11 7bff | 498b eb4c | 896c 2448 | 4c89 4424 

  0x00007fa0312f18c0: ;   {metadata('java/security/CodeSigner'[])}
  0x00007fa0312f18c0: 2848 be70 | 3904 f89f | 7f00 0041 | 8bd1 6690 

  0x00007fa0312f18d0: ;   {runtime_call _new_array_Java}
  0x00007fa0312f18d0: c5f8 77e8 

  0x00007fa0312f18d4: ; ImmutableOopMap {[40]=Oop [48]=Oop [64]=Oop [72]=Oop [88]=Oop [112]=Oop }
                      ;*invokevirtual clone {reexecute=1 rethrow=0 return_oop=1}
                      ; - (reexecute) java.security.CodeSource::<init>@42 (line 128)
                      ; - java.net.URLClassLoader::defineClass@198 (line 522)
  0x00007fa0312f18d4: 2844 85ff | 488b c80f | 1f44 0000 | e9e6 d0ff | ff4c 8944 | 2468 4489 | 5c24 6448 | 895c 2448 
  0x00007fa0312f18f4: 4c8b 5c24 | 404c 895c | 2418 48be | 0000 00f7 | 9f7f 0000 | 4903 f18b | d166 6690 

  0x00007fa0312f1910: ;   {runtime_call _new_array_Java}
  0x00007fa0312f1910: c5f8 77e8 

  0x00007fa0312f1914: ; ImmutableOopMap {rbp=Oop [24]=Oop [40]=Oop [48]=Oop [56]=Oop [72]=Oop [88]=Oop [100]=NarrowOop }
                      ;*invokevirtual clone {reexecute=1 rethrow=0 return_oop=1}
                      ; - (reexecute) java.security.CodeSource::getCertificates@11 (line 203)
                      ; - java.lang.ClassLoader::checkCerts@34 (line 1158)
                      ; - java.lang.ClassLoader::preDefineClass@113 (line 907)
                      ; - java.lang.ClassLoader::defineClass@4 (line 1015)
                      ; - java.security.SecureClassLoader::defineClass@12 (line 150)
                      ; - java.net.URLClassLoader::defineClass@220 (line 524)
  0x00007fa0312f1914: e843 85ff | 4c8b 5c24 | 184c 895c | 2440 488b | 5c24 4844 | 8b5c 2464 | 4c8b 4424 | 684c 8be8 
  0x00007fa0312f1934: e9e6 d2ff | ff33 edeb | 028b e8be | 45ff ffff | 4c8b 5424 | 404c 8954 | 2420 4c8b | 5424 484c 
  0x00007fa0312f1954: 8954 2428 | 4c8b 5424 | 384c 8954 | 2430 4889 | 5424 584c | 8b54 2478 | 4c89 5424 | 6048 8954 
  0x00007fa0312f1974: 2478 4489 | b424 8000 | 0000 4c89 | ac24 9000 | 0000 4489 | 9c24 8400 | 0000 6690 

  0x00007fa0312f1990: ;   {runtime_call UncommonTrapBlob}
  0x00007fa0312f1990: c5f8 77e8 

  0x00007fa0312f1994: ; ImmutableOopMap {[32]=Oop [40]=Oop [88]=Oop [96]=Oop [112]=Oop [120]=Oop [128]=NarrowOop [144]=Oop [152]=Oop }
                      ;*ifeq {reexecute=1 rethrow=0 return_oop=0}
                      ; - (reexecute) java.util.concurrent.ConcurrentHashMap::get@152 (line 947)
                      ; - java.lang.ClassLoader::definePackage@47 (line 2101)
                      ; - java.lang.ClassLoader::getDefinedPackage@32 (line 2243)
                      ; - java.net.URLClassLoader::getAndVerifyPackage@2 (line 457)
                      ; - java.net.URLClassLoader::defineClass@46 (line 492)
  0x00007fa0312f1994: e810 7bff | be45 ffff | ff4c 8b44 | 2440 4c89 | 4424 284c | 8b44 2438 | 4c89 4424 | 3048 8954 
  0x00007fa0312f19b4: 2438 4489 | 5424 484c | 896c 2450 | 4c89 6c24 | 584c 8974 | 2460 4489 | 5c24 4c4c | 894c 2468 
  0x00007fa0312f19d4: 894c 2470 

  0x00007fa0312f19d8: ;   {runtime_call UncommonTrapBlob}
  0x00007fa0312f19d8: c5f8 77e8 

  0x00007fa0312f19dc: ; ImmutableOopMap {[40]=Oop [48]=Oop [56]=Oop [72]=NarrowOop [80]=Oop [88]=Oop [96]=Oop [104]=Oop }
                      ;*if_icmpne {reexecute=1 rethrow=0 return_oop=0}
                      ; - (reexecute) java.lang.String::equals@33 (line 1830)
                      ; - java.util.concurrent.ConcurrentHashMap::get@149 (line 947)
                      ; - java.lang.ClassLoader::getNamedPackage@5 (line 340)
                      ; - java.lang.ClassLoader::postDefineClass@9 (line 924)
                      ; - java.lang.ClassLoader::defineClass@37 (line 1018)
                      ; - java.security.SecureClassLoader::defineClass@12 (line 150)
                      ; - java.net.URLClassLoader::defineClass@220 (line 524)
  0x00007fa0312f19dc: a010 7bff | be45 ffff | ff4c 8b44 | 2470 4c89 | 4424 184c | 8b44 2440 | 4c89 4424 | 204c 8b44 
  0x00007fa0312f19fc: 2448 4c89 | 4424 284c | 8b44 2438 | 4c89 4424 | 3048 8954 | 2458 4c8b | 4424 784c | 8944 2460 
  0x00007fa0312f1a1c: 4c8b 8424 | 9800 0000 | 4c89 4424 | 6848 8954 | 2478 4c89 | ac24 9000 | 0000 4489 | 9c24 9800 
  0x00007fa0312f1a3c: 0000 4889 | 8c24 a000 | 0000 4489 | 9424 9c00 | 0000 6690 

  0x00007fa0312f1a50: ;   {runtime_call UncommonTrapBlob}
  0x00007fa0312f1a50: c5f8 77e8 

  0x00007fa0312f1a54: ; ImmutableOopMap {[24]=Oop [32]=Oop [40]=Oop [88]=Oop [96]=Oop [104]=Oop [120]=Oop [144]=Oop [160]=Oop }
                      ;*if_icmpne {reexecute=1 rethrow=0 return_oop=0}
                      ; - (reexecute) java.lang.String::equals@33 (line 1830)
                      ; - java.util.concurrent.ConcurrentHashMap::get@149 (line 947)
                      ; - java.lang.ClassLoader::getDefinedPackage@13 (line 2239)
                      ; - java.net.URLClassLoader::getAndVerifyPackage@2 (line 457)
                      ; - java.net.URLClassLoader::defineClass@46 (line 492)
  0x00007fa0312f1a54: 2810 7bff | c4c1 f96e | c14c 895c | 2460 8974 | 242c 8954 | 2428 4c89 | 6c24 184c | 8bd1 418b 
  0x00007fa0312f1a74: d844 8b9c | 2494 0000 | 0049 63d3 | 4c8b da49 | 83c3 104d | 8bc3 4983 | e0f8 488b | 7c24 6049 
  0x00007fa0312f1a94: 03f8 49c1 | eb03 4c8b | c04d 2bc3 | 498b c848 | 33c0 4883 | f908 7f10 | 48ff c978 | 5748 8904 
  0x00007fa0312f1ab4: cf48 ffc9 | 7df7 eb4c | c5f5 efc9 | e90d 0000 | 00c5 fe7f | 0fc5 fe7f | 4f20 4883 | c740 4883 
  0x00007fa0312f1ad4: e908 7ded | 4883 c104 | 7c0c c5fe | 7f0f 4883 | c720 4883 | e904 4883 | c104 7e18 | b801 0000 
  0x00007fa0312f1af4: 00c4 e271 | f7c0 4883 | e801 c5f8 | 92f8 62f1 | fe2f 7f0f | 4883 fa20 | 773f 49bb | ffff ffff 
  0x00007fa0312f1b14: ffff ffff | c442 e8f5 | dbc4 c1fb | 92fb 62d1 | 7faf 6f0a | c4c1 f97e | c262 d17f | 2f7f 0a44 
  0x00007fa0312f1b34: 8bc3 4c8b | 6c24 188b | 5424 288b | 7424 2c4c | 8b5c 2460 | e9e7 e2ff | ff49 8bfa | c4e1 f97e 
  0x00007fa0312f1b54: c666 6666 | 0f1f 8400 | 0000 0000 | c5f8 7749 | ba60 18a8 | 30a0 7f00 | 0041 ffd2 | ebc1 4c89 
  0x00007fa0312f1b74: 4424 3044 | 894c 2428 | 4889 5424 | 1848 be00 | 0000 f79f | 7f00 0049 | 03f3 8bd1 

  0x00007fa0312f1b90: ;   {runtime_call _new_array_Java}
  0x00007fa0312f1b90: c5f8 77e8 

  0x00007fa0312f1b94: ; ImmutableOopMap {rbp=Oop [24]=Oop [40]=NarrowOop [64]=Oop }
                      ;*invokevirtual clone {reexecute=1 rethrow=0 return_oop=1}
                      ; - (reexecute) java.security.CodeSource::getCertificates@11 (line 203)
                      ; - java.lang.ClassLoader::postDefineClass@24 (line 927)
                      ; - java.lang.ClassLoader::defineClass@37 (line 1018)
                      ; - java.security.SecureClassLoader::defineClass@12 (line 150)
                      ; - java.net.URLClassLoader::defineClass@220 (line 524)
  0x00007fa0312f1b94: 6841 85ff | 448b 4c24 | 284c 8b44 | 2430 e97c | d4ff ffbe | 45ff ffff | 4c8b 5424 | 404c 8954 
  0x00007fa0312f1bb4: 2420 4c8b | 5424 484c | 8954 2428 | 4c8b 5424 | 384c 8954 | 2430 4889 | 5424 584c | 8b54 2478 
  0x00007fa0312f1bd4: 4c89 5424 | 604c 8b94 | 2498 0000 | 004c 8954 | 2468 4889 | 5424 7844 | 89b4 2480 | 0000 004c 
  0x00007fa0312f1bf4: 89ac 2498 | 0000 0044 | 899c 2484 | 0000 0048 | 89bc 24a0 | 0000 0089 | 8c24 a800 | 0000 6690 
  0x00007fa0312f1c14: ;   {runtime_call UncommonTrapBlob}
  0x00007fa0312f1c14: c5f8 77e8 

  0x00007fa0312f1c18: ; ImmutableOopMap {[32]=Oop [40]=Oop [88]=Oop [96]=Oop [104]=Oop [112]=Oop [120]=Oop [128]=NarrowOop [152]=Oop [160]=Oop }
                      ;*if_icmpne {reexecute=1 rethrow=0 return_oop=0}
                      ; - (reexecute) java.lang.String::equals@33 (line 1830)
                      ; - java.util.concurrent.ConcurrentHashMap::get@149 (line 947)
                      ; - java.lang.ClassLoader::definePackage@47 (line 2101)
                      ; - java.lang.ClassLoader::getDefinedPackage@32 (line 2243)
                      ; - java.net.URLClassLoader::getAndVerifyPackage@2 (line 457)
                      ; - java.net.URLClassLoader::defineClass@46 (line 492)
  0x00007fa0312f1c18: 640e 7bff | be45 ffff | ff4c 8b54 | 2470 4c89 | 5424 184c | 8b54 2440 | 4c89 5424 | 204c 8b54 
  0x00007fa0312f1c38: 2448 4c89 | 5424 284c | 8b54 2438 | 4c89 5424 | 304c 8b54 | 2478 4c89 | 5424 604c | 8b94 2498 
  0x00007fa0312f1c58: 0000 004c | 8954 2468 | 4c8b 5424 | 784c 8954 | 2470 4489 | 8424 9000 | 0000 4489 | 9c24 9400 
  0x00007fa0312f1c78: 0000 4889 | 8c24 9800 | 0000 4489 | 8c24 a000 | 0000 6690 

  0x00007fa0312f1c8c: ;   {runtime_call UncommonTrapBlob}
  0x00007fa0312f1c8c: c5f8 77e8 

  0x00007fa0312f1c90: ; ImmutableOopMap {[24]=Oop [32]=Oop [40]=Oop [88]=Oop [96]=Oop [104]=Oop [112]=Oop [144]=NarrowOop [152]=Oop [176]=Oop }
                      ;*if_icmpne {reexecute=1 rethrow=0 return_oop=0}
                      ; - (reexecute) java.lang.String::equals@33 (line 1830)
                      ; - java.util.HashMap::getNode@63 (line 570)
                      ; - java.util.HashMap::get@2 (line 556)
                      ; - java.util.jar.Manifest::getAttributes@5 (line 159)
                      ; - java.util.jar.Manifest::getTrustedAttributes@2 (line 176)
                      ; - java.util.jar.JavaUtilJarAccessImpl::getTrustedAttributes@2 (line 68)
                      ; - java.net.URLClassLoader::definePackage@42 (line 552)
                      ; - java.net.URLClassLoader::defineClass@64 (line 495)
  0x00007fa0312f1c90: ec0d 7bff | 4c89 4c24 | 6844 895c | 2464 4889 | 5c24 4844 | 896c 2424 | 4c8b 5424 | 384c 8954 
  0x00007fa0312f1cb0: 2418 488b 

  0x00007fa0312f1cb4: ;   {metadata('java/util/ArrayList')}
  0x00007fa0312f1cb4: 6c24 4048 | be30 e100 | f79f 7f00 | 0066 6690 

  0x00007fa0312f1cc4: ;   {runtime_call _new_instance_Java}
  0x00007fa0312f1cc4: c5f8 77e8 

  0x00007fa0312f1cc8: ; ImmutableOopMap {rbp=Oop [24]=Oop [36]=NarrowOop [40]=Oop [48]=Oop [72]=Oop [88]=Oop [100]=NarrowOop [104]=Oop }
                      ;*new {reexecute=0 rethrow=0 return_oop=1}
                      ; - java.security.CodeSource::getCertificates@25 (line 207)
                      ; - java.lang.ClassLoader::checkCerts@34 (line 1158)
                      ; - java.lang.ClassLoader::preDefineClass@113 (line 907)
                      ; - java.lang.ClassLoader::defineClass@4 (line 1015)
                      ; - java.security.SecureClassLoader::defineClass@12 (line 150)
                      ; - java.net.URLClassLoader::defineClass@220 (line 524)
  0x00007fa0312f1cc8: b469 85ff | 4889 6c24 | 404c 8b54 | 2418 4c89 | 5424 3844 | 8b6c 2424 | 488b 5c24 | 4844 8b5c 
  0x00007fa0312f1ce8: 2464 4c8b | 4c24 68e9 | a7cf ffff | 498b ea4c | 894c 2470 | 4889 5c24 | 6844 896c | 2448 4c8b 
  0x00007fa0312f1d08: 5424 404c | 8954 2418 

  0x00007fa0312f1d10: ;   {metadata('java/security/cert/Certificate'[])}
  0x00007fa0312f1d10: 48be c863 | 12f7 9f7f | 0000 6690 

  0x00007fa0312f1d1c: ;   {runtime_call _new_array_Java}
  0x00007fa0312f1d1c: c5f8 77e8 

  0x00007fa0312f1d20: ; ImmutableOopMap {rbp=Oop [24]=Oop [40]=Oop [48]=Oop [56]=Oop [72]=NarrowOop [88]=Oop [104]=Oop [112]=Oop }
                      ;*anewarray {reexecute=0 rethrow=0 return_oop=1}
                      ; - java.security.CodeSource::getCertificates@73 (line 214)
                      ; - java.lang.ClassLoader::checkCerts@34 (line 1158)
                      ; - java.lang.ClassLoader::preDefineClass@113 (line 907)
                      ; - java.lang.ClassLoader::defineClass@4 (line 1015)
                      ; - java.security.SecureClassLoader::defineClass@12 (line 150)
                      ; - java.net.URLClassLoader::defineClass@220 (line 524)
  0x00007fa0312f1d20: dc3f 85ff | 4c8b d8e9 | 60d1 ffff | 498b eb4c | 894c 2440 | 48be 0000 | 00f7 9f7f | 0000 4903 
  0x00007fa0312f1d40: f241 8bd0 

  0x00007fa0312f1d44: ;   {runtime_call _new_array_Java}
  0x00007fa0312f1d44: c5f8 77e8 

  0x00007fa0312f1d48: ; ImmutableOopMap {[24]=Oop [40]=Oop [48]=Oop [56]=Oop [64]=Oop [88]=Oop [104]=Oop }
                      ;*invokevirtual clone {reexecute=1 rethrow=0 return_oop=1}
                      ; - (reexecute) java.security.CodeSource::getCertificates@89 (line 215)
                      ; - java.lang.ClassLoader::checkCerts@34 (line 1158)
                      ; - java.lang.ClassLoader::preDefineClass@113 (line 907)
                      ; - java.lang.ClassLoader::defineClass@4 (line 1015)
                      ; - java.security.SecureClassLoader::defineClass@12 (line 150)
                      ; - java.net.URLClassLoader::defineClass@220 (line 524)
  0x00007fa0312f1d48: b43f 85ff | 4c8b 4c24 | 404c 8bdd | 488b e8e9 | 06d2 ffff | 4889 7424 | 3044 894c | 2428 4489 
  0x00007fa0312f1d68: 4424 2448 

  0x00007fa0312f1d6c: ;   {metadata('java/util/ArrayList')}
  0x00007fa0312f1d6c: 8bea 48be | 30e1 00f7 | 9f7f 0000 

  0x00007fa0312f1d78: ;   {runtime_call _new_instance_Java}
  0x00007fa0312f1d78: c5f8 77e8 

  0x00007fa0312f1d7c: ; ImmutableOopMap {rbp=Oop [36]=NarrowOop [40]=NarrowOop [48]=Oop [64]=Oop }
                      ;*new {reexecute=0 rethrow=0 return_oop=1}
                      ; - java.security.CodeSource::getCertificates@25 (line 207)
                      ; - java.lang.ClassLoader::postDefineClass@24 (line 927)
                      ; - java.lang.ClassLoader::defineClass@37 (line 1018)
                      ; - java.security.SecureClassLoader::defineClass@12 (line 150)
                      ; - java.net.URLClassLoader::defineClass@220 (line 524)
  0x00007fa0312f1d7c: 0069 85ff | 488b d544 | 8b44 2424 | 448b 4c24 | 2848 8b74 | 2430 e901 | d3ff ff48 | 895c 2430 
  0x00007fa0312f1d9c: 488b ee44 | 8944 2428 | 4c8b 5424 | 404c 8954 | 2420 4889 

  0x00007fa0312f1db0: ;   {metadata('java/security/cert/Certificate'[])}
  0x00007fa0312f1db0: 5424 1848 | bec8 6312 | f79f 7f00 | 0041 8bd3 

  0x00007fa0312f1dc0: ;   {runtime_call _new_array_Java}
  0x00007fa0312f1dc0: c5f8 77e8 

  0x00007fa0312f1dc4: ; ImmutableOopMap {rbp=Oop [24]=Oop [32]=Oop [40]=NarrowOop [48]=Oop }
                      ;*anewarray {reexecute=0 rethrow=0 return_oop=1}
                      ; - java.security.CodeSource::getCertificates@73 (line 214)
                      ; - java.lang.ClassLoader::postDefineClass@24 (line 927)
                      ; - java.lang.ClassLoader::defineClass@37 (line 1018)
                      ; - java.security.SecureClassLoader::defineClass@12 (line 150)
                      ; - java.net.URLClassLoader::defineClass@220 (line 524)
  0x00007fa0312f1dc4: 383f 85ff | 4c8b d0e9 | 85d4 ffff | 48be 0000 | 00f7 9f7f | 0000 4903 | f241 8bd0 

  0x00007fa0312f1de0: ;   {runtime_call _new_array_Java}
  0x00007fa0312f1de0: c5f8 77e8 

  0x00007fa0312f1de4: ; ImmutableOopMap {[24]=Oop [32]=Oop [48]=Oop }
                      ;*invokevirtual clone {reexecute=1 rethrow=0 return_oop=1}
                      ; - (reexecute) java.security.CodeSource::getCertificates@89 (line 215)
                      ; - java.lang.ClassLoader::postDefineClass@24 (line 927)
                      ; - java.lang.ClassLoader::defineClass@37 (line 1018)
                      ; - java.security.SecureClassLoader::defineClass@12 (line 150)
                      ; - java.net.URLClassLoader::defineClass@220 (line 524)
  0x00007fa0312f1de4: 183f 85ff | e94e d5ff | ff48 63c7 | e9fa c2ff | ff48 83c0 | fe48 8bc8 | 488b fd48 | 33c0 4883 
  0x00007fa0312f1e04: f908 7f10 | 48ff c978 | 5748 8904 | cf48 ffc9 | 7df7 eb4c | c5fd efc0 | e90d 0000 | 00c5 fe7f 
  0x00007fa0312f1e24: 07c5 fe7f | 4720 4883 | c740 4883 | e908 7ded | 4883 c104 | 7c0c c5fe | 7f07 4883 | c720 4883 
  0x00007fa0312f1e44: e904 4883 | c104 7e18 | b801 0000 | 00c4 e271 | f7c0 4883 | e801 c5f8 | 92f8 62f1 | fe2f 7f07 
  0x00007fa0312f1e64: e99f c3ff | ff89 5c24 | 1848 894c | 2420 8954 | 241c eb0d | 895c 2418 | 4889 4c24 | 2089 5424 
  0x00007fa0312f1e84: 1cbe ccff | ffff 4c8b | 5424 404c | 8954 2430 | 4c8b 5424 | 584c 8954 | 2448 4489 | 7424 5044 
  0x00007fa0312f1ea4: 8944 2454 | 897c 245c 

  0x00007fa0312f1eac: ;   {runtime_call UncommonTrapBlob}
  0x00007fa0312f1eac: c5f8 77e8 

  0x00007fa0312f1eb0: ; ImmutableOopMap {[32]=Oop [48]=Oop [72]=Oop [80]=NarrowOop [112]=Oop [152]=Oop }
                      ;*newarray {reexecute=1 rethrow=0 return_oop=0}
                      ; - (reexecute) java.util.Arrays::copyOf@1 (line 3537)
                      ; - jdk.internal.loader.Resource::getBytes@94 (line 120)
                      ; - java.net.URLClassLoader::defineClass@179 (line 519)
  0x00007fa0312f1eb0: cc0b 7bff | 8944 2424 | 448b 5c24 | 2844 895c | 2420 4c8b | 9424 8800 | 0000 4c89 | 5424 18be 
  0x00007fa0312f1ed0: 45ff ffff | 4c8b 5424 | 404c 8954 | 2430 6690 

  0x00007fa0312f1ee0: ;   {runtime_call UncommonTrapBlob}
  0x00007fa0312f1ee0: c5f8 77e8 

  0x00007fa0312f1ee4: ; ImmutableOopMap {[24]=Oop [48]=Oop [88]=Oop [96]=NarrowOop [112]=Oop [152]=Oop }
                      ;*ifge {reexecute=1 rethrow=0 return_oop=0}
                      ; - (reexecute) jdk.internal.loader.Resource::getBytes@135 (line 131)
                      ; - java.net.URLClassLoader::defineClass@179 (line 519)
  0x00007fa0312f1ee4: 980b 7bff | 8954 2424 | 895c 2420 | 4889 4c24 | 18be 45ff | ffff 4c8b | 5424 404c | 8954 2430 
  0x00007fa0312f1f04: 4489 7424 | 5044 8944 | 2454 6690 

  0x00007fa0312f1f10: ;   {runtime_call UncommonTrapBlob}
  0x00007fa0312f1f10: c5f8 77e8 

  0x00007fa0312f1f14: ; ImmutableOopMap {[24]=Oop [48]=Oop [80]=NarrowOop [88]=Oop [112]=Oop [152]=Oop }
                      ;*ifge {reexecute=1 rethrow=0 return_oop=0}
                      ; - (reexecute) jdk.internal.loader.Resource::getBytes@78 (line 116)
                      ; - java.net.URLClassLoader::defineClass@179 (line 519)
  0x00007fa0312f1f14: 680b 7bff | bec6 ffff | ff4c 8b54 | 2438 4c89 | 5424 2890 

  0x00007fa0312f1f28: ;   {runtime_call UncommonTrapBlob}
  0x00007fa0312f1f28: c5f8 77e8 

  0x00007fa0312f1f2c: ; ImmutableOopMap {[64]=Oop [72]=Oop [112]=Oop [152]=Oop }
                      ;*invokevirtual getBytes {reexecute=0 rethrow=0 return_oop=0}
                      ; - java.net.URLClassLoader::defineClass@179 (line 519)
  0x00007fa0312f1f2c: 500b 7bff | 4c89 5424 | 1849 8bf2 | 488d 9424 | e000 0000 

  0x00007fa0312f1f40: ;   {runtime_call _complete_monitor_locking_Java}
  0x00007fa0312f1f40: c5f8 77e8 

  0x00007fa0312f1f44: ; ImmutableOopMap {[24]=Oop [40]=Oop [48]=Oop [64]=Oop [72]=Oop [112]=Oop [152]=Oop }
                      ;*synchronization entry
                      ; - jdk.internal.loader.Resource::cachedInputStream@-1 (line 76)
                      ; - jdk.internal.loader.Resource::getBytes@1 (line 89)
                      ; - java.net.URLClassLoader::defineClass@179 (line 519)
  0x00007fa0312f1f44: b881 85ff | 448b 4424 | 244c 8b54 | 2418 e965 | bfff ff45 | 8beb 498b | da41 8be8 | 498b fa48 
  0x00007fa0312f1f64: 8db4 24e0 | 0000 0049 | 8bd7 c5f8 | 7749 ba00 | cde1 48a0 | 7f00 0041 | ffd2 448b | c54c 8bd3 
  0x00007fa0312f1f84: 458b dde9 | 40c0 ffff | bec6 ffff | ff4c 8b54 | 2438 4c89 | 5424 2090 

  0x00007fa0312f1f9c: ;   {runtime_call UncommonTrapBlob}
  0x00007fa0312f1f9c: c5f8 77e8 

  0x00007fa0312f1fa0: ; ImmutableOopMap {[64]=Oop [72]=Oop [88]=Oop [112]=Oop [152]=Oop }
                      ;*invokevirtual getCodeSigners {reexecute=0 rethrow=0 return_oop=0}
                      ; - java.net.URLClassLoader::defineClass@185 (line 521)
  0x00007fa0312f1fa0: dc0a 7bff | 89ac 24a8 | 0000 0048 | 899c 2480 | 0000 0048 | 8944 2478 | 8974 246c | 897c 2468 
  0x00007fa0312f1fc0: 8954 2464 | 4c89 6c24 | 2848 894c | 2418 418b | e844 8974 

  0x00007fa0312f1fd4: ;   {metadata({type array byte})}
  0x00007fa0312f1fd4: 2460 48be | 3868 00f7 | 9f7f 0000 | 8bd7 6690 

  0x00007fa0312f1fe4: ;   {runtime_call _new_array_nozero_Java}
  0x00007fa0312f1fe4: c5f8 77e8 

  0x00007fa0312f1fe8: ; ImmutableOopMap {[24]=Oop [40]=Oop [48]=Oop [64]=Oop [72]=Oop [88]=Oop [96]=NarrowOop [112]=Oop [152]=Oop [160]=Oop }
                      ;*newarray {reexecute=0 rethrow=0 return_oop=1}
                      ; - java.util.Arrays::copyOf@1 (line 3537)
                      ; - jdk.internal.loader.Resource::getBytes@94 (line 120)
                      ; - java.net.URLClassLoader::defineClass@179 (line 519)
  0x00007fa0312f1fe8: 143a 85ff | 4c8b d044 | 8b74 2460 | 448b c548 | 8b4c 2418 | 4c8b 6c24 | 288b 5424 | 648b 7c24 
  0x00007fa0312f2008: 688b 7424 | 6c48 8b44 | 2478 488b | 9c24 8000 | 0000 4d8b | da8b ac24 | a800 0000 | e996 ddff 
  0x00007fa0312f2028: ffbe 45ff | ffff 4c8b | 5424 704c | 8954 2418 | 4c8b 5424 | 404c 8954 | 2420 4c8b | 5424 484c 
  0x00007fa0312f2048: 8954 2428 | 4c8b 5424 | 384c 8954 | 2430 4c8b | 5424 784c | 8954 2460 | 4c8b 9424 | 9800 0000 
  0x00007fa0312f2068: 4c89 5424 | 684c 8b54 | 2478 4c89 | 5424 7048 | 8994 2490 | 0000 0044 | 899c 2498 | 0000 004c 
  0x00007fa0312f2088: 8984 24a0 | 0000 0044 | 898c 249c | 0000 0090 

  0x00007fa0312f2098: ;   {runtime_call UncommonTrapBlob}
  0x00007fa0312f2098: c5f8 77e8 

  0x00007fa0312f209c: ; ImmutableOopMap {[24]=Oop [32]=Oop [40]=Oop [88]=Oop [96]=Oop [104]=Oop [112]=Oop [144]=Oop [160]=Oop [176]=Oop }
                      ;*if_icmpne {reexecute=1 rethrow=0 return_oop=0}
                      ; - (reexecute) java.lang.String::equals@33 (line 1830)
                      ; - java.util.HashMap::getNode@128 (line 577)
                      ; - java.util.HashMap::get@2 (line 556)
                      ; - java.util.jar.Manifest::getAttributes@5 (line 159)
                      ; - java.util.jar.Manifest::getTrustedAttributes@2 (line 176)
                      ; - java.util.jar.JavaUtilJarAccessImpl::getTrustedAttributes@2 (line 68)
                      ; - java.net.URLClassLoader::definePackage@42 (line 552)
                      ; - java.net.URLClassLoader::defineClass@64 (line 495)
  0x00007fa0312f209c: e009 7bff | be45 ffff | ff4c 8b44 | 2440 4c89 | 4424 204c | 8b44 2438 | 4c89 4424 | 284c 8954 
  0x00007fa0312f20bc: 2440 4489 | 5c24 484c | 894c 2450 

  0x00007fa0312f20c8: ;   {runtime_call UncommonTrapBlob}
  0x00007fa0312f20c8: c5f8 77e8 

  0x00007fa0312f20cc: ; ImmutableOopMap {[32]=Oop [64]=Oop [72]=NarrowOop [80]=Oop [112]=Oop [152]=Oop }
                      ;*ifeq {reexecute=1 rethrow=0 return_oop=0}
                      ; - (reexecute) java.lang.Thread::interrupted@10 (line 1033)
                      ; - jdk.internal.loader.Resource::getBytes@5 (line 96)
                      ; - java.net.URLClassLoader::defineClass@179 (line 519)
  0x00007fa0312f20cc: b009 7bff | be45 ffff | ff4c 8b54 | 2440 4c89 | 5424 204c | 8b54 2438 | 4c89 5424 | 2848 894c 
  0x00007fa0312f20ec: 2440 4489 | 4424 5090 

  0x00007fa0312f20f4: ;   {runtime_call UncommonTrapBlob}
  0x00007fa0312f20f4: c5f8 77e8 

  0x00007fa0312f20f8: ; ImmutableOopMap {[32]=Oop [64]=Oop [88]=Oop [96]=NarrowOop [112]=Oop [152]=Oop }
                      ;*if_icmpne {reexecute=1 rethrow=0 return_oop=0}
                      ; - (reexecute) jdk.internal.loader.Resource::getBytes@36 (line 110)
                      ; - java.net.URLClassLoader::defineClass@179 (line 519)
  0x00007fa0312f20f8: 8409 7bff | bd01 0000 | 00be 45ff | ffff 4c8b | 5424 404c | 8954 2428 | 4c8b 5424 | 384c 8954 
  0x00007fa0312f2118: 2430 6690 

  0x00007fa0312f211c: ;   {runtime_call UncommonTrapBlob}
  0x00007fa0312f211c: c5f8 77e8 

  0x00007fa0312f2120: ; ImmutableOopMap {[24]=Oop [40]=Oop [88]=Oop [112]=Oop [152]=Oop }
                      ;*ifeq {reexecute=1 rethrow=0 return_oop=0}
                      ; - (reexecute) jdk.internal.loader.Resource::getBytes@199 (line 150)
                      ; - java.net.URLClassLoader::defineClass@179 (line 519)
  0x00007fa0312f2120: 5c09 7bff | be76 ffff | ff48 8b6c | 2448 4c8b | 5c24 384c | 895c 2420 | 4c8b 5c24 | 404c 895c 
  0x00007fa0312f2140: 2428 4c8b | 5c24 584c | 895c 2430 | 448b 5c24 | 6044 895c | 2438 4889 | 7c24 5044 | 894c 243c 
  0x00007fa0312f2160: 4489 5424 | 5889 5c24 | 5c48 894c | 2460 4489 | 4424 6c90 

  0x00007fa0312f2174: ;   {runtime_call UncommonTrapBlob}
  0x00007fa0312f2174: c5f8 77e8 

  0x00007fa0312f2178: ; ImmutableOopMap {rbp=Oop [32]=Oop [40]=Oop [48]=Oop [80]=Oop [92]=NarrowOop [96]=Oop }
                      ;*if_icmpge {reexecute=1 rethrow=0 return_oop=0}
                      ; - (reexecute) java.lang.ClassLoader::compareCerts@67 (line 1187)
                      ; - java.lang.ClassLoader::checkCerts@80 (line 1162)
                      ; - java.lang.ClassLoader::preDefineClass@113 (line 907)
                      ; - java.lang.ClassLoader::defineClass@4 (line 1015)
                      ; - java.security.SecureClassLoader::defineClass@12 (line 150)
                      ; - java.net.URLClassLoader::defineClass@220 (line 524)
  0x00007fa0312f2178: 0409 7bff | be76 ffff | ff48 8b6c | 2448 4c8b | 4424 384c | 8944 2420 | 4c8b 4424 | 404c 8944 
  0x00007fa0312f2198: 2428 4c8b | 4424 584c | 8944 2430 | 448b 4424 | 6044 8944 | 2438 4c8b | 4424 784c | 894c 2448 
  0x00007fa0312f21b8: 4489 5424 | 5044 895c | 2454 4c89 | 4424 5844 | 8b9c 249c | 0000 0044 | 895c 2464 

  0x00007fa0312f21d4: ;   {runtime_call UncommonTrapBlob}
  0x00007fa0312f21d4: c5f8 77e8 

  0x00007fa0312f21d8: ; ImmutableOopMap {rbp=Oop [32]=Oop [40]=Oop [48]=Oop [72]=Oop [84]=NarrowOop [88]=Oop [120]=Oop }
                      ;*if_icmpge {reexecute=1 rethrow=0 return_oop=0}
                      ; - (reexecute) java.lang.ClassLoader::compareCerts@152 (line 1199)
                      ; - java.lang.ClassLoader::checkCerts@80 (line 1162)
                      ; - java.lang.ClassLoader::preDefineClass@113 (line 907)
                      ; - java.lang.ClassLoader::defineClass@4 (line 1015)
                      ; - java.security.SecureClassLoader::defineClass@12 (line 150)
                      ; - java.net.URLClassLoader::defineClass@220 (line 524)
  0x00007fa0312f21d8: a408 7bff | bef6 ffff | ff4c 8b54 | 2440 4c89 | 5424 204c | 8b54 2438 | 4c89 5424 | 2848 894c 
  0x00007fa0312f21f8: 2440 6690 

  0x00007fa0312f21fc: ;   {runtime_call UncommonTrapBlob}
  0x00007fa0312f21fc: c5f8 77e8 

  0x00007fa0312f2200: ; ImmutableOopMap {[32]=Oop [64]=Oop [88]=Oop [112]=Oop [152]=Oop }
                      ;*invokevirtual close {reexecute=0 rethrow=0 return_oop=0}
                      ; - jdk.internal.loader.Resource::getBytes@183 (line 145)
                      ; - java.net.URLClassLoader::defineClass@179 (line 519)
  0x00007fa0312f2200: 7c08 7bff | bec6 ffff | ff48 8b6c | 2470 4c8b | 5424 404c | 8954 2418 | 4c8b 5424 | 384c 8954 
  0x00007fa0312f2220: 2428 6690 

  0x00007fa0312f2224: ;   {runtime_call UncommonTrapBlob}
  0x00007fa0312f2224: c5f8 77e8 

  0x00007fa0312f2228: ; ImmutableOopMap {rbp=Oop [24]=Oop [72]=Oop [152]=Oop [160]=Oop }
                      ;*invokevirtual getManifest {reexecute=0 rethrow=0 return_oop=0}
                      ; - java.net.URLClassLoader::defineClass@34 (line 491)
  0x00007fa0312f2228: 5408 7bff | bee4 ffff | ff48 8b6c | 2428 4c8b | 4c24 384c | 894c 2420 | 4c8b 4c24 | 404c 894c 
  0x00007fa0312f2248: 2430 4c8b | 4c24 584c | 894c 2438 | 8b4c 2460 | 894c 2440 | 4889 5c24 | 4844 896c | 2444 4c89 
  0x00007fa0312f2268: 5424 6044 | 895c 245c | 4489 4424 | 6866 6690 

  0x00007fa0312f2278: ;   {runtime_call UncommonTrapBlob}
  0x00007fa0312f2278: c5f8 77e8 

  0x00007fa0312f227c: ; ImmutableOopMap {rbp=Oop [32]=Oop [48]=Oop [56]=Oop [68]=NarrowOop [72]=Oop [92]=NarrowOop [96]=Oop }
                      ;*aaload {reexecute=0 rethrow=0 return_oop=0}
                      ; - java.security.CodeSource::getCertificates@50 (line 210)
                      ; - java.lang.ClassLoader::checkCerts@34 (line 1158)
                      ; - java.lang.ClassLoader::preDefineClass@113 (line 907)
                      ; - java.lang.ClassLoader::defineClass@4 (line 1015)
                      ; - java.security.SecureClassLoader::defineClass@12 (line 150)
                      ; - java.net.URLClassLoader::defineClass@220 (line 524)
  0x00007fa0312f227c: 0008 7bff | 4d8b ea49 | 8bf7 c5f8 | 7749 ba70 | 9780 48a0 | 7f00 0041 | ffd2 4d8b | d5e9 52bc 
  0x00007fa0312f229c: ffff bee4 | ffff ff48 | 8b6c 2440 | 4889 5424 | 1844 8944 | 2428 4889 | 5c24 3844 | 894c 2440 
  0x00007fa0312f22bc: 4489 5c24 | 4466 6690 

  0x00007fa0312f22c4: ;   {runtime_call UncommonTrapBlob}
  0x00007fa0312f22c4: c5f8 77e8 

  0x00007fa0312f22c8: ; ImmutableOopMap {rbp=Oop [24]=Oop [40]=NarrowOop [56]=Oop [64]=NarrowOop }
                      ;*aaload {reexecute=0 rethrow=0 return_oop=0}
                      ; - java.security.CodeSource::getCertificates@50 (line 210)
                      ; - java.lang.ClassLoader::postDefineClass@24 (line 927)
                      ; - java.lang.ClassLoader::defineClass@37 (line 1018)
                      ; - java.security.SecureClassLoader::defineClass@12 (line 150)
                      ; - java.net.URLClassLoader::defineClass@220 (line 524)
  0x00007fa0312f22c8: b407 7bff | 498b f7c5 | f877 49ba | 7097 8048 | a07f 0000 | 41ff d290 | e92b c7ff | ffbe 66ff 
  0x00007fa0312f22e8: ffff 488b | 6c24 704c | 8b54 2420 | 4c89 5424 | 184c 8b54 | 2438 4c89 | 5424 204c | 8b54 2448 
  0x00007fa0312f2308: 4c89 5424 | 4044 8b5c | 2458 4489 | 5c24 4c44 | 895c 2450 

  0x00007fa0312f231c: ;   {runtime_call UncommonTrapBlob}
  0x00007fa0312f231c: c5f8 77e8 

  0x00007fa0312f2320: ; ImmutableOopMap {rbp=Oop [24]=Oop [64]=Oop [76]=NarrowOop [80]=NarrowOop [152]=Oop [160]=Oop }
                      ;*invokevirtual getManifest {reexecute=0 rethrow=0 return_oop=0}
                      ; - java.util.jar.JarFile::maybeInstantiateVerifier@31 (line 725)
                      ; - java.util.jar.JarFile::ensureInitialization@1 (line 1031)
                      ; - java.util.jar.JavaUtilJarAccessImpl::ensureInitialization@1 (line 72)
                      ; - jdk.internal.loader.URLClassPath$JarLoader$2::getManifest@10 (line 885)
                      ; - java.net.URLClassLoader::defineClass@34 (line 491)
  0x00007fa0312f2320: 5c07 7bff | 4863 cae9 | 63ca ffff | be76 ffff | ff48 8b6c | 2428 4c8b | 5424 384c | 8954 2420 
  0x00007fa0312f2340: 4c8b 5424 | 404c 8954 | 2428 4c8b | 5424 584c | 8954 2430 | 4889 4c24 | 4048 897c | 2450 4489 
  0x00007fa0312f2360: 4c24 5890 

  0x00007fa0312f2364: ;   {runtime_call UncommonTrapBlob}
  0x00007fa0312f2364: c5f8 77e8 

  0x00007fa0312f2368: ; ImmutableOopMap {rbp=Oop [32]=Oop [40]=Oop [48]=Oop [64]=Oop [80]=Oop [104]=Oop }
                      ;*if_icmpge {reexecute=1 rethrow=0 return_oop=0}
                      ; - (reexecute) java.lang.ClassLoader::compareCerts@40 (line 1185)
                      ; - java.lang.ClassLoader::checkCerts@80 (line 1162)
                      ; - java.lang.ClassLoader::preDefineClass@113 (line 907)
                      ; - java.lang.ClassLoader::defineClass@4 (line 1015)
                      ; - java.security.SecureClassLoader::defineClass@12 (line 150)
                      ; - java.net.URLClassLoader::defineClass@220 (line 524)
  0x00007fa0312f2368: 1407 7bff | 4963 cbe9 | e0cd ffff | 488b d849 | 8bf7 660f | 1f44 0000 | c5f8 7749 | ba70 9780 
  0x00007fa0312f2388: 48a0 7f00 | 0041 ffd2 | 4c8b cbe9 | 2bcb ffff | 498b f70f | 1f44 0000 | c5f8 7749 | ba70 9780 
  0x00007fa0312f23a8: 48a0 7f00 | 0041 ffd2 | e9da ceff | ff48 63c7 | e972 d9ff | ff48 83c0 | fe48 8bc8 | 498b f948 
  0x00007fa0312f23c8: 33c0 4883 | f908 7f10 | 48ff c978 | 5748 8904 | cf48 ffc9 | 7df7 eb4c | c5fd efc0 | e90d 0000 
  0x00007fa0312f23e8: 00c5 fe7f | 07c5 fe7f | 4720 4883 | c740 4883 | e908 7ded | 4883 c104 | 7c0c c5fe | 7f07 4883 
  0x00007fa0312f2408: c720 4883 | e904 4883 | c104 7e18 | b801 0000 | 00c4 e271 | f7c0 4883 | e801 c5f8 | 92f8 62f1 
  0x00007fa0312f2428: fe2f 7f07 | e903 daff | ff89 7424 | 18e9 33fa | ffff 8974 | 2418 6690 | e937 faff | ff89 4424 
  0x00007fa0312f2448: 2444 8b54 | 2428 4489 | 5424 204c | 8b94 2488 | 0000 004c | 8954 2418 | e96a faff | ff89 5424 
  0x00007fa0312f2468: 2489 7424 | 2048 894c | 2418 e97e | faff ffbe | f6ff ffff 

  0x00007fa0312f247c: ;   {runtime_call UncommonTrapBlob}
  0x00007fa0312f247c: c5f8 77e8 

  0x00007fa0312f2480: ; ImmutableOopMap {}
                      ;*invokevirtual clone {reexecute=1 rethrow=0 return_oop=0}
                      ; - (reexecute) java.security.CodeSource::getCertificates@89 (line 215)
                      ; - java.lang.ClassLoader::checkCerts@34 (line 1158)
                      ; - java.lang.ClassLoader::preDefineClass@113 (line 907)
                      ; - java.lang.ClassLoader::defineClass@4 (line 1015)
                      ; - java.security.SecureClassLoader::defineClass@12 (line 150)
                      ; - java.net.URLClassLoader::defineClass@220 (line 524)
  0x00007fa0312f2480: fc05 7bff | bef6 ffff | ff66 6690 

  0x00007fa0312f248c: ;   {runtime_call UncommonTrapBlob}
  0x00007fa0312f248c: c5f8 77e8 

  0x00007fa0312f2490: ; ImmutableOopMap {}
                      ;*invokevirtual clone {reexecute=1 rethrow=0 return_oop=0}
                      ; - (reexecute) java.security.CodeSource::getCertificates@89 (line 215)
                      ; - java.lang.ClassLoader::postDefineClass@24 (line 927)
                      ; - java.lang.ClassLoader::defineClass@37 (line 1018)
                      ; - java.security.SecureClassLoader::defineClass@12 (line 150)
                      ; - java.net.URLClassLoader::defineClass@220 (line 524)
  0x00007fa0312f2490: ec05 7bff | bede ffff | ff48 8b6c | 2428 4889 | 4424 3090 

  0x00007fa0312f24a4: ;   {runtime_call UncommonTrapBlob}
  0x00007fa0312f24a4: c5f8 77e8 

  0x00007fa0312f24a8: ; ImmutableOopMap {rbp=Oop [48]=Oop [64]=Oop [88]=Oop }
                      ;*checkcast {reexecute=0 rethrow=0 return_oop=0}
                      ; - java.security.SecureClassLoader::getProtectionDomain@34 (line 222)
                      ; - java.security.SecureClassLoader::defineClass@9 (line 150)
                      ; - java.net.URLClassLoader::defineClass@220 (line 524)
  0x00007fa0312f24a8: d405 7bff | bede ffff | ff4c 8b54 | 2470 4c89 | 5424 184c | 8b54 2440 | 4c89 5424 | 204c 8b54 
  0x00007fa0312f24c8: 2448 4c89 | 5424 284c | 8b54 2438 | 4c89 5424 | 3048 8954 | 2458 4c8b | 5424 784c | 8954 2460 
  0x00007fa0312f24e8: 4889 5424 | 7866 6690 

  0x00007fa0312f24f0: ;   {runtime_call UncommonTrapBlob}
  0x00007fa0312f24f0: c5f8 77e8 

  0x00007fa0312f24f4: ; ImmutableOopMap {rbp=NarrowOop [24]=Oop [32]=Oop [40]=Oop [88]=Oop [96]=Oop [120]=Oop [152]=Oop }
                      ;*checkcast {reexecute=0 rethrow=0 return_oop=0}
                      ; - java.lang.ClassLoader::getDefinedPackage@16 (line 2239)
                      ; - java.net.URLClassLoader::getAndVerifyPackage@2 (line 457)
                      ; - java.net.URLClassLoader::defineClass@46 (line 492)
  0x00007fa0312f24f4: 8805 7bff | bede ffff | ff48 8b6c | 2428 4c8b | 5424 384c | 8954 2420 | 4c8b 5424 | 404c 8954 
  0x00007fa0312f2514: 2430 4889 | 4424 5090 

  0x00007fa0312f251c: ;   {runtime_call UncommonTrapBlob}
  0x00007fa0312f251c: c5f8 77e8 

  0x00007fa0312f2520: ; ImmutableOopMap {rbp=Oop [32]=Oop [48]=Oop [80]=Oop [88]=Oop [104]=Oop }
                      ;*checkcast {reexecute=0 rethrow=0 return_oop=0}
                      ; - java.lang.ClassLoader::checkCerts@65 (line 1161)
                      ; - java.lang.ClassLoader::preDefineClass@113 (line 907)
                      ; - java.lang.ClassLoader::defineClass@4 (line 1015)
                      ; - java.security.SecureClassLoader::defineClass@12 (line 150)
                      ; - java.net.URLClassLoader::defineClass@220 (line 524)
  0x00007fa0312f2520: 5c05 7bff | bede ffff | ff4c 8b54 | 2438 4c89 | 5424 204c | 8b54 2458 | 4c89 5424 | 3848 8944 
  0x00007fa0312f2540: 2458 6690 

  0x00007fa0312f2544: ;   {runtime_call UncommonTrapBlob}
  0x00007fa0312f2544: c5f8 77e8 

  0x00007fa0312f2548: ; ImmutableOopMap {rbp=Oop [24]=Oop [32]=Oop [56]=Oop [72]=NarrowOop [88]=Oop [104]=Oop }
                      ;*checkcast {reexecute=0 rethrow=0 return_oop=0}
                      ; - java.security.CodeSource::getCertificates@79 (line 213)
                      ; - java.lang.ClassLoader::checkCerts@34 (line 1158)
                      ; - java.lang.ClassLoader::preDefineClass@113 (line 907)
                      ; - java.lang.ClassLoader::defineClass@4 (line 1015)
                      ; - java.security.SecureClassLoader::defineClass@12 (line 150)
                      ; - java.net.URLClassLoader::defineClass@220 (line 524)
  0x00007fa0312f2548: 3405 7bff | bede ffff | ff48 8944 | 2430 6690 

  0x00007fa0312f2558: ;   {runtime_call UncommonTrapBlob}
  0x00007fa0312f2558: c5f8 77e8 

  0x00007fa0312f255c: ; ImmutableOopMap {[24]=Oop [32]=Oop [40]=NarrowOop [48]=Oop }
                      ;*checkcast {reexecute=0 rethrow=0 return_oop=0}
                      ; - java.security.CodeSource::getCertificates@79 (line 213)
                      ; - java.lang.ClassLoader::postDefineClass@24 (line 927)
                      ; - java.lang.ClassLoader::defineClass@37 (line 1018)
                      ; - java.security.SecureClassLoader::defineClass@12 (line 150)
                      ; - java.net.URLClassLoader::defineClass@220 (line 524)
  0x00007fa0312f255c: 2005 7bff | bede ffff | ff4c 8b54 | 2470 4c89 | 5424 184c | 8b54 2440 | 4c89 5424 | 204c 8b54 
  0x00007fa0312f257c: 2448 4c89 | 5424 284c | 8b54 2438 | 4c89 5424 | 304c 8b54 | 2478 4c89 | 5424 604c | 8b54 2478 
  0x00007fa0312f259c: 4c89 5424 | 7066 6690 

  0x00007fa0312f25a4: ;   {runtime_call UncommonTrapBlob}
  0x00007fa0312f25a4: c5f8 77e8 

  0x00007fa0312f25a8: ; ImmutableOopMap {rbp=NarrowOop [24]=Oop [32]=Oop [40]=Oop [88]=Oop [96]=Oop [112]=Oop [152]=Oop [176]=Oop }
                      ;*checkcast {reexecute=0 rethrow=0 return_oop=0}
                      ; - java.util.jar.Manifest::getAttributes@10 (line 159)
                      ; - java.util.jar.Manifest::getTrustedAttributes@2 (line 176)
                      ; - java.util.jar.JavaUtilJarAccessImpl::getTrustedAttributes@2 (line 68)
                      ; - java.net.URLClassLoader::definePackage@42 (line 552)
                      ; - java.net.URLClassLoader::defineClass@64 (line 495)
  0x00007fa0312f25a8: d404 7bff | bede ffff | ff4c 8b54 | 2440 4c89 | 5424 184c | 8b54 2448 | 4c89 5424 | 204c 8b54 
  0x00007fa0312f25c8: 2438 4c89 | 5424 2848 | 8944 2468 

  0x00007fa0312f25d4: ;   {runtime_call UncommonTrapBlob}
  0x00007fa0312f25d4: c5f8 77e8 

  0x00007fa0312f25d8: ; ImmutableOopMap {[24]=Oop [32]=Oop [80]=Oop [104]=Oop [112]=Oop [120]=Oop [152]=Oop }
                      ;*checkcast {reexecute=0 rethrow=0 return_oop=0}
                      ; - java.lang.ClassLoader::definePackage@81 (line 2105)
                      ; - java.lang.ClassLoader::getDefinedPackage@32 (line 2243)
                      ; - java.net.URLClassLoader::getAndVerifyPackage@2 (line 457)
                      ; - java.net.URLClassLoader::defineClass@46 (line 492)
  0x00007fa0312f25d8: a404 7bff | bede ffff | ff48 8b6c | 2470 4c8b | 4424 404c | 8944 2418 | 4c8b 4424 | 484c 8944 
  0x00007fa0312f25f8: 2420 4c8b | 4424 384c | 8944 2428 | 4889 5424 | 504c 8b44 | 2478 4c89 | 4424 584c | 8b84 2498 
  0x00007fa0312f2618: 0000 004c | 8944 2460 | 4889 5424 | 704c 89ac | 2488 0000 | 0044 899c | 2490 0000 | 0044 8994 
  0x00007fa0312f2638: 2498 0000 | 0066 6690 

  0x00007fa0312f2640: ;   {runtime_call UncommonTrapBlob}
  0x00007fa0312f2640: c5f8 77e8 

  0x00007fa0312f2644: ; ImmutableOopMap {rbp=Oop [24]=Oop [32]=Oop [80]=Oop [88]=Oop [96]=Oop [112]=Oop [136]=Oop [152]=NarrowOop }
                      ;*instanceof {reexecute=0 rethrow=0 return_oop=0}
                      ; - java.lang.String::equals@8 (line 1832)
                      ; - java.util.concurrent.ConcurrentHashMap::get@149 (line 947)
                      ; - java.lang.ClassLoader::getDefinedPackage@13 (line 2239)
                      ; - java.net.URLClassLoader::getAndVerifyPackage@2 (line 457)
                      ; - java.net.URLClassLoader::defineClass@46 (line 492)
  0x00007fa0312f2644: 3804 7bff | bede ffff | ff48 8b6c | 2470 4c8b | 4424 404c | 8944 2418 | 4c8b 4424 | 484c 8944 
  0x00007fa0312f2664: 2420 4c8b | 4424 384c | 8944 2428 | 4889 5424 | 504c 8b44 | 2478 4c89 | 4424 584c | 8b84 2498 
  0x00007fa0312f2684: 0000 004c | 8944 2460 | 4889 5424 | 7044 8974 | 2478 4c89 | ac24 9000 | 0000 4489 | 5c24 7c44 
  0x00007fa0312f26a4: 8994 249c | 0000 0090 

  0x00007fa0312f26ac: ;   {runtime_call UncommonTrapBlob}
  0x00007fa0312f26ac: c5f8 77e8 

  0x00007fa0312f26b0: ; ImmutableOopMap {rbp=Oop [24]=Oop [32]=Oop [80]=Oop [88]=Oop [96]=Oop [112]=Oop [120]=NarrowOop [144]=Oop [156]=NarrowOop }
                      ;*instanceof {reexecute=0 rethrow=0 return_oop=0}
                      ; - java.lang.String::equals@8 (line 1832)
                      ; - java.util.concurrent.ConcurrentHashMap::get@149 (line 947)
                      ; - java.lang.ClassLoader::definePackage@47 (line 2101)
                      ; - java.lang.ClassLoader::getDefinedPackage@32 (line 2243)
                      ; - java.net.URLClassLoader::getAndVerifyPackage@2 (line 457)
                      ; - java.net.URLClassLoader::defineClass@46 (line 492)
  0x00007fa0312f26b0: cc03 7bff | bede ffff | ff48 8b6c | 2440 4c8b | 4c24 384c | 894c 2428 | 4889 5424 | 3044 8954 
  0x00007fa0312f26d0: 2440 4c89 | 6c24 484c | 896c 2450 | 4c89 7424 | 5844 895c | 2444 4489 | 4424 6490 

  0x00007fa0312f26ec: ;   {runtime_call UncommonTrapBlob}
  0x00007fa0312f26ec: c5f8 77e8 

  0x00007fa0312f26f0: ; ImmutableOopMap {rbp=Oop [40]=Oop [48]=Oop [64]=NarrowOop [72]=Oop [80]=Oop [88]=Oop [100]=NarrowOop }
                      ;*instanceof {reexecute=0 rethrow=0 return_oop=0}
                      ; - java.lang.String::equals@8 (line 1832)
                      ; - java.util.concurrent.ConcurrentHashMap::get@149 (line 947)
                      ; - java.lang.ClassLoader::getNamedPackage@5 (line 340)
                      ; - java.lang.ClassLoader::postDefineClass@9 (line 924)
                      ; - java.lang.ClassLoader::defineClass@37 (line 1018)
                      ; - java.security.SecureClassLoader::defineClass@12 (line 150)
                      ; - java.net.URLClassLoader::defineClass@220 (line 524)
  0x00007fa0312f26f0: 8c03 7bff | bede ffff | ff48 8b6c | 2470 4c8b | 4424 404c | 8944 2418 | 4c8b 4424 | 484c 8944 
  0x00007fa0312f2710: 2420 4c8b | 4424 384c | 8944 2428 | 4889 5424 | 504c 8b44 | 2478 4c89 | 4424 5848 | 8954 2470 
  0x00007fa0312f2730: 4489 9424 | 8800 0000 | 4489 9c24 | 8c00 0000 | 899c 2494 | 0000 0090 

  0x00007fa0312f2748: ;   {runtime_call UncommonTrapBlob}
  0x00007fa0312f2748: c5f8 77e8 

  0x00007fa0312f274c: ; ImmutableOopMap {rbp=Oop [24]=Oop [32]=Oop [80]=Oop [88]=Oop [112]=Oop [136]=NarrowOop [148]=NarrowOop [152]=Oop }
                      ;*instanceof {reexecute=0 rethrow=0 return_oop=0}
                      ; - java.lang.String::equals@8 (line 1832)
                      ; - java.util.concurrent.ConcurrentHashMap::get@73 (line 940)
                      ; - java.lang.ClassLoader::getDefinedPackage@13 (line 2239)
                      ; - java.net.URLClassLoader::getAndVerifyPackage@2 (line 457)
                      ; - java.net.URLClassLoader::defineClass@46 (line 492)
  0x00007fa0312f274c: 3003 7bff | bede ffff | ff48 8b6c | 2470 4c8b | 4424 404c | 8944 2418 | 4c8b 4424 | 484c 8944 
  0x00007fa0312f276c: 2420 4c8b | 4424 384c | 8944 2428 | 4889 5424 | 504c 8b44 | 2478 4c89 | 4424 584c | 8b84 2498 
  0x00007fa0312f278c: 0000 004c | 8944 2460 | 4889 5424 | 7044 8974 | 2478 4489 | 5424 7c44 | 899c 2490 | 0000 0089 
  0x00007fa0312f27ac: 9c24 9800 | 0000 6690 

  0x00007fa0312f27b4: ;   {runtime_call UncommonTrapBlob}
  0x00007fa0312f27b4: c5f8 77e8 

  0x00007fa0312f27b8: ; ImmutableOopMap {rbp=Oop [24]=Oop [32]=Oop [80]=Oop [88]=Oop [96]=Oop [112]=Oop [120]=NarrowOop [124]=NarrowOop [152]=NarrowOop }
                      ;*instanceof {reexecute=0 rethrow=0 return_oop=0}
                      ; - java.lang.String::equals@8 (line 1832)
                      ; - java.util.concurrent.ConcurrentHashMap::get@73 (line 940)
                      ; - java.lang.ClassLoader::definePackage@47 (line 2101)
                      ; - java.lang.ClassLoader::getDefinedPackage@32 (line 2243)
                      ; - java.net.URLClassLoader::getAndVerifyPackage@2 (line 457)
                      ; - java.net.URLClassLoader::defineClass@46 (line 492)
  0x00007fa0312f27b8: c402 7bff | bede ffff | ff4c 8b54 | 2470 4c89 | 5424 184c | 8b54 2440 | 4c89 5424 | 204c 8b54 
  0x00007fa0312f27d8: 2448 4c89 | 5424 284c | 8b54 2438 | 4c89 5424 | 304c 8b54 | 2478 4c89 | 5424 604c | 8b54 2478 
  0x00007fa0312f27f8: 4c89 5424 | 7044 8984 | 2490 0000 | 0044 899c | 2494 0000 | 0066 6690 

  0x00007fa0312f2810: ;   {runtime_call UncommonTrapBlob}
  0x00007fa0312f2810: c5f8 77e8 

  0x00007fa0312f2814: ; ImmutableOopMap {rbp=NarrowOop [24]=Oop [32]=Oop [40]=Oop [88]=Oop [96]=Oop [112]=Oop [144]=NarrowOop [152]=Oop [176]=Oop }
                      ;*instanceof {reexecute=0 rethrow=0 return_oop=0}
                      ; - java.lang.String::equals@8 (line 1832)
                      ; - java.util.HashMap::getNode@63 (line 570)
                      ; - java.util.HashMap::get@2 (line 556)
                      ; - java.util.jar.Manifest::getAttributes@5 (line 159)
                      ; - java.util.jar.Manifest::getTrustedAttributes@2 (line 176)
                      ; - java.util.jar.JavaUtilJarAccessImpl::getTrustedAttributes@2 (line 68)
                      ; - java.net.URLClassLoader::definePackage@42 (line 552)
                      ; - java.net.URLClassLoader::defineClass@64 (line 495)
  0x00007fa0312f2814: 6802 7bff | bede ffff | ff4c 8b54 | 2470 4c89 | 5424 184c | 8b54 2440 | 4c89 5424 | 204c 8b54 
  0x00007fa0312f2834: 2448 4c89 | 5424 284c | 8b54 2438 | 4c89 5424 | 304c 8b54 | 2478 4c89 | 5424 604c | 8b94 2498 
  0x00007fa0312f2854: 0000 004c | 8954 2468 | 4c8b 5424 | 784c 8954 | 2470 4889 | 9424 9000 | 0000 4489 | 9c24 9800 
  0x00007fa0312f2874: 0000 6690 

  0x00007fa0312f2878: ;   {runtime_call UncommonTrapBlob}
  0x00007fa0312f2878: c5f8 77e8 

  0x00007fa0312f287c: ; ImmutableOopMap {rbp=NarrowOop [24]=Oop [32]=Oop [40]=Oop [88]=Oop [96]=Oop [104]=Oop [112]=Oop [144]=Oop [176]=Oop }
                      ;*instanceof {reexecute=0 rethrow=0 return_oop=0}
                      ; - java.lang.String::equals@8 (line 1832)
                      ; - java.util.HashMap::getNode@128 (line 577)
                      ; - java.util.HashMap::get@2 (line 556)
                      ; - java.util.jar.Manifest::getAttributes@5 (line 159)
                      ; - java.util.jar.Manifest::getTrustedAttributes@2 (line 176)
                      ; - java.util.jar.JavaUtilJarAccessImpl::getTrustedAttributes@2 (line 68)
                      ; - java.net.URLClassLoader::definePackage@42 (line 552)
                      ; - java.net.URLClassLoader::defineClass@64 (line 495)
  0x00007fa0312f287c: 0002 7bff | bede ffff | ff48 8b6c | 2440 488b | 4c24 3848 | 894c 2428 | 4889 5424 | 3044 8954 
  0x00007fa0312f289c: 2440 4c89 | 6c24 484c | 896c 2450 | 4489 4c24 | 4444 895c | 2458 4489 | 4424 6090 

  0x00007fa0312f28b8: ;   {runtime_call UncommonTrapBlob}
  0x00007fa0312f28b8: c5f8 77e8 

  0x00007fa0312f28bc: ; ImmutableOopMap {rbp=Oop [40]=Oop [48]=Oop [64]=NarrowOop [68]=NarrowOop [72]=Oop [80]=Oop [96]=NarrowOop }
                      ;*instanceof {reexecute=0 rethrow=0 return_oop=0}
                      ; - java.lang.String::equals@8 (line 1832)
                      ; - java.util.concurrent.ConcurrentHashMap::get@73 (line 940)
                      ; - java.lang.ClassLoader::getNamedPackage@5 (line 340)
                      ; - java.lang.ClassLoader::postDefineClass@9 (line 924)
                      ; - java.lang.ClassLoader::defineClass@37 (line 1018)
                      ; - java.security.SecureClassLoader::defineClass@12 (line 150)
                      ; - java.net.URLClassLoader::defineClass@220 (line 524)
  0x00007fa0312f28bc: c001 7bff | bede ffff | ff4c 8b54 | 2440 4c89 | 5424 204c | 8b54 2448 | 4c89 5424 | 284c 8b54 
  0x00007fa0312f28dc: 2438 4c89 | 5424 3048 | 8954 2458 | 4c8b 5424 | 784c 8954 | 2460 4889 | 5424 7844 | 89b4 2480 
  0x00007fa0312f28fc: 0000 0090 

  0x00007fa0312f2900: ;   {runtime_call UncommonTrapBlob}
  0x00007fa0312f2900: c5f8 77e8 

  0x00007fa0312f2904: ; ImmutableOopMap {rbp=NarrowOop [32]=Oop [40]=Oop [88]=Oop [96]=Oop [112]=Oop [120]=Oop [128]=NarrowOop [152]=Oop }
                      ;*checkcast {reexecute=0 rethrow=0 return_oop=0}
                      ; - java.lang.ClassLoader::definePackage@50 (line 2101)
                      ; - java.lang.ClassLoader::getDefinedPackage@32 (line 2243)
                      ; - java.net.URLClassLoader::getAndVerifyPackage@2 (line 457)
                      ; - java.net.URLClassLoader::defineClass@46 (line 492)
  0x00007fa0312f2904: 7801 7bff | bef6 ffff | ff48 8b6c | 2470 6690 

  0x00007fa0312f2914: ;   {runtime_call UncommonTrapBlob}
  0x00007fa0312f2914: c5f8 77e8 

  0x00007fa0312f2918: ; ImmutableOopMap {rbp=Oop [72]=Oop }
                      ;*invokevirtual lastIndexOf {reexecute=0 rethrow=0 return_oop=0}
                      ; - java.net.URLClassLoader::defineClass@7 (line 486)
  0x00007fa0312f2918: 6401 7bff | bef6 ffff | ff48 8b6c | 2470 6690 

  0x00007fa0312f2928: ;   {runtime_call UncommonTrapBlob}
  0x00007fa0312f2928: c5f8 77e8 

  0x00007fa0312f292c: ; ImmutableOopMap {rbp=Oop [64]=Oop [72]=Oop }
                      ;*arraylength {reexecute=0 rethrow=0 return_oop=0}
                      ; - java.lang.String::length@4 (line 1481)
                      ; - java.lang.String::lastIndexOf@3 (line 2451)
                      ; - java.net.URLClassLoader::defineClass@7 (line 486)
  0x00007fa0312f292c: 5001 7bff | bef6 ffff | ff48 8b6c | 2470 4489 | 5c24 2890 

  0x00007fa0312f2940: ;   {runtime_call UncommonTrapBlob}
  0x00007fa0312f2940: c5f8 77e8 

  0x00007fa0312f2944: ; ImmutableOopMap {rbp=Oop [64]=Oop }
                      ;*invokevirtual getCodeSourceURL {reexecute=0 rethrow=0 return_oop=0}
                      ; - java.net.URLClassLoader::defineClass@13 (line 487)
  0x00007fa0312f2944: 3801 7bff | bef6 ffff | ff4c 896c | 2428 6690 

  0x00007fa0312f2954: ;   {runtime_call UncommonTrapBlob}
  0x00007fa0312f2954: c5f8 77e8 

  0x00007fa0312f2958: ; ImmutableOopMap {[40]=Oop [64]=Oop [88]=Oop [112]=Oop }
                      ;*invokevirtual get {reexecute=0 rethrow=0 return_oop=0}
                      ; - jdk.internal.perf.PerfCounter::get@5 (line 84)
                      ; - jdk.internal.perf.PerfCounter::add@1 (line 98)
                      ; - jdk.internal.perf.PerfCounter::addElapsedTimeFrom@6 (line 120)
                      ; - java.net.URLClassLoader::defineClass@207 (line 523)
  0x00007fa0312f2958: 2401 7bff | bef6 ffff | ff4c 896c | 2420 6690 

  0x00007fa0312f2968: ;   {runtime_call UncommonTrapBlob}
  0x00007fa0312f2968: c5f8 77e8 

  0x00007fa0312f296c: ; ImmutableOopMap {[32]=Oop [64]=Oop [112]=Oop }
                      ;*arraylength {reexecute=0 rethrow=0 return_oop=0}
                      ; - java.net.URLClassLoader::defineClass@217 (line 524)
  0x00007fa0312f296c: 1001 7bff | bef6 ffff | ff48 8bea | 4889 5c24 | 1866 6690 

  0x00007fa0312f2980: ;   {runtime_call UncommonTrapBlob}
  0x00007fa0312f2980: c5f8 77e8 

  0x00007fa0312f2984: ; ImmutableOopMap {rbp=Oop [24]=Oop }
                      ;*invokeinterface computeIfAbsent {reexecute=0 rethrow=0 return_oop=0}
                      ; - java.security.SecureClassLoader::getProtectionDomain@29 (line 222)
                      ; - java.security.SecureClassLoader::defineClass@9 (line 150)
                      ; - java.net.URLClassLoader::defineClass@220 (line 524)
  0x00007fa0312f2984: f800 7bff | bef4 ffff | ff48 8b6c | 2428 6690 

  0x00007fa0312f2994: ;   {runtime_call UncommonTrapBlob}
  0x00007fa0312f2994: c5f8 77e8 

  0x00007fa0312f2998: ; ImmutableOopMap {rbp=Oop [64]=Oop [88]=Oop }
                      ;*checkcast {reexecute=0 rethrow=0 return_oop=0}
                      ; - java.security.SecureClassLoader::getProtectionDomain@34 (line 222)
                      ; - java.security.SecureClassLoader::defineClass@9 (line 150)
                      ; - java.net.URLClassLoader::defineClass@220 (line 524)
  0x00007fa0312f2998: e400 7bff | bef6 ffff | ff66 6690 

  0x00007fa0312f29a4: ;   {runtime_call UncommonTrapBlob}
  0x00007fa0312f29a4: c5f8 77e8 

  0x00007fa0312f29a8: ; ImmutableOopMap {}
                      ;*arraylength {reexecute=0 rethrow=0 return_oop=0}
                      ; - java.lang.String::isEmpty@4 (line 1494)
                      ; - java.lang.ClassLoader::checkName@5 (line 1145)
                      ; - java.lang.ClassLoader::preDefineClass@1 (line 890)
                      ; - java.lang.ClassLoader::defineClass@4 (line 1015)
                      ; - java.security.SecureClassLoader::defineClass@12 (line 150)
                      ; - java.net.URLClassLoader::defineClass@220 (line 524)
  0x00007fa0312f29a8: d400 7bff | bef6 ffff | ff66 6690 

  0x00007fa0312f29b4: ;   {runtime_call UncommonTrapBlob}
  0x00007fa0312f29b4: c5f8 77e8 

  0x00007fa0312f29b8: ; ImmutableOopMap {}
                      ;*invokevirtual getPackageName {reexecute=0 rethrow=0 return_oop=0}
                      ; - java.lang.ClassLoader::postDefineClass@2 (line 924)
                      ; - java.lang.ClassLoader::defineClass@37 (line 1018)
                      ; - java.security.SecureClassLoader::defineClass@12 (line 150)
                      ; - java.net.URLClassLoader::defineClass@220 (line 524)
  0x00007fa0312f29b8: c400 7bff | bef6 ffff | ff66 6690 

  0x00007fa0312f29c4: ;   {runtime_call UncommonTrapBlob}
  0x00007fa0312f29c4: c5f8 77e8 

  0x00007fa0312f29c8: ; ImmutableOopMap {}
                      ;*invokevirtual hashCode {reexecute=0 rethrow=0 return_oop=0}
                      ; - java.util.concurrent.ConcurrentHashMap::get@1 (line 936)
                      ; - java.lang.ClassLoader::getNamedPackage@5 (line 340)
                      ; - java.lang.ClassLoader::postDefineClass@9 (line 924)
                      ; - java.lang.ClassLoader::defineClass@37 (line 1018)
                      ; - java.security.SecureClassLoader::defineClass@12 (line 150)
                      ; - java.net.URLClassLoader::defineClass@220 (line 524)
  0x00007fa0312f29c8: b400 7bff | bef6 ffff | ff44 895c | 2430 6690 

  0x00007fa0312f29d8: ;   {runtime_call UncommonTrapBlob}
  0x00007fa0312f29d8: c5f8 77e8 

  0x00007fa0312f29dc: ; ImmutableOopMap {rbp=Oop [64]=Oop [112]=Oop }
                      ;*getfield csu {reexecute=1 rethrow=0 return_oop=0}
                      ; - (reexecute) jdk.internal.loader.URLClassPath$JarLoader$2::getCodeSourceURL@4 (line 879)
                      ; - java.net.URLClassLoader::defineClass@13 (line 487)
  0x00007fa0312f29dc: a000 7bff | bef6 ffff | ff48 8b6c | 2470 6690 

  0x00007fa0312f29ec: ;   {runtime_call UncommonTrapBlob}
  0x00007fa0312f29ec: c5f8 77e8 

  0x00007fa0312f29f0: ; ImmutableOopMap {rbp=Oop [64]=Oop [72]=Oop [152]=Oop }
                      ;*arraylength {reexecute=0 rethrow=0 return_oop=0}
                      ; - java.lang.String::length@4 (line 1481)
                      ; - java.lang.String::substring@1 (line 2708)
                      ; - java.net.URLClassLoader::defineClass@28 (line 489)
  0x00007fa0312f29f0: 8c00 7bff | bef6 ffff | ff48 8b6c | 2470 4c8b | 5c24 384c | 895c 2420 | 4c89 5424 | 3866 6690 
  0x00007fa0312f2a10: ;   {runtime_call UncommonTrapBlob}
  0x00007fa0312f2a10: c5f8 77e8 

  0x00007fa0312f2a14: ; ImmutableOopMap {rbp=Oop [56]=Oop [64]=Oop [152]=Oop [160]=Oop }
                      ;*getfield jar {reexecute=1 rethrow=0 return_oop=0}
                      ; - (reexecute) jdk.internal.loader.URLClassPath$JarLoader$2::getManifest@7 (line 885)
                      ; - java.net.URLClassLoader::defineClass@34 (line 491)
  0x00007fa0312f2a14: 6800 7bff | bef6 ffff | ff48 8b6c | 2470 4c8b | 5c24 384c | 895c 2420 | 4c89 5424 | 3866 6690 
  0x00007fa0312f2a34: ;   {runtime_call UncommonTrapBlob}
  0x00007fa0312f2a34: c5f8 77e8 

  0x00007fa0312f2a38: ; ImmutableOopMap {rbp=Oop [56]=Oop [64]=Oop [152]=Oop [160]=Oop }
                      ;*invokevirtual ensureInitialization {reexecute=0 rethrow=0 return_oop=0}
                      ; - java.util.jar.JavaUtilJarAccessImpl::ensureInitialization@1 (line 72)
                      ; - jdk.internal.loader.URLClassPath$JarLoader$2::getManifest@10 (line 885)
                      ; - java.net.URLClassLoader::defineClass@34 (line 491)
  0x00007fa0312f2a38: 4400 7bff | bef6 ffff | ff48 8b6c | 2470 4c8b | 5c24 384c | 895c 2420 | 4c89 5424 | 3866 6690 
  0x00007fa0312f2a58: ;   {runtime_call UncommonTrapBlob}
  0x00007fa0312f2a58: c5f8 77e8 

  0x00007fa0312f2a5c: ; ImmutableOopMap {rbp=Oop [56]=Oop [64]=Oop [152]=Oop [160]=Oop }
                      ;*getfield jar {reexecute=1 rethrow=0 return_oop=0}
                      ; - (reexecute) jdk.internal.loader.URLClassPath$JarLoader$2::getManifest@19 (line 886)
                      ; - java.net.URLClassLoader::defineClass@34 (line 491)
  0x00007fa0312f2a5c: 2000 7bff | bef6 ffff | ff48 8b6c | 2470 4c8b | 5c24 384c | 895c 2420 | 4c89 5424 | 3866 6690 
  0x00007fa0312f2a7c: ;   {runtime_call UncommonTrapBlob}
  0x00007fa0312f2a7c: c5f8 77e8 

  0x00007fa0312f2a80: ; ImmutableOopMap {rbp=Oop [56]=Oop [64]=Oop [152]=Oop [160]=Oop }
                      ;*invokevirtual getManifest {reexecute=0 rethrow=0 return_oop=0}
                      ; - jdk.internal.loader.URLClassPath$JarLoader$2::getManifest@22 (line 886)
                      ; - java.net.URLClassLoader::defineClass@34 (line 491)
  0x00007fa0312f2a80: fcff 7aff | bef6 ffff | ff66 6690 

  0x00007fa0312f2a8c: ;   {runtime_call UncommonTrapBlob}
  0x00007fa0312f2a8c: c5f8 77e8 

  0x00007fa0312f2a90: ; ImmutableOopMap {[64]=Oop [88]=Oop [112]=Oop [152]=Oop }
                      ;*invokevirtual getCodeSigners {reexecute=0 rethrow=0 return_oop=0}
                      ; - jdk.internal.loader.URLClassPath$JarLoader$2::getCodeSigners@4 (line 891)
                      ; - java.net.URLClassLoader::defineClass@185 (line 521)
  0x00007fa0312f2a90: ecff 7aff | 4d85 d240 | 0f95 c540 | 0fb6 ed83 | f501 be45 | ffff ff4c | 8b54 2448 | 4c89 5424 
  0x00007fa0312f2ab0: 2048 8944 | 2428 4c8b | 5424 384c | 8954 2430 

  0x00007fa0312f2ac0: ;   {runtime_call UncommonTrapBlob}
  0x00007fa0312f2ac0: c5f8 77e8 

  0x00007fa0312f2ac4: ; ImmutableOopMap {[32]=Oop [40]=Oop [48]=Oop [64]=Oop }
                      ;*ifeq {reexecute=1 rethrow=0 return_oop=0}
                      ; - (reexecute) java.lang.Class::getPackageName@29 (line 1081)
                      ; - java.lang.ClassLoader::postDefineClass@2 (line 924)
                      ; - java.lang.ClassLoader::defineClass@37 (line 1018)
                      ; - java.security.SecureClassLoader::defineClass@12 (line 150)
                      ; - java.net.URLClassLoader::defineClass@220 (line 524)
  0x00007fa0312f2ac4: b8ff 7aff | bef6 ffff | ff66 6690 

  0x00007fa0312f2ad0: ;   {runtime_call UncommonTrapBlob}
  0x00007fa0312f2ad0: c5f8 77e8 

  0x00007fa0312f2ad4: ; ImmutableOopMap {}
                      ;*arraylength {reexecute=0 rethrow=0 return_oop=0}
                      ; - java.lang.String::length@4 (line 1481)
                      ; - java.lang.String::lastIndexOf@3 (line 2451)
                      ; - java.lang.Class::getPackageName@47 (line 1085)
                      ; - java.lang.ClassLoader::postDefineClass@2 (line 924)
                      ; - java.lang.ClassLoader::defineClass@37 (line 1018)
                      ; - java.security.SecureClassLoader::defineClass@12 (line 150)
                      ; - java.net.URLClassLoader::defineClass@220 (line 524)
  0x00007fa0312f2ad4: a8ff 7aff | bef6 ffff | ff48 8b6c | 2470 4c8b | 5424 404c | 8954 2418 | 4c8b 5424 | 384c 8954 
  0x00007fa0312f2af4: 2428 4889 | 5424 3890 

  0x00007fa0312f2afc: ;   {runtime_call UncommonTrapBlob}
  0x00007fa0312f2afc: c5f8 77e8 

  0x00007fa0312f2b00: ; ImmutableOopMap {rbp=Oop [24]=Oop [56]=Oop [72]=Oop [120]=Oop [152]=Oop }
                      ;*arraylength {reexecute=0 rethrow=0 return_oop=0}
                      ; - java.lang.String::isEmpty@4 (line 1494)
                      ; - java.lang.ClassLoader::definePackage@1 (line 2096)
                      ; - java.lang.ClassLoader::getDefinedPackage@32 (line 2243)
                      ; - java.net.URLClassLoader::getAndVerifyPackage@2 (line 457)
                      ; - java.net.URLClassLoader::defineClass@46 (line 492)
  0x00007fa0312f2b00: 7cff 7aff | bef6 ffff | ff4c 8b54 | 2440 4c89 | 5424 184c | 8b54 2438 | 4c89 5424 | 2848 8954 
  0x00007fa0312f2b20: 2438 6690 

  0x00007fa0312f2b24: ;   {runtime_call UncommonTrapBlob}
  0x00007fa0312f2b24: c5f8 77e8 

  0x00007fa0312f2b28: ; ImmutableOopMap {[24]=Oop [56]=Oop [72]=Oop [112]=Oop [120]=Oop [152]=Oop }
                      ;*invokevirtual isNamed {reexecute=0 rethrow=0 return_oop=0}
                      ; - java.lang.Package::isSealed@4 (line 235)
                      ; - java.net.URLClassLoader::getAndVerifyPackage@14 (line 460)
                      ; - java.net.URLClassLoader::defineClass@46 (line 492)
  0x00007fa0312f2b28: 54ff 7aff | bef6 ffff | ff4c 8b54 | 2440 4c89 | 5424 184c | 8b54 2438 | 4c89 5424 | 2848 8954 
  0x00007fa0312f2b48: 2438 6690 

  0x00007fa0312f2b4c: ;   {runtime_call UncommonTrapBlob}
  0x00007fa0312f2b4c: c5f8 77e8 

  0x00007fa0312f2b50: ; ImmutableOopMap {[24]=Oop [56]=Oop [72]=Oop [112]=Oop [120]=Oop [152]=Oop }
                      ;*getfield sealBase {reexecute=1 rethrow=0 return_oop=0}
                      ; - (reexecute) java.lang.Package::isSealed@14 (line 235)
                      ; - java.net.URLClassLoader::getAndVerifyPackage@14 (line 460)
                      ; - java.net.URLClassLoader::defineClass@46 (line 492)
  0x00007fa0312f2b50: 2cff 7aff | be45 ffff | ff48 8b6c | 2428 4c8b | 5424 384c | 8954 2420 | 4c8b 5424 | 404c 8954 
  0x00007fa0312f2b70: 2430 4889 | 5c24 4844 | 896c 2450 

  0x00007fa0312f2b7c: ;   {runtime_call UncommonTrapBlob}
  0x00007fa0312f2b7c: c5f8 77e8 

  0x00007fa0312f2b80: ; ImmutableOopMap {rbp=Oop [32]=Oop [48]=Oop [72]=Oop [80]=NarrowOop [88]=Oop }
                      ;*ifnull {reexecute=1 rethrow=0 return_oop=0}
                      ; - (reexecute) java.lang.ClassLoader::checkCerts@30 (line 1157)
                      ; - java.lang.ClassLoader::preDefineClass@113 (line 907)
                      ; - java.lang.ClassLoader::defineClass@4 (line 1015)
                      ; - java.security.SecureClassLoader::defineClass@12 (line 150)
                      ; - java.net.URLClassLoader::defineClass@220 (line 524)
  0x00007fa0312f2b80: fcfe 7aff | be45 ffff | ff48 8b6c | 2448 48ff | 7424 3848 | 8f44 2420 | 4489 4424 | 3866 6690 
  0x00007fa0312f2ba0: ;   {runtime_call UncommonTrapBlob}
  0x00007fa0312f2ba0: c5f8 77e8 

  0x00007fa0312f2ba4: ; ImmutableOopMap {rbp=Oop [32]=Oop [56]=NarrowOop [64]=Oop [88]=Oop }
                      ;*ifnull {reexecute=1 rethrow=0 return_oop=0}
                      ; - (reexecute) java.lang.ClassLoader::defineClassSourceLocation@8 (line 916)
                      ; - java.lang.ClassLoader::defineClass@12 (line 1016)
                      ; - java.security.SecureClassLoader::defineClass@12 (line 150)
                      ; - java.net.URLClassLoader::defineClass@220 (line 524)
  0x00007fa0312f2ba4: d8fe 7aff | be45 ffff | ff48 8b6c | 2470 4c8b | 4424 404c | 8944 2418 | 4c8b 4424 | 384c 8944 
  0x00007fa0312f2bc4: 2420 4c89 | 5424 4044 | 895c 244c 

  0x00007fa0312f2bd0: ;   {runtime_call UncommonTrapBlob}
  0x00007fa0312f2bd0: c5f8 77e8 

  0x00007fa0312f2bd4: ; ImmutableOopMap {rbp=Oop [24]=Oop [64]=Oop [76]=NarrowOop [152]=Oop [160]=Oop }
                      ;*ifnonnull {reexecute=1 rethrow=0 return_oop=0}
                      ; - (reexecute) jdk.internal.access.SharedSecrets::javaUtilJarAccess@5 (line 104)
                      ; - jdk.internal.loader.URLClassPath$JarLoader$2::getManifest@0 (line 885)
                      ; - java.net.URLClassLoader::defineClass@34 (line 491)
  0x00007fa0312f2bd4: a8fe 7aff | bef6 ffff | ff66 6690 

  0x00007fa0312f2be0: ;   {runtime_call UncommonTrapBlob}
  0x00007fa0312f2be0: c5f8 77e8 

  0x00007fa0312f2be4: ; ImmutableOopMap {}
                      ;*arraylength {reexecute=0 rethrow=0 return_oop=0}
                      ; - java.lang.String::isEmpty@4 (line 1494)
                      ; - java.lang.NamedPackage::<init>@5 (line 48)
                      ; - java.lang.ClassLoader::getNamedPackage@22 (line 342)
                      ; - java.lang.ClassLoader::postDefineClass@9 (line 924)
                      ; - java.lang.ClassLoader::defineClass@37 (line 1018)
                      ; - java.security.SecureClassLoader::defineClass@12 (line 150)
                      ; - java.net.URLClassLoader::defineClass@220 (line 524)
  0x00007fa0312f2be4: 98fe 7aff | bef6 ffff | ff48 8b6c | 2470 4c8b | 5424 404c | 8954 2418 | 4c8b 5424 | 384c 8954 
  0x00007fa0312f2c04: 2428 6690 

  0x00007fa0312f2c08: ;   {runtime_call UncommonTrapBlob}
  0x00007fa0312f2c08: c5f8 77e8 

  0x00007fa0312f2c0c: ; ImmutableOopMap {rbp=Oop [24]=Oop [72]=Oop [88]=Oop [120]=Oop [152]=Oop }
                      ;*invokevirtual concat {reexecute=0 rethrow=0 return_oop=0}
                      ; - java.net.URLClassLoader::definePackage@39 (line 552)
                      ; - java.net.URLClassLoader::defineClass@64 (line 495)
  0x00007fa0312f2c0c: 70fe 7aff | bef6 ffff | ff48 8b6c | 2470 4c8b | 5424 404c | 8954 2418 | 4c8b 5424 | 384c 8954 
  0x00007fa0312f2c2c: 2428 6690 

  0x00007fa0312f2c30: ;   {runtime_call UncommonTrapBlob}
  0x00007fa0312f2c30: c5f8 77e8 

  0x00007fa0312f2c34: ; ImmutableOopMap {rbp=Oop [24]=Oop [72]=Oop [88]=Oop [120]=Oop [152]=Oop }
                      ;*arraylength {reexecute=0 rethrow=0 return_oop=0}
                      ; - java.lang.String::isEmpty@4 (line 1494)
                      ; - java.lang.StringConcatHelper::simpleConcat@11 (line 409)
                      ; - java.lang.String::concat@11 (line 2774)
                      ; - java.net.URLClassLoader::definePackage@39 (line 552)
                      ; - java.net.URLClassLoader::defineClass@64 (line 495)
  0x00007fa0312f2c34: 48fe 7aff | bef6 ffff | ff48 8b6c | 2470 4c8b | 5424 404c | 8954 2418 | 4c8b 5424 | 484c 8954 
  0x00007fa0312f2c54: 2420 4c8b | 5424 384c | 8954 2428 

  0x00007fa0312f2c60: ;   {runtime_call UncommonTrapBlob}
  0x00007fa0312f2c60: c5f8 77e8 

  0x00007fa0312f2c64: ; ImmutableOopMap {rbp=Oop [24]=Oop [32]=Oop [88]=Oop [120]=Oop [152]=Oop [176]=Oop }
                      ;*invokeinterface get {reexecute=0 rethrow=0 return_oop=0}
                      ; - java.util.jar.Manifest::getAttributes@5 (line 159)
                      ; - java.util.jar.Manifest::getTrustedAttributes@2 (line 176)
                      ; - java.util.jar.JavaUtilJarAccessImpl::getTrustedAttributes@2 (line 68)
                      ; - java.net.URLClassLoader::definePackage@42 (line 552)
                      ; - java.net.URLClassLoader::defineClass@64 (line 495)
  0x00007fa0312f2c64: 18fe 7aff | be45 ffff | ff48 8954 | 2418 4489 | 4424 3090 

  0x00007fa0312f2c78: ;   {runtime_call UncommonTrapBlob}
  0x00007fa0312f2c78: c5f8 77e8 

  0x00007fa0312f2c7c: ; ImmutableOopMap {[24]=Oop [48]=NarrowOop [56]=Oop [64]=Oop }
                      ;*ifnull {reexecute=1 rethrow=0 return_oop=0}
                      ; - (reexecute) java.lang.ClassLoader::postDefineClass@17 (line 926)
                      ; - java.lang.ClassLoader::defineClass@37 (line 1018)
                      ; - java.security.SecureClassLoader::defineClass@12 (line 150)
                      ; - java.net.URLClassLoader::defineClass@220 (line 524)
  0x00007fa0312f2c7c: 00fe 7aff | bef6 ffff | ff66 6690 

  0x00007fa0312f2c88: ;   {runtime_call UncommonTrapBlob}
  0x00007fa0312f2c88: c5f8 77e8 

  0x00007fa0312f2c8c: ; ImmutableOopMap {}
                      ;*arraylength {reexecute=0 rethrow=0 return_oop=0}
                      ; - java.lang.StringLatin1::hashCode@5 (line 196)
                      ; - java.lang.String::hashCode@27 (line 2344)
                      ; - java.util.concurrent.ConcurrentHashMap::get@1 (line 936)
                      ; - java.lang.ClassLoader::getNamedPackage@5 (line 340)
                      ; - java.lang.ClassLoader::postDefineClass@9 (line 924)
                      ; - java.lang.ClassLoader::defineClass@37 (line 1018)
                      ; - java.security.SecureClassLoader::defineClass@12 (line 150)
                      ; - java.net.URLClassLoader::defineClass@220 (line 524)
  0x00007fa0312f2c8c: f0fd 7aff | bef6 ffff | ff48 8b6c | 2470 4c8b | 5424 404c | 8954 2418 | 4c8b 5424 | 384c 8954 
  0x00007fa0312f2cac: 2428 6690 

  0x00007fa0312f2cb0: ;   {runtime_call UncommonTrapBlob}
  0x00007fa0312f2cb0: c5f8 77e8 

  0x00007fa0312f2cb4: ; ImmutableOopMap {rbp=Oop [24]=Oop [72]=Oop [120]=Oop [152]=Oop [160]=Oop }
                      ;*arraylength {reexecute=0 rethrow=0 return_oop=0}
                      ; - java.lang.StringLatin1::hashCode@5 (line 196)
                      ; - java.lang.String::hashCode@27 (line 2344)
                      ; - java.util.concurrent.ConcurrentHashMap::get@1 (line 936)
                      ; - java.lang.ClassLoader::getDefinedPackage@13 (line 2239)
                      ; - java.net.URLClassLoader::getAndVerifyPackage@2 (line 457)
                      ; - java.net.URLClassLoader::defineClass@46 (line 492)
  0x00007fa0312f2cb4: c8fd 7aff | bef4 ffff | ff4c 8b54 | 2440 4c89 | 5424 184c | 8b54 2448 | 4c89 5424 | 204c 8b54 
  0x00007fa0312f2cd4: 2438 4c89 | 5424 2890 

  0x00007fa0312f2cdc: ;   {runtime_call UncommonTrapBlob}
  0x00007fa0312f2cdc: c5f8 77e8 

  0x00007fa0312f2ce0: ; ImmutableOopMap {[24]=Oop [32]=Oop [80]=Oop [112]=Oop [120]=Oop [152]=Oop }
                      ;*checkcast {reexecute=0 rethrow=0 return_oop=0}
                      ; - java.lang.ClassLoader::definePackage@81 (line 2105)
                      ; - java.lang.ClassLoader::getDefinedPackage@32 (line 2243)
                      ; - java.net.URLClassLoader::getAndVerifyPackage@2 (line 457)
                      ; - java.net.URLClassLoader::defineClass@46 (line 492)
  0x00007fa0312f2ce0: 9cfd 7aff | be45 ffff | ff48 8b6c | 2470 4c8b | 5424 404c | 8954 2418 | 4c8b 5424 | 484c 8954 
  0x00007fa0312f2d00: 2420 4c8b | 5424 384c | 8954 2428 | 4889 5424 | 5044 895c | 246c 6690 

  0x00007fa0312f2d18: ;   {runtime_call UncommonTrapBlob}
  0x00007fa0312f2d18: c5f8 77e8 

  0x00007fa0312f2d1c: ; ImmutableOopMap {rbp=Oop [24]=Oop [32]=Oop [80]=Oop [108]=NarrowOop [120]=Oop [152]=Oop }
                      ;*ifnonnull {reexecute=1 rethrow=0 return_oop=0}
                      ; - (reexecute) jdk.internal.access.SharedSecrets::javaUtilJarAccess@5 (line 104)
                      ; - java.net.URLClassLoader::definePackage@24 (line 551)
                      ; - java.net.URLClassLoader::defineClass@64 (line 495)
  0x00007fa0312f2d1c: 60fd 7aff | be45 ffff | ff48 8b6c | 2440 488b | 4c24 3848 | 894c 2428 | 4889 5424 | 3044 8954 
  0x00007fa0312f2d3c: 2440 4c89 | 6c24 4844 | 894c 2444 | 4489 5c24 | 5444 8944 | 2458 6690 

  0x00007fa0312f2d54: ;   {runtime_call UncommonTrapBlob}
  0x00007fa0312f2d54: c5f8 77e8 

  0x00007fa0312f2d58: ; ImmutableOopMap {rbp=Oop [40]=Oop [48]=Oop [64]=NarrowOop [68]=NarrowOop [72]=Oop [88]=NarrowOop }
                      ;*ifnull {reexecute=1 rethrow=0 return_oop=0}
                      ; - (reexecute) java.util.concurrent.ConcurrentHashMap::get@67 (line 940)
                      ; - java.lang.ClassLoader::getNamedPackage@5 (line 340)
                      ; - java.lang.ClassLoader::postDefineClass@9 (line 924)
                      ; - java.lang.ClassLoader::defineClass@37 (line 1018)
                      ; - java.security.SecureClassLoader::defineClass@12 (line 150)
                      ; - java.net.URLClassLoader::defineClass@220 (line 524)
  0x00007fa0312f2d58: 24fd 7aff | be45 ffff | ff48 8b6c | 2470 4c8b | 4424 404c | 8944 2418 | 4c8b 4424 | 484c 8944 
  0x00007fa0312f2d78: 2420 4c8b | 4424 384c | 8944 2428 | 4889 5424 | 504c 8b44 | 2478 4c89 | 4424 5848 | 8954 2470 
  0x00007fa0312f2d98: 4489 9424 | 8000 0000 | 4489 9c24 | 8800 0000 | 899c 248c | 0000 0090 

  0x00007fa0312f2db0: ;   {runtime_call UncommonTrapBlob}
  0x00007fa0312f2db0: c5f8 77e8 

  0x00007fa0312f2db4: ; ImmutableOopMap {rbp=Oop [24]=Oop [32]=Oop [80]=Oop [88]=Oop [112]=Oop [128]=NarrowOop [140]=NarrowOop [152]=Oop }
                      ;*ifnull {reexecute=1 rethrow=0 return_oop=0}
                      ; - (reexecute) java.util.concurrent.ConcurrentHashMap::get@67 (line 940)
                      ; - java.lang.ClassLoader::getDefinedPackage@13 (line 2239)
                      ; - java.net.URLClassLoader::getAndVerifyPackage@2 (line 457)
                      ; - java.net.URLClassLoader::defineClass@46 (line 492)
  0x00007fa0312f2db4: c8fc 7aff | bef6 ffff | ff48 8b6c | 2470 4c8b | 5424 404c | 8954 2418 | 4c8b 5424 | 384c 8954 
  0x00007fa0312f2dd4: 2428 6690 

  0x00007fa0312f2dd8: ;   {runtime_call UncommonTrapBlob}
  0x00007fa0312f2dd8: c5f8 77e8 

  0x00007fa0312f2ddc: ; ImmutableOopMap {rbp=Oop [24]=Oop [72]=Oop [88]=Oop [120]=Oop [152]=Oop }
                      ;*arraylength {reexecute=0 rethrow=0 return_oop=0}
                      ; - java.lang.StringLatin1::hashCode@5 (line 196)
                      ; - java.lang.String::hashCode@27 (line 2344)
                      ; - java.util.HashMap::hash@9 (line 338)
                      ; - java.util.HashMap::getNode@23 (line 568)
                      ; - java.util.HashMap::get@2 (line 556)
                      ; - java.util.jar.Manifest::getAttributes@5 (line 159)
                      ; - java.util.jar.Manifest::getTrustedAttributes@2 (line 176)
                      ; - java.util.jar.JavaUtilJarAccessImpl::getTrustedAttributes@2 (line 68)
                      ; - java.net.URLClassLoader::definePackage@42 (line 552)
                      ; - java.net.URLClassLoader::defineClass@64 (line 495)
  0x00007fa0312f2ddc: a0fc 7aff | be45 ffff | ff48 8b6c | 2470 4c8b | 4424 404c | 8944 2418 | 4c8b 4424 | 484c 8944 
  0x00007fa0312f2dfc: 2420 4c8b | 4424 384c | 8944 2428 | 4889 5424 | 504c 8b44 | 2478 4c89 | 4424 5848 | 8954 2470 
  0x00007fa0312f2e1c: 4489 7424 | 7844 8954 | 247c 4489 | 9c24 8c00 | 0000 899c | 2490 0000 | 0066 6690 

  0x00007fa0312f2e38: ;   {runtime_call UncommonTrapBlob}
  0x00007fa0312f2e38: c5f8 77e8 

  0x00007fa0312f2e3c: ; ImmutableOopMap {rbp=Oop [24]=Oop [32]=Oop [80]=Oop [88]=Oop [112]=Oop [120]=NarrowOop [124]=NarrowOop [144]=NarrowOop [152]=Oop }
                      ;*ifnull {reexecute=1 rethrow=0 return_oop=0}
                      ; - (reexecute) java.util.concurrent.ConcurrentHashMap::get@67 (line 940)
                      ; - java.lang.ClassLoader::definePackage@47 (line 2101)
                      ; - java.lang.ClassLoader::getDefinedPackage@32 (line 2243)
                      ; - java.net.URLClassLoader::getAndVerifyPackage@2 (line 457)
                      ; - java.net.URLClassLoader::defineClass@46 (line 492)
  0x00007fa0312f2e3c: 40fc 7aff | be45 ffff | ff48 8b6c | 2440 4c8b | 4c24 384c | 894c 2428 | 4889 5424 | 3044 8954 
  0x00007fa0312f2e5c: 2440 4c89 | 6c24 484c | 8974 2450 | 4489 5c24 | 5844 8944 | 245c 6690 

  0x00007fa0312f2e74: ;   {runtime_call UncommonTrapBlob}
  0x00007fa0312f2e74: c5f8 77e8 

  0x00007fa0312f2e78: ; ImmutableOopMap {rbp=Oop [40]=Oop [48]=Oop [64]=NarrowOop [72]=Oop [80]=Oop [92]=NarrowOop }
                      ;*ifnull {reexecute=1 rethrow=0 return_oop=0}
                      ; - (reexecute) java.util.concurrent.ConcurrentHashMap::get@143 (line 946)
                      ; - java.lang.ClassLoader::getNamedPackage@5 (line 340)
                      ; - java.lang.ClassLoader::postDefineClass@9 (line 924)
                      ; - java.lang.ClassLoader::defineClass@37 (line 1018)
                      ; - java.security.SecureClassLoader::defineClass@12 (line 150)
                      ; - java.net.URLClassLoader::defineClass@220 (line 524)
  0x00007fa0312f2e78: 04fc 7aff | be45 ffff | ff48 8b6c | 2470 4c8b | 4424 404c | 8944 2418 | 4c8b 4424 | 484c 8944 
  0x00007fa0312f2e98: 2420 4c8b | 4424 384c | 8944 2428 | 4889 5424 | 504c 8b44 | 2478 4c89 | 4424 5848 | 8954 2470 
  0x00007fa0312f2eb8: 4c89 ac24 | 8000 0000 | 4489 9c24 | 8c00 0000 | 4489 9424 | 9000 0000 

  0x00007fa0312f2ed0: ;   {runtime_call UncommonTrapBlob}
  0x00007fa0312f2ed0: c5f8 77e8 

  0x00007fa0312f2ed4: ; ImmutableOopMap {rbp=Oop [24]=Oop [32]=Oop [80]=Oop [88]=Oop [112]=Oop [128]=Oop [144]=NarrowOop [152]=Oop }
                      ;*ifnull {reexecute=1 rethrow=0 return_oop=0}
                      ; - (reexecute) java.util.concurrent.ConcurrentHashMap::get@143 (line 946)
                      ; - java.lang.ClassLoader::getDefinedPackage@13 (line 2239)
                      ; - java.net.URLClassLoader::getAndVerifyPackage@2 (line 457)
                      ; - java.net.URLClassLoader::defineClass@46 (line 492)
  0x00007fa0312f2ed4: a8fb 7aff | be45 ffff | ff48 8b6c | 2470 4c8b | 4424 404c | 8944 2418 | 4c8b 4424 | 484c 8944 
  0x00007fa0312f2ef4: 2420 4c8b | 4424 384c | 8944 2428 | 4889 5424 | 504c 8b44 | 2478 4c89 | 4424 5848 | 8954 2470 
  0x00007fa0312f2f14: 4489 7424 | 784c 89ac | 2488 0000 | 0044 899c | 2490 0000 | 0044 8994 | 2494 0000 | 0066 6690 
  0x00007fa0312f2f34: ;   {runtime_call UncommonTrapBlob}
  0x00007fa0312f2f34: c5f8 77e8 

  0x00007fa0312f2f38: ; ImmutableOopMap {rbp=Oop [24]=Oop [32]=Oop [80]=Oop [88]=Oop [112]=Oop [120]=NarrowOop [136]=Oop [148]=NarrowOop [152]=Oop }
                      ;*ifnull {reexecute=1 rethrow=0 return_oop=0}
                      ; - (reexecute) java.util.concurrent.ConcurrentHashMap::get@143 (line 946)
                      ; - java.lang.ClassLoader::definePackage@47 (line 2101)
                      ; - java.lang.ClassLoader::getDefinedPackage@32 (line 2243)
                      ; - java.net.URLClassLoader::getAndVerifyPackage@2 (line 457)
                      ; - java.net.URLClassLoader::defineClass@46 (line 492)
  0x00007fa0312f2f38: 44fb 7aff | be76 ffff | ff4c 8b54 | 2440 4c89 | 5424 204c | 8b54 2438 | 4c89 5424 | 2848 894c 
  0x00007fa0312f2f58: 2440 4489 | 4424 5090 

  0x00007fa0312f2f60: ;   {runtime_call UncommonTrapBlob}
  0x00007fa0312f2f60: c5f8 77e8 

  0x00007fa0312f2f64: ; ImmutableOopMap {[32]=Oop [64]=Oop [88]=Oop [96]=NarrowOop [112]=Oop [152]=Oop }
                      ;*if_icmpge {reexecute=1 rethrow=0 return_oop=0}
                      ; - (reexecute) jdk.internal.loader.Resource::getBytes@50 (line 112)
                      ; - java.net.URLClassLoader::defineClass@179 (line 519)
  0x00007fa0312f2f64: 18fb 7aff | bef6 ffff | ff41 8be8 

  0x00007fa0312f2f70: ;   {runtime_call UncommonTrapBlob}
  0x00007fa0312f2f70: c5f8 77e8 

  0x00007fa0312f2f74: ; ImmutableOopMap {}
                      ;*aaload {reexecute=0 rethrow=0 return_oop=0}
                      ; - java.security.CodeSource::getCertificates@50 (line 210)
                      ; - java.lang.ClassLoader::checkCerts@34 (line 1158)
                      ; - java.lang.ClassLoader::preDefineClass@113 (line 907)
                      ; - java.lang.ClassLoader::defineClass@4 (line 1015)
                      ; - java.security.SecureClassLoader::defineClass@12 (line 150)
                      ; - java.net.URLClassLoader::defineClass@220 (line 524)
  0x00007fa0312f2f74: 08fb 7aff | bef6 ffff | ff66 6690 

  0x00007fa0312f2f80: ;   {runtime_call UncommonTrapBlob}
  0x00007fa0312f2f80: c5f8 77e8 

  0x00007fa0312f2f84: ; ImmutableOopMap {}
                      ;*invokevirtual getSignerCertPath {reexecute=0 rethrow=0 return_oop=0}
                      ; - java.security.CodeSource::getCertificates@51 (line 211)
                      ; - java.lang.ClassLoader::checkCerts@34 (line 1158)
                      ; - java.lang.ClassLoader::preDefineClass@113 (line 907)
                      ; - java.lang.ClassLoader::defineClass@4 (line 1015)
                      ; - java.security.SecureClassLoader::defineClass@12 (line 150)
                      ; - java.net.URLClassLoader::defineClass@220 (line 524)
  0x00007fa0312f2f84: f8fa 7aff | bef6 ffff | ff66 6690 

  0x00007fa0312f2f90: ;   {runtime_call UncommonTrapBlob}
  0x00007fa0312f2f90: c5f8 77e8 

  0x00007fa0312f2f94: ; ImmutableOopMap {}
                      ;*invokevirtual getCertificates {reexecute=0 rethrow=0 return_oop=0}
                      ; - java.security.CodeSource::getCertificates@54 (line 211)
                      ; - java.lang.ClassLoader::checkCerts@34 (line 1158)
                      ; - java.lang.ClassLoader::preDefineClass@113 (line 907)
                      ; - java.lang.ClassLoader::defineClass@4 (line 1015)
                      ; - java.security.SecureClassLoader::defineClass@12 (line 150)
                      ; - java.net.URLClassLoader::defineClass@220 (line 524)
  0x00007fa0312f2f94: e8fa 7aff | bef6 ffff | ff66 6690 

  0x00007fa0312f2fa0: ;   {runtime_call UncommonTrapBlob}
  0x00007fa0312f2fa0: c5f8 77e8 

  0x00007fa0312f2fa4: ; ImmutableOopMap {}
                      ;*arraylength {reexecute=0 rethrow=0 return_oop=0}
                      ; - java.security.CodeSource::getCertificates@40 (line 209)
                      ; - java.lang.ClassLoader::checkCerts@34 (line 1158)
                      ; - java.lang.ClassLoader::preDefineClass@113 (line 907)
                      ; - java.lang.ClassLoader::defineClass@4 (line 1015)
                      ; - java.security.SecureClassLoader::defineClass@12 (line 150)
                      ; - java.net.URLClassLoader::defineClass@220 (line 524)
  0x00007fa0312f2fa4: d8fa 7aff | bef6 ffff | ff41 8beb 

  0x00007fa0312f2fb0: ;   {runtime_call UncommonTrapBlob}
  0x00007fa0312f2fb0: c5f8 77e8 

  0x00007fa0312f2fb4: ; ImmutableOopMap {}
                      ;*aaload {reexecute=0 rethrow=0 return_oop=0}
                      ; - java.security.CodeSource::getCertificates@50 (line 210)
                      ; - java.lang.ClassLoader::postDefineClass@24 (line 927)
                      ; - java.lang.ClassLoader::defineClass@37 (line 1018)
                      ; - java.security.SecureClassLoader::defineClass@12 (line 150)
                      ; - java.net.URLClassLoader::defineClass@220 (line 524)
  0x00007fa0312f2fb4: c8fa 7aff | bef6 ffff | ff66 6690 

  0x00007fa0312f2fc0: ;   {runtime_call UncommonTrapBlob}
  0x00007fa0312f2fc0: c5f8 77e8 

  0x00007fa0312f2fc4: ; ImmutableOopMap {}
                      ;*invokevirtual getSignerCertPath {reexecute=0 rethrow=0 return_oop=0}
                      ; - java.security.CodeSource::getCertificates@51 (line 211)
                      ; - java.lang.ClassLoader::postDefineClass@24 (line 927)
                      ; - java.lang.ClassLoader::defineClass@37 (line 1018)
                      ; - java.security.SecureClassLoader::defineClass@12 (line 150)
                      ; - java.net.URLClassLoader::defineClass@220 (line 524)
  0x00007fa0312f2fc4: b8fa 7aff | bef6 ffff | ff66 6690 

  0x00007fa0312f2fd0: ;   {runtime_call UncommonTrapBlob}
  0x00007fa0312f2fd0: c5f8 77e8 

  0x00007fa0312f2fd4: ; ImmutableOopMap {}
                      ;*invokevirtual getCertificates {reexecute=0 rethrow=0 return_oop=0}
                      ; - java.security.CodeSource::getCertificates@54 (line 211)
                      ; - java.lang.ClassLoader::postDefineClass@24 (line 927)
                      ; - java.lang.ClassLoader::defineClass@37 (line 1018)
                      ; - java.security.SecureClassLoader::defineClass@12 (line 150)
                      ; - java.net.URLClassLoader::defineClass@220 (line 524)
  0x00007fa0312f2fd4: a8fa 7aff | bef6 ffff | ff66 6690 

  0x00007fa0312f2fe0: ;   {runtime_call UncommonTrapBlob}
  0x00007fa0312f2fe0: c5f8 77e8 

  0x00007fa0312f2fe4: ; ImmutableOopMap {}
                      ;*arraylength {reexecute=0 rethrow=0 return_oop=0}
                      ; - java.security.CodeSource::getCertificates@40 (line 209)
                      ; - java.lang.ClassLoader::postDefineClass@24 (line 927)
                      ; - java.lang.ClassLoader::defineClass@37 (line 1018)
                      ; - java.security.SecureClassLoader::defineClass@12 (line 150)
                      ; - java.net.URLClassLoader::defineClass@220 (line 524)
  0x00007fa0312f2fe4: 98fa 7aff | bef4 ffff | ff4c 8b54 | 2438 4c89 | 5424 2090 

  0x00007fa0312f2ff8: ;   {runtime_call UncommonTrapBlob}
  0x00007fa0312f2ff8: c5f8 77e8 

  0x00007fa0312f2ffc: ; ImmutableOopMap {rbp=Oop [24]=Oop [32]=Oop [72]=NarrowOop [88]=Oop [104]=Oop }
                      ;*checkcast {reexecute=0 rethrow=0 return_oop=0}
                      ; - java.security.CodeSource::getCertificates@79 (line 213)
                      ; - java.lang.ClassLoader::checkCerts@34 (line 1158)
                      ; - java.lang.ClassLoader::preDefineClass@113 (line 907)
                      ; - java.lang.ClassLoader::defineClass@4 (line 1015)
                      ; - java.security.SecureClassLoader::defineClass@12 (line 150)
                      ; - java.net.URLClassLoader::defineClass@220 (line 524)
  0x00007fa0312f2ffc: 80fa 7aff | bef4 ffff | ff66 6690 

  0x00007fa0312f3008: ;   {runtime_call UncommonTrapBlob}
  0x00007fa0312f3008: c5f8 77e8 

  0x00007fa0312f300c: ; ImmutableOopMap {[24]=Oop [32]=Oop [40]=NarrowOop }
                      ;*checkcast {reexecute=0 rethrow=0 return_oop=0}
                      ; - java.security.CodeSource::getCertificates@79 (line 213)
                      ; - java.lang.ClassLoader::postDefineClass@24 (line 927)
                      ; - java.lang.ClassLoader::defineClass@37 (line 1018)
                      ; - java.security.SecureClassLoader::defineClass@12 (line 150)
                      ; - java.net.URLClassLoader::defineClass@220 (line 524)
  0x00007fa0312f300c: 70fa 7aff | be97 ffff | ff4c 8b54 | 2440 4c89 | 5424 184c | 8b54 2438 | 4c89 5424 | 204c 8b54 
  0x00007fa0312f302c: 2448 4c89 | 5424 4090 

  0x00007fa0312f3034: ;   {runtime_call UncommonTrapBlob}
  0x00007fa0312f3034: c5f8 77e8 

  0x00007fa0312f3038: ; ImmutableOopMap {[24]=Oop [40]=Oop [64]=Oop [72]=Oop [88]=Oop [112]=Oop }
                      ;*invokevirtual clone {reexecute=1 rethrow=0 return_oop=0}
                      ; - (reexecute) java.security.CodeSource::<init>@42 (line 128)
                      ; - java.net.URLClassLoader::defineClass@198 (line 522)
  0x00007fa0312f3038: 44fa 7aff | be97 ffff | ff48 8b6c | 2428 4c8b | 5424 384c | 8954 2420 

  0x00007fa0312f3050: ;   {runtime_call UncommonTrapBlob}
  0x00007fa0312f3050: c5f8 77e8 

  0x00007fa0312f3054: ; ImmutableOopMap {rbp=Oop [24]=Oop [32]=Oop [72]=Oop [88]=Oop [100]=NarrowOop }
                      ;*invokevirtual clone {reexecute=1 rethrow=0 return_oop=0}
                      ; - (reexecute) java.security.CodeSource::getCertificates@11 (line 203)
                      ; - java.lang.ClassLoader::checkCerts@34 (line 1158)
                      ; - java.lang.ClassLoader::preDefineClass@113 (line 907)
                      ; - java.lang.ClassLoader::defineClass@4 (line 1015)
                      ; - java.security.SecureClassLoader::defineClass@12 (line 150)
                      ; - java.net.URLClassLoader::defineClass@220 (line 524)
  0x00007fa0312f3054: 28fa 7aff | be97 ffff | ff66 6690 

  0x00007fa0312f3060: ;   {runtime_call UncommonTrapBlob}
  0x00007fa0312f3060: c5f8 77e8 

  0x00007fa0312f3064: ; ImmutableOopMap {[24]=Oop [40]=NarrowOop [64]=Oop }
                      ;*invokevirtual clone {reexecute=1 rethrow=0 return_oop=0}
                      ; - (reexecute) java.security.CodeSource::getCertificates@11 (line 203)
                      ; - java.lang.ClassLoader::postDefineClass@24 (line 927)
                      ; - java.lang.ClassLoader::defineClass@37 (line 1018)
                      ; - java.security.SecureClassLoader::defineClass@12 (line 150)
                      ; - java.net.URLClassLoader::defineClass@220 (line 524)
  0x00007fa0312f3064: 18fa 7aff | be97 ffff | ff48 8b6c | 2428 4c8b | 5424 384c | 8954 2420 

  0x00007fa0312f307c: ;   {runtime_call UncommonTrapBlob}
  0x00007fa0312f307c: c5f8 77e8 

  0x00007fa0312f3080: ; ImmutableOopMap {rbp=Oop [24]=Oop [32]=Oop [64]=Oop [88]=Oop [104]=Oop }
                      ;*invokevirtual clone {reexecute=1 rethrow=0 return_oop=0}
                      ; - (reexecute) java.security.CodeSource::getCertificates@89 (line 215)
                      ; - java.lang.ClassLoader::checkCerts@34 (line 1158)
                      ; - java.lang.ClassLoader::preDefineClass@113 (line 907)
                      ; - java.lang.ClassLoader::defineClass@4 (line 1015)
                      ; - java.security.SecureClassLoader::defineClass@12 (line 150)
                      ; - java.net.URLClassLoader::defineClass@220 (line 524)
  0x00007fa0312f3080: fcf9 7aff | be97 ffff | ff66 6690 

  0x00007fa0312f308c: ;   {runtime_call UncommonTrapBlob}
  0x00007fa0312f308c: c5f8 77e8 

  0x00007fa0312f3090: ; ImmutableOopMap {[24]=Oop [32]=Oop [48]=Oop }
                      ;*invokevirtual clone {reexecute=1 rethrow=0 return_oop=0}
                      ; - (reexecute) java.security.CodeSource::getCertificates@89 (line 215)
                      ; - java.lang.ClassLoader::postDefineClass@24 (line 927)
                      ; - java.lang.ClassLoader::defineClass@37 (line 1018)
                      ; - java.security.SecureClassLoader::defineClass@12 (line 150)
                      ; - java.net.URLClassLoader::defineClass@220 (line 524)
  0x00007fa0312f3090: ecf9 7aff | e986 0000 | 0048 8bd8 | 0f1f 4000 | e924 0400 | 00e9 8900 | 0000 e95c | 0600 00e9 
  0x00007fa0312f30b0: 5706 0000 | 4c8b c044 | 8b50 0849 | bb00 0000 | f79f 7f00 | 004d 03da | 4d8b 5350 

  0x00007fa0312f30cc: ;   {metadata('java/io/InterruptedIOException')}
  0x00007fa0312f30cc: 49b9 f073 | 75f8 9f7f | 0000 4d3b | d10f 84dd | 0200 004d 

  0x00007fa0312f30e0: ;   {metadata('java/io/IOException')}
  0x00007fa0312f30e0: 8b53 4849 | bbf0 4204 | f89f 7f00 | 004d 3bd3 | 0f85 0806 | 0000 85ed | 0f85 be02 | 0000 6690 
  0x00007fa0312f3100: e9d3 0200 | 004c 8bc0 | e9f1 0500 | 00e9 f905 | 0000 e9f4 | 0500 004c | 8bc0 e9df | 0500 0048 
  0x00007fa0312f3120: 8944 2418 | e972 0200 | 0048 8944 | 2418 e968 | 0200 0048 | 8944 2418 | 8bac 24a8 | 0000 0090 
  0x00007fa0312f3140: e956 0200 | 00e9 dd00 | 0000 448b | 5808 49ba | 0000 00f7 | 9f7f 0000 | 4d03 d34d 

  0x00007fa0312f315c: ;   {metadata('java/io/InterruptedIOException')}
  0x00007fa0312f315c: 8b52 5049 | bbf0 7375 | f89f 7f00 | 004d 3bd3 | 0f85 2402 | 0000 6690 

  0x00007fa0312f3174: ;   {static_call}
  0x00007fa0312f3174: c5f8 77e8 

  0x00007fa0312f3178: ; ImmutableOopMap {[24]=Oop [48]=Oop [64]=Oop [72]=Oop [88]=Oop [96]=NarrowOop [112]=Oop [136]=Oop [152]=Oop [160]=Oop }
                      ;*invokestatic interrupted {reexecute=0 rethrow=0 return_oop=0}
                      ; - jdk.internal.loader.Resource::getBytes@127 (line 128)
                      ; - java.net.URLClassLoader::defineClass@179 (line 519)
  0x00007fa0312f3178: 047f 7aff | 448b 5424 | 28bd 0100 | 0000 e903 | cdff ffe9 | a004 0000 | 4c8b c044 | 8b58 08e9 
  0x00007fa0312f3198: e500 0000 | 0f1f 4000 | e92c 0500 | 0048 8bf0 | e961 0500 | 00e9 1f05 | 0000 e954 | 0500 00e9 
  0x00007fa0312f31b8: 1505 0000 | 0f1f 4000 | e946 0500 | 00e9 4105 | 0000 e93c | 0500 00e9 | 3705 0000 | 4889 4424 
  0x00007fa0312f31d8: 4048 8b6c | 2470 4c8b | 5424 384c | 8954 2420 

  0x00007fa0312f31e8: ;   {oop(a 'java/lang/ThreadLocal'{0x00000000c0001cf8})}
  0x00007fa0312f31e8: 48be f81c | 00c0 0000 

  0x00007fa0312f31f0: ;   {oop(a 'java/lang/Boolean'{0x00000000c0674c50} = false)}
  0x00007fa0312f31f0: 0000 48ba | 504c 67c0 | 0000 0000 

  0x00007fa0312f31fc: ;   {optimized virtual_call}
  0x00007fa0312f31fc: c5f8 77e8 

  0x00007fa0312f3200: ; ImmutableOopMap {rbp=Oop [24]=Oop [64]=Oop [72]=Oop [96]=Oop [152]=Oop [160]=Oop }
                      ;*invokevirtual set {reexecute=0 rethrow=0 return_oop=0}
                      ; - java.util.jar.JarFile::ensureInitialization@68 (line 1041)
                      ; - java.util.jar.JavaUtilJarAccessImpl::ensureInitialization@1 (line 72)
                      ; - jdk.internal.loader.URLClassPath$JarLoader$2::getManifest@10 (line 885)
                      ; - java.net.URLClassLoader::defineClass@34 (line 491)
  0x00007fa0312f3200: 7c74 7aff | 4c8b 5424 | 4049 8bda | e9b8 0200 | 0048 8bd8 | e9b0 0200 | 0048 8bd8 | 0f1f 4000 
  0x00007fa0312f3220: e9a4 0200 | 00eb 0044 | 8b58 08e9 | 2504 0000 | e9d6 0400 | 00e9 d104 | 0000 e9cc | 0400 0090 
  0x00007fa0312f3240: e9c6 0400 | 0048 8bf0 | e9c1 0400 | 0048 8bf0 | e9b9 0400 | 00e9 b104 | 0000 488b | d844 8b50 
  0x00007fa0312f3260: 08e9 3c02 | 0000 eb00 | 488b f0e9 | 9e04 0000 | e996 0400 | 00e9 9104 | 0000 4c8b | c044 8b58 
  0x00007fa0312f3280: 0849 ba00 | 0000 f79f | 7f00 004d | 03d3 4d8b 

  0x00007fa0312f3290: ;   {metadata('java/io/InterruptedIOException')}
  0x00007fa0312f3290: 5a50 49b9 | f073 75f8 | 9f7f 0000 | 0f1f 4000 | 4d3b d90f | 8453 eeff | ff4d 8b52 

  0x00007fa0312f32ac: ;   {metadata('java/io/IOException')}
  0x00007fa0312f32ac: 4849 bbf0 | 4204 f89f | 7f00 004d | 3bd3 660f | 1f44 0000 | 0f85 3804 | 0000 85ed | 0f84 daaf 
  0x00007fa0312f32cc: ffff e92e | eeff ff4c | 8bc0 448b | 5808 49ba | 0000 00f7 | 9f7f 0000 | 4d03 d34d 

  0x00007fa0312f32e8: ;   {metadata('java/io/InterruptedIOException')}
  0x00007fa0312f32e8: 8b52 5049 | bbf0 7375 | f89f 7f00 | 004d 3bd3 | 0f85 0004 | 0000 6690 

  0x00007fa0312f3300: ;   {static_call}
  0x00007fa0312f3300: c5f8 77e8 

  0x00007fa0312f3304: ; ImmutableOopMap {[48]=Oop [64]=Oop [72]=Oop [88]=Oop [96]=NarrowOop [112]=Oop [152]=Oop [160]=Oop }
                      ;*invokestatic interrupted {reexecute=0 rethrow=0 return_oop=0}
                      ; - jdk.internal.loader.Resource::getBytes@20 (line 103)
                      ; - java.net.URLClassLoader::defineClass@179 (line 519)
  0x00007fa0312f3304: 787d 7aff | 4d8b 9748 

  0x00007fa0312f330c: ; ImmutableOopMap {[48]=Oop [64]=Oop [72]=Oop [88]=Oop [96]=NarrowOop [112]=Oop [152]=Oop [160]=Oop }
                      ;*goto {reexecute=1 rethrow=0 return_oop=0}
                      ; - (reexecute) jdk.internal.loader.Resource::getBytes@26 (line 105)
                      ; - java.net.URLClassLoader::defineClass@179 (line 519)
                      ;   {poll}
  0x00007fa0312f330c: 0300 0041 | 8502 4c8b | 5424 5844 | 8b5c 2460 | bd01 0000 | 00e9 ccac | ffff 448b | 5808 49ba 
  0x00007fa0312f332c: 0000 00f7 | 9f7f 0000 | 4d03 d34d 

  0x00007fa0312f3338: ;   {metadata('java/lang/IllegalArgumentException')}
  0x00007fa0312f3338: 8b52 5049 | bbd8 b204 | f79f 7f00 | 004d 3bd3 | 0f85 fffe | ffff 33c9 | e925 0300 | 00e9 b103 
  0x00007fa0312f3358: 0000 448b | 5808 49ba | 0000 00f7 | 9f7f 0000 | 4d03 d34d 

  0x00007fa0312f336c: ;   {metadata('java/io/InterruptedIOException')}
  0x00007fa0312f336c: 8b52 5049 | bbf0 7375 | f89f 7f00 | 004d 3bd3 | 7518 6690 

  0x00007fa0312f3380: ;   {static_call}
  0x00007fa0312f3380: c5f8 77e8 

  0x00007fa0312f3384: ; ImmutableOopMap {[24]=Oop [48]=Oop [64]=Oop [72]=Oop [88]=Oop [96]=NarrowOop [112]=Oop [136]=Oop [144]=Oop [152]=Oop [160]=Oop }
                      ;*invokestatic interrupted {reexecute=0 rethrow=0 return_oop=0}
                      ; - jdk.internal.loader.Resource::getBytes@127 (line 128)
                      ; - java.net.URLClassLoader::defineClass@179 (line 519)
  0x00007fa0312f3384: f87c 7aff | 8b44 2428 | bd01 0000 | 00e9 c6ae | ffff 4889 | 4424 1844 | 8b5c 2460 | 498b f366 
  0x00007fa0312f33a4: 6690 c5f8 | 7748 b8ff | ffff ffff 

  0x00007fa0312f33b0: ;   {virtual_call}
  0x00007fa0312f33b0: ffff ffe8 

  0x00007fa0312f33b4: ; ImmutableOopMap {[24]=Oop [64]=Oop [88]=Oop [112]=Oop [152]=Oop [160]=Oop }
                      ;*invokevirtual close {reexecute=0 rethrow=0 return_oop=0}
                      ; - jdk.internal.loader.Resource::getBytes@214 (line 145)
                      ; - java.net.URLClassLoader::defineClass@179 (line 519)
  0x00007fa0312f33b4: c877 7aff | 85ed 741c | 4c8b 5424 | 384c 8954 | 2428 488b | b424 a000 | 0000 6690 

  0x00007fa0312f33d0: ;   {optimized virtual_call}
  0x00007fa0312f33d0: c5f8 77e8 

  0x00007fa0312f33d4: ; ImmutableOopMap {[24]=Oop [64]=Oop [88]=Oop [112]=Oop [152]=Oop }
                      ;*invokevirtual interrupt {reexecute=0 rethrow=0 return_oop=0}
                      ; - jdk.internal.loader.Resource::getBytes@236 (line 151)
                      ; - java.net.URLClassLoader::defineClass@179 (line 519)
  0x00007fa0312f33d4: a872 7aff | 4c8b 4424 | 1866 6690 | e919 0300 | 0048 8bd8 | 4c8b 5c24 | 1848 8d84 | 24e0 0000 
  0x00007fa0312f33f4: 0048 8138 | 0000 0000 | 0f84 8300 | 0000 4d8b | 1349 f7c2 | 0200 0000 | 746f 4981 | ba86 0000 
  0x00007fa0312f3414: 0000 0000 | 0074 0949 | ff8a 8600 | 0000 eb51 | 498b 8296 | 0000 0049 | 0b82 8e00 | 0000 750a 
  0x00007fa0312f3434: 49c7 423e | 0000 0000 | eb47 4981 | ba9e 0000 | 0000 0000 | 0074 2548 | 33c0 49c7 | 423e 0000 
  0x00007fa0312f3454: 0000 f083 | 0424 0049 | 81ba 9e00 | 0000 0000 | 0000 750d | f04d 0fb1 | 7a3e 7505 | 83c8 01eb 
  0x00007fa0312f3474: 10f7 c000 | 0000 00eb | 084c 8b10 | f04d 0fb1 | 130f 85b9 | 0200 004c | 8bc3 e96b | 0200 0048 
  0x00007fa0312f3494: 8bf0 e973 | 0200 0048 | 8bd8 448b | 5008 49bb | 0000 00f7 | 9f7f 0000 | 4d03 da4d 

  0x00007fa0312f34b0: ;   {metadata('java/io/IOException')}
  0x00007fa0312f34b0: 8b53 4849 | bbf0 4204 | f89f 7f00 | 0066 6690 | 4d3b d30f | 8455 0200 | 004c 8b5c | 2460 488d 
  0x00007fa0312f34d0: 8424 e000 | 0000 4881 | 3800 0000 | 000f 8483 | 0000 004d | 8b13 49f7 | c202 0000 | 0074 6f49 
  0x00007fa0312f34f0: 81ba 8600 | 0000 0000 | 0000 7409 | 49ff 8a86 | 0000 00eb | 5149 8b82 | 9600 0000 | 490b 828e 
  0x00007fa0312f3510: 0000 0075 | 0a49 c742 | 3e00 0000 | 00eb 4749 | 81ba 9e00 | 0000 0000 | 0000 7425 | 4833 c049 
  0x00007fa0312f3530: c742 3e00 | 0000 00f0 | 8304 2400 | 4981 ba9e | 0000 0000 | 0000 0075 | 0df0 4d0f | b17a 3e75 
  0x00007fa0312f3550: 0583 c801 | eb10 f7c0 | 0000 0000 | eb08 4c8b | 10f0 4d0f | b113 0f84 | 9a01 0000 | 488b 7c24 
  0x00007fa0312f3570: 6048 8db4 | 24e0 0000 | 0049 8bd7 | 0f1f 4000 | c5f8 7749 | ba00 cde1 | 48a0 7f00 | 0041 ffd2 
  0x00007fa0312f3590: e971 0100 | 00e9 7101 | 0000 e96c | 0100 0044 | 8b58 08e9 | ad00 0000 | 448b 5808 | e9a4 0000 
  0x00007fa0312f35b0: 0044 8b58 | 08e9 9b00 | 0000 448b | 5808 6690 | e990 0000 | 0044 8b58 | 08e9 8700 | 0000 448b 
  0x00007fa0312f35d0: 5808 e97e | 0000 0044 | 8b58 080f | 1f44 0000 | e970 0000 | 0044 8b58 | 08e9 6700 | 0000 448b 
  0x00007fa0312f35f0: 5808 e95e | 0000 0044 | 8b58 080f | 1f44 0000 | e950 0000 | 0044 8b58 | 08e9 4700 | 0000 448b 
  0x00007fa0312f3610: 5808 e93e | 0000 0044 | 8b58 080f | 1f44 0000 | e930 0000 | 0044 8b58 | 08e9 2700 | 0000 eb00 
  0x00007fa0312f3630: 448b 5808 | eb1f e9d0 | 0000 000f | 1f44 0000 | e9c6 0000 | 0044 8b58 | 08eb 0a44 | 8b58 08eb 
  0x00007fa0312f3650: 0444 8b58 | 0849 ba00 | 0000 f79f | 7f00 004d | 03d3 4d8b 

  0x00007fa0312f3664: ;   {metadata('java/lang/IllegalArgumentException')}
  0x00007fa0312f3664: 5250 49bb | d8b2 04f7 | 9f7f 0000 | 4d3b d375 | 3f48 8b4c | 2478 488b | 7424 7048 | 8b54 2458 
  0x00007fa0312f3684: 4c8b 8424 | 9800 0000 | 488b ee90 

  0x00007fa0312f3690: ;   {optimized virtual_call}
  0x00007fa0312f3690: c5f8 77e8 

  0x00007fa0312f3694: ; ImmutableOopMap {rbp=Oop [40]=Oop [48]=Oop [64]=Oop [72]=Oop [88]=Oop [112]=Oop [152]=Oop }
                      ;*invokevirtual getAndVerifyPackage {reexecute=0 rethrow=0 return_oop=1}
                      ; - java.net.URLClassLoader::defineClass@97 (line 502)
  0x00007fa0312f3694: e86f 7aff | 4885 c00f | 1f44 0000 | 0f85 4a8f | ffff befd | 0000 0090 

  0x00007fa0312f36ac: ;   {runtime_call UncommonTrapBlob}
  0x00007fa0312f36ac: c5f8 77e8 

  0x00007fa0312f36b0: ; ImmutableOopMap {[88]=Oop }
                      ;*new {reexecute=0 rethrow=0 return_oop=0}
                      ; - java.net.URLClassLoader::defineClass@103 (line 504)
  0x00007fa0312f36b0: ccf3 7aff | 488b f0e9 | 5200 0000 | 0f1f 4000 | e946 0000 | 00e9 4100 | 0000 e93c | 0000 00eb 
  0x00007fa0312f36d0: 0048 8bf0 | e935 0000 | 0048 8bf0 | 0f1f 4000 | e929 0000 | 00e9 2100 | 0000 e91c | 0000 00eb 
  0x00007fa0312f36f0: 1a48 8bf0 | eb18 488b | f0eb 134c | 8bc0 498b | f0eb 0b48 | 8bd8 488b | f3eb 0348 | 8bf0 c5f8 
  0x00007fa0312f3710: 7748 81c4 | 0001 0000 

  0x00007fa0312f3718: ;   {runtime_call _rethrow_Java}
  0x00007fa0312f3718: 5de9 e257 | 85ff 488b | ebbe df01 | 0000 4c8b | 5424 384c | 8954 2428 | 4c8b 5424 | 504c 8954 
  0x00007fa0312f3738: 2448 6690 

  0x00007fa0312f373c: ;   {runtime_call UncommonTrapBlob}
  0x00007fa0312f373c: c5f8 77e8 

  0x00007fa0312f3740: ; ImmutableOopMap {rbp=Oop [32]=Oop [72]=Oop [88]=NarrowOop [112]=Oop [152]=Oop [160]=Oop }
                      ;*new {reexecute=0 rethrow=0 return_oop=0}
                      ; - java.util.jar.JarFile::ensureInitialization@8 (line 1033)
                      ; - java.util.jar.JavaUtilJarAccessImpl::ensureInitialization@1 (line 72)
                      ; - jdk.internal.loader.URLClassPath$JarLoader$2::getManifest@10 (line 885)
                      ; - java.net.URLClassLoader::defineClass@34 (line 491)
  0x00007fa0312f3740: 3cf3 7aff | 498b fb48 | 8db4 24e0 | 0000 0049 | 8bd7 6666 | 0f1f 8400 | 0000 0000 | 6666 6690 
  0x00007fa0312f3760: c5f8 7749 | ba00 cde1 | 48a0 7f00 | 0041 ffd2 | e916 fdff 

  0x00007fa0312f3774: ;   {internal_word}
  0x00007fa0312f3774: ff49 ba7c | d92e 31a0 | 7f00 004d | 8997 5803 

  0x00007fa0312f3784: ;   {runtime_call SafepointBlob}
  0x00007fa0312f3784: 0000 e975 | e17a fff4 | f4f4 f4f4 | f4f4 f4f4 | f4f4 f4f4 | f4f4 f4f4 | f4f4 f4f4 
[Stub Code]
  0x00007fa0312f37a0: ;   {no_reloc}
  0x00007fa0312f37a0: 48bb 0000 | 0000 0000 

  0x00007fa0312f37a8: ;   {runtime_call}
  0x00007fa0312f37a8: 0000 e9fb 

  0x00007fa0312f37ac: ;   {static_stub}
  0x00007fa0312f37ac: ffff ff48 | bb00 0000 | 0000 0000 

  0x00007fa0312f37b8: ;   {runtime_call}
  0x00007fa0312f37b8: 00e9 fbff 

  0x00007fa0312f37bc: ;   {static_stub}
  0x00007fa0312f37bc: ffff 48bb | 0000 0000 | 0000 0000 

  0x00007fa0312f37c8: ;   {runtime_call}
  0x00007fa0312f37c8: e9fb ffff 

  0x00007fa0312f37cc: ;   {static_stub}
  0x00007fa0312f37cc: ff48 bb00 | 0000 0000 

  0x00007fa0312f37d4: ;   {runtime_call}
  0x00007fa0312f37d4: 0000 00e9 | fbff ffff 

  0x00007fa0312f37dc: ;   {static_stub}
  0x00007fa0312f37dc: 48bb 0000 | 0000 0000 

  0x00007fa0312f37e4: ;   {runtime_call}
  0x00007fa0312f37e4: 0000 e9fb 

  0x00007fa0312f37e8: ;   {static_stub}
  0x00007fa0312f37e8: ffff ff48 | bb00 0000 | 0000 0000 

  0x00007fa0312f37f4: ;   {runtime_call}
  0x00007fa0312f37f4: 00e9 fbff 

  0x00007fa0312f37f8: ;   {static_stub}
  0x00007fa0312f37f8: ffff 48bb | 0000 0000 | 0000 0000 

  0x00007fa0312f3804: ;   {runtime_call}
  0x00007fa0312f3804: e9fb ffff 

  0x00007fa0312f3808: ;   {static_stub}
  0x00007fa0312f3808: ff48 bb00 | 0000 0000 

  0x00007fa0312f3810: ;   {runtime_call}
  0x00007fa0312f3810: 0000 00e9 | fbff ffff 

  0x00007fa0312f3818: ;   {static_stub}
  0x00007fa0312f3818: 48bb 0000 | 0000 0000 

  0x00007fa0312f3820: ;   {runtime_call}
  0x00007fa0312f3820: 0000 e9fb 

  0x00007fa0312f3824: ;   {static_stub}
  0x00007fa0312f3824: ffff ff48 | bb00 0000 | 0000 0000 

  0x00007fa0312f3830: ;   {runtime_call}
  0x00007fa0312f3830: 00e9 fbff 

  0x00007fa0312f3834: ;   {static_stub}
  0x00007fa0312f3834: ffff 48bb | 0000 0000 | 0000 0000 

  0x00007fa0312f3840: ;   {runtime_call}
  0x00007fa0312f3840: e9fb ffff 

  0x00007fa0312f3844: ;   {static_stub}
  0x00007fa0312f3844: ff48 bb00 | 0000 0000 

  0x00007fa0312f384c: ;   {runtime_call}
  0x00007fa0312f384c: 0000 00e9 | fbff ffff 

  0x00007fa0312f3854: ;   {static_stub}
  0x00007fa0312f3854: 48bb 0000 | 0000 0000 

  0x00007fa0312f385c: ;   {runtime_call}
  0x00007fa0312f385c: 0000 e9fb 

  0x00007fa0312f3860: ;   {static_stub}
  0x00007fa0312f3860: ffff ff48 | bb00 0000 | 0000 0000 

  0x00007fa0312f386c: ;   {runtime_call}
  0x00007fa0312f386c: 00e9 fbff 

  0x00007fa0312f3870: ;   {static_stub}
  0x00007fa0312f3870: ffff 48bb | 0000 0000 | 0000 0000 

  0x00007fa0312f387c: ;   {runtime_call}
  0x00007fa0312f387c: e9fb ffff 

  0x00007fa0312f3880: ;   {static_stub}
  0x00007fa0312f3880: ff48 bb00 | 0000 0000 

  0x00007fa0312f3888: ;   {runtime_call}
  0x00007fa0312f3888: 0000 00e9 | fbff ffff 

  0x00007fa0312f3890: ;   {static_stub}
  0x00007fa0312f3890: 48bb 0000 | 0000 0000 

  0x00007fa0312f3898: ;   {runtime_call}
  0x00007fa0312f3898: 0000 e9fb 

  0x00007fa0312f389c: ;   {static_stub}
  0x00007fa0312f389c: ffff ff48 | bb00 0000 | 0000 0000 

  0x00007fa0312f38a8: ;   {runtime_call}
  0x00007fa0312f38a8: 00e9 fbff 

  0x00007fa0312f38ac: ;   {static_stub}
  0x00007fa0312f38ac: ffff 48bb | 0000 0000 | 0000 0000 

  0x00007fa0312f38b8: ;   {runtime_call}
  0x00007fa0312f38b8: e9fb ffff 

  0x00007fa0312f38bc: ;   {static_stub}
  0x00007fa0312f38bc: ff48 bb00 | 0000 0000 

  0x00007fa0312f38c4: ;   {runtime_call}
  0x00007fa0312f38c4: 0000 00e9 | fbff ffff 

  0x00007fa0312f38cc: ;   {static_stub}
  0x00007fa0312f38cc: 48bb 0000 | 0000 0000 

  0x00007fa0312f38d4: ;   {runtime_call}
  0x00007fa0312f38d4: 0000 e9fb 

  0x00007fa0312f38d8: ;   {static_stub}
  0x00007fa0312f38d8: ffff ff48 | bb00 0000 | 0000 0000 

  0x00007fa0312f38e4: ;   {runtime_call}
  0x00007fa0312f38e4: 00e9 fbff 

  0x00007fa0312f38e8: ;   {static_stub}
  0x00007fa0312f38e8: ffff 48bb | 0000 0000 | 0000 0000 

  0x00007fa0312f38f4: ;   {runtime_call}
  0x00007fa0312f38f4: e9fb ffff 

  0x00007fa0312f38f8: ;   {static_stub}
  0x00007fa0312f38f8: ff48 bb00 | 0000 0000 

  0x00007fa0312f3900: ;   {runtime_call}
  0x00007fa0312f3900: 0000 00e9 | fbff ffff 

  0x00007fa0312f3908: ;   {static_stub}
  0x00007fa0312f3908: 48bb 0000 | 0000 0000 

  0x00007fa0312f3910: ;   {runtime_call}
  0x00007fa0312f3910: 0000 e9fb 

  0x00007fa0312f3914: ;   {static_stub}
  0x00007fa0312f3914: ffff ff48 | bb00 0000 | 0000 0000 

  0x00007fa0312f3920: ;   {runtime_call}
  0x00007fa0312f3920: 00e9 fbff 

  0x00007fa0312f3924: ;   {static_stub}
  0x00007fa0312f3924: ffff 48bb | 0000 0000 | 0000 0000 

  0x00007fa0312f3930: ;   {runtime_call}
  0x00007fa0312f3930: e9fb ffff 

  0x00007fa0312f3934: ;   {static_stub}
  0x00007fa0312f3934: ff48 bb00 | 0000 0000 

  0x00007fa0312f393c: ;   {runtime_call}
  0x00007fa0312f393c: 0000 00e9 | fbff ffff 

  0x00007fa0312f3944: ;   {static_stub}
  0x00007fa0312f3944: 48bb 0000 | 0000 0000 

  0x00007fa0312f394c: ;   {runtime_call}
  0x00007fa0312f394c: 0000 e9fb 

  0x00007fa0312f3950: ;   {static_stub}
  0x00007fa0312f3950: ffff ff48 | bb00 0000 | 0000 0000 

  0x00007fa0312f395c: ;   {runtime_call}
  0x00007fa0312f395c: 00e9 fbff 

  0x00007fa0312f3960: ;   {static_stub}
  0x00007fa0312f3960: ffff 48bb | 0000 0000 | 0000 0000 

  0x00007fa0312f396c: ;   {runtime_call}
  0x00007fa0312f396c: e9fb ffff 

  0x00007fa0312f3970: ;   {static_stub}
  0x00007fa0312f3970: ff48 bb00 | 0000 0000 

  0x00007fa0312f3978: ;   {runtime_call}
  0x00007fa0312f3978: 0000 00e9 | fbff ffff 

  0x00007fa0312f3980: ;   {static_stub}
  0x00007fa0312f3980: 48bb 0000 | 0000 0000 

  0x00007fa0312f3988: ;   {runtime_call}
  0x00007fa0312f3988: 0000 e9fb 

  0x00007fa0312f398c: ;   {static_stub}
  0x00007fa0312f398c: ffff ff48 | bb00 0000 | 0000 0000 

  0x00007fa0312f3998: ;   {runtime_call}
  0x00007fa0312f3998: 00e9 fbff 

  0x00007fa0312f399c: ;   {static_stub}
  0x00007fa0312f399c: ffff 48bb | 0000 0000 | 0000 0000 

  0x00007fa0312f39a8: ;   {runtime_call}
  0x00007fa0312f39a8: e9fb ffff 

  0x00007fa0312f39ac: ;   {static_stub}
  0x00007fa0312f39ac: ff48 bb00 | 0000 0000 

  0x00007fa0312f39b4: ;   {runtime_call}
  0x00007fa0312f39b4: 0000 00e9 | fbff ffff 

  0x00007fa0312f39bc: ;   {static_stub}
  0x00007fa0312f39bc: 48bb 0000 | 0000 0000 

  0x00007fa0312f39c4: ;   {runtime_call}
  0x00007fa0312f39c4: 0000 e9fb 

  0x00007fa0312f39c8: ;   {static_stub}
  0x00007fa0312f39c8: ffff ff48 | bb00 0000 | 0000 0000 

  0x00007fa0312f39d4: ;   {runtime_call}
  0x00007fa0312f39d4: 00e9 fbff 

  0x00007fa0312f39d8: ;   {static_stub}
  0x00007fa0312f39d8: ffff 48bb | 0000 0000 | 0000 0000 

  0x00007fa0312f39e4: ;   {runtime_call}
  0x00007fa0312f39e4: e9fb ffff 

  0x00007fa0312f39e8: ;   {static_stub}
  0x00007fa0312f39e8: ff48 bb00 | 0000 0000 

  0x00007fa0312f39f0: ;   {runtime_call}
  0x00007fa0312f39f0: 0000 00e9 | fbff ffff 

  0x00007fa0312f39f8: ;   {static_stub}
  0x00007fa0312f39f8: 48bb 0000 | 0000 0000 

  0x00007fa0312f3a00: ;   {runtime_call}
  0x00007fa0312f3a00: 0000 e9fb 

  0x00007fa0312f3a04: ;   {static_stub}
  0x00007fa0312f3a04: ffff ff48 | bb30 c919 | f79f 7f00 

  0x00007fa0312f3a10: ;   {runtime_call I2C/C2I adapters}
  0x00007fa0312f3a10: 00e9 43bc 

  0x00007fa0312f3a14: ;   {static_stub}
  0x00007fa0312f3a14: 7aff 48bb | 0000 0000 | 0000 0000 

  0x00007fa0312f3a20: ;   {runtime_call}
  0x00007fa0312f3a20: e9fb ffff 

  0x00007fa0312f3a24: ;   {static_stub}
  0x00007fa0312f3a24: ff48 bb00 | 0000 0000 

  0x00007fa0312f3a2c: ;   {runtime_call}
  0x00007fa0312f3a2c: 0000 00e9 | fbff ffff 

  0x00007fa0312f3a34: ;   {static_stub}
  0x00007fa0312f3a34: 48bb 0000 | 0000 0000 

  0x00007fa0312f3a3c: ;   {runtime_call}
  0x00007fa0312f3a3c: 0000 e9fb 

  0x00007fa0312f3a40: ;   {static_stub}
  0x00007fa0312f3a40: ffff ff48 | bb00 0000 | 0000 0000 

  0x00007fa0312f3a4c: ;   {runtime_call}
  0x00007fa0312f3a4c: 00e9 fbff 

  0x00007fa0312f3a50: ;   {static_stub}
  0x00007fa0312f3a50: ffff 48bb | 0000 0000 | 0000 0000 

  0x00007fa0312f3a5c: ;   {runtime_call}
  0x00007fa0312f3a5c: e9fb ffff 

  0x00007fa0312f3a60: ;   {static_stub}
  0x00007fa0312f3a60: ff48 bb00 | 0000 0000 

  0x00007fa0312f3a68: ;   {runtime_call}
  0x00007fa0312f3a68: 0000 00e9 | fbff ffff 

  0x00007fa0312f3a70: ;   {static_stub}
  0x00007fa0312f3a70: 48bb 0000 | 0000 0000 

  0x00007fa0312f3a78: ;   {runtime_call}
  0x00007fa0312f3a78: 0000 e9fb 

  0x00007fa0312f3a7c: ;   {static_stub}
  0x00007fa0312f3a7c: ffff ff48 | bb00 0000 | 0000 0000 

  0x00007fa0312f3a88: ;   {runtime_call}
  0x00007fa0312f3a88: 00e9 fbff 

  0x00007fa0312f3a8c: ;   {static_stub}
  0x00007fa0312f3a8c: ffff 48bb | 0000 0000 | 0000 0000 

  0x00007fa0312f3a98: ;   {runtime_call}
  0x00007fa0312f3a98: e9fb ffff 

  0x00007fa0312f3a9c: ;   {static_stub}
  0x00007fa0312f3a9c: ff48 bb00 | 0000 0000 

  0x00007fa0312f3aa4: ;   {runtime_call}
  0x00007fa0312f3aa4: 0000 00e9 | fbff ffff 

  0x00007fa0312f3aac: ;   {static_stub}
  0x00007fa0312f3aac: 48bb 0000 | 0000 0000 

  0x00007fa0312f3ab4: ;   {runtime_call}
  0x00007fa0312f3ab4: 0000 e9fb 

  0x00007fa0312f3ab8: ;   {static_stub}
  0x00007fa0312f3ab8: ffff ff48 | bb00 0000 | 0000 0000 

  0x00007fa0312f3ac4: ;   {runtime_call}
  0x00007fa0312f3ac4: 00e9 fbff 

  0x00007fa0312f3ac8: ;   {static_stub}
  0x00007fa0312f3ac8: ffff 48bb | 0000 0000 | 0000 0000 

  0x00007fa0312f3ad4: ;   {runtime_call}
  0x00007fa0312f3ad4: e9fb ffff 

  0x00007fa0312f3ad8: ;   {static_stub}
  0x00007fa0312f3ad8: ff48 bb00 | 0000 0000 

  0x00007fa0312f3ae0: ;   {runtime_call}
  0x00007fa0312f3ae0: 0000 00e9 | fbff ffff 

  0x00007fa0312f3ae8: ;   {static_stub}
  0x00007fa0312f3ae8: 48bb 0000 | 0000 0000 

  0x00007fa0312f3af0: ;   {runtime_call}
  0x00007fa0312f3af0: 0000 e9fb 

  0x00007fa0312f3af4: ;   {static_stub}
  0x00007fa0312f3af4: ffff ff48 | bb00 0000 | 0000 0000 

  0x00007fa0312f3b00: ;   {runtime_call}
  0x00007fa0312f3b00: 00e9 fbff 

  0x00007fa0312f3b04: ;   {static_stub}
  0x00007fa0312f3b04: ffff 48bb | 0000 0000 | 0000 0000 

  0x00007fa0312f3b10: ;   {runtime_call}
  0x00007fa0312f3b10: e9fb ffff 

  0x00007fa0312f3b14: ;   {static_stub}
  0x00007fa0312f3b14: ff48 bb00 | 0000 0000 

  0x00007fa0312f3b1c: ;   {runtime_call}
  0x00007fa0312f3b1c: 0000 00e9 | fbff ffff 

  0x00007fa0312f3b24: ;   {static_stub}
  0x00007fa0312f3b24: 48bb 0000 | 0000 0000 

  0x00007fa0312f3b2c: ;   {runtime_call}
  0x00007fa0312f3b2c: 0000 e9fb 

  0x00007fa0312f3b30: ;   {static_stub}
  0x00007fa0312f3b30: ffff ff48 | bb00 0000 | 0000 0000 

  0x00007fa0312f3b3c: ;   {runtime_call}
  0x00007fa0312f3b3c: 00e9 fbff 

  0x00007fa0312f3b40: ;   {runtime_call ExceptionBlob}
  0x00007fa0312f3b40: ffff e939 | 9084 ffe8 | 0000 0000 | 4883 2c24 

  0x00007fa0312f3b50: ;   {runtime_call DeoptimizationBlob}
  0x00007fa0312f3b50: 05e9 4af2 | 7aff f4f4 
[/MachCode]


Compiled method (c2) 3300810 8366   !   4       java.net.URLClassLoader$1::run (81 bytes)
 total in heap  [0x00007fa031325490,0x00007fa0313269a8] = 5400
 relocation     [0x00007fa0313255f0,0x00007fa031325688] = 152
 main code      [0x00007fa0313256a0,0x00007fa031326200] = 2912
 stub code      [0x00007fa031326200,0x00007fa031326248] = 72
 oops           [0x00007fa031326248,0x00007fa031326258] = 16
 metadata       [0x00007fa031326258,0x00007fa0313262d8] = 128
 scopes data    [0x00007fa0313262d8,0x00007fa031326690] = 952
 scopes pcs     [0x00007fa031326690,0x00007fa031326890] = 512
 dependencies   [0x00007fa031326890,0x00007fa031326898] = 8
 handler table  [0x00007fa031326898,0x00007fa031326988] = 240
 nul chk table  [0x00007fa031326988,0x00007fa0313269a8] = 32

[Constant Pool (empty)]

[MachCode]
[Entry Point]
  # {method} {0x00007fa0100815c8} 'run' '()Ljava/lang/Class;' in 'java/net/URLClassLoader$1'
  #           [sp+0x50]  (sp of caller)
  0x00007fa0313256a0: 448b 5608 | 49bb 0000 | 00f7 9f7f | 0000 4d03 | d349 3bc2 

  0x00007fa0313256b4: ;   {runtime_call ic_miss_stub}
  0x00007fa0313256b4: 0f85 c64a | 77ff 6690 | 0f1f 4000 
[Verified Entry Point]
  0x00007fa0313256c0: 8984 2400 | c0fe ff55 | 4883 ec40 | 4889 3424 | 8b4e 0c44 | 0fbe 5110 | 4585 d20f | 1f44 0000 
  0x00007fa0313256e0: 0f85 0a09 | 0000 448b | 4114 418b | 580c 4c8b | f185 db0f | 86a3 0600 | 008b fbff | cf66 6690 
  0x00007fa031325700: 3bfb 0f83 | 5408 0000 | 8bd3 83c2 | fd49 8bc0 | 4180 7810 | 2e75 0e33 | edbe 0100 | 0000 6690 
  0x00007fa031325720: e9a7 0100 | 0083 fa01 | 0f8e 2d06 | 0000 41ba | 0100 0000 | be01 0000 | 0045 8bda | 0f1f 4000 
  0x00007fa031325740: 4d63 cb43 | 0fbe 6c08 | 1083 fd2e | 0f84 7701 | 0000 430f | be6c 0811 | 83fd 2e75 | 0a41 8beb 
  0x00007fa031325760: ffc5 e965 | 0100 0043 | 0fbe 6c08 | 1283 fd2e | 0f84 4f01 | 0000 470f | be4c 0813 | 418b eb83 
  0x00007fa031325780: c503 4183 | f92e 0f84 | 4001 0000 | c5f9 6ece | c4e1 f96e | c08b f28b | d341 8bd8 | 8bc2 412b 
  0x00007fa0313257a0: c283 c0fd | 4533 c041 | 3bf2 410f | 4cc0 81f8 | a00f 0000 | 41bd a00f | 0000 410f | 47c5 4103 
  0x00007fa0313257c0: c241 83c3 | 0444 3bd8 | 0f8d d905 | 0000 448b | c38b da8b | d6c4 e1f9 | 7ec0 c5f9 | 7ece 6690 
  0x00007fa0313257e0: e95b ffff | ff66 6666 | 0f1f 8400 | 0000 0000 | 418b f048 | 63d6 410f | be4c 1510 | c4c1 f97e 
  0x00007fa031325800: c841 884c | 1010 450f | be44 1511 | c4e1 f97e | c944 8844 | 1111 448b | c641 83c0 | 0266 6690 
  0x00007fa031325820: 453b c37c | cb4d 8b9f 

  0x00007fa031325828: ; ImmutableOopMap {rcx=Oop rax=Oop r13=NarrowOop r14=Oop xmm0=NarrowOop xmm1=Oop [0]=Oop }
                      ;*goto {reexecute=1 rethrow=0 return_oop=0}
                      ; - (reexecute) java.lang.StringLatin1::replace@76 (line 314)
                      ; - java.lang.String::replace@18 (line 2808)
                      ; - java.net.URLClassLoader$1::run@8 (line 423)
  0x00007fa031325828: 4803 0000 

  0x00007fa03132582c: ;   {poll}
  0x00007fa03132582c: 4185 0341 | 8bf0 453b | c10f 8c77 | 0000 00c5 | f97e c145 | 8bc5 c5f9 | 7ed2 c4c1 | f97e cb3b 
  0x00007fa03132584c: f57d 1590 | 4c63 ce47 | 0fbe 5408 | 1047 8854 | 0b10 ffc6 | 3bf5 7cec | 3beb 0f8d | 2e02 0000 
  0x00007fa03132586c: 3beb 0f83 | 3c07 0000 | 3bfb 0f83 | 3407 0000 | 448b d541 | ffc2 4863 | cd45 0fbe | 4c08 1041 
  0x00007fa03132588c: 83f9 2e0f | 84b0 0400 | 0045 884c | 0b10 ffc5 | 0f1f 4000 | 413b ea7c | dd3b ea0f | 8dca 0100 
  0x00007fa0313258ac: 00e9 9e01 | 0000 c5f9 | 7ec1 458b | c5c5 f97e | d266 6690 | e9bf 0000 | 0041 83c3 | 0241 8beb 
  0x00007fa0313258cc: 3beb 0f8d | c804 0000 | 0f1f 8400 | 0000 0000 | 6666 6690 | 81fb 0000 | 1000 0f87 | c405 0000 
  0x00007fa0313258ec: 4d8b 9f08 | 0100 004c | 63d3 4983 | c217 4983 | e2f8 4d8b | cb4d 03ca | 4d3b 8f18 | 0100 000f 
  0x00007fa03132590c: 839f 0500 | 004d 898f | 0801 0000 | 410f 0d89 | 0001 0000 | 49c7 0301 | 0000 0041 | 0f0d 8940 
  0x00007fa03132592c: ;   {metadata({type array byte})}
  0x00007fa03132592c: 0100 0041 | c743 0838 | 6800 0041 | 895b 0c41 | 0f0d 8980 | 0100 0085 | ed0f 8e19 | ffff ff44 
  0x00007fa03132594c: 8bcd 41ff | c944 3bcb | 0f83 7606 | 0000 85db | 0f1f 4000 | 0f86 6a06 | 0000 450f | be50 1045 
  0x00007fa03132596c: 8853 1041 | 83f9 010f | 8ed2 feff | ff41 bad0 | 0700 00c4 | c1f9 6ecb | 448b dd44 | 2bde 41ff 
  0x00007fa03132598c: cb45 33ed | 443b ce45 | 0f4c dd41 | 81fb d007 | 0000 450f | 47da 4403 | dec5 f96e | c145 8be8 
  0x00007fa0313259ac: c5f9 6ed2 | e93e feff | ff41 ba2f | 0000 000f | 1f44 0000 | 4588 543b | 1383 c504 | 3be9 0f8d 
  0x00007fa0313259cc: 7200 0000 | 4863 fd45 | 0fbe 5438 | 100f 1f80 | 0000 0000 | 4183 fa2e | 0f84 3e00 | 0000 4588 
  0x00007fa0313259ec: 543b 1045 | 0fbe 5438 | 1141 83fa | 2e0f 8431 | 0000 0045 | 8854 3b11 | 450f be4c | 3812 4183 
  0x00007fa031325a0c: f92e 0f84 | 2400 0000 | 4588 4c3b | 1245 0fbe | 5438 1390 | 4183 fa2e | 759a eb8d | 41ba 2f00 
  0x00007fa031325a2c: 0000 ebba | 41ba 2f00 | 0000 ebc7 | 41b9 2f00 | 0000 6690 | ebd2 4d8b | 8f48 0300 

  0x00007fa031325a48: ; ImmutableOopMap {r11=Oop r8=NarrowOop rax=Oop r14=Oop [0]=Oop }
                      ;*goto {reexecute=1 rethrow=0 return_oop=0}
                      ; - (reexecute) java.lang.StringLatin1::replace@113 (line 321)
                      ; - java.lang.String::replace@18 (line 2808)
                      ; - java.net.URLClassLoader$1::run@8 (line 423)
                      ;   {poll}
  0x00007fa031325a48: 0041 8501 | 3bea 7d27 | 8bcb 2bcd | 83c1 fd45 | 33c9 3bd5 | 410f 4cc9 | 81f9 a00f | 0000 41b9 
  0x00007fa031325a68: a00f 0000 | 410f 47c9 | 03cd e959 | ffff ff3b | eb7d 1f90 | 4c63 d547 | 0fbe 4c10 | 1041 83f9 
  0x00007fa031325a88: 2e0f 84c1 | 0200 0047 | 884c 1310 | ffc5 3beb | 7ce2 4d8b | 8708 0100 | 004d 8bd0 | 4983 c218 
  0x00007fa031325aa8: 4d3b 9718 | 0100 000f | 8361 0400 | 004d 8997 | 0801 0000 | 410f 0d8a | 0001 0000 | 49c7 0001 
  0x00007fa031325ac8: 0000 004d | 8bd0 4983 

  0x00007fa031325ad0: ;   {metadata('java/lang/String')}
  0x00007fa031325ad0: c210 41c7 | 4008 10ec | 0000 4589 | 600c c5fd | efc0 c4c1 | 79d6 024d | 8bcb 4589 | 4814 458b 
  0x00007fa031325af0: 530c 4585 | d20f 86d3 | 0200 0045 | 0fbe 4810 | 418b c941 | 8bda d3fb | 4863 d341 | 83f9 010f 
  0x00007fa031325b10: 8453 0500 | 0085 db0f | 8cf3 0400 | 0048 8bc2 | 4883 c006 | 8bf8 85ff | 0f8c 0205 | 0000 488b 
  0x00007fa031325b30: c848 c1f9 | 208b c9d3 | e785 ff0f | 1f44 0000 | 0f8c 4205 | 0000 81ff | 0000 1000 | 0f87 0204 
  0x00007fa031325b50: 0000 4863 | cf66 6666 | 0f1f 8400 | 0000 0000 | 81ff 0000 | 1000 0f87 | c702 0000 | 498b af08 
  0x00007fa031325b70: 0100 0048 | 83c1 1748 | 83e1 f848 | 8bf5 4803 | f149 3bb7 | 1801 0000 | 0f83 a502 | 0000 4989 
  0x00007fa031325b90: b708 0100 | 000f 0d8e | 0001 0000 | 48c7 4500 | 0100 0000 | 0f0d 8e40 

  0x00007fa031325ba8: ;   {metadata({type array byte})}
  0x00007fa031325ba8: 0100 00c7 | 4508 3868 | 0000 897d | 0c0f 0d8e | 8001 0000 | 8bcb 83c1 | 063b f90f | 82b3 0300 
  0x00007fa031325bc8: 0048 63cb | 85db 0f8f | 4a01 0000 | c644 0d10 | 2ec6 440d | 1163 c644 | 0d12 6cc6 | 440d 1361 
  0x00007fa031325be8: c644 0d14 | 73c6 440d | 1573 4585 | c90f 8555 | 0400 000f | 1f44 0000 | 413b fa0f | 828f 0300 
  0x00007fa031325c08: 0045 85d2 | 763c 488b | f548 83c6 | 1049 83c3 | 1049 63d2 | 0f1f 4000 | 4883 fa20 | 0f87 dc00 
  0x00007fa031325c28: 0000 49ba | ffff ffff | ffff ffff | c442 e8f5 | d2c4 c1fb | 92fa 62d1 | 7faf 6f03 | 62f1 7f2f 
  0x00007fa031325c48: 7f06 498b | 9708 0100 | 004c 8bd2 | 4983 c218 | 0f1f 8400 | 0000 0000 | 4d3b 9718 | 0100 000f 
  0x00007fa031325c68: 8328 0200 | 004d 8997 | 0801 0000 | 410f 0d8a | 0001 0000 | 48c7 0201 

  0x00007fa031325c80: ;   {metadata('java/lang/String')}
  0x00007fa031325c80: 0000 00c7 | 4208 10ec | 0000 4489 | 620c 4489 | 6210 4c8b | dd44 895a | 144c 8b14 | 2445 8b5a 
  0x00007fa031325ca0: 1045 8b53 | 5445 85d2 | 0f84 8f02 | 0000 498b | f233 c990 

  0x00007fa031325cb4: ;   {optimized virtual_call}
  0x00007fa031325cb4: c5f8 77e8 

  0x00007fa031325cb8: ; ImmutableOopMap {[0]=Oop }
                      ;*invokevirtual getResource {reexecute=0 rethrow=0 return_oop=1}
                      ; - java.net.URLClassLoader$1::run@26 (line 424)
  0x00007fa031325cb8: c4af e5ff | 4889 4424 | 0848 85c0 | 7428 4c8b | 1424 458b | 5a10 418b | 6a0c 4585 | db0f 84cd 
  0x00007fa031325cd8: 0300 0049 | 8bf3 488b | d548 8bc8 

  0x00007fa031325ce4: ;   {optimized virtual_call}
  0x00007fa031325ce4: c5f8 77e8 

  0x00007fa031325ce8: ; ImmutableOopMap {[0]=Oop [8]=Oop }
                      ;*invokevirtual defineClass {reexecute=0 rethrow=0 return_oop=1}
                      ; - java.net.URLClassLoader$1::run@43 (line 427)
  0x00007fa031325ce8: 1450 fcff | eb02 33c0 | c5f8 7748 | 83c4 405d 

  0x00007fa031325cf8: ;   {poll_return}
  0x00007fa031325cf8: 493b a740 | 0300 000f | 87cf 0400 | 00c3 498b | fbc5 f877 | 49ba 6018 | a830 a07f | 0000 41ff 
  0x00007fa031325d18: d2e9 2cff | ffff c644 | 0d15 73c6 | 440d 1473 | c644 0d13 | 61c6 440d | 126c c644 | 0d11 63c6 
  0x00007fa031325d38: 440d 102e | 0f1f 4000 | e9ad feff | ff41 b92f | 0000 00e9 | 45fb ffff | 41b9 2f00 | 0000 e934 
  0x00007fa031325d58: fdff ff41 | bb01 0000 | 00be 0100 | 0000 eb10 | 448b c38b | da8b d6c4 | e1f9 7ec0 | c5f9 7ece 
  0x00007fa031325d78: 443b db7d | 1f66 6690 | 470f be54 | 1810 4183 | fa2e 7508 | 418b ebe9 | 38fb ffff | 41ff c344 
  0x00007fa031325d98: 3bdb 7ce4 | 4d8b d84d | 8bc6 e947 | fdff ff4d | 8b97 4803 

  0x00007fa031325dac: ; ImmutableOopMap {rcx=NarrowOop rbx=NarrowOop r14=Oop xmm0=Oop [0]=Oop }
                      ;*if_icmpne {reexecute=1 rethrow=0 return_oop=0}
                      ; - (reexecute) java.lang.StringLatin1::replace@28 (line 307)
                      ; - java.lang.String::replace@18 (line 2808)
                      ; - java.net.URLClassLoader$1::run@8 (line 423)
                      ;   {poll}
  0x00007fa031325dac: 0000 4185 | 0244 3bde | 7db2 458b | d344 8bc3 | 8bda 8bd6 | c4e1 f97e | c0c5 f97e | cee9 6bf9 
  0x00007fa031325dcc: ffff 498b | 8708 0100 | 004c 8bd0 | 4983 c218 | 0f1f 4000 | 4d3b 9718 | 0100 000f | 83cb 0200 
  0x00007fa031325dec: 004d 8997 | 0801 0000 | 410f 0d8a | 0001 0000 | 48c7 0001 

  0x00007fa031325e00: ;   {metadata('java/lang/String')}
  0x00007fa031325e00: 0000 00c7 | 4008 10ec | 0000 4489 | 600c 4489 

  0x00007fa031325e10: ;   {oop([B{0x00000000fff46a68})}
  0x00007fa031325e10: 6010 c740 | 1468 6af4 

  0x00007fa031325e18: ;   {oop(".class"{0x00000000fff46a80})}
  0x00007fa031325e18: ff49 ba80 | 6af4 ff00 | 0000 0045 | 8b52 0c44 | 8950 0c48 | 8bd0 e966 | feff ff48 | 8954 2428 
  0x00007fa031325e38: 895c 2424 | 4489 5424 | 2089 7c24 | 1c44 894c | 2418 4c89 | 4424 104c | 895c 2408 

  0x00007fa031325e54: ;   {metadata({type array byte})}
  0x00007fa031325e54: 48be 3868 | 00f7 9f7f | 0000 488b | e88b d790 

  0x00007fa031325e64: ;   {runtime_call _new_array_Java}
  0x00007fa031325e64: c5f8 77e8 

  0x00007fa031325e68: ; ImmutableOopMap {[0]=Oop [8]=Oop [16]=Oop }
                      ;*invokevirtual allocateUninitializedArray0 {reexecute=0 rethrow=0 return_oop=1}
                      ; - jdk.internal.misc.Unsafe::allocateUninitializedArray@51 (line 1375)
                      ; - java.lang.StringConcatHelper::newArray@33 (line 497)
                      ; - java.lang.StringConcatHelper::simpleConcat@61 (line 421)
                      ; - java.lang.String::concat@11 (line 2774)
                      ; - java.net.URLClassLoader$1::run@13 (line 423)
  0x00007fa031325e68: 94fe 81ff | 4c8b 5c24 | 084c 8b44 | 2410 448b | 4c24 188b | 7c24 1c48 | 8be8 448b | 5424 208b 
  0x00007fa031325e88: 5c24 2448 | 8b54 2428 | e927 fdff 

  0x00007fa031325e94: ;   {metadata('java/lang/String')}
  0x00007fa031325e94: ff48 be10 | ec00 f79f | 7f00 0090 

  0x00007fa031325ea0: ;   {runtime_call _new_instance_Java}
  0x00007fa031325ea0: c5f8 77e8 

  0x00007fa031325ea4: ; ImmutableOopMap {rbp=Oop [0]=Oop }
                      ;*new {reexecute=0 rethrow=0 return_oop=1}
                      ; - java.lang.StringConcatHelper::newString@6 (line 387)
                      ; - java.lang.StringConcatHelper::simpleConcat@90 (line 426)
                      ; - java.lang.String::concat@11 (line 2774)
                      ; - java.net.URLClassLoader$1::run@13 (line 423)
  0x00007fa031325ea4: d827 82ff | 488b d0e9 | e2fd ffff | 8974 2424 | 4889 4424 | 2889 5424 | 2089 7c24 | 144c 8974 
  0x00007fa031325ec4: 2418 895c | 2410 4489 | 4424 0c89 

  0x00007fa031325ed0: ;   {metadata({type array byte})}
  0x00007fa031325ed0: 4c24 0848 | be38 6800 | f79f 7f00 | 008b d390 

  0x00007fa031325ee0: ;   {runtime_call _new_array_Java}
  0x00007fa031325ee0: c5f8 77e8 

  0x00007fa031325ee4: ; ImmutableOopMap {[0]=Oop [8]=NarrowOop [12]=NarrowOop [24]=Oop [40]=Oop }
                      ;*invokevirtual allocateUninitializedArray0 {reexecute=0 rethrow=0 return_oop=1}
                      ; - jdk.internal.misc.Unsafe::allocateUninitializedArray@51 (line 1375)
                      ; - java.lang.StringConcatHelper::newArray@33 (line 497)
                      ; - java.lang.StringLatin1::replace@49 (line 313)
                      ; - java.lang.String::replace@18 (line 2808)
                      ; - java.net.URLClassLoader$1::run@8 (line 423)
  0x00007fa031325ee4: 18fe 81ff | 4c8b d08b | 4c24 0844 | 8b44 240c | 8b5c 2410 | 4c8b 7424 | 188b 7c24 | 148b 5424 
  0x00007fa031325f04: 2048 8b44 | 2428 8b74 | 2424 4d8b | dae9 2dfa 

  0x00007fa031325f14: ;   {metadata('java/lang/String')}
  0x00007fa031325f14: ffff 48be | 10ec 00f7 | 9f7f 0000 | 498b ee4c | 895c 2410 

  0x00007fa031325f28: ;   {runtime_call _new_instance_Java}
  0x00007fa031325f28: c5f8 77e8 

  0x00007fa031325f2c: ; ImmutableOopMap {rbp=Oop [0]=Oop [16]=Oop }
                      ;*new {reexecute=0 rethrow=0 return_oop=1}
                      ; - java.lang.StringLatin1::replace@116 (line 322)
                      ; - java.lang.String::replace@18 (line 2808)
                      ; - java.net.URLClassLoader$1::run@8 (line 423)
  0x00007fa031325f2c: 5027 82ff | 4c8b c04c | 8b5c 2410 | e9aa fbff | ffbe f6ff | ffff 488b | 2c24 4889 | 1424 6690 
  0x00007fa031325f4c: ;   {runtime_call UncommonTrapBlob}
  0x00007fa031325f4c: c5f8 77e8 

  0x00007fa031325f50: ; ImmutableOopMap {rbp=Oop [0]=Oop }
                      ;*invokevirtual getResource {reexecute=0 rethrow=0 return_oop=0}
                      ; - java.net.URLClassLoader$1::run@26 (line 424)
  0x00007fa031325f50: 2ccb 77ff | 4863 cfe9 | f9fb ffff | be76 ffff | ff48 8b2c | 2489 0c24 | 4489 4424 | 0489 5c24 
  0x00007fa031325f70: 0c66 6690 

  0x00007fa031325f74: ;   {runtime_call UncommonTrapBlob}
  0x00007fa031325f74: c5f8 77e8 

  0x00007fa031325f78: ; ImmutableOopMap {rbp=Oop [0]=NarrowOop [4]=NarrowOop }
                      ;*if_icmpge {reexecute=1 rethrow=0 return_oop=0}
                      ; - (reexecute) java.lang.StringLatin1::replace@19 (line 306)
                      ; - java.lang.String::replace@18 (line 2808)
                      ; - java.net.URLClassLoader$1::run@8 (line 423)
  0x00007fa031325f78: 04cb 77ff | becc ffff | ff4c 8944 | 2408 4889 | 5424 1089 | 5c24 2090 

  0x00007fa031325f90: ;   {runtime_call UncommonTrapBlob}
  0x00007fa031325f90: c5f8 77e8 

  0x00007fa031325f94: ; ImmutableOopMap {rbp=Oop [0]=Oop [8]=Oop }
                      ;*invokestatic arraycopy {reexecute=0 rethrow=0 return_oop=0}
                      ; - java.lang.String::getBytes@22 (line 4459)
                      ; - java.lang.StringConcatHelper::prepend@21 (line 354)
                      ; - java.lang.StringConcatHelper::simpleConcat@71 (line 424)
                      ; - java.lang.String::concat@11 (line 2774)
                      ; - java.net.URLClassLoader$1::run@13 (line 423)
  0x00007fa031325f94: e8ca 77ff | becc ffff | ff4c 895c | 2408 4489 | 5424 1890 

  0x00007fa031325fa8: ;   {runtime_call UncommonTrapBlob}
  0x00007fa031325fa8: c5f8 77e8 

  0x00007fa031325fac: ; ImmutableOopMap {rbp=Oop [0]=Oop [8]=Oop }
                      ;*invokestatic arraycopy {reexecute=0 rethrow=0 return_oop=0}
                      ; - java.lang.String::getBytes@22 (line 4459)
                      ; - java.lang.StringConcatHelper::prepend@21 (line 354)
                      ; - java.lang.StringConcatHelper::simpleConcat@81 (line 425)
                      ; - java.lang.String::concat@11 (line 2774)
                      ; - java.net.URLClassLoader$1::run@13 (line 423)
  0x00007fa031325fac: d0ca 77ff | be76 ffff | ff89 4c24 | 0844 8944 | 240c 4c89 | 5c24 1889 | 5c24 2090 

  0x00007fa031325fc8: ;   {runtime_call UncommonTrapBlob}
  0x00007fa031325fc8: c5f8 77e8 

  0x00007fa031325fcc: ; ImmutableOopMap {[0]=Oop [8]=NarrowOop [12]=NarrowOop [24]=Oop }
                      ;*if_icmpge {reexecute=1 rethrow=0 return_oop=0}
                      ; - (reexecute) java.lang.StringLatin1::replace@82 (line 317)
                      ; - java.lang.String::replace@18 (line 2808)
                      ; - java.net.URLClassLoader$1::run@8 (line 423)
  0x00007fa031325fcc: b0ca 77ff | be76 ffff | ff89 4c24 | 0844 8944 | 240c 895c | 2410 4c89 | 5c24 1890 

  0x00007fa031325fe8: ;   {runtime_call UncommonTrapBlob}
  0x00007fa031325fe8: c5f8 77e8 

  0x00007fa031325fec: ; ImmutableOopMap {[0]=Oop [8]=NarrowOop [12]=NarrowOop [24]=Oop }
                      ;*if_icmpge {reexecute=1 rethrow=0 return_oop=0}
                      ; - (reexecute) java.lang.StringLatin1::replace@61 (line 314)
                      ; - java.lang.String::replace@18 (line 2808)
                      ; - java.net.URLClassLoader$1::run@8 (line 423)
  0x00007fa031325fec: 90ca 77ff | 4585 d240 | 0f95 c540 | 0fb6 ed83 | f501 be45 | ffff ff89 | 4c24 0890 

  0x00007fa031326008: ;   {runtime_call UncommonTrapBlob}
  0x00007fa031326008: c5f8 77e8 

  0x00007fa03132600c: ; ImmutableOopMap {[0]=Oop [8]=NarrowOop }
                      ;*ifeq {reexecute=1 rethrow=0 return_oop=0}
                      ; - (reexecute) java.lang.String::replace@9 (line 2808)
                      ; - java.net.URLClassLoader$1::run@8 (line 423)
  0x00007fa03132600c: 70ca 77ff | be45 ffff | ff48 8b2c | 244c 8904 | 2448 8954 | 2408 895c | 2410 6690 

  0x00007fa031326028: ;   {runtime_call UncommonTrapBlob}
  0x00007fa031326028: c5f8 77e8 

  0x00007fa03132602c: ; ImmutableOopMap {rbp=Oop [0]=Oop }
                      ;*iflt {reexecute=1 rethrow=0 return_oop=0}
                      ; - (reexecute) java.lang.StringConcatHelper::checkOverflow@2 (line 54)
                      ; - java.lang.StringConcatHelper::mix@23 (line 138)
                      ; - java.lang.StringConcatHelper::simpleConcat@46 (line 419)
                      ; - java.lang.String::concat@11 (line 2774)
                      ; - java.net.URLClassLoader$1::run@13 (line 423)
  0x00007fa03132602c: 50ca 77ff | be45 ffff | ff48 8b2c | 244c 8904 | 2448 8944 | 2408 897c | 2410 6690 

  0x00007fa031326048: ;   {runtime_call UncommonTrapBlob}
  0x00007fa031326048: c5f8 77e8 

  0x00007fa03132604c: ; ImmutableOopMap {rbp=Oop [0]=Oop }
                      ;*iflt {reexecute=1 rethrow=0 return_oop=0}
                      ; - (reexecute) java.lang.StringConcatHelper::checkOverflow@2 (line 54)
                      ; - java.lang.StringConcatHelper::mix@23 (line 138)
                      ; - java.lang.StringConcatHelper::simpleConcat@54 (line 420)
                      ; - java.lang.String::concat@11 (line 2774)
                      ; - java.net.URLClassLoader$1::run@13 (line 423)
  0x00007fa03132604c: 30ca 77ff | be45 ffff | ff4c 8944 | 2408 4489 | 4c24 1890 

  0x00007fa031326060: ;   {runtime_call UncommonTrapBlob}
  0x00007fa031326060: c5f8 77e8 

  0x00007fa031326064: ; ImmutableOopMap {rbp=Oop [0]=Oop [8]=Oop }
                      ;*if_icmpne {reexecute=1 rethrow=0 return_oop=0}
                      ; - (reexecute) java.lang.String::getBytes@5 (line 4458)
                      ; - java.lang.StringConcatHelper::prepend@21 (line 354)
                      ; - java.lang.StringConcatHelper::simpleConcat@81 (line 425)
                      ; - java.lang.String::concat@11 (line 2774)
                      ; - java.net.URLClassLoader$1::run@13 (line 423)
  0x00007fa031326064: 18ca 77ff | be45 ffff | ff48 8b2c | 244c 8904 | 2448 8954 | 2408 4489 | 4c24 1090 

  0x00007fa031326080: ;   {runtime_call UncommonTrapBlob}
  0x00007fa031326080: c5f8 77e8 

  0x00007fa031326084: ; ImmutableOopMap {rbp=Oop [0]=Oop }
                      ;*if_icmpne {reexecute=1 rethrow=0 return_oop=0}
                      ; - (reexecute) java.lang.StringConcatHelper::mix@13 (line 135)
                      ; - java.lang.StringConcatHelper::simpleConcat@46 (line 419)
                      ; - java.lang.String::concat@11 (line 2774)
                      ; - java.net.URLClassLoader$1::run@13 (line 423)
  0x00007fa031326084: f8c9 77ff | be45 ffff | ff48 8b2c | 244c 8904 | 2448 8944 | 2408 897c | 2414 6690 

  0x00007fa0313260a0: ;   {runtime_call UncommonTrapBlob}
  0x00007fa0313260a0: c5f8 77e8 

  0x00007fa0313260a4: ; ImmutableOopMap {rbp=Oop [0]=Oop }
                      ;*ifge {reexecute=1 rethrow=0 return_oop=0}
                      ; - (reexecute) java.lang.StringConcatHelper::newArray@13 (line 494)
                      ; - java.lang.StringConcatHelper::simpleConcat@61 (line 421)
                      ; - java.lang.String::concat@11 (line 2774)
                      ; - java.net.URLClassLoader$1::run@13 (line 423)
  0x00007fa0313260a4: d8c9 77ff | bef6 ffff | ff66 6690 

  0x00007fa0313260b0: ;   {runtime_call UncommonTrapBlob}
  0x00007fa0313260b0: c5f8 77e8 

  0x00007fa0313260b4: ; ImmutableOopMap {rbp=NarrowOop [0]=Oop [8]=Oop }
                      ;*invokevirtual defineClass {reexecute=0 rethrow=0 return_oop=0}
                      ; - java.net.URLClassLoader$1::run@43 (line 427)
  0x00007fa0313260b4: c8c9 77ff 

  0x00007fa0313260b8: ;   {metadata('java/lang/String')}
  0x00007fa0313260b8: 48be 10ec | 00f7 9f7f | 0000 6690 

  0x00007fa0313260c4: ;   {runtime_call _new_instance_Java}
  0x00007fa0313260c4: c5f8 77e8 

  0x00007fa0313260c8: ; ImmutableOopMap {[0]=Oop }
                      ;*new {reexecute=0 rethrow=0 return_oop=1}
                      ; - java.lang.StringConcatHelper::simpleConcat@17 (line 411)
                      ; - java.lang.String::concat@11 (line 2774)
                      ; - java.net.URLClassLoader$1::run@13 (line 423)
  0x00007fa0313260c8: b425 82ff | e941 fdff | ffbe f6ff | ffff 488b | 2c24 6690 

  0x00007fa0313260dc: ;   {runtime_call UncommonTrapBlob}
  0x00007fa0313260dc: c5f8 77e8 

  0x00007fa0313260e0: ; ImmutableOopMap {rbp=Oop }
                      ;*invokevirtual replace {reexecute=0 rethrow=0 return_oop=0}
                      ; - java.net.URLClassLoader$1::run@8 (line 423)
  0x00007fa0313260e0: 9cc9 77ff | bef6 ffff | ff48 8b2c | 2466 6690 

  0x00007fa0313260f0: ;   {runtime_call UncommonTrapBlob}
  0x00007fa0313260f0: c5f8 77e8 

  0x00007fa0313260f4: ; ImmutableOopMap {rbp=Oop }
                      ;*arraylength {reexecute=0 rethrow=0 return_oop=0}
                      ; - java.lang.StringLatin1::replace@8 (line 304)
                      ; - java.lang.String::replace@18 (line 2808)
                      ; - java.net.URLClassLoader$1::run@8 (line 423)
  0x00007fa0313260f4: 88c9 77ff | bef6 ffff | ff48 8b2c | 2448 8914 | 2466 6690 

  0x00007fa031326108: ;   {runtime_call UncommonTrapBlob}
  0x00007fa031326108: c5f8 77e8 

  0x00007fa03132610c: ; ImmutableOopMap {rbp=Oop [0]=Oop }
                      ;*getfield ucp {reexecute=1 rethrow=0 return_oop=0}
                      ; - (reexecute) java.net.URLClassLoader$1::run@21 (line 424)
  0x00007fa03132610c: 70c9 77ff | e913 0000 | 00e9 0e00 | 0000 eb0c | eb0a 6690 | eb06 eb04 | eb02 eb00 | 488b f0e9 
  0x00007fa03132612c: 8700 0000 | 448b 5808 

  0x00007fa031326134: ;   {metadata('java/io/IOException')}
  0x00007fa031326134: 49ba f042 | 04f8 9f7f | 0000 49b8 | 0000 00f7 | 9f7f 0000 | 4d03 c34d | 8b58 484d | 3bda 0f84 
  0x00007fa031326154: 6c00 0000 | 4d8b 5050 

  0x00007fa03132615c: ;   {metadata('java/lang/ClassFormatError')}
  0x00007fa03132615c: 49bb 60b0 | 17f8 9f7f | 0000 4d3b | d375 bd48 | 8be8 488b | 7424 0866 | 6690 c5f8 | 7748 b8ff 
  0x00007fa03132617c: ffff ffff 

  0x00007fa031326180: ;   {virtual_call}
  0x00007fa031326180: ffff ffe8 

  0x00007fa031326184: ; ImmutableOopMap {rbp=Oop [8]=Oop }
                      ;*invokevirtual getDataError {reexecute=0 rethrow=0 return_oop=1}
                      ; - java.net.URLClassLoader$1::run@63 (line 431)
  0x00007fa031326184: f849 77ff | 4885 c074 | 2748 8b74 | 2408 c5f8 | 7748 b8ff | ffff ffff 

  0x00007fa03132619c: ;   {virtual_call}
  0x00007fa03132619c: ffff ffe8 

  0x00007fa0313261a0: ; ImmutableOopMap {rbp=Oop }
                      ;*invokevirtual getDataError {reexecute=0 rethrow=0 return_oop=1}
                      ; - java.net.URLClassLoader$1::run@71 (line 432)
  0x00007fa0313261a0: dc49 77ff | 488b f548 | 8bd0 6690 

  0x00007fa0313261ac: ;   {optimized virtual_call}
  0x00007fa0313261ac: c5f8 77e8 

  0x00007fa0313261b0: ; ImmutableOopMap {rbp=Oop }
                      ;*invokevirtual addSuppressed {reexecute=0 rethrow=0 return_oop=0}
                      ; - java.net.URLClassLoader$1::run@74 (line 432)
  0x00007fa0313261b0: cc44 77ff | 488b f5c5 | f877 4883 

  0x00007fa0313261bc: ;   {runtime_call _rethrow_Java}
  0x00007fa0313261bc: c440 5de9 | 3c2d 82ff | 488b e8be | 2f00 0000 

  0x00007fa0313261cc: ;   {runtime_call UncommonTrapBlob}
  0x00007fa0313261cc: c5f8 77e8 

  0x00007fa0313261d0: ; ImmutableOopMap {rbp=Oop [0]=Oop }
                      ;*new {reexecute=0 rethrow=0 return_oop=0}
                      ; - java.net.URLClassLoader$1::run@48 (line 429)
  0x00007fa0313261d0: acc8 77ff 

  0x00007fa0313261d4: ;   {internal_word}
  0x00007fa0313261d4: 49ba f85c | 3231 a07f | 0000 4d89 | 9758 0300 

  0x00007fa0313261e4: ;   {runtime_call SafepointBlob}
  0x00007fa0313261e4: 00e9 16b7 | 77ff f4f4 | f4f4 f4f4 | f4f4 f4f4 | f4f4 f4f4 | f4f4 f4f4 | f4f4 f4f4 
[Stub Code]
  0x00007fa031326200: ;   {no_reloc}
  0x00007fa031326200: 48bb 0000 | 0000 0000 

  0x00007fa031326208: ;   {runtime_call}
  0x00007fa031326208: 0000 e9fb 

  0x00007fa03132620c: ;   {static_stub}
  0x00007fa03132620c: ffff ff48 | bb00 0000 | 0000 0000 

  0x00007fa031326218: ;   {runtime_call}
  0x00007fa031326218: 00e9 fbff 

  0x00007fa03132621c: ;   {static_stub}
  0x00007fa03132621c: ffff 48bb | 0000 0000 | 0000 0000 

  0x00007fa031326228: ;   {runtime_call}
  0x00007fa031326228: e9fb ffff 

  0x00007fa03132622c: ;   {runtime_call ExceptionBlob}
  0x00007fa03132622c: ffe9 4e69 | 81ff e800 | 0000 0048 | 832c 2405 

  0x00007fa03132623c: ;   {runtime_call DeoptimizationBlob}
  0x00007fa03132623c: e95f cb77 | fff4 f4f4 | f4f4 f4f4 
[/MachCode]


---------------  P R O C E S S  ---------------

Threads class SMR info:
_java_thread_list=0x00007f9fe816f0b0, length=54, elements={
0x00007fa04001a7c0, 0x00007fa0400aae40, 0x00007fa0400ac220, 0x00007fa0400b3020,
0x00007fa0400b43d0, 0x00007fa0400b57e0, 0x00007fa0400b7190, 0x00007fa0400b86c0,
0x00007fa0400b9b30, 0x00007fa0400d5b70, 0x00007fa040219f70, 0x00007fa0411bf1e0,
0x00007fa04123ad20, 0x00007fa041265350, 0x00007fa00c198bb0, 0x00007fa00c1a2980,
0x00007fa00c33fe10, 0x00007fa00c651570, 0x00007fa00c6ce6d0, 0x00007fa00c9c62f0,
0x00007fa00caff270, 0x00007fa00cb073b0, 0x00007fa00d4bcf40, 0x00007fa00dd6bdd0,
0x00007fa00d7a81f0, 0x00007fa00dd76750, 0x00007fa00d813770, 0x00007fa00d8153e0,
0x00007f9fe4017830, 0x00007fa00e216790, 0x0000557019e10f60, 0x00007fa00de3e880,
0x00007fa00e345f80, 0x00007fa01c01bd50, 0x00007fa01c014700, 0x00007fa01c021fd0,
0x00007fa01c0204e0, 0x00007fa01c1831f0, 0x00007fa01c019bf0, 0x00007fa01c247a50,
0x00007fa01c264a10, 0x00007fa01c021260, 0x00007fa01c019540, 0x00007fa01c244930,
0x00007fa01c2470f0, 0x00007f9fe8012c70, 0x00007f9fe803f4c0, 0x00007f9fe8035500,
0x00007f9fe8044d70, 0x00007f9fe803db90, 0x00007f9fe803e100, 0x00007f9fe8059040,
0x00007f9fe80bbda0, 0x00007f9fe816f960
}

Java Threads: ( => current thread )
  0x00007fa04001a7c0 JavaThread "main" [_thread_blocked, id=7649, stack(0x00007fa047d1c000,0x00007fa047e1c000)]
  0x00007fa0400aae40 JavaThread "Reference Handler" daemon [_thread_blocked, id=7659, stack(0x00007fa0447a6000,0x00007fa0448a6000)]
  0x00007fa0400ac220 JavaThread "Finalizer" daemon [_thread_blocked, id=7660, stack(0x00007fa0446a5000,0x00007fa0447a5000)]
  0x00007fa0400b3020 JavaThread "Signal Dispatcher" daemon [_thread_blocked, id=7661, stack(0x00007fa04454d000,0x00007fa04464d000)]
  0x00007fa0400b43d0 JavaThread "Service Thread" daemon [_thread_blocked, id=7662, stack(0x00007fa04444c000,0x00007fa04454c000)]
  0x00007fa0400b57e0 JavaThread "Monitor Deflation Thread" daemon [_thread_blocked, id=7663, stack(0x00007fa04434b000,0x00007fa04444b000)]
  0x00007fa0400b7190 JavaThread "C2 CompilerThread0" daemon [_thread_blocked, id=7664, stack(0x00007fa04424a000,0x00007fa04434a000)]
  0x00007fa0400b86c0 JavaThread "C1 CompilerThread0" daemon [_thread_blocked, id=7665, stack(0x00007fa044149000,0x00007fa044249000)]
  0x00007fa0400b9b30 JavaThread "Sweeper thread" daemon [_thread_blocked, id=7666, stack(0x00007fa044048000,0x00007fa044148000)]
  0x00007fa0400d5b70 JavaThread "Common-Cleaner" daemon [_thread_blocked, id=7667, stack(0x00007fa029411000,0x00007fa029511000)]
  0x00007fa040219f70 JavaThread "Notification Thread" daemon [_thread_blocked, id=7668, stack(0x00007fa029310000,0x00007fa029410000)]
  0x00007fa0411bf1e0 JavaThread "Daemon health stats" [_thread_blocked, id=7675, stack(0x00007fa02900d000,0x00007fa02910d000)]
  0x00007fa04123ad20 JavaThread "Incoming local TCP Connector on port 43315" [_thread_in_native, id=7677, stack(0x00007fa028d00000,0x00007fa028e00000)]
  0x00007fa041265350 JavaThread "Daemon periodic checks" [_thread_blocked, id=7678, stack(0x00007fa028900000,0x00007fa028a00000)]
  0x00007fa00c198bb0 JavaThread "Cache worker for journal cache (/root/.gradle/caches/journal-1)" [_thread_blocked, id=7689, stack(0x00007fa0280f8000,0x00007fa0281f8000)]
  0x00007fa00c1a2980 JavaThread "File lock request listener" [_thread_in_native, id=7690, stack(0x00007fa019f00000,0x00007fa01a000000)]
  0x00007fa00c33fe10 JavaThread "Cache worker for file hash cache (/root/.gradle/caches/8.5/fileHashes)" [_thread_blocked, id=7692, stack(0x00007fa019dff000,0x00007fa019eff000)]
  0x00007fa00c651570 JavaThread "Cache worker for file content cache (/root/.gradle/caches/8.5/fileContent)" [_thread_blocked, id=7700, stack(0x00007fa0198fa000,0x00007fa0199fa000)]
  0x00007fa00c6ce6d0 JavaThread "Cache worker for execution history cache (/root/.gradle/caches/8.5/executionHistory)" [_thread_blocked, id=7701, stack(0x00007fa0197f9000,0x00007fa0198f9000)]
  0x00007fa00c9c62f0 JavaThread "Cache worker for kotlin-dsl (/root/.gradle/caches/8.5/kotlin-dsl)" [_thread_blocked, id=7705, stack(0x00007fa0196f8000,0x00007fa0197f8000)]
  0x00007fa00caff270 JavaThread "jar transforms" [_thread_blocked, id=7707, stack(0x00007fa0195f7000,0x00007fa0196f7000)]
  0x00007fa00cb073b0 JavaThread "jar transforms Thread 2" [_thread_blocked, id=7708, stack(0x00007fa0194f6000,0x00007fa0195f6000)]
  0x00007fa00d4bcf40 JavaThread "Memory manager" [_thread_blocked, id=7724, stack(0x00007fa0190f2000,0x00007fa0191f2000)]
  0x00007fa00dd6bdd0 JavaThread "process reaper" daemon [_thread_blocked, id=7772, stack(0x00007fa028cdd000,0x00007fa028cff000)]
  0x00007fa00d7a81f0 JavaThread "RMI Scheduler(0)" daemon [_thread_blocked, id=7803, stack(0x00007fa01828e000,0x00007fa01838e000)]
  0x00007fa00dd76750 JavaThread "RMI GC Daemon" daemon [_thread_blocked, id=7805, stack(0x00007fa01808c000,0x00007fa01818c000)]
  0x00007fa00d813770 JavaThread "RMI TCP Accept-0" daemon [_thread_in_native, id=7807, stack(0x00007f9ff6f00000,0x00007f9ff7000000)]
  0x00007fa00d8153e0 JavaThread "RMI Reaper" [_thread_blocked, id=7808, stack(0x00007f9ff6b00000,0x00007f9ff6c00000)]
  0x00007f9fe4017830 JavaThread "Daemon Thread 4" [_thread_blocked, id=12032, stack(0x00007fa0191f3000,0x00007fa0192f3000)]
  0x00007fa00e216790 JavaThread "Daemon worker Thread 4" [_thread_blocked, id=12035, stack(0x00007fa018cee000,0x00007fa018dee000)]
  0x0000557019e10f60 JavaThread "RMI TCP Connection(idle)" daemon [_thread_blocked, id=12328, stack(0x00007fa019cfe000,0x00007fa019dfe000)]
  0x00007fa00de3e880 JavaThread "Handler for socket connection from /127.0.0.1:43315 to /127.0.0.1:42434" [_thread_in_native, id=12646, stack(0x00007fa0284fc000,0x00007fa0285fc000)]
  0x00007fa00e345f80 JavaThread "Cancel handler" [_thread_blocked, id=12647, stack(0x00007fa018ff1000,0x00007fa0190f1000)]
  0x00007fa01c01bd50 JavaThread "Asynchronous log dispatcher for DefaultDaemonConnection: socket connection from /127.0.0.1:43315 to /127.0.0.1:42434" [_thread_blocked, id=12648, stack(0x00007fa0283fb000,0x00007fa0284fb000)]
  0x00007fa01c014700 JavaThread "Stdin handler" [_thread_blocked, id=12651, stack(0x00007fa018a96000,0x00007fa018b96000)]
  0x00007fa01c021fd0 JavaThread "Daemon client event forwarder" [_thread_blocked, id=12652, stack(0x00007fa0286fe000,0x00007fa0287fe000)]
  0x00007fa01c0204e0 JavaThread "Cache worker for checksums cache (/workspace/android/.gradle/8.5/checksums)" [_thread_blocked, id=12653, stack(0x00007fa0192f4000,0x00007fa0193f4000)]
  0x00007fa01c1831f0 JavaThread "Cache worker for file hash cache (/workspace/android/.gradle/8.5/fileHashes)" [_thread_blocked, id=12654, stack(0x00007fa018995000,0x00007fa018a95000)]
  0x00007fa01c019bf0 JavaThread "Cache worker for cache directory md-supplier (/root/.gradle/caches/8.5/md-supplier)" [_thread_blocked, id=12655, stack(0x00007fa018ef0000,0x00007fa018ff0000)]
  0x00007fa01c247a50 JavaThread "Cache worker for cache directory md-rule (/root/.gradle/caches/8.5/md-rule)" [_thread_blocked, id=12656, stack(0x00007fa018793000,0x00007fa018893000)]
  0x00007fa01c264a10 JavaThread "Cache worker for dependencies-accessors (/workspace/android/.gradle/8.5/dependencies-accessors)" [_thread_blocked, id=12657, stack(0x00007fa018591000,0x00007fa018691000)]
  0x00007fa01c021260 JavaThread "Cache worker for Build Output Cleanup Cache (/workspace/android/.gradle/buildOutputCleanup)" [_thread_blocked, id=12658, stack(0x00007fa019afc000,0x00007fa019bfc000)]
  0x00007fa01c019540 JavaThread "Unconstrained build operations" [_thread_blocked, id=12659, stack(0x00007fa0285fd000,0x00007fa0286fd000)]
  0x00007fa01c244930 JavaThread "build event listener" [_thread_blocked, id=12660, stack(0x00007fa0282fa000,0x00007fa0283fa000)]
  0x00007fa01c2470f0 JavaThread "included builds" [_thread_blocked, id=12662, stack(0x00007fa0281f9000,0x00007fa0282f9000)]
  0x00007f9fe8012c70 JavaThread "Cache worker for execution history cache (/workspace/android/.gradle/8.5/executionHistory)" [_thread_blocked, id=12663, stack(0x00007fa018692000,0x00007fa018792000)]
  0x00007f9fe803f4c0 JavaThread "Unconstrained build operations Thread 2" [_thread_blocked, id=12664, stack(0x00007fa018894000,0x00007fa018994000)]
  0x00007f9fe8035500 JavaThread "Unconstrained build operations Thread 3" [_thread_blocked, id=12666, stack(0x00007fa0287ff000,0x00007fa0288ff000)]
  0x00007f9fe8044d70 JavaThread "Unconstrained build operations Thread 4" [_thread_blocked, id=12667, stack(0x00007fa01838f000,0x00007fa01848f000)]
  0x00007f9fe803db90 JavaThread "Unconstrained build operations Thread 5" [_thread_blocked, id=12668, stack(0x00007fa018def000,0x00007fa018eef000)]
  0x00007f9fe803e100 JavaThread "Unconstrained build operations Thread 6" [_thread_blocked, id=12669, stack(0x00007fa018bed000,0x00007fa018ced000)]
=>0x00007f9fe8059040 JavaThread "WorkerExecutor Queue" [_thread_in_vm, id=12670, stack(0x00007f9ff66fc000,0x00007f9ff67fc000)]
  0x00007f9fe80bbda0 JavaThread "Unconstrained build operations Thread 7" [_thread_blocked, id=12788, stack(0x00007f9ff67fd000,0x00007f9ff68fd000)]
  0x00007f9fe816f960 JavaThread "WorkerExecutor Queue Thread 2" [_thread_blocked, id=12795, stack(0x00007fa01818d000,0x00007fa01828d000)]

Other Threads:
  0x00007fa0400a6d40 VMThread "VM Thread" [stack: 0x00007fa0448a7000,0x00007fa0449a7000] [id=7658]
  0x00007fa04001cb30 WatcherThread [stack: 0x00007fa02920f000,0x00007fa02930f000] [id=7669]
  0x00007fa040056d80 GCTaskThread "GC Thread#0" [stack: 0x00007fa0451d3000,0x00007fa0452d3000] [id=7652]
  0x00007f9ff0004990 GCTaskThread "GC Thread#1" [stack: 0x00007fa02910e000,0x00007fa02920e000] [id=7670]
  0x00007fa040060360 ConcurrentGCThread "G1 Main Marker" [stack: 0x00007fa0450d2000,0x00007fa0451d2000] [id=7654]
  0x00007fa0400612d0 ConcurrentGCThread "G1 Conc#0" [stack: 0x00007fa044fd1000,0x00007fa0450d1000] [id=7655]
  0x00007fa04007ff00 ConcurrentGCThread "G1 Refine#0" [stack: 0x00007fa044cce000,0x00007fa044dce000] [id=7656]
  0x00007fa040080e00 ConcurrentGCThread "G1 Service" [stack: 0x00007fa044bcd000,0x00007fa044ccd000] [id=7657]

Threads with active compile tasks:

VM state: not at safepoint (normal execution)

VM Mutex/Monitor currently owned by a thread:  ([mutex/lock_event])
[0x00007fa040016530] Metaspace_lock - owner thread: 0x00007f9fe8059040

Heap address: 0x00000000c0000000, size: 1024 MB, Compressed Oops mode: 32-bit

CDS archive(s) mapped at: [0x00007f9ff7000000-0x00007f9ff7bca000-0x00007f9ff7bca000), size 12361728, SharedBaseAddress: 0x00007f9ff7000000, ArchiveRelocationMode: 1.
Compressed class space mapped at: 0x00007f9ff8000000-0x00007fa00c000000, reserved size: 335544320
Narrow klass base: 0x00007f9ff7000000, Narrow klass shift: 0, Narrow klass range: 0x100000000

GC Precious Log:
 CPUs: 2 total, 2 available
 Memory: 2048M
 Large Page Support: Disabled
 NUMA Support: Disabled
 Compressed Oops: Enabled (32-bit)
 Heap Region Size: 1M
 Heap Min Capacity: 8M
 Heap Initial Capacity: 32M
 Heap Max Capacity: 1G
 Pre-touch: Disabled
 Parallel Workers: 2
 Concurrent Workers: 1
 Concurrent Refinement Workers: 2
 Periodic GC: Disabled

Heap:
 garbage-first heap   total 395264K, used 192622K [0x00000000c0000000, 0x0000000100000000)
  region size 1024K, 96 young (98304K), 14 survivors (14336K)
 Metaspace       used 103432K, committed 104704K, reserved 458752K
  class space    used 14012K, committed 14656K, reserved 327680K

Heap Regions: E=young(eden), S=young(survivor), O=old, HS=humongous(starts), HC=humongous(continues), CS=collection set, F=free, OA=open archive, CA=closed archive, TAMS=top-at-mark-start (previous, next)
|   0|0x00000000c0000000, 0x00000000c0100000, 0x00000000c0100000|100%| O|  |TAMS 0x00000000c0100000, 0x00000000c0000000| Untracked 
|   1|0x00000000c0100000, 0x00000000c0200000, 0x00000000c0200000|100%| O|  |TAMS 0x00000000c0200000, 0x00000000c0100000| Untracked 
|   2|0x00000000c0200000, 0x00000000c0300000, 0x00000000c0300000|100%|HS|  |TAMS 0x00000000c0300000, 0x00000000c0200000| Complete 
|   3|0x00000000c0300000, 0x00000000c0400000, 0x00000000c0400000|100%|HC|  |TAMS 0x00000000c0400000, 0x00000000c0300000| Complete 
|   4|0x00000000c0400000, 0x00000000c0500000, 0x00000000c0500000|100%|HC|  |TAMS 0x00000000c0500000, 0x00000000c0400000| Complete 
|   5|0x00000000c0500000, 0x00000000c0600000, 0x00000000c0600000|100%|HC|  |TAMS 0x00000000c0600000, 0x00000000c0500000| Complete 
|   6|0x00000000c0600000, 0x00000000c0700000, 0x00000000c0700000|100%| O|  |TAMS 0x00000000c0700000, 0x00000000c0600000| Untracked 
|   7|0x00000000c0700000, 0x00000000c0800000, 0x00000000c0800000|100%| O|  |TAMS 0x00000000c0800000, 0x00000000c0700000| Untracked 
|   8|0x00000000c0800000, 0x00000000c0900000, 0x00000000c0900000|100%| O|  |TAMS 0x00000000c0900000, 0x00000000c0800000| Untracked 
|   9|0x00000000c0900000, 0x00000000c0a00000, 0x00000000c0a00000|100%| O|  |TAMS 0x00000000c0a00000, 0x00000000c0900000| Untracked 
|  10|0x00000000c0a00000, 0x00000000c0b00000, 0x00000000c0b00000|100%| O|  |TAMS 0x00000000c0a00000, 0x00000000c0a00000| Untracked 
|  11|0x00000000c0b00000, 0x00000000c0c00000, 0x00000000c0c00000|100%| O|  |TAMS 0x00000000c0c00000, 0x00000000c0b00000| Untracked 
|  12|0x00000000c0c00000, 0x00000000c0d00000, 0x00000000c0d00000|100%| O|  |TAMS 0x00000000c0d00000, 0x00000000c0c00000| Untracked 
|  13|0x00000000c0d00000, 0x00000000c0e00000, 0x00000000c0e00000|100%| O|  |TAMS 0x00000000c0e00000, 0x00000000c0d00000| Untracked 
|  14|0x00000000c0e00000, 0x00000000c0f00000, 0x00000000c0f00000|100%| O|  |TAMS 0x00000000c0f00000, 0x00000000c0e00000| Untracked 
|  15|0x00000000c0f00000, 0x00000000c1000000, 0x00000000c1000000|100%| O|  |TAMS 0x00000000c1000000, 0x00000000c0f00000| Untracked 
|  16|0x00000000c1000000, 0x00000000c1100000, 0x00000000c1100000|100%| O|  |TAMS 0x00000000c1100000, 0x00000000c1000000| Untracked 
|  17|0x00000000c1100000, 0x00000000c1200000, 0x00000000c1200000|100%| O|  |TAMS 0x00000000c1200000, 0x00000000c1100000| Untracked 
|  18|0x00000000c1200000, 0x00000000c1300000, 0x00000000c1300000|100%| O|  |TAMS 0x00000000c1300000, 0x00000000c1200000| Untracked 
|  19|0x00000000c1300000, 0x00000000c1400000, 0x00000000c1400000|100%| O|  |TAMS 0x00000000c1400000, 0x00000000c1300000| Untracked 
|  20|0x00000000c1400000, 0x00000000c1500000, 0x00000000c1500000|100%| O|  |TAMS 0x00000000c1500000, 0x00000000c1400000| Untracked 
|  21|0x00000000c1500000, 0x00000000c1600000, 0x00000000c1600000|100%| O|  |TAMS 0x00000000c1600000, 0x00000000c1500000| Untracked 
|  22|0x00000000c1600000, 0x00000000c1700000, 0x00000000c1700000|100%| O|  |TAMS 0x00000000c1700000, 0x00000000c1600000| Untracked 
|  23|0x00000000c1700000, 0x00000000c1800000, 0x00000000c1800000|100%| O|  |TAMS 0x00000000c1800000, 0x00000000c1700000| Untracked 
|  24|0x00000000c1800000, 0x00000000c1900000, 0x00000000c1900000|100%| O|  |TAMS 0x00000000c1900000, 0x00000000c1800000| Untracked 
|  25|0x00000000c1900000, 0x00000000c1a00000, 0x00000000c1a00000|100%| O|  |TAMS 0x00000000c1a00000, 0x00000000c1900000| Untracked 
|  26|0x00000000c1a00000, 0x00000000c1b00000, 0x00000000c1b00000|100%| O|  |TAMS 0x00000000c1b00000, 0x00000000c1a00000| Untracked 
|  27|0x00000000c1b00000, 0x00000000c1c00000, 0x00000000c1c00000|100%| O|  |TAMS 0x00000000c1c00000, 0x00000000c1b00000| Untracked 
|  28|0x00000000c1c00000, 0x00000000c1d00000, 0x00000000c1d00000|100%| O|  |TAMS 0x00000000c1d00000, 0x00000000c1c00000| Untracked 
|  29|0x00000000c1d00000, 0x00000000c1e00000, 0x00000000c1e00000|100%| O|  |TAMS 0x00000000c1e00000, 0x00000000c1d00000| Untracked 
|  30|0x00000000c1e00000, 0x00000000c1f00000, 0x00000000c1f00000|100%| O|  |TAMS 0x00000000c1f00000, 0x00000000c1e00000| Untracked 
|  31|0x00000000c1f00000, 0x00000000c2000000, 0x00000000c2000000|100%| O|  |TAMS 0x00000000c2000000, 0x00000000c1f00000| Untracked 
|  32|0x00000000c2000000, 0x00000000c2100000, 0x00000000c2100000|100%| O|  |TAMS 0x00000000c2100000, 0x00000000c2000000| Untracked 
|  33|0x00000000c2100000, 0x00000000c2200000, 0x00000000c2200000|100%|HS|  |TAMS 0x00000000c2200000, 0x00000000c2100000| Complete 
|  34|0x00000000c2200000, 0x00000000c2300000, 0x00000000c2300000|100%|HS|  |TAMS 0x00000000c2300000, 0x00000000c2200000| Complete 
|  35|0x00000000c2300000, 0x00000000c2400000, 0x00000000c2400000|100%|HS|  |TAMS 0x00000000c2400000, 0x00000000c2300000| Complete 
|  36|0x00000000c2400000, 0x00000000c2500000, 0x00000000c2500000|100%|HC|  |TAMS 0x00000000c2500000, 0x00000000c2400000| Complete 
|  37|0x00000000c2500000, 0x00000000c2600000, 0x00000000c2600000|100%|HS|  |TAMS 0x00000000c2600000, 0x00000000c2500000| Complete 
|  38|0x00000000c2600000, 0x00000000c2700000, 0x00000000c2700000|100%|HC|  |TAMS 0x00000000c2700000, 0x00000000c2600000| Complete 
|  39|0x00000000c2700000, 0x00000000c2800000, 0x00000000c2800000|100%|HS|  |TAMS 0x00000000c2800000, 0x00000000c2700000| Complete 
|  40|0x00000000c2800000, 0x00000000c2900000, 0x00000000c2900000|100%| O|  |TAMS 0x00000000c2900000, 0x00000000c2800000| Untracked 
|  41|0x00000000c2900000, 0x00000000c2a00000, 0x00000000c2a00000|100%| O|  |TAMS 0x00000000c2a00000, 0x00000000c2900000| Untracked 
|  42|0x00000000c2a00000, 0x00000000c2b00000, 0x00000000c2b00000|100%|HS|  |TAMS 0x00000000c2b00000, 0x00000000c2a00000| Complete 
|  43|0x00000000c2b00000, 0x00000000c2c00000, 0x00000000c2c00000|100%|HC|  |TAMS 0x00000000c2c00000, 0x00000000c2b00000| Complete 
|  44|0x00000000c2c00000, 0x00000000c2d00000, 0x00000000c2d00000|100%|HC|  |TAMS 0x00000000c2d00000, 0x00000000c2c00000| Complete 
|  45|0x00000000c2d00000, 0x00000000c2e00000, 0x00000000c2e00000|100%|HC|  |TAMS 0x00000000c2e00000, 0x00000000c2d00000| Complete 
|  46|0x00000000c2e00000, 0x00000000c2f00000, 0x00000000c2f00000|100%|HS|  |TAMS 0x00000000c2f00000, 0x00000000c2e00000| Complete 
|  47|0x00000000c2f00000, 0x00000000c3000000, 0x00000000c3000000|100%| O|  |TAMS 0x00000000c3000000, 0x00000000c2f00000| Untracked 
|  48|0x00000000c3000000, 0x00000000c3100000, 0x00000000c3100000|100%| O|  |TAMS 0x00000000c3100000, 0x00000000c3000000| Untracked 
|  49|0x00000000c3100000, 0x00000000c3200000, 0x00000000c3200000|100%| O|  |TAMS 0x00000000c3200000, 0x00000000c3100000| Untracked 
|  50|0x00000000c3200000, 0x00000000c3300000, 0x00000000c3300000|100%| O|  |TAMS 0x00000000c3300000, 0x00000000c3200000| Untracked 
|  51|0x00000000c3300000, 0x00000000c3400000, 0x00000000c3400000|100%| O|  |TAMS 0x00000000c3400000, 0x00000000c3300000| Untracked 
|  52|0x00000000c3400000, 0x00000000c3500000, 0x00000000c3500000|100%| O|  |TAMS 0x00000000c3500000, 0x00000000c3400000| Untracked 
|  53|0x00000000c3500000, 0x00000000c3600000, 0x00000000c3600000|100%|HS|  |TAMS 0x00000000c3600000, 0x00000000c3500000| Complete 
|  54|0x00000000c3600000, 0x00000000c3700000, 0x00000000c3700000|100%| O|  |TAMS 0x00000000c3700000, 0x00000000c3600000| Untracked 
|  55|0x00000000c3700000, 0x00000000c3800000, 0x00000000c3800000|100%| O|  |TAMS 0x00000000c3800000, 0x00000000c3700000| Untracked 
|  56|0x00000000c3800000, 0x00000000c3900000, 0x00000000c3900000|100%| O|  |TAMS 0x00000000c3900000, 0x00000000c3800000| Untracked 
|  57|0x00000000c3900000, 0x00000000c3a00000, 0x00000000c3a00000|100%| O|  |TAMS 0x00000000c3a00000, 0x00000000c3900000| Untracked 
|  58|0x00000000c3a00000, 0x00000000c3b00000, 0x00000000c3b00000|100%|HS|  |TAMS 0x00000000c3b00000, 0x00000000c3a00000| Complete 
|  59|0x00000000c3b00000, 0x00000000c3c00000, 0x00000000c3c00000|100%|HC|  |TAMS 0x00000000c3c00000, 0x00000000c3b00000| Complete 
|  60|0x00000000c3c00000, 0x00000000c3d00000, 0x00000000c3d00000|100%|HC|  |TAMS 0x00000000c3d00000, 0x00000000c3c00000| Complete 
|  61|0x00000000c3d00000, 0x00000000c3e00000, 0x00000000c3e00000|100%|HC|  |TAMS 0x00000000c3e00000, 0x00000000c3d00000| Complete 
|  62|0x00000000c3e00000, 0x00000000c3f00000, 0x00000000c3f00000|100%| O|  |TAMS 0x00000000c3f00000, 0x00000000c3e00000| Untracked 
|  63|0x00000000c3f00000, 0x00000000c4000000, 0x00000000c4000000|100%| O|  |TAMS 0x00000000c4000000, 0x00000000c3f00000| Untracked 
|  64|0x00000000c4000000, 0x00000000c4100000, 0x00000000c4100000|100%| O|  |TAMS 0x00000000c4100000, 0x00000000c4000000| Untracked 
|  65|0x00000000c4100000, 0x00000000c4200000, 0x00000000c4200000|100%| O|  |TAMS 0x00000000c4200000, 0x00000000c4100000| Untracked 
|  66|0x00000000c4200000, 0x00000000c4300000, 0x00000000c4300000|100%| O|  |TAMS 0x00000000c4300000, 0x00000000c4200000| Untracked 
|  67|0x00000000c4300000, 0x00000000c4400000, 0x00000000c4400000|100%| O|  |TAMS 0x00000000c4400000, 0x00000000c4300000| Untracked 
|  68|0x00000000c4400000, 0x00000000c4400000, 0x00000000c4500000|  0%| F|  |TAMS 0x00000000c4400000, 0x00000000c4400000| Untracked 
|  69|0x00000000c4500000, 0x00000000c4600000, 0x00000000c4600000|100%| O|  |TAMS 0x00000000c4600000, 0x00000000c4500000| Untracked 
|  70|0x00000000c4600000, 0x00000000c4700000, 0x00000000c4700000|100%| O|  |TAMS 0x00000000c4700000, 0x00000000c4600000| Untracked 
|  71|0x00000000c4700000, 0x00000000c4800000, 0x00000000c4800000|100%| O|  |TAMS 0x00000000c4800000, 0x00000000c4700000| Untracked 
|  72|0x00000000c4800000, 0x00000000c4900000, 0x00000000c4900000|100%| O|  |TAMS 0x00000000c4900000, 0x00000000c4800000| Untracked 
|  73|0x00000000c4900000, 0x00000000c4a00000, 0x00000000c4a00000|100%| O|  |TAMS 0x00000000c4a00000, 0x00000000c4900000| Untracked 
|  74|0x00000000c4a00000, 0x00000000c4b00000, 0x00000000c4b00000|100%| O|  |TAMS 0x00000000c4b00000, 0x00000000c4a00000| Untracked 
|  75|0x00000000c4b00000, 0x00000000c4c00000, 0x00000000c4c00000|100%| O|  |TAMS 0x00000000c4c00000, 0x00000000c4b00000| Untracked 
|  76|0x00000000c4c00000, 0x00000000c4d00000, 0x00000000c4d00000|100%| O|  |TAMS 0x00000000c4d00000, 0x00000000c4c00000| Untracked 
|  77|0x00000000c4d00000, 0x00000000c4e00000, 0x00000000c4e00000|100%| O|  |TAMS 0x00000000c4e00000, 0x00000000c4d00000| Untracked 
|  78|0x00000000c4e00000, 0x00000000c4f00000, 0x00000000c4f00000|100%| O|  |TAMS 0x00000000c4f00000, 0x00000000c4e00000| Untracked 
|  79|0x00000000c4f00000, 0x00000000c5000000, 0x00000000c5000000|100%| O|  |TAMS 0x00000000c5000000, 0x00000000c4f00000| Untracked 
|  80|0x00000000c5000000, 0x00000000c5100000, 0x00000000c5100000|100%| O|  |TAMS 0x00000000c5100000, 0x00000000c5000000| Untracked 
|  81|0x00000000c5100000, 0x00000000c5200000, 0x00000000c5200000|100%| O|  |TAMS 0x00000000c5200000, 0x00000000c5100000| Untracked 
|  82|0x00000000c5200000, 0x00000000c5300000, 0x00000000c5300000|100%| O|  |TAMS 0x00000000c5300000, 0x00000000c5200000| Untracked 
|  83|0x00000000c5300000, 0x00000000c5400000, 0x00000000c5400000|100%| O|  |TAMS 0x00000000c5400000, 0x00000000c5300000| Untracked 
|  84|0x00000000c5400000, 0x00000000c5500000, 0x00000000c5500000|100%| O|  |TAMS 0x00000000c5500000, 0x00000000c5400000| Untracked 
|  85|0x00000000c5500000, 0x00000000c5600000, 0x00000000c5600000|100%| O|  |TAMS 0x00000000c55bc000, 0x00000000c5500000| Untracked 
|  86|0x00000000c5600000, 0x00000000c5700000, 0x00000000c5700000|100%| O|  |TAMS 0x00000000c5600000, 0x00000000c5600000| Untracked 
|  87|0x00000000c5700000, 0x00000000c5800000, 0x00000000c5800000|100%| O|  |TAMS 0x00000000c5700000, 0x00000000c5700000| Untracked 
|  88|0x00000000c5800000, 0x00000000c5900000, 0x00000000c5900000|100%| O|  |TAMS 0x00000000c5800000, 0x00000000c5800000| Untracked 
|  89|0x00000000c5900000, 0x00000000c5a00000, 0x00000000c5a00000|100%| O|  |TAMS 0x00000000c5900000, 0x00000000c5900000| Untracked 
|  90|0x00000000c5a00000, 0x00000000c5b00000, 0x00000000c5b00000|100%| O|  |TAMS 0x00000000c5a00000, 0x00000000c5a00000| Untracked 
|  91|0x00000000c5b00000, 0x00000000c5b00000, 0x00000000c5c00000|  0%| F|  |TAMS 0x00000000c5b00000, 0x00000000c5b00000| Untracked 
|  92|0x00000000c5c00000, 0x00000000c5c00000, 0x00000000c5d00000|  0%| F|  |TAMS 0x00000000c5c00000, 0x00000000c5c00000| Untracked 
|  93|0x00000000c5d00000, 0x00000000c5d00000, 0x00000000c5e00000|  0%| F|  |TAMS 0x00000000c5d00000, 0x00000000c5d00000| Untracked 
|  94|0x00000000c5e00000, 0x00000000c5e00000, 0x00000000c5f00000|  0%| F|  |TAMS 0x00000000c5e00000, 0x00000000c5e00000| Untracked 
|  95|0x00000000c5f00000, 0x00000000c6000000, 0x00000000c6000000|100%| O|  |TAMS 0x00000000c5f00000, 0x00000000c5f00000| Untracked 
|  96|0x00000000c6000000, 0x00000000c6100000, 0x00000000c6100000|100%| O|  |TAMS 0x00000000c6000000, 0x00000000c6000000| Untracked 
|  97|0x00000000c6100000, 0x00000000c6200000, 0x00000000c6200000|100%| O|  |TAMS 0x00000000c6100000, 0x00000000c6100000| Untracked 
|  98|0x00000000c6200000, 0x00000000c622ea00, 0x00000000c6300000| 18%| O|  |TAMS 0x00000000c6200000, 0x00000000c6200000| Untracked 
|  99|0x00000000c6300000, 0x00000000c6300000, 0x00000000c6400000|  0%| F|  |TAMS 0x00000000c6300000, 0x00000000c6300000| Untracked 
| 100|0x00000000c6400000, 0x00000000c6400000, 0x00000000c6500000|  0%| F|  |TAMS 0x00000000c6400000, 0x00000000c6400000| Untracked 
| 101|0x00000000c6500000, 0x00000000c6500000, 0x00000000c6600000|  0%| F|  |TAMS 0x00000000c6500000, 0x00000000c6500000| Untracked 
| 102|0x00000000c6600000, 0x00000000c6600000, 0x00000000c6700000|  0%| F|  |TAMS 0x00000000c6600000, 0x00000000c6600000| Untracked 
| 103|0x00000000c6700000, 0x00000000c6700000, 0x00000000c6800000|  0%| F|  |TAMS 0x00000000c6700000, 0x00000000c6700000| Untracked 
| 104|0x00000000c6800000, 0x00000000c6800000, 0x00000000c6900000|  0%| F|  |TAMS 0x00000000c6800000, 0x00000000c6800000| Untracked 
| 105|0x00000000c6900000, 0x00000000c6900000, 0x00000000c6a00000|  0%| F|  |TAMS 0x00000000c6900000, 0x00000000c6900000| Untracked 
| 106|0x00000000c6a00000, 0x00000000c6a00000, 0x00000000c6b00000|  0%| F|  |TAMS 0x00000000c6a00000, 0x00000000c6a00000| Untracked 
| 107|0x00000000c6b00000, 0x00000000c6b00000, 0x00000000c6c00000|  0%| F|  |TAMS 0x00000000c6b00000, 0x00000000c6b00000| Untracked 
| 108|0x00000000c6c00000, 0x00000000c6c00000, 0x00000000c6d00000|  0%| F|  |TAMS 0x00000000c6c00000, 0x00000000c6c00000| Untracked 
| 109|0x00000000c6d00000, 0x00000000c6d00000, 0x00000000c6e00000|  0%| F|  |TAMS 0x00000000c6d00000, 0x00000000c6d00000| Untracked 
| 110|0x00000000c6e00000, 0x00000000c6e00000, 0x00000000c6f00000|  0%| F|  |TAMS 0x00000000c6e00000, 0x00000000c6e00000| Untracked 
| 111|0x00000000c6f00000, 0x00000000c6f00000, 0x00000000c7000000|  0%| F|  |TAMS 0x00000000c6f00000, 0x00000000c6f00000| Untracked 
| 112|0x00000000c7000000, 0x00000000c7000000, 0x00000000c7100000|  0%| F|  |TAMS 0x00000000c7000000, 0x00000000c7000000| Untracked 
| 113|0x00000000c7100000, 0x00000000c7100000, 0x00000000c7200000|  0%| F|  |TAMS 0x00000000c7100000, 0x00000000c7100000| Untracked 
| 114|0x00000000c7200000, 0x00000000c7200000, 0x00000000c7300000|  0%| F|  |TAMS 0x00000000c7200000, 0x00000000c7200000| Untracked 
| 115|0x00000000c7300000, 0x00000000c7300000, 0x00000000c7400000|  0%| F|  |TAMS 0x00000000c7300000, 0x00000000c7300000| Untracked 
| 116|0x00000000c7400000, 0x00000000c7400000, 0x00000000c7500000|  0%| F|  |TAMS 0x00000000c7400000, 0x00000000c7400000| Untracked 
| 117|0x00000000c7500000, 0x00000000c7500000, 0x00000000c7600000|  0%| F|  |TAMS 0x00000000c7500000, 0x00000000c7500000| Untracked 
| 118|0x00000000c7600000, 0x00000000c7600000, 0x00000000c7700000|  0%| F|  |TAMS 0x00000000c7600000, 0x00000000c7600000| Untracked 
| 119|0x00000000c7700000, 0x00000000c7700000, 0x00000000c7800000|  0%| F|  |TAMS 0x00000000c7700000, 0x00000000c7700000| Untracked 
| 120|0x00000000c7800000, 0x00000000c7800000, 0x00000000c7900000|  0%| F|  |TAMS 0x00000000c7800000, 0x00000000c7800000| Untracked 
| 121|0x00000000c7900000, 0x00000000c7900000, 0x00000000c7a00000|  0%| F|  |TAMS 0x00000000c7900000, 0x00000000c7900000| Untracked 
| 122|0x00000000c7a00000, 0x00000000c7a00000, 0x00000000c7b00000|  0%| F|  |TAMS 0x00000000c7a00000, 0x00000000c7a00000| Untracked 
| 123|0x00000000c7b00000, 0x00000000c7b00000, 0x00000000c7c00000|  0%| F|  |TAMS 0x00000000c7b00000, 0x00000000c7b00000| Untracked 
| 124|0x00000000c7c00000, 0x00000000c7c00000, 0x00000000c7d00000|  0%| F|  |TAMS 0x00000000c7c00000, 0x00000000c7c00000| Untracked 
| 125|0x00000000c7d00000, 0x00000000c7d00000, 0x00000000c7e00000|  0%| F|  |TAMS 0x00000000c7d00000, 0x00000000c7d00000| Untracked 
| 126|0x00000000c7e00000, 0x00000000c7e00000, 0x00000000c7f00000|  0%| F|  |TAMS 0x00000000c7e00000, 0x00000000c7e00000| Untracked 
| 127|0x00000000c7f00000, 0x00000000c7f00000, 0x00000000c8000000|  0%| F|  |TAMS 0x00000000c7f00000, 0x00000000c7f00000| Untracked 
| 128|0x00000000c8000000, 0x00000000c8000000, 0x00000000c8100000|  0%| F|  |TAMS 0x00000000c8000000, 0x00000000c8000000| Untracked 
| 129|0x00000000c8100000, 0x00000000c8100000, 0x00000000c8200000|  0%| F|  |TAMS 0x00000000c8100000, 0x00000000c8100000| Untracked 
| 130|0x00000000c8200000, 0x00000000c8200000, 0x00000000c8300000|  0%| F|  |TAMS 0x00000000c8200000, 0x00000000c8200000| Untracked 
| 131|0x00000000c8300000, 0x00000000c8300000, 0x00000000c8400000|  0%| F|  |TAMS 0x00000000c8300000, 0x00000000c8300000| Untracked 
| 132|0x00000000c8400000, 0x00000000c8400000, 0x00000000c8500000|  0%| F|  |TAMS 0x00000000c8400000, 0x00000000c8400000| Untracked 
| 133|0x00000000c8500000, 0x00000000c8500000, 0x00000000c8600000|  0%| F|  |TAMS 0x00000000c8500000, 0x00000000c8500000| Untracked 
| 134|0x00000000c8600000, 0x00000000c8600000, 0x00000000c8700000|  0%| F|  |TAMS 0x00000000c8600000, 0x00000000c8600000| Untracked 
| 135|0x00000000c8700000, 0x00000000c8700000, 0x00000000c8800000|  0%| F|  |TAMS 0x00000000c8700000, 0x00000000c8700000| Untracked 
| 136|0x00000000c8800000, 0x00000000c8800000, 0x00000000c8900000|  0%| F|  |TAMS 0x00000000c8800000, 0x00000000c8800000| Untracked 
| 137|0x00000000c8900000, 0x00000000c8900000, 0x00000000c8a00000|  0%| F|  |TAMS 0x00000000c8900000, 0x00000000c8900000| Untracked 
| 138|0x00000000c8a00000, 0x00000000c8a00000, 0x00000000c8b00000|  0%| F|  |TAMS 0x00000000c8a00000, 0x00000000c8a00000| Untracked 
| 139|0x00000000c8b00000, 0x00000000c8b00000, 0x00000000c8c00000|  0%| F|  |TAMS 0x00000000c8b00000, 0x00000000c8b00000| Untracked 
| 140|0x00000000c8c00000, 0x00000000c8c00000, 0x00000000c8d00000|  0%| F|  |TAMS 0x00000000c8c00000, 0x00000000c8c00000| Untracked 
| 141|0x00000000c8d00000, 0x00000000c8d00000, 0x00000000c8e00000|  0%| F|  |TAMS 0x00000000c8d00000, 0x00000000c8d00000| Untracked 
| 142|0x00000000c8e00000, 0x00000000c8e00000, 0x00000000c8f00000|  0%| F|  |TAMS 0x00000000c8e00000, 0x00000000c8e00000| Untracked 
| 143|0x00000000c8f00000, 0x00000000c8f00000, 0x00000000c9000000|  0%| F|  |TAMS 0x00000000c8f00000, 0x00000000c8f00000| Untracked 
| 144|0x00000000c9000000, 0x00000000c9100000, 0x00000000c9100000|100%| S|CS|TAMS 0x00000000c9000000, 0x00000000c9000000| Complete 
| 145|0x00000000c9100000, 0x00000000c9200000, 0x00000000c9200000|100%| S|CS|TAMS 0x00000000c9100000, 0x00000000c9100000| Complete 
| 146|0x00000000c9200000, 0x00000000c9300000, 0x00000000c9300000|100%| S|CS|TAMS 0x00000000c9200000, 0x00000000c9200000| Complete 
| 147|0x00000000c9300000, 0x00000000c9400000, 0x00000000c9400000|100%| S|CS|TAMS 0x00000000c9300000, 0x00000000c9300000| Complete 
| 148|0x00000000c9400000, 0x00000000c9400000, 0x00000000c9500000|  0%| F|  |TAMS 0x00000000c9400000, 0x00000000c9400000| Untracked 
| 149|0x00000000c9500000, 0x00000000c9500000, 0x00000000c9600000|  0%| F|  |TAMS 0x00000000c9500000, 0x00000000c9500000| Untracked 
| 150|0x00000000c9600000, 0x00000000c9600000, 0x00000000c9700000|  0%| F|  |TAMS 0x00000000c9600000, 0x00000000c9600000| Untracked 
| 151|0x00000000c9700000, 0x00000000c9700000, 0x00000000c9800000|  0%| F|  |TAMS 0x00000000c9700000, 0x00000000c9700000| Untracked 
| 152|0x00000000c9800000, 0x00000000c9800000, 0x00000000c9900000|  0%| F|  |TAMS 0x00000000c9800000, 0x00000000c9800000| Untracked 
| 153|0x00000000c9900000, 0x00000000c9a00000, 0x00000000c9a00000|100%| S|CS|TAMS 0x00000000c9900000, 0x00000000c9900000| Complete 
| 154|0x00000000c9a00000, 0x00000000c9b00000, 0x00000000c9b00000|100%| S|CS|TAMS 0x00000000c9a00000, 0x00000000c9a00000| Complete 
| 155|0x00000000c9b00000, 0x00000000c9c00000, 0x00000000c9c00000|100%| S|CS|TAMS 0x00000000c9b00000, 0x00000000c9b00000| Complete 
| 156|0x00000000c9c00000, 0x00000000c9d00000, 0x00000000c9d00000|100%| S|CS|TAMS 0x00000000c9c00000, 0x00000000c9c00000| Complete 
| 157|0x00000000c9d00000, 0x00000000c9e00000, 0x00000000c9e00000|100%| S|CS|TAMS 0x00000000c9d00000, 0x00000000c9d00000| Complete 
| 158|0x00000000c9e00000, 0x00000000c9e00000, 0x00000000c9f00000|  0%| F|  |TAMS 0x00000000c9e00000, 0x00000000c9e00000| Untracked 
| 159|0x00000000c9f00000, 0x00000000c9f00000, 0x00000000ca000000|  0%| F|  |TAMS 0x00000000c9f00000, 0x00000000c9f00000| Untracked 
| 160|0x00000000ca000000, 0x00000000ca000000, 0x00000000ca100000|  0%| F|  |TAMS 0x00000000ca000000, 0x00000000ca000000| Untracked 
| 161|0x00000000ca100000, 0x00000000ca100000, 0x00000000ca200000|  0%| F|  |TAMS 0x00000000ca100000, 0x00000000ca100000| Untracked 
| 162|0x00000000ca200000, 0x00000000ca200000, 0x00000000ca300000|  0%| F|  |TAMS 0x00000000ca200000, 0x00000000ca200000| Untracked 
| 163|0x00000000ca300000, 0x00000000ca300000, 0x00000000ca400000|  0%| F|  |TAMS 0x00000000ca300000, 0x00000000ca300000| Untracked 
| 164|0x00000000ca400000, 0x00000000ca500000, 0x00000000ca500000|100%| S|CS|TAMS 0x00000000ca400000, 0x00000000ca400000| Complete 
| 165|0x00000000ca500000, 0x00000000ca600000, 0x00000000ca600000|100%| S|CS|TAMS 0x00000000ca500000, 0x00000000ca500000| Complete 
| 166|0x00000000ca600000, 0x00000000ca700000, 0x00000000ca700000|100%| S|CS|TAMS 0x00000000ca600000, 0x00000000ca600000| Complete 
| 167|0x00000000ca700000, 0x00000000ca800000, 0x00000000ca800000|100%| S|CS|TAMS 0x00000000ca700000, 0x00000000ca700000| Complete 
| 168|0x00000000ca800000, 0x00000000ca900000, 0x00000000ca900000|100%| S|CS|TAMS 0x00000000ca800000, 0x00000000ca800000| Complete 
| 169|0x00000000ca900000, 0x00000000ca900000, 0x00000000caa00000|  0%| F|  |TAMS 0x00000000ca900000, 0x00000000ca900000| Untracked 
| 170|0x00000000caa00000, 0x00000000caa00000, 0x00000000cab00000|  0%| F|  |TAMS 0x00000000caa00000, 0x00000000caa00000| Untracked 
| 171|0x00000000cab00000, 0x00000000cab00000, 0x00000000cac00000|  0%| F|  |TAMS 0x00000000cab00000, 0x00000000cab00000| Untracked 
| 172|0x00000000cac00000, 0x00000000cac00000, 0x00000000cad00000|  0%| F|  |TAMS 0x00000000cac00000, 0x00000000cac00000| Untracked 
| 173|0x00000000cad00000, 0x00000000cad00000, 0x00000000cae00000|  0%| F|  |TAMS 0x00000000cad00000, 0x00000000cad00000| Untracked 
| 174|0x00000000cae00000, 0x00000000cae00000, 0x00000000caf00000|  0%| F|  |TAMS 0x00000000cae00000, 0x00000000cae00000| Untracked 
| 175|0x00000000caf00000, 0x00000000caf00000, 0x00000000cb000000|  0%| F|  |TAMS 0x00000000caf00000, 0x00000000caf00000| Untracked 
| 176|0x00000000cb000000, 0x00000000cb000000, 0x00000000cb100000|  0%| F|  |TAMS 0x00000000cb000000, 0x00000000cb000000| Untracked 
| 177|0x00000000cb100000, 0x00000000cb100000, 0x00000000cb200000|  0%| F|  |TAMS 0x00000000cb100000, 0x00000000cb100000| Untracked 
| 178|0x00000000cb200000, 0x00000000cb200000, 0x00000000cb300000|  0%| F|  |TAMS 0x00000000cb200000, 0x00000000cb200000| Untracked 
| 179|0x00000000cb300000, 0x00000000cb300000, 0x00000000cb400000|  0%| F|  |TAMS 0x00000000cb300000, 0x00000000cb300000| Untracked 
| 180|0x00000000cb400000, 0x00000000cb400000, 0x00000000cb500000|  0%| F|  |TAMS 0x00000000cb400000, 0x00000000cb400000| Untracked 
| 181|0x00000000cb500000, 0x00000000cb500000, 0x00000000cb600000|  0%| F|  |TAMS 0x00000000cb500000, 0x00000000cb500000| Untracked 
| 182|0x00000000cb600000, 0x00000000cb600000, 0x00000000cb700000|  0%| F|  |TAMS 0x00000000cb600000, 0x00000000cb600000| Untracked 
| 183|0x00000000cb700000, 0x00000000cb700000, 0x00000000cb800000|  0%| F|  |TAMS 0x00000000cb700000, 0x00000000cb700000| Untracked 
| 184|0x00000000cb800000, 0x00000000cb800000, 0x00000000cb900000|  0%| F|  |TAMS 0x00000000cb800000, 0x00000000cb800000| Untracked 
| 185|0x00000000cb900000, 0x00000000cb900000, 0x00000000cba00000|  0%| F|  |TAMS 0x00000000cb900000, 0x00000000cb900000| Untracked 
| 186|0x00000000cba00000, 0x00000000cba00000, 0x00000000cbb00000|  0%| F|  |TAMS 0x00000000cba00000, 0x00000000cba00000| Untracked 
| 187|0x00000000cbb00000, 0x00000000cbb00000, 0x00000000cbc00000|  0%| F|  |TAMS 0x00000000cbb00000, 0x00000000cbb00000| Untracked 
| 188|0x00000000cbc00000, 0x00000000cbc00000, 0x00000000cbd00000|  0%| F|  |TAMS 0x00000000cbc00000, 0x00000000cbc00000| Untracked 
| 189|0x00000000cbd00000, 0x00000000cbd00000, 0x00000000cbe00000|  0%| F|  |TAMS 0x00000000cbd00000, 0x00000000cbd00000| Untracked 
| 190|0x00000000cbe00000, 0x00000000cbe00000, 0x00000000cbf00000|  0%| F|  |TAMS 0x00000000cbe00000, 0x00000000cbe00000| Untracked 
| 191|0x00000000cbf00000, 0x00000000cbf00000, 0x00000000cc000000|  0%| F|  |TAMS 0x00000000cbf00000, 0x00000000cbf00000| Untracked 
| 192|0x00000000cc000000, 0x00000000cc000000, 0x00000000cc100000|  0%| F|  |TAMS 0x00000000cc000000, 0x00000000cc000000| Untracked 
| 193|0x00000000cc100000, 0x00000000cc100000, 0x00000000cc200000|  0%| F|  |TAMS 0x00000000cc100000, 0x00000000cc100000| Untracked 
| 194|0x00000000cc200000, 0x00000000cc200000, 0x00000000cc300000|  0%| F|  |TAMS 0x00000000cc200000, 0x00000000cc200000| Untracked 
| 195|0x00000000cc300000, 0x00000000cc300000, 0x00000000cc400000|  0%| F|  |TAMS 0x00000000cc300000, 0x00000000cc300000| Untracked 
| 196|0x00000000cc400000, 0x00000000cc400000, 0x00000000cc500000|  0%| F|  |TAMS 0x00000000cc400000, 0x00000000cc400000| Untracked 
| 197|0x00000000cc500000, 0x00000000cc500000, 0x00000000cc600000|  0%| F|  |TAMS 0x00000000cc500000, 0x00000000cc500000| Untracked 
| 198|0x00000000cc600000, 0x00000000cc600000, 0x00000000cc700000|  0%| F|  |TAMS 0x00000000cc600000, 0x00000000cc600000| Untracked 
| 199|0x00000000cc700000, 0x00000000cc700000, 0x00000000cc800000|  0%| F|  |TAMS 0x00000000cc700000, 0x00000000cc700000| Untracked 
| 200|0x00000000cc800000, 0x00000000cc800000, 0x00000000cc900000|  0%| F|  |TAMS 0x00000000cc800000, 0x00000000cc800000| Untracked 
| 201|0x00000000cc900000, 0x00000000cc900000, 0x00000000cca00000|  0%| F|  |TAMS 0x00000000cc900000, 0x00000000cc900000| Untracked 
| 202|0x00000000cca00000, 0x00000000cca00000, 0x00000000ccb00000|  0%| F|  |TAMS 0x00000000cca00000, 0x00000000cca00000| Untracked 
| 203|0x00000000ccb00000, 0x00000000ccb00000, 0x00000000ccc00000|  0%| F|  |TAMS 0x00000000ccb00000, 0x00000000ccb00000| Untracked 
| 204|0x00000000ccc00000, 0x00000000ccc00000, 0x00000000ccd00000|  0%| F|  |TAMS 0x00000000ccc00000, 0x00000000ccc00000| Untracked 
| 205|0x00000000ccd00000, 0x00000000ccd00000, 0x00000000cce00000|  0%| F|  |TAMS 0x00000000ccd00000, 0x00000000ccd00000| Untracked 
| 206|0x00000000cce00000, 0x00000000cce00000, 0x00000000ccf00000|  0%| F|  |TAMS 0x00000000cce00000, 0x00000000cce00000| Untracked 
| 207|0x00000000ccf00000, 0x00000000ccf00000, 0x00000000cd000000|  0%| F|  |TAMS 0x00000000ccf00000, 0x00000000ccf00000| Untracked 
| 208|0x00000000cd000000, 0x00000000cd000000, 0x00000000cd100000|  0%| F|  |TAMS 0x00000000cd000000, 0x00000000cd000000| Untracked 
| 209|0x00000000cd100000, 0x00000000cd100000, 0x00000000cd200000|  0%| F|  |TAMS 0x00000000cd100000, 0x00000000cd100000| Untracked 
| 210|0x00000000cd200000, 0x00000000cd200000, 0x00000000cd300000|  0%| F|  |TAMS 0x00000000cd200000, 0x00000000cd200000| Untracked 
| 211|0x00000000cd300000, 0x00000000cd300000, 0x00000000cd400000|  0%| F|  |TAMS 0x00000000cd300000, 0x00000000cd300000| Untracked 
| 212|0x00000000cd400000, 0x00000000cd400000, 0x00000000cd500000|  0%| F|  |TAMS 0x00000000cd400000, 0x00000000cd400000| Untracked 
| 213|0x00000000cd500000, 0x00000000cd500000, 0x00000000cd600000|  0%| F|  |TAMS 0x00000000cd500000, 0x00000000cd500000| Untracked 
| 214|0x00000000cd600000, 0x00000000cd600000, 0x00000000cd700000|  0%| F|  |TAMS 0x00000000cd600000, 0x00000000cd600000| Untracked 
| 215|0x00000000cd700000, 0x00000000cd700000, 0x00000000cd800000|  0%| F|  |TAMS 0x00000000cd700000, 0x00000000cd700000| Untracked 
| 216|0x00000000cd800000, 0x00000000cd800000, 0x00000000cd900000|  0%| F|  |TAMS 0x00000000cd800000, 0x00000000cd800000| Untracked 
| 217|0x00000000cd900000, 0x00000000cd900000, 0x00000000cda00000|  0%| F|  |TAMS 0x00000000cd900000, 0x00000000cd900000| Untracked 
| 218|0x00000000cda00000, 0x00000000cda00000, 0x00000000cdb00000|  0%| F|  |TAMS 0x00000000cda00000, 0x00000000cda00000| Untracked 
| 219|0x00000000cdb00000, 0x00000000cdb00000, 0x00000000cdc00000|  0%| F|  |TAMS 0x00000000cdb00000, 0x00000000cdb00000| Untracked 
| 220|0x00000000cdc00000, 0x00000000cdc00000, 0x00000000cdd00000|  0%| F|  |TAMS 0x00000000cdc00000, 0x00000000cdc00000| Untracked 
| 221|0x00000000cdd00000, 0x00000000cdd00000, 0x00000000cde00000|  0%| F|  |TAMS 0x00000000cdd00000, 0x00000000cdd00000| Untracked 
| 222|0x00000000cde00000, 0x00000000cde00000, 0x00000000cdf00000|  0%| F|  |TAMS 0x00000000cde00000, 0x00000000cde00000| Untracked 
| 223|0x00000000cdf00000, 0x00000000cdf00000, 0x00000000ce000000|  0%| F|  |TAMS 0x00000000cdf00000, 0x00000000cdf00000| Untracked 
| 224|0x00000000ce000000, 0x00000000ce000000, 0x00000000ce100000|  0%| F|  |TAMS 0x00000000ce000000, 0x00000000ce000000| Untracked 
| 225|0x00000000ce100000, 0x00000000ce100000, 0x00000000ce200000|  0%| F|  |TAMS 0x00000000ce100000, 0x00000000ce100000| Untracked 
| 226|0x00000000ce200000, 0x00000000ce200000, 0x00000000ce300000|  0%| F|  |TAMS 0x00000000ce200000, 0x00000000ce200000| Untracked 
| 227|0x00000000ce300000, 0x00000000ce300000, 0x00000000ce400000|  0%| F|  |TAMS 0x00000000ce300000, 0x00000000ce300000| Untracked 
| 228|0x00000000ce400000, 0x00000000ce400000, 0x00000000ce500000|  0%| F|  |TAMS 0x00000000ce400000, 0x00000000ce400000| Untracked 
| 229|0x00000000ce500000, 0x00000000ce500000, 0x00000000ce600000|  0%| F|  |TAMS 0x00000000ce500000, 0x00000000ce500000| Untracked 
| 230|0x00000000ce600000, 0x00000000ce600000, 0x00000000ce700000|  0%| F|  |TAMS 0x00000000ce600000, 0x00000000ce600000| Untracked 
| 231|0x00000000ce700000, 0x00000000ce700000, 0x00000000ce800000|  0%| F|  |TAMS 0x00000000ce700000, 0x00000000ce700000| Untracked 
| 232|0x00000000ce800000, 0x00000000ce800000, 0x00000000ce900000|  0%| F|  |TAMS 0x00000000ce800000, 0x00000000ce800000| Untracked 
| 233|0x00000000ce900000, 0x00000000ce900000, 0x00000000cea00000|  0%| F|  |TAMS 0x00000000ce900000, 0x00000000ce900000| Untracked 
| 234|0x00000000cea00000, 0x00000000cea00000, 0x00000000ceb00000|  0%| F|  |TAMS 0x00000000cea00000, 0x00000000cea00000| Untracked 
| 235|0x00000000ceb00000, 0x00000000ceb00000, 0x00000000cec00000|  0%| F|  |TAMS 0x00000000ceb00000, 0x00000000ceb00000| Untracked 
| 236|0x00000000cec00000, 0x00000000cec00000, 0x00000000ced00000|  0%| F|  |TAMS 0x00000000cec00000, 0x00000000cec00000| Untracked 
| 237|0x00000000ced00000, 0x00000000ced00000, 0x00000000cee00000|  0%| F|  |TAMS 0x00000000ced00000, 0x00000000ced00000| Untracked 
| 238|0x00000000cee00000, 0x00000000cee00000, 0x00000000cef00000|  0%| F|  |TAMS 0x00000000cee00000, 0x00000000cee00000| Untracked 
| 239|0x00000000cef00000, 0x00000000cef00000, 0x00000000cf000000|  0%| F|  |TAMS 0x00000000cef00000, 0x00000000cef00000| Untracked 
| 240|0x00000000cf000000, 0x00000000cf000000, 0x00000000cf100000|  0%| F|  |TAMS 0x00000000cf000000, 0x00000000cf000000| Untracked 
| 241|0x00000000cf100000, 0x00000000cf100000, 0x00000000cf200000|  0%| F|  |TAMS 0x00000000cf100000, 0x00000000cf100000| Untracked 
| 242|0x00000000cf200000, 0x00000000cf200000, 0x00000000cf300000|  0%| F|  |TAMS 0x00000000cf200000, 0x00000000cf200000| Untracked 
| 243|0x00000000cf300000, 0x00000000cf300000, 0x00000000cf400000|  0%| F|  |TAMS 0x00000000cf300000, 0x00000000cf300000| Untracked 
| 244|0x00000000cf400000, 0x00000000cf400000, 0x00000000cf500000|  0%| F|  |TAMS 0x00000000cf400000, 0x00000000cf400000| Untracked 
| 245|0x00000000cf500000, 0x00000000cf500000, 0x00000000cf600000|  0%| F|  |TAMS 0x00000000cf500000, 0x00000000cf500000| Untracked 
| 246|0x00000000cf600000, 0x00000000cf600000, 0x00000000cf700000|  0%| F|  |TAMS 0x00000000cf600000, 0x00000000cf600000| Untracked 
| 247|0x00000000cf700000, 0x00000000cf700000, 0x00000000cf800000|  0%| F|  |TAMS 0x00000000cf700000, 0x00000000cf700000| Untracked 
| 248|0x00000000cf800000, 0x00000000cf800000, 0x00000000cf900000|  0%| F|  |TAMS 0x00000000cf800000, 0x00000000cf800000| Untracked 
| 249|0x00000000cf900000, 0x00000000cf900000, 0x00000000cfa00000|  0%| F|  |TAMS 0x00000000cf900000, 0x00000000cf900000| Untracked 
| 250|0x00000000cfa00000, 0x00000000cfa00000, 0x00000000cfb00000|  0%| F|  |TAMS 0x00000000cfa00000, 0x00000000cfa00000| Untracked 
| 251|0x00000000cfb00000, 0x00000000cfb00000, 0x00000000cfc00000|  0%| F|  |TAMS 0x00000000cfb00000, 0x00000000cfb00000| Untracked 
| 252|0x00000000cfc00000, 0x00000000cfc00000, 0x00000000cfd00000|  0%| F|  |TAMS 0x00000000cfc00000, 0x00000000cfc00000| Untracked 
| 253|0x00000000cfd00000, 0x00000000cfd00000, 0x00000000cfe00000|  0%| F|  |TAMS 0x00000000cfd00000, 0x00000000cfd00000| Untracked 
| 254|0x00000000cfe00000, 0x00000000cfe00000, 0x00000000cff00000|  0%| F|  |TAMS 0x00000000cfe00000, 0x00000000cfe00000| Untracked 
| 255|0x00000000cff00000, 0x00000000cff00000, 0x00000000d0000000|  0%| F|  |TAMS 0x00000000cff00000, 0x00000000cff00000| Untracked 
| 256|0x00000000d0000000, 0x00000000d0000000, 0x00000000d0100000|  0%| F|  |TAMS 0x00000000d0000000, 0x00000000d0000000| Untracked 
| 257|0x00000000d0100000, 0x00000000d0100000, 0x00000000d0200000|  0%| F|  |TAMS 0x00000000d0100000, 0x00000000d0100000| Untracked 
| 258|0x00000000d0200000, 0x00000000d0200000, 0x00000000d0300000|  0%| F|  |TAMS 0x00000000d0200000, 0x00000000d0200000| Untracked 
| 259|0x00000000d0300000, 0x00000000d0300000, 0x00000000d0400000|  0%| F|  |TAMS 0x00000000d0300000, 0x00000000d0300000| Untracked 
| 260|0x00000000d0400000, 0x00000000d0400000, 0x00000000d0500000|  0%| F|  |TAMS 0x00000000d0400000, 0x00000000d0400000| Untracked 
| 261|0x00000000d0500000, 0x00000000d0500000, 0x00000000d0600000|  0%| F|  |TAMS 0x00000000d0500000, 0x00000000d0500000| Untracked 
| 262|0x00000000d0600000, 0x00000000d0600000, 0x00000000d0700000|  0%| F|  |TAMS 0x00000000d0600000, 0x00000000d0600000| Untracked 
| 263|0x00000000d0700000, 0x00000000d0700000, 0x00000000d0800000|  0%| F|  |TAMS 0x00000000d0700000, 0x00000000d0700000| Untracked 
| 264|0x00000000d0800000, 0x00000000d0800000, 0x00000000d0900000|  0%| F|  |TAMS 0x00000000d0800000, 0x00000000d0800000| Untracked 
| 265|0x00000000d0900000, 0x00000000d0900000, 0x00000000d0a00000|  0%| F|  |TAMS 0x00000000d0900000, 0x00000000d0900000| Untracked 
| 266|0x00000000d0a00000, 0x00000000d0a00000, 0x00000000d0b00000|  0%| F|  |TAMS 0x00000000d0a00000, 0x00000000d0a00000| Untracked 
| 267|0x00000000d0b00000, 0x00000000d0b00000, 0x00000000d0c00000|  0%| F|  |TAMS 0x00000000d0b00000, 0x00000000d0b00000| Untracked 
| 268|0x00000000d0c00000, 0x00000000d0c00000, 0x00000000d0d00000|  0%| F|  |TAMS 0x00000000d0c00000, 0x00000000d0c00000| Untracked 
| 269|0x00000000d0d00000, 0x00000000d0d00000, 0x00000000d0e00000|  0%| F|  |TAMS 0x00000000d0d00000, 0x00000000d0d00000| Untracked 
| 270|0x00000000d0e00000, 0x00000000d0e00000, 0x00000000d0f00000|  0%| F|  |TAMS 0x00000000d0e00000, 0x00000000d0e00000| Untracked 
| 271|0x00000000d0f00000, 0x00000000d0f00000, 0x00000000d1000000|  0%| F|  |TAMS 0x00000000d0f00000, 0x00000000d0f00000| Untracked 
| 272|0x00000000d1000000, 0x00000000d1000000, 0x00000000d1100000|  0%| F|  |TAMS 0x00000000d1000000, 0x00000000d1000000| Untracked 
| 273|0x00000000d1100000, 0x00000000d1100000, 0x00000000d1200000|  0%| F|  |TAMS 0x00000000d1100000, 0x00000000d1100000| Untracked 
| 274|0x00000000d1200000, 0x00000000d1200000, 0x00000000d1300000|  0%| F|  |TAMS 0x00000000d1200000, 0x00000000d1200000| Untracked 
| 275|0x00000000d1300000, 0x00000000d1300000, 0x00000000d1400000|  0%| F|  |TAMS 0x00000000d1300000, 0x00000000d1300000| Untracked 
| 276|0x00000000d1400000, 0x00000000d1400000, 0x00000000d1500000|  0%| F|  |TAMS 0x00000000d1400000, 0x00000000d1400000| Untracked 
| 277|0x00000000d1500000, 0x00000000d1500000, 0x00000000d1600000|  0%| F|  |TAMS 0x00000000d1500000, 0x00000000d1500000| Untracked 
| 278|0x00000000d1600000, 0x00000000d1600000, 0x00000000d1700000|  0%| F|  |TAMS 0x00000000d1600000, 0x00000000d1600000| Untracked 
| 279|0x00000000d1700000, 0x00000000d1700000, 0x00000000d1800000|  0%| F|  |TAMS 0x00000000d1700000, 0x00000000d1700000| Untracked 
| 280|0x00000000d1800000, 0x00000000d1800000, 0x00000000d1900000|  0%| F|  |TAMS 0x00000000d1800000, 0x00000000d1800000| Untracked 
| 281|0x00000000d1900000, 0x00000000d1900000, 0x00000000d1a00000|  0%| F|  |TAMS 0x00000000d1900000, 0x00000000d1900000| Untracked 
| 282|0x00000000d1a00000, 0x00000000d1a00000, 0x00000000d1b00000|  0%| F|  |TAMS 0x00000000d1a00000, 0x00000000d1a00000| Untracked 
| 283|0x00000000d1b00000, 0x00000000d1b00000, 0x00000000d1c00000|  0%| F|  |TAMS 0x00000000d1b00000, 0x00000000d1b00000| Untracked 
| 284|0x00000000d1c00000, 0x00000000d1c00000, 0x00000000d1d00000|  0%| F|  |TAMS 0x00000000d1c00000, 0x00000000d1c00000| Untracked 
| 285|0x00000000d1d00000, 0x00000000d1d00000, 0x00000000d1e00000|  0%| F|  |TAMS 0x00000000d1d00000, 0x00000000d1d00000| Untracked 
| 286|0x00000000d1e00000, 0x00000000d1e00000, 0x00000000d1f00000|  0%| F|  |TAMS 0x00000000d1e00000, 0x00000000d1e00000| Untracked 
| 287|0x00000000d1f00000, 0x00000000d1f00000, 0x00000000d2000000|  0%| F|  |TAMS 0x00000000d1f00000, 0x00000000d1f00000| Untracked 
| 288|0x00000000d2000000, 0x00000000d2000000, 0x00000000d2100000|  0%| F|  |TAMS 0x00000000d2000000, 0x00000000d2000000| Untracked 
| 289|0x00000000d2100000, 0x00000000d2100000, 0x00000000d2200000|  0%| F|  |TAMS 0x00000000d2100000, 0x00000000d2100000| Untracked 
| 290|0x00000000d2200000, 0x00000000d2200000, 0x00000000d2300000|  0%| F|  |TAMS 0x00000000d2200000, 0x00000000d2200000| Untracked 
| 291|0x00000000d2300000, 0x00000000d2300000, 0x00000000d2400000|  0%| F|  |TAMS 0x00000000d2300000, 0x00000000d2300000| Untracked 
| 292|0x00000000d2400000, 0x00000000d2400000, 0x00000000d2500000|  0%| F|  |TAMS 0x00000000d2400000, 0x00000000d2400000| Untracked 
| 293|0x00000000d2500000, 0x00000000d2500000, 0x00000000d2600000|  0%| F|  |TAMS 0x00000000d2500000, 0x00000000d2500000| Untracked 
| 294|0x00000000d2600000, 0x00000000d2600000, 0x00000000d2700000|  0%| F|  |TAMS 0x00000000d2600000, 0x00000000d2600000| Untracked 
| 295|0x00000000d2700000, 0x00000000d2700000, 0x00000000d2800000|  0%| F|  |TAMS 0x00000000d2700000, 0x00000000d2700000| Untracked 
| 296|0x00000000d2800000, 0x00000000d2800000, 0x00000000d2900000|  0%| F|  |TAMS 0x00000000d2800000, 0x00000000d2800000| Untracked 
| 297|0x00000000d2900000, 0x00000000d2900000, 0x00000000d2a00000|  0%| F|  |TAMS 0x00000000d2900000, 0x00000000d2900000| Untracked 
| 298|0x00000000d2a00000, 0x00000000d2a00000, 0x00000000d2b00000|  0%| F|  |TAMS 0x00000000d2a00000, 0x00000000d2a00000| Untracked 
| 299|0x00000000d2b00000, 0x00000000d2b00000, 0x00000000d2c00000|  0%| F|  |TAMS 0x00000000d2b00000, 0x00000000d2b00000| Untracked 
| 300|0x00000000d2c00000, 0x00000000d2c00000, 0x00000000d2d00000|  0%| F|  |TAMS 0x00000000d2c00000, 0x00000000d2c00000| Untracked 
| 301|0x00000000d2d00000, 0x00000000d2d00000, 0x00000000d2e00000|  0%| F|  |TAMS 0x00000000d2d00000, 0x00000000d2d00000| Untracked 
| 302|0x00000000d2e00000, 0x00000000d2ec8ab8, 0x00000000d2f00000| 78%| E|  |TAMS 0x00000000d2e00000, 0x00000000d2e00000| Complete 
| 303|0x00000000d2f00000, 0x00000000d3000000, 0x00000000d3000000|100%| E|CS|TAMS 0x00000000d2f00000, 0x00000000d2f00000| Complete 
| 304|0x00000000d3000000, 0x00000000d3100000, 0x00000000d3100000|100%| E|CS|TAMS 0x00000000d3000000, 0x00000000d3000000| Complete 
| 305|0x00000000d3100000, 0x00000000d3200000, 0x00000000d3200000|100%| E|CS|TAMS 0x00000000d3100000, 0x00000000d3100000| Complete 
| 306|0x00000000d3200000, 0x00000000d3300000, 0x00000000d3300000|100%| E|CS|TAMS 0x00000000d3200000, 0x00000000d3200000| Complete 
| 307|0x00000000d3300000, 0x00000000d3400000, 0x00000000d3400000|100%| E|CS|TAMS 0x00000000d3300000, 0x00000000d3300000| Complete 
| 308|0x00000000d3400000, 0x00000000d3500000, 0x00000000d3500000|100%| E|CS|TAMS 0x00000000d3400000, 0x00000000d3400000| Complete 
| 309|0x00000000d3500000, 0x00000000d3600000, 0x00000000d3600000|100%| E|CS|TAMS 0x00000000d3500000, 0x00000000d3500000| Complete 
| 310|0x00000000d3600000, 0x00000000d3700000, 0x00000000d3700000|100%| E|CS|TAMS 0x00000000d3600000, 0x00000000d3600000| Complete 
| 311|0x00000000d3700000, 0x00000000d3800000, 0x00000000d3800000|100%| E|CS|TAMS 0x00000000d3700000, 0x00000000d3700000| Complete 
| 312|0x00000000d3800000, 0x00000000d3900000, 0x00000000d3900000|100%| E|CS|TAMS 0x00000000d3800000, 0x00000000d3800000| Complete 
| 313|0x00000000d3900000, 0x00000000d3a00000, 0x00000000d3a00000|100%| E|CS|TAMS 0x00000000d3900000, 0x00000000d3900000| Complete 
| 314|0x00000000d3a00000, 0x00000000d3b00000, 0x00000000d3b00000|100%| E|CS|TAMS 0x00000000d3a00000, 0x00000000d3a00000| Complete 
| 315|0x00000000d3b00000, 0x00000000d3c00000, 0x00000000d3c00000|100%| E|CS|TAMS 0x00000000d3b00000, 0x00000000d3b00000| Complete 
| 316|0x00000000d3c00000, 0x00000000d3d00000, 0x00000000d3d00000|100%| E|CS|TAMS 0x00000000d3c00000, 0x00000000d3c00000| Complete 
| 317|0x00000000d3d00000, 0x00000000d3e00000, 0x00000000d3e00000|100%| E|CS|TAMS 0x00000000d3d00000, 0x00000000d3d00000| Complete 
| 318|0x00000000d3e00000, 0x00000000d3f00000, 0x00000000d3f00000|100%| E|CS|TAMS 0x00000000d3e00000, 0x00000000d3e00000| Complete 
| 319|0x00000000d3f00000, 0x00000000d4000000, 0x00000000d4000000|100%| E|CS|TAMS 0x00000000d3f00000, 0x00000000d3f00000| Complete 
| 320|0x00000000d4000000, 0x00000000d4100000, 0x00000000d4100000|100%| E|CS|TAMS 0x00000000d4000000, 0x00000000d4000000| Complete 
| 321|0x00000000d4100000, 0x00000000d4200000, 0x00000000d4200000|100%| E|CS|TAMS 0x00000000d4100000, 0x00000000d4100000| Complete 
| 322|0x00000000d4200000, 0x00000000d4300000, 0x00000000d4300000|100%| E|CS|TAMS 0x00000000d4200000, 0x00000000d4200000| Complete 
| 323|0x00000000d4300000, 0x00000000d4400000, 0x00000000d4400000|100%| E|CS|TAMS 0x00000000d4300000, 0x00000000d4300000| Complete 
| 324|0x00000000d4400000, 0x00000000d4500000, 0x00000000d4500000|100%| E|CS|TAMS 0x00000000d4400000, 0x00000000d4400000| Complete 
| 325|0x00000000d4500000, 0x00000000d4600000, 0x00000000d4600000|100%| E|CS|TAMS 0x00000000d4500000, 0x00000000d4500000| Complete 
| 326|0x00000000d4600000, 0x00000000d4700000, 0x00000000d4700000|100%| E|CS|TAMS 0x00000000d4600000, 0x00000000d4600000| Complete 
| 327|0x00000000d4700000, 0x00000000d4800000, 0x00000000d4800000|100%| E|CS|TAMS 0x00000000d4700000, 0x00000000d4700000| Complete 
| 328|0x00000000d4800000, 0x00000000d4900000, 0x00000000d4900000|100%| E|CS|TAMS 0x00000000d4800000, 0x00000000d4800000| Complete 
| 329|0x00000000d4900000, 0x00000000d4a00000, 0x00000000d4a00000|100%| E|CS|TAMS 0x00000000d4900000, 0x00000000d4900000| Complete 
| 330|0x00000000d4a00000, 0x00000000d4b00000, 0x00000000d4b00000|100%| E|CS|TAMS 0x00000000d4a00000, 0x00000000d4a00000| Complete 
| 331|0x00000000d4b00000, 0x00000000d4c00000, 0x00000000d4c00000|100%| E|CS|TAMS 0x00000000d4b00000, 0x00000000d4b00000| Complete 
| 332|0x00000000d4c00000, 0x00000000d4d00000, 0x00000000d4d00000|100%| E|CS|TAMS 0x00000000d4c00000, 0x00000000d4c00000| Complete 
| 333|0x00000000d4d00000, 0x00000000d4e00000, 0x00000000d4e00000|100%| E|CS|TAMS 0x00000000d4d00000, 0x00000000d4d00000| Complete 
| 334|0x00000000d4e00000, 0x00000000d4f00000, 0x00000000d4f00000|100%| E|CS|TAMS 0x00000000d4e00000, 0x00000000d4e00000| Complete 
| 335|0x00000000d4f00000, 0x00000000d5000000, 0x00000000d5000000|100%| E|CS|TAMS 0x00000000d4f00000, 0x00000000d4f00000| Complete 
| 336|0x00000000d5000000, 0x00000000d5100000, 0x00000000d5100000|100%| E|CS|TAMS 0x00000000d5000000, 0x00000000d5000000| Complete 
| 337|0x00000000d5100000, 0x00000000d5200000, 0x00000000d5200000|100%| E|CS|TAMS 0x00000000d5100000, 0x00000000d5100000| Complete 
| 338|0x00000000d5200000, 0x00000000d5300000, 0x00000000d5300000|100%| E|CS|TAMS 0x00000000d5200000, 0x00000000d5200000| Complete 
| 339|0x00000000d5300000, 0x00000000d5400000, 0x00000000d5400000|100%| E|CS|TAMS 0x00000000d5300000, 0x00000000d5300000| Complete 
| 340|0x00000000d5400000, 0x00000000d5500000, 0x00000000d5500000|100%| E|CS|TAMS 0x00000000d5400000, 0x00000000d5400000| Complete 
| 341|0x00000000d5500000, 0x00000000d5600000, 0x00000000d5600000|100%| E|CS|TAMS 0x00000000d5500000, 0x00000000d5500000| Complete 
| 342|0x00000000d5600000, 0x00000000d5700000, 0x00000000d5700000|100%| E|CS|TAMS 0x00000000d5600000, 0x00000000d5600000| Complete 
| 343|0x00000000d5700000, 0x00000000d5800000, 0x00000000d5800000|100%| E|CS|TAMS 0x00000000d5700000, 0x00000000d5700000| Complete 
| 344|0x00000000d5800000, 0x00000000d5900000, 0x00000000d5900000|100%| E|CS|TAMS 0x00000000d5800000, 0x00000000d5800000| Complete 
| 345|0x00000000d5900000, 0x00000000d5a00000, 0x00000000d5a00000|100%| E|CS|TAMS 0x00000000d5900000, 0x00000000d5900000| Complete 
| 346|0x00000000d5a00000, 0x00000000d5b00000, 0x00000000d5b00000|100%| E|CS|TAMS 0x00000000d5a00000, 0x00000000d5a00000| Complete 
| 347|0x00000000d5b00000, 0x00000000d5c00000, 0x00000000d5c00000|100%| E|  |TAMS 0x00000000d5b00000, 0x00000000d5b00000| Complete 
| 348|0x00000000d5c00000, 0x00000000d5d00000, 0x00000000d5d00000|100%| E|CS|TAMS 0x00000000d5c00000, 0x00000000d5c00000| Complete 
| 349|0x00000000d5d00000, 0x00000000d5e00000, 0x00000000d5e00000|100%| E|CS|TAMS 0x00000000d5d00000, 0x00000000d5d00000| Complete 
| 350|0x00000000d5e00000, 0x00000000d5f00000, 0x00000000d5f00000|100%| E|CS|TAMS 0x00000000d5e00000, 0x00000000d5e00000| Complete 
| 351|0x00000000d5f00000, 0x00000000d6000000, 0x00000000d6000000|100%| E|CS|TAMS 0x00000000d5f00000, 0x00000000d5f00000| Complete 
| 352|0x00000000d6000000, 0x00000000d6100000, 0x00000000d6100000|100%| E|CS|TAMS 0x00000000d6000000, 0x00000000d6000000| Complete 
| 353|0x00000000d6100000, 0x00000000d6200000, 0x00000000d6200000|100%| E|CS|TAMS 0x00000000d6100000, 0x00000000d6100000| Complete 
| 354|0x00000000d6200000, 0x00000000d6300000, 0x00000000d6300000|100%| E|CS|TAMS 0x00000000d6200000, 0x00000000d6200000| Complete 
| 355|0x00000000d6300000, 0x00000000d6400000, 0x00000000d6400000|100%| E|CS|TAMS 0x00000000d6300000, 0x00000000d6300000| Complete 
| 356|0x00000000d6400000, 0x00000000d6500000, 0x00000000d6500000|100%| E|CS|TAMS 0x00000000d6400000, 0x00000000d6400000| Complete 
| 357|0x00000000d6500000, 0x00000000d6600000, 0x00000000d6600000|100%| E|CS|TAMS 0x00000000d6500000, 0x00000000d6500000| Complete 
| 358|0x00000000d6600000, 0x00000000d6700000, 0x00000000d6700000|100%| E|CS|TAMS 0x00000000d6600000, 0x00000000d6600000| Complete 
| 359|0x00000000d6700000, 0x00000000d6800000, 0x00000000d6800000|100%| E|CS|TAMS 0x00000000d6700000, 0x00000000d6700000| Complete 
| 360|0x00000000d6800000, 0x00000000d6900000, 0x00000000d6900000|100%| E|CS|TAMS 0x00000000d6800000, 0x00000000d6800000| Complete 
| 361|0x00000000d6900000, 0x00000000d6a00000, 0x00000000d6a00000|100%| E|CS|TAMS 0x00000000d6900000, 0x00000000d6900000| Complete 
| 362|0x00000000d6a00000, 0x00000000d6b00000, 0x00000000d6b00000|100%| E|CS|TAMS 0x00000000d6a00000, 0x00000000d6a00000| Complete 
| 363|0x00000000d6b00000, 0x00000000d6c00000, 0x00000000d6c00000|100%| E|CS|TAMS 0x00000000d6b00000, 0x00000000d6b00000| Complete 
| 364|0x00000000d6c00000, 0x00000000d6d00000, 0x00000000d6d00000|100%| E|CS|TAMS 0x00000000d6c00000, 0x00000000d6c00000| Complete 
| 365|0x00000000d6d00000, 0x00000000d6e00000, 0x00000000d6e00000|100%| E|CS|TAMS 0x00000000d6d00000, 0x00000000d6d00000| Complete 
| 366|0x00000000d6e00000, 0x00000000d6f00000, 0x00000000d6f00000|100%| E|CS|TAMS 0x00000000d6e00000, 0x00000000d6e00000| Complete 
| 367|0x00000000d6f00000, 0x00000000d7000000, 0x00000000d7000000|100%| E|CS|TAMS 0x00000000d6f00000, 0x00000000d6f00000| Complete 
| 368|0x00000000d7000000, 0x00000000d7100000, 0x00000000d7100000|100%| E|CS|TAMS 0x00000000d7000000, 0x00000000d7000000| Complete 
| 369|0x00000000d7100000, 0x00000000d7200000, 0x00000000d7200000|100%| E|CS|TAMS 0x00000000d7100000, 0x00000000d7100000| Complete 
| 370|0x00000000d7200000, 0x00000000d7300000, 0x00000000d7300000|100%| E|CS|TAMS 0x00000000d7200000, 0x00000000d7200000| Complete 
| 371|0x00000000d7300000, 0x00000000d7400000, 0x00000000d7400000|100%| E|CS|TAMS 0x00000000d7300000, 0x00000000d7300000| Complete 
| 372|0x00000000d7400000, 0x00000000d7500000, 0x00000000d7500000|100%| E|CS|TAMS 0x00000000d7400000, 0x00000000d7400000| Complete 
| 373|0x00000000d7500000, 0x00000000d7600000, 0x00000000d7600000|100%| E|CS|TAMS 0x00000000d7500000, 0x00000000d7500000| Complete 
| 374|0x00000000d7600000, 0x00000000d7700000, 0x00000000d7700000|100%| E|CS|TAMS 0x00000000d7600000, 0x00000000d7600000| Complete 
| 375|0x00000000d7700000, 0x00000000d7800000, 0x00000000d7800000|100%| E|CS|TAMS 0x00000000d7700000, 0x00000000d7700000| Complete 
| 376|0x00000000d7800000, 0x00000000d7900000, 0x00000000d7900000|100%| E|CS|TAMS 0x00000000d7800000, 0x00000000d7800000| Complete 
| 377|0x00000000d7900000, 0x00000000d7a00000, 0x00000000d7a00000|100%| E|CS|TAMS 0x00000000d7900000, 0x00000000d7900000| Complete 
| 378|0x00000000d7a00000, 0x00000000d7b00000, 0x00000000d7b00000|100%| E|CS|TAMS 0x00000000d7a00000, 0x00000000d7a00000| Complete 
| 379|0x00000000d7b00000, 0x00000000d7c00000, 0x00000000d7c00000|100%| E|CS|TAMS 0x00000000d7b00000, 0x00000000d7b00000| Complete 
| 380|0x00000000d7c00000, 0x00000000d7d00000, 0x00000000d7d00000|100%| E|CS|TAMS 0x00000000d7c00000, 0x00000000d7c00000| Complete 
| 381|0x00000000d7d00000, 0x00000000d7e00000, 0x00000000d7e00000|100%| E|CS|TAMS 0x00000000d7d00000, 0x00000000d7d00000| Complete 
| 382|0x00000000d7e00000, 0x00000000d7f00000, 0x00000000d7f00000|100%| E|CS|TAMS 0x00000000d7e00000, 0x00000000d7e00000| Complete 
| 383|0x00000000d7f00000, 0x00000000d8000000, 0x00000000d8000000|100%| E|CS|TAMS 0x00000000d7f00000, 0x00000000d7f00000| Complete 
|1022|0x00000000ffe00000, 0x00000000ffe75000, 0x00000000fff00000| 45%|OA|  |TAMS 0x00000000ffe75000, 0x00000000ffe00000| Untracked 
|1023|0x00000000fff00000, 0x00000000fff78000, 0x0000000100000000| 46%|CA|  |TAMS 0x00000000fff78000, 0x00000000fff00000| Untracked 

Card table byte_map: [0x00007fa0474f6000,0x00007fa0476f6000] _byte_map_base: 0x00007fa046ef6000

Marking Bits (Prev, Next): (CMBitMap*) 0x00007fa040057850, (CMBitMap*) 0x00007fa040057810
 Prev Bits: [0x00007fa0452f6000, 0x00007fa0462f6000)
 Next Bits: [0x00007fa0462f6000, 0x00007fa0472f6000)

Polling page: 0x00007fa0496b9000

Metaspace:

Usage:
  Non-class:     87.32 MB used.
      Class:     13.68 MB used.
       Both:    101.01 MB used.

Virtual space:
  Non-class space:      128.00 MB reserved,      87.94 MB ( 69%) committed,  2 nodes.
      Class space:      320.00 MB reserved,      14.31 MB (  4%) committed,  1 nodes.
             Both:      448.00 MB reserved,     102.25 MB ( 23%) committed. 

Chunk freelists:
   Non-Class:  7.27 MB
       Class:  1.67 MB
        Both:  8.94 MB

MaxMetaspaceSize: 384.00 MB
CompressedClassSpaceSize: 320.00 MB
Initial GC threshold: 21.00 MB
Current GC threshold: 136.69 MB
CDS: on
MetaspaceReclaimPolicy: balanced
 - commit_granule_bytes: 65536.
 - commit_granule_words: 8192.
 - virtual_space_node_default_size: 8388608.
 - enlarge_chunks_in_place: 1.
 - new_chunks_are_fully_committed: 0.
 - uncommit_free_chunks: 1.
 - use_allocation_guard: 0.
 - handle_deallocations: 1.


Internal statistics:

num_allocs_failed_limit: 3.
num_arena_births: 2326.
num_arena_deaths: 0.
num_vsnodes_births: 3.
num_vsnodes_deaths: 0.
num_space_committed: 1635.
num_space_uncommitted: 0.
num_chunks_returned_to_freelist: 3.
num_chunks_taken_from_freelist: 7080.
num_chunk_merges: 3.
num_chunk_splits: 4309.
num_chunks_enlarged: 2356.
num_inconsistent_stats: 0.

CodeHeap 'non-profiled nmethods': size=120036Kb used=9335Kb max_used=9518Kb free=110700Kb
 bounds [0x00007fa030fd8000, 0x00007fa031938000, 0x00007fa038511000]
CodeHeap 'profiled nmethods': size=120032Kb used=28658Kb max_used=30325Kb free=91373Kb
 bounds [0x00007fa029511000, 0x00007fa02b2d1000, 0x00007fa030a49000]
CodeHeap 'non-nmethods': size=5692Kb used=1746Kb max_used=1820Kb free=3945Kb
 bounds [0x00007fa030a49000, 0x00007fa030cb9000, 0x00007fa030fd8000]
 total_blobs=16967 nmethods=16132 adapters=744
 compilation: enabled
              stopped_count=0, restarted_count=0
 full_count=0

Compilation events (20 events):
Event: 3298.872 Thread 0x00007fa0400b86c0 nmethod 20734 0x00007fa029515110 code [0x00007fa029515400, 0x00007fa029516420]
Event: 3298.874 Thread 0x00007fa0400b7190 20733       4       com.android.tools.r8.graph.y1::a (48 bytes)
Event: 3298.874 Thread 0x00007fa0400b86c0 20735       3       com.android.tools.r8.graph.G2::o0 (4 bytes)
Event: 3298.969 Thread 0x00007fa0400b86c0 nmethod 20735 0x00007fa02a4afd90 code [0x00007fa02a4aff20, 0x00007fa02a4b0010]
Event: 3299.150 Thread 0x00007fa0400b7190 nmethod 20733 0x00007fa0316d1390 code [0x00007fa0316d1520, 0x00007fa0316d1608]
Event: 3299.153 Thread 0x00007fa0400b7190 20736       4       com.android.tools.r8.graph.D2::p0 (24 bytes)
Event: 3299.381 Thread 0x00007fa0400b7190 nmethod 20736 0x00007fa0318b0110 code [0x00007fa0318b02c0, 0x00007fa0318b0c78]
Event: 3299.393 Thread 0x00007fa0400b86c0 20737       3       jdk.internal.org.objectweb.asm.Type::getInternalName (12 bytes)
Event: 3299.457 Thread 0x00007fa0400b86c0 nmethod 20737 0x00007fa02a62e310 code [0x00007fa02a62e4e0, 0x00007fa02a62e6f0]
Event: 3299.470 Thread 0x00007fa0400b86c0 20738       3       jdk.internal.org.objectweb.asm.Type::getType (122 bytes)
Event: 3299.560 Thread 0x00007fa0400b86c0 nmethod 20738 0x00007fa029d7ad90 code [0x00007fa029d7b020, 0x00007fa029d7b9c0]
Event: 3299.584 Thread 0x00007fa0400b86c0 20741       3       jdk.internal.org.objectweb.asm.SymbolTable$Entry::<init> (17 bytes)
Event: 3299.646 Thread 0x00007fa0400b86c0 nmethod 20741 0x00007fa02a0e7190 code [0x00007fa02a0e7340, 0x00007fa02a0e74c0]
Event: 3299.725 Thread 0x00007fa0400b86c0 20742       3       com.android.tools.r8.graph.z2::get (2 bytes)
Event: 3299.754 Thread 0x00007fa0400b86c0 nmethod 20742 0x00007fa02a6d0f10 code [0x00007fa02a6d10a0, 0x00007fa02a6d11b0]
Event: 3299.762 Thread 0x00007fa0400b86c0 20743       3       com.android.tools.r8.graph.h::k (8 bytes)
Event: 3299.789 Thread 0x00007fa0400b86c0 nmethod 20743 0x00007fa02a6d1e90 code [0x00007fa02a6d2020, 0x00007fa02a6d2130]
Event: 3299.794 Thread 0x00007fa0400b86c0 20744       3       com.android.tools.r8.graph.w::O (8 bytes)
Event: 3299.854 Thread 0x00007fa0400b86c0 nmethod 20744 0x00007fa029e7cb90 code [0x00007fa029e7cd40, 0x00007fa029e7cf30]
Event: 3300.307 Thread 0x00007fa0400b7190 20746   !   4       java.util.zip.ZipFile$Source::getEntryPos (195 bytes)

GC Heap History (20 events):
Event: 26.657 GC heap before
{Heap before GC invocations=61 (full 0):
 garbage-first heap   total 157696K, used 89012K [0x00000000c0000000, 0x0000000100000000)
  region size 1024K, 7 young (7168K), 5 survivors (5120K)
 Metaspace       used 82572K, committed 83200K, reserved 458752K
  class space    used 11682K, committed 12032K, reserved 327680K
}
Event: 26.670 GC heap after
{Heap after GC invocations=62 (full 0):
 garbage-first heap   total 157696K, used 88565K [0x00000000c0000000, 0x0000000100000000)
  region size 1024K, 1 young (1024K), 1 survivors (1024K)
 Metaspace       used 82572K, committed 83200K, reserved 458752K
  class space    used 11682K, committed 12032K, reserved 327680K
}
Event: 28.384 GC heap before
{Heap before GC invocations=62 (full 0):
 garbage-first heap   total 157696K, used 130549K [0x00000000c0000000, 0x0000000100000000)
  region size 1024K, 42 young (43008K), 1 survivors (1024K)
 Metaspace       used 83306K, committed 83968K, reserved 458752K
  class space    used 11745K, committed 12096K, reserved 327680K
}
Event: 28.394 GC heap after
{Heap after GC invocations=63 (full 0):
 garbage-first heap   total 157696K, used 91018K [0x00000000c0000000, 0x0000000100000000)
  region size 1024K, 4 young (4096K), 4 survivors (4096K)
 Metaspace       used 83306K, committed 83968K, reserved 458752K
  class space    used 11745K, committed 12096K, reserved 327680K
}
Event: 29.786 GC heap before
{Heap before GC invocations=64 (full 0):
 garbage-first heap   total 171008K, used 129930K [0x00000000c0000000, 0x0000000100000000)
  region size 1024K, 42 young (43008K), 4 survivors (4096K)
 Metaspace       used 84010K, committed 84672K, reserved 458752K
  class space    used 11824K, committed 12160K, reserved 327680K
}
Event: 29.800 GC heap after
{Heap after GC invocations=65 (full 0):
 garbage-first heap   total 171008K, used 93572K [0x00000000c0000000, 0x0000000100000000)
  region size 1024K, 6 young (6144K), 6 survivors (6144K)
 Metaspace       used 84010K, committed 84672K, reserved 458752K
  class space    used 11824K, committed 12160K, reserved 327680K
}
Event: 29.879 GC heap before
{Heap before GC invocations=65 (full 0):
 garbage-first heap   total 171008K, used 95620K [0x00000000c0000000, 0x0000000100000000)
  region size 1024K, 8 young (8192K), 6 survivors (6144K)
 Metaspace       used 84034K, committed 84672K, reserved 458752K
  class space    used 11824K, committed 12160K, reserved 327680K
}
Event: 29.890 GC heap after
{Heap after GC invocations=66 (full 0):
 garbage-first heap   total 171008K, used 93804K [0x00000000c0000000, 0x0000000100000000)
  region size 1024K, 1 young (1024K), 1 survivors (1024K)
 Metaspace       used 84034K, committed 84672K, reserved 458752K
  class space    used 11824K, committed 12160K, reserved 327680K
}
Event: 78.485 GC heap before
{Heap before GC invocations=66 (full 0):
 garbage-first heap   total 171008K, used 140908K [0x00000000c0000000, 0x0000000100000000)
  region size 1024K, 48 young (49152K), 1 survivors (1024K)
 Metaspace       used 88554K, committed 89280K, reserved 458752K
  class space    used 12424K, committed 12800K, reserved 327680K
}
Event: 78.549 GC heap after
{Heap after GC invocations=67 (full 0):
 garbage-first heap   total 395264K, used 96716K [0x00000000c0000000, 0x0000000100000000)
  region size 1024K, 4 young (4096K), 4 survivors (4096K)
 Metaspace       used 88554K, committed 89280K, reserved 458752K
  class space    used 12424K, committed 12800K, reserved 327680K
}
Event: 534.253 GC heap before
{Heap before GC invocations=67 (full 0):
 garbage-first heap   total 395264K, used 311756K [0x00000000c0000000, 0x0000000100000000)
  region size 1024K, 214 young (219136K), 4 survivors (4096K)
 Metaspace       used 91125K, committed 91968K, reserved 458752K
  class space    used 12603K, committed 12992K, reserved 327680K
}
Event: 534.277 GC heap after
{Heap after GC invocations=68 (full 0):
 garbage-first heap   total 395264K, used 98913K [0x00000000c0000000, 0x0000000100000000)
  region size 1024K, 6 young (6144K), 6 survivors (6144K)
 Metaspace       used 91125K, committed 91968K, reserved 458752K
  class space    used 12603K, committed 12992K, reserved 327680K
}
Event: 2532.595 GC heap before
{Heap before GC invocations=68 (full 0):
 garbage-first heap   total 395264K, used 328289K [0x00000000c0000000, 0x0000000100000000)
  region size 1024K, 231 young (236544K), 6 survivors (6144K)
 Metaspace       used 91882K, committed 92736K, reserved 458752K
  class space    used 12626K, committed 13056K, reserved 327680K
}
Event: 2532.604 GC heap after
{Heap after GC invocations=69 (full 0):
 garbage-first heap   total 395264K, used 97967K [0x00000000c0000000, 0x0000000100000000)
  region size 1024K, 5 young (5120K), 5 survivors (5120K)
 Metaspace       used 91882K, committed 92736K, reserved 458752K
  class space    used 12626K, committed 13056K, reserved 327680K
}
Event: 3067.496 GC heap before
{Heap before GC invocations=69 (full 0):
 garbage-first heap   total 395264K, used 329391K [0x00000000c0000000, 0x0000000100000000)
  region size 1024K, 231 young (236544K), 5 survivors (5120K)
 Metaspace       used 92797K, committed 93824K, reserved 458752K
  class space    used 12693K, committed 13184K, reserved 327680K
}
Event: 3067.560 GC heap after
{Heap after GC invocations=70 (full 0):
 garbage-first heap   total 395264K, used 103576K [0x00000000c0000000, 0x0000000100000000)
  region size 1024K, 11 young (11264K), 11 survivors (11264K)
 Metaspace       used 92797K, committed 93824K, reserved 458752K
  class space    used 12693K, committed 13184K, reserved 327680K
}
Event: 3170.693 GC heap before
{Heap before GC invocations=70 (full 0):
 garbage-first heap   total 395264K, used 328856K [0x00000000c0000000, 0x0000000100000000)
  region size 1024K, 231 young (236544K), 11 survivors (11264K)
 Metaspace       used 95013K, committed 96256K, reserved 458752K
  class space    used 13017K, committed 13632K, reserved 327680K
}
Event: 3170.774 GC heap after
{Heap after GC invocations=71 (full 0):
 garbage-first heap   total 395264K, used 109252K [0x00000000c0000000, 0x0000000100000000)
  region size 1024K, 16 young (16384K), 16 survivors (16384K)
 Metaspace       used 95013K, committed 96256K, reserved 458752K
  class space    used 13017K, committed 13632K, reserved 327680K
}
Event: 3277.353 GC heap before
{Heap before GC invocations=71 (full 0):
 garbage-first heap   total 395264K, used 333508K [0x00000000c0000000, 0x0000000100000000)
  region size 1024K, 231 young (236544K), 16 survivors (16384K)
 Metaspace       used 97835K, committed 99136K, reserved 458752K
  class space    used 13258K, committed 13888K, reserved 327680K
}
Event: 3277.563 GC heap after
{Heap after GC invocations=72 (full 0):
 garbage-first heap   total 395264K, used 110702K [0x00000000c0000000, 0x0000000100000000)
  region size 1024K, 14 young (14336K), 14 survivors (14336K)
 Metaspace       used 97835K, committed 99136K, reserved 458752K
  class space    used 13258K, committed 13888K, reserved 327680K
}

Dll operation events (16 events):
Event: 0.004 Loaded shared library /usr/lib/jvm/java-17-openjdk-amd64/lib/libjava.so
Event: 0.068 Loaded shared library /usr/lib/jvm/java-17-openjdk-amd64/lib/libjsvml.so
Event: 0.148 Loaded shared library /usr/lib/jvm/java-17-openjdk-amd64/lib/libzip.so
Event: 0.150 Loaded shared library /usr/lib/jvm/java-17-openjdk-amd64/lib/libinstrument.so
Event: 0.152 Loaded shared library /usr/lib/jvm/java-17-openjdk-amd64/lib/libnio.so
Event: 0.155 Loaded shared library /usr/lib/jvm/java-17-openjdk-amd64/lib/libzip.so
Event: 0.287 Loaded shared library /usr/lib/jvm/java-17-openjdk-amd64/lib/libjimage.so
Event: 0.378 Loaded shared library /usr/lib/jvm/java-17-openjdk-amd64/lib/libverify.so
Event: 0.667 Loaded shared library /usr/lib/jvm/java-17-openjdk-amd64/lib/libnet.so
Event: 0.668 Loaded shared library /root/.gradle/native/c067742578af261105cb4f569cf0c3c89f3d7b1fecec35dd04571415982c5e48/linux-amd64/libnative-platform.so
Event: 0.674 Loaded shared library /root/.gradle/native/38dada09dfb8b06ba9b0570ebf7e218e3eb74d4ef43ca46872605cf95ebc2f47/linux-amd64/libnative-platform-file-events.so
Event: 2.147 Loaded shared library /usr/lib/jvm/java-17-openjdk-amd64/lib/libmanagement.so
Event: 2.149 Loaded shared library /usr/lib/jvm/java-17-openjdk-amd64/lib/libmanagement_ext.so
Event: 2.463 Loaded shared library /usr/lib/jvm/java-17-openjdk-amd64/lib/libextnet.so
Event: 31.005 Loaded shared library /tmp/native-platform150081752757516922dir/libnative-platform.so
Event: 31.886 Loaded shared library /usr/lib/jvm/java-17-openjdk-amd64/lib/librmi.so

Deoptimization events (20 events):
Event: 3284.096 Thread 0x00007f9fe8059040 Uncommon trap: trap_request=0xffffff45 fr.pc=0x00007fa03164da94 relative=0x0000000000000074
Event: 3284.096 Thread 0x00007f9fe8059040 Uncommon trap: reason=unstable_if action=reinterpret pc=0x00007fa03164da94 method=com.android.tools.r8.graph.D2.a(C[BI)I @ 1 c2
Event: 3284.096 Thread 0x00007f9fe8059040 DEOPT PACKING pc=0x00007fa03164da94 sp=0x00007f9ff67f8180
Event: 3284.096 Thread 0x00007f9fe8059040 DEOPT UNPACKING pc=0x00007fa030aa2b19 sp=0x00007f9ff67f8140 mode 2
Event: 3284.774 Thread 0x00007f9fe8059040 DEOPT PACKING pc=0x00007fa029ec7408 sp=0x00007f9ff67f7f70
Event: 3284.775 Thread 0x00007f9fe8059040 DEOPT UNPACKING pc=0x00007fa030aa364f sp=0x00007f9ff67f74b8 mode 0
Event: 3284.783 Thread 0x00007f9fe8059040 DEOPT PACKING pc=0x00007fa029ec7408 sp=0x00007f9ff67f8230
Event: 3284.783 Thread 0x00007f9fe8059040 DEOPT UNPACKING pc=0x00007fa030aa364f sp=0x00007f9ff67f7778 mode 0
Event: 3284.876 Thread 0x00007f9fe8059040 DEOPT PACKING pc=0x00007fa029ec7408 sp=0x00007f9ff67f7ef0
Event: 3284.878 Thread 0x00007f9fe8059040 DEOPT UNPACKING pc=0x00007fa030aa364f sp=0x00007f9ff67f7438 mode 0
Event: 3284.962 Thread 0x00007f9fe8059040 DEOPT PACKING pc=0x00007fa029ec7408 sp=0x00007f9ff67f7e60
Event: 3284.966 Thread 0x00007f9fe8059040 DEOPT UNPACKING pc=0x00007fa030aa364f sp=0x00007f9ff67f73a8 mode 0
Event: 3285.049 Thread 0x00007f9fe8059040 DEOPT PACKING pc=0x00007fa029ec7408 sp=0x00007f9ff67f80f0
Event: 3285.050 Thread 0x00007f9fe8059040 DEOPT UNPACKING pc=0x00007fa030aa364f sp=0x00007f9ff67f7638 mode 0
Event: 3285.295 Thread 0x00007f9fe8059040 DEOPT PACKING pc=0x00007fa029ec7408 sp=0x00007f9ff67f7e60
Event: 3285.295 Thread 0x00007f9fe8059040 DEOPT UNPACKING pc=0x00007fa030aa364f sp=0x00007f9ff67f73a8 mode 0
Event: 3285.348 Thread 0x00007f9fe8059040 DEOPT PACKING pc=0x00007fa029ec7408 sp=0x00007f9ff67f7e60
Event: 3285.348 Thread 0x00007f9fe8059040 DEOPT UNPACKING pc=0x00007fa030aa364f sp=0x00007f9ff67f73a8 mode 0
Event: 3285.349 Thread 0x00007f9fe8059040 DEOPT PACKING pc=0x00007fa029ec7408 sp=0x00007f9ff67f8160
Event: 3285.349 Thread 0x00007f9fe8059040 DEOPT UNPACKING pc=0x00007fa030aa364f sp=0x00007f9ff67f76a8 mode 0

Classes loaded (20 events):
Event: 3280.679 Loading class sun/nio/fs/UnixFileSystem$3
Event: 3280.681 Loading class java/nio/file/PathMatcher
Event: 3280.681 Loading class java/nio/file/PathMatcher done
Event: 3280.681 Loading class sun/nio/fs/UnixFileSystem$3 done
Event: 3280.689 Loading class java/nio/file/FileTreeIterator
Event: 3280.691 Loading class java/nio/file/FileTreeIterator done
Event: 3280.956 Loading class java/util/zip/ZipInputStream
Event: 3280.958 Loading class java/util/zip/ZipInputStream done
Event: 3282.401 Loading class java/io/UTFDataFormatException
Event: 3282.403 Loading class java/io/UTFDataFormatException done
Event: 3282.751 Loading class java/util/stream/Streams$RangeIntSpliterator
Event: 3282.752 Loading class java/util/stream/Streams$RangeIntSpliterator done
Event: 3282.755 Loading class java/util/stream/IntPipeline$1
Event: 3282.755 Loading class java/util/stream/IntPipeline$1 done
Event: 3282.761 Loading class java/util/stream/IntPipeline$1$1
Event: 3282.762 Loading class java/util/stream/IntPipeline$1$1 done
Event: 3282.802 Loading class java/util/concurrent/RejectedExecutionException
Event: 3282.804 Loading class java/util/concurrent/RejectedExecutionException done
Event: 3283.657 Loading class java/lang/reflect/GenericSignatureFormatError
Event: 3283.658 Loading class java/lang/reflect/GenericSignatureFormatError done

Classes unloaded (0 events):
No events

Classes redefined (0 events):
No events

Internal exceptions (20 events):
Event: 3276.373 Thread 0x00007fa01c2470f0 Exception <a 'sun/nio/fs/UnixException'{0x00000000cb4116e8}> (0x00000000cb4116e8) 
thrown [./src/hotspot/share/prims/jni.cpp, line 516]
Event: 3276.376 Thread 0x00007fa01c2470f0 Exception <a 'sun/nio/fs/UnixException'{0x00000000cb41ff38}> (0x00000000cb41ff38) 
thrown [./src/hotspot/share/prims/jni.cpp, line 516]
Event: 3277.286 Thread 0x00007fa01c2470f0 Exception <a 'sun/nio/fs/UnixException'{0x00000000ca9b9028}> (0x00000000ca9b9028) 
thrown [./src/hotspot/share/prims/jni.cpp, line 516]
Event: 3277.769 Thread 0x00007fa01c2470f0 Exception <a 'sun/nio/fs/UnixException'{0x00000000d7e5c860}> (0x00000000d7e5c860) 
thrown [./src/hotspot/share/prims/jni.cpp, line 516]
Event: 3277.861 Thread 0x00007fa01c2470f0 Exception <a 'sun/nio/fs/UnixException'{0x00000000d7e5e200}> (0x00000000d7e5e200) 
thrown [./src/hotspot/share/prims/jni.cpp, line 516]
Event: 3278.264 Thread 0x00007fa01c2470f0 Exception <a 'sun/nio/fs/UnixException'{0x00000000d7e8f168}> (0x00000000d7e8f168) 
thrown [./src/hotspot/share/prims/jni.cpp, line 516]
Event: 3278.265 Thread 0x00007fa01c2470f0 Exception <a 'sun/nio/fs/UnixException'{0x00000000d7e90e40}> (0x00000000d7e90e40) 
thrown [./src/hotspot/share/prims/jni.cpp, line 516]
Event: 3278.266 Thread 0x00007fa01c2470f0 Exception <a 'sun/nio/fs/UnixException'{0x00000000d7e92a68}> (0x00000000d7e92a68) 
thrown [./src/hotspot/share/prims/jni.cpp, line 516]
Event: 3278.267 Thread 0x00007fa01c2470f0 Exception <a 'sun/nio/fs/UnixException'{0x00000000d7e946a0}> (0x00000000d7e946a0) 
thrown [./src/hotspot/share/prims/jni.cpp, line 516]
Event: 3278.268 Thread 0x00007fa01c2470f0 Exception <a 'sun/nio/fs/UnixException'{0x00000000d7e962a8}> (0x00000000d7e962a8) 
thrown [./src/hotspot/share/prims/jni.cpp, line 516]
Event: 3278.269 Thread 0x00007fa01c2470f0 Exception <a 'sun/nio/fs/UnixException'{0x00000000d7e97eb0}> (0x00000000d7e97eb0) 
thrown [./src/hotspot/share/prims/jni.cpp, line 516]
Event: 3278.269 Thread 0x00007fa01c2470f0 Exception <a 'sun/nio/fs/UnixException'{0x00000000d7e99a98}> (0x00000000d7e99a98) 
thrown [./src/hotspot/share/prims/jni.cpp, line 516]
Event: 3278.270 Thread 0x00007fa01c2470f0 Exception <a 'sun/nio/fs/UnixException'{0x00000000d7e9b6a0}> (0x00000000d7e9b6a0) 
thrown [./src/hotspot/share/prims/jni.cpp, line 516]
Event: 3278.270 Thread 0x00007fa01c2470f0 Exception <a 'sun/nio/fs/UnixException'{0x00000000d7e9d2a0}> (0x00000000d7e9d2a0) 
thrown [./src/hotspot/share/prims/jni.cpp, line 516]
Event: 3278.271 Thread 0x00007fa01c2470f0 Exception <a 'sun/nio/fs/UnixException'{0x00000000d7e9eec0}> (0x00000000d7e9eec0) 
thrown [./src/hotspot/share/prims/jni.cpp, line 516]
Event: 3280.287 Thread 0x00007fa01c2470f0 Exception <a 'sun/nio/fs/UnixException'{0x00000000d7ad83b0}> (0x00000000d7ad83b0) 
thrown [./src/hotspot/share/prims/jni.cpp, line 516]
Event: 3280.578 Thread 0x00007fa01c2470f0 Exception <a 'java/lang/NoSuchMethodError'{0x00000000d763bc88}: static Lcom/android/build/gradle/internal/tasks/DexArchiveBuilderTaskDelegate$ClasspathServiceKey;.<clinit>()V> (0x00000000d763bc88) 
thrown [./src/hotspot/share/prims/jni.cpp, line 1112]
Event: 3283.460 Thread 0x00007f9fe8059040 Exception <a 'java/lang/NoSuchMethodError'{0x00000000d59d49d0}: 'java.lang.Object java.lang.invoke.DirectMethodHandle$Holder.invokeStaticInit(java.lang.Object, java.lang.Object, java.lang.Object, java.lang.Object, java.lang.Object, java.lang.Object, java.lang.Object, java.lang.Object, java.lang.Object, java.lang.Object, java.lang.Object, java.lang.Object, java.lang.Object, java.lang.Object, java.lang.Object, java.lang.Object, java.lang.Object, java.lang.Object, java.lang.Object, java.lang.Object, int, java
Event: 3283.672 Thread 0x00007f9fe8059040 Exception <a 'java/lang/IncompatibleClassChangeError'{0x00000000d5780308}: Found class java.lang.Object, but interface was expected> (0x00000000d5780308) 
thrown [./src/hotspot/share/interpreter/linkResolver.cpp, line 826]
Event: 3284.238 Thread 0x00007f9fe8059040 Exception <a 'java/lang/NoSuchMethodError'{0x00000000d53c23a8}: 'java.lang.Object java.lang.invoke.DirectMethodHandle$Holder.newInvokeSpecial(java.lang.Object, long)'> (0x00000000d53c23a8) 
thrown [./src/hotspot/share/interpreter/linkResolver.cpp, line 758]

VM Operations (20 events):
Event: 3284.549 Executing VM operation: Cleanup
Event: 3284.554 Executing VM operation: Cleanup done
Event: 3285.555 Executing VM operation: Cleanup
Event: 3285.558 Executing VM operation: Cleanup done
Event: 3286.560 Executing VM operation: Cleanup
Event: 3286.566 Executing VM operation: Cleanup done
Event: 3287.569 Executing VM operation: Cleanup
Event: 3287.574 Executing VM operation: Cleanup done
Event: 3288.576 Executing VM operation: Cleanup
Event: 3288.589 Executing VM operation: Cleanup done
Event: 3289.648 Executing VM operation: Cleanup
Event: 3289.653 Executing VM operation: Cleanup done
Event: 3290.655 Executing VM operation: Cleanup
Event: 3290.701 Executing VM operation: Cleanup done
Event: 3294.751 Executing VM operation: Cleanup
Event: 3294.755 Executing VM operation: Cleanup done
Event: 3297.759 Executing VM operation: Cleanup
Event: 3297.772 Executing VM operation: Cleanup done
Event: 3298.775 Executing VM operation: Cleanup
Event: 3298.781 Executing VM operation: Cleanup done

Memory protections (20 events):
Event: 3212.556 Protecting memory [0x00007fa0286fe000,0x00007fa028702000] with protection modes 0
Event: 3212.556 Protecting memory [0x00007fa0192f4000,0x00007fa0192f8000] with protection modes 0
Event: 3212.557 Protecting memory [0x00007fa018995000,0x00007fa018999000] with protection modes 0
Event: 3212.558 Protecting memory [0x00007fa018ef0000,0x00007fa018ef4000] with protection modes 0
Event: 3212.576 Protecting memory [0x00007fa018793000,0x00007fa018797000] with protection modes 0
Event: 3212.591 Protecting memory [0x00007fa018591000,0x00007fa018595000] with protection modes 0
Event: 3212.654 Protecting memory [0x00007fa019afc000,0x00007fa019b00000] with protection modes 0
Event: 3212.689 Protecting memory [0x00007fa0285fd000,0x00007fa028601000] with protection modes 0
Event: 3212.794 Protecting memory [0x00007fa0282fa000,0x00007fa0282fe000] with protection modes 0
Event: 3213.173 Protecting memory [0x00007fa0281f9000,0x00007fa0281fd000] with protection modes 0
Event: 3213.186 Protecting memory [0x00007fa018692000,0x00007fa018696000] with protection modes 0
Event: 3213.283 Protecting memory [0x00007fa018894000,0x00007fa018898000] with protection modes 0
Event: 3213.474 Protecting memory [0x00007fa0287ff000,0x00007fa028803000] with protection modes 0
Event: 3213.569 Protecting memory [0x00007fa01838f000,0x00007fa018393000] with protection modes 0
Event: 3213.574 Protecting memory [0x00007fa018def000,0x00007fa018df3000] with protection modes 0
Event: 3213.583 Protecting memory [0x00007fa018bed000,0x00007fa018bf1000] with protection modes 0
Event: 3213.595 Protecting memory [0x00007f9ff66fc000,0x00007f9ff6700000] with protection modes 0
Event: 3213.664 Protecting memory [0x00007f9ff65fb000,0x00007f9ff65ff000] with protection modes 0
Event: 3276.390 Protecting memory [0x00007f9ff67fd000,0x00007f9ff6801000] with protection modes 0
Event: 3280.602 Protecting memory [0x00007fa01818d000,0x00007fa018191000] with protection modes 0

Nmethod flushes (20 events):
Event: 3282.551 Thread 0x00007fa0400b9b30 flushing  nmethod 0x00007fa02abc2890
Event: 3282.551 Thread 0x00007fa0400b9b30 flushing  nmethod 0x00007fa02abd3690
Event: 3282.551 Thread 0x00007fa0400b9b30 flushing  nmethod 0x00007fa02abd3b10
Event: 3282.551 Thread 0x00007fa0400b9b30 flushing  nmethod 0x00007fa02abd7f90
Event: 3282.551 Thread 0x00007fa0400b9b30 flushing  nmethod 0x00007fa02abe7410
Event: 3282.551 Thread 0x00007fa0400b9b30 flushing  nmethod 0x00007fa02abf1c90
Event: 3282.551 Thread 0x00007fa0400b9b30 flushing  nmethod 0x00007fa02ac5e390
Event: 3282.551 Thread 0x00007fa0400b9b30 flushing  nmethod 0x00007fa02ac9bf10
Event: 3282.552 Thread 0x00007fa0400b9b30 flushing  nmethod 0x00007fa02acc9710
Event: 3282.553 Thread 0x00007fa0400b9b30 flushing  nmethod 0x00007fa02ae58910
Event: 3282.554 Thread 0x00007fa0400b9b30 flushing  nmethod 0x00007fa02afd7e10
Event: 3282.554 Thread 0x00007fa0400b9b30 flushing  nmethod 0x00007fa02b005f10
Event: 3282.554 Thread 0x00007fa0400b9b30 flushing  nmethod 0x00007fa02b025690
Event: 3282.554 Thread 0x00007fa0400b9b30 flushing  nmethod 0x00007fa02b05e590
Event: 3282.555 Thread 0x00007fa0400b9b30 flushing  nmethod 0x00007fa02b0cc090
Event: 3282.556 Thread 0x00007fa0400b9b30 flushing  nmethod 0x00007fa02b22a890
Event: 3282.556 Thread 0x00007fa0400b9b30 flushing  nmethod 0x00007fa02b256910
Event: 3282.556 Thread 0x00007fa0400b9b30 flushing  nmethod 0x00007fa02b26ad10
Event: 3282.556 Thread 0x00007fa0400b9b30 flushing  nmethod 0x00007fa02b26e990
Event: 3282.556 Thread 0x00007fa0400b9b30 flushing  nmethod 0x00007fa02b271d90

Events (20 events):
Event: 3213.173 Thread 0x00007fa00e216790 Thread added: 0x00007fa01c2470f0
Event: 3213.175 Thread 0x00007fa01c2470f0 Thread added: 0x00007f9fe8012c70
Event: 3213.275 Thread 0x00007fa01c2470f0 Thread added: 0x00007f9fe803f4c0
Event: 3213.468 Thread 0x00007fa01c2470f0 Thread added: 0x00007f9fe8035500
Event: 3213.559 Thread 0x00007fa01c2470f0 Thread added: 0x00007f9fe8044d70
Event: 3213.569 Thread 0x00007fa01c2470f0 Thread added: 0x00007f9fe803db90
Event: 3213.574 Thread 0x00007fa01c2470f0 Thread added: 0x00007f9fe803e100
Event: 3213.595 Thread 0x00007fa01c2470f0 Thread added: 0x00007f9fe8059040
Event: 3213.649 Thread 0x00007f9fe8059040 Thread added: 0x00007fa0413223c0
Event: 3215.191 Thread 0x00007fa01c066620 Thread exited: 0x00007fa01c066620
Event: 3220.887 Thread 0x0000557019e0fbe0 Thread exited: 0x0000557019e0fbe0
Event: 3220.889 Thread 0x0000557019e104c0 Thread exited: 0x0000557019e104c0
Event: 3243.068 Thread 0x00007fa01c2644a0 Thread exited: 0x00007fa01c2644a0
Event: 3260.879 Thread 0x00007fa01c06a510 Thread exited: 0x00007fa01c06a510
Event: 3276.384 Thread 0x00007fa01c2470f0 Thread added: 0x00007f9fe80bbda0
Event: 3277.572 Thread 0x00007f9fd40265a0 Thread exited: 0x00007f9fd40265a0
Event: 3277.572 Thread 0x00007fa0413223c0 Thread exited: 0x00007fa0413223c0
Event: 3277.573 Thread 0x00007f9fe8034ab0 Thread exited: 0x00007f9fe8034ab0
Event: 3279.183 Thread 0x0000557019dffe30 Thread exited: 0x0000557019dffe30
Event: 3280.602 Thread 0x00007fa01c2470f0 Thread added: 0x00007f9fe816f960


Dynamic libraries:
c0000000-d8000000 rw-p 00000000 00:00 0 
d8000000-ffe00000 ---p 00000000 00:00 0 
ffe00000-ffe75000 rw-p 00c7a000 00:25 13853                              /usr/lib/jvm/java-17-openjdk-amd64/lib/server/classes.jsa
ffe75000-fff00000 rw-p 00000000 00:00 0 
fff00000-fff78000 rw-p 00c02000 00:25 13853                              /usr/lib/jvm/java-17-openjdk-amd64/lib/server/classes.jsa
fff78000-100000000 rw-p 00000000 00:00 0 
557017fbc000-557017fbd000 r--p 00000000 00:25 13495                      /usr/lib/jvm/java-17-openjdk-amd64/bin/java
557017fbd000-557017fbe000 r-xp 00001000 00:25 13495                      /usr/lib/jvm/java-17-openjdk-amd64/bin/java
557017fbe000-557017fbf000 r--p 00002000 00:25 13495                      /usr/lib/jvm/java-17-openjdk-amd64/bin/java
557017fbf000-557017fc0000 r--p 00002000 00:25 13495                      /usr/lib/jvm/java-17-openjdk-amd64/bin/java
557017fc0000-557017fc1000 rw-p 00003000 00:25 13495                      /usr/lib/jvm/java-17-openjdk-amd64/bin/java
557019db5000-557019e85000 rw-p 00000000 00:00 0                          [heap]
7f9fcc000000-7f9fcc380000 rw-p 00000000 00:00 0 
7f9fcc380000-7f9fcc400000 rw-p 00000000 00:00 0 
7f9fcc400000-7f9fcc980000 rw-p 00000000 00:00 0 
7f9fcc980000-7f9fcca00000 rw-p 00000000 00:00 0 
7f9fcca00000-7f9fccb00000 rw-p 00000000 00:00 0 
7f9fccb00000-7f9fccc00000 rw-p 00000000 00:00 0 
7f9fccc00000-7f9fccdc0000 rw-p 00000000 00:00 0 
7f9fccdc0000-7f9fcce00000 rw-p 00000000 00:00 0 
7f9fcce00000-7f9fcd100000 rw-p 00000000 00:00 0 
7f9fcd100000-7f9fcd130000 rw-p 00000000 00:00 0 
7f9fcd130000-7f9fcd200000 ---p 00000000 00:00 0 
7f9fcd200000-7f9fcd8c0000 rw-p 00000000 00:00 0 
7f9fcd8c0000-7f9fd0000000 ---p 00000000 00:00 0 
7f9fd0000000-7f9fd0d11000 rw-p 00000000 00:00 0 
7f9fd0d11000-7f9fd4000000 ---p 00000000 00:00 0 
7f9fd4000000-7f9fd409f000 rw-p 00000000 00:00 0 
7f9fd409f000-7f9fd8000000 ---p 00000000 00:00 0 
7f9fd8000000-7f9fd805c000 rw-p 00000000 00:00 0 
7f9fd805c000-7f9fdc000000 ---p 00000000 00:00 0 
7f9fdc000000-7f9fde700000 rw-p 00000000 00:00 0 
7f9fde700000-7f9fe0000000 ---p 00000000 00:00 0 
7f9fe0000000-7f9fe0044000 rw-p 00000000 00:00 0 
7f9fe0044000-7f9fe4000000 ---p 00000000 00:00 0 
7f9fe4000000-7f9fe4078000 rw-p 00000000 00:00 0 
7f9fe4078000-7f9fe8000000 ---p 00000000 00:00 0 
7f9fe8000000-7f9fe81f6000 rw-p 00000000 00:00 0 
7f9fe81f6000-7f9fec000000 ---p 00000000 00:00 0 
7f9fec000000-7f9fec05b000 rw-p 00000000 00:00 0 
7f9fec05b000-7f9ff0000000 ---p 00000000 00:00 0 
7f9ff0000000-7f9ff0231000 rw-p 00000000 00:00 0 
7f9ff0231000-7f9ff4000000 ---p 00000000 00:00 0 
7f9ff65fa000-7f9ff65fb000 ---p 00000000 00:00 0 
7f9ff65fb000-7f9ff65ff000 ---p 00000000 00:00 0 
7f9ff65ff000-7f9ff66fb000 rw-p 00000000 00:00 0 
7f9ff66fb000-7f9ff66fc000 ---p 00000000 00:00 0 
7f9ff66fc000-7f9ff6700000 ---p 00000000 00:00 0 
7f9ff6700000-7f9ff67fc000 rw-p 00000000 00:00 0 
7f9ff67fc000-7f9ff67fd000 ---p 00000000 00:00 0 
7f9ff67fd000-7f9ff6801000 ---p 00000000 00:00 0 
7f9ff6801000-7f9ff68fd000 rw-p 00000000 00:00 0 
7f9ff68fd000-7f9ff68fe000 ---p 00000000 00:00 0 
7f9ff68fe000-7f9ff6902000 ---p 00000000 00:00 0 
7f9ff6902000-7f9ff69fe000 rw-p 00000000 00:00 0 
7f9ff69fe000-7f9ff69ff000 ---p 00000000 00:00 0 
7f9ff69ff000-7f9ff6a03000 ---p 00000000 00:00 0 
7f9ff6a03000-7f9ff6aff000 rw-p 00000000 00:00 0 
7f9ff6aff000-7f9ff6b00000 ---p 00000000 00:00 0 
7f9ff6b00000-7f9ff6b04000 ---p 00000000 00:00 0 
7f9ff6b04000-7f9ff6c00000 rw-p 00000000 00:00 0 
7f9ff6c00000-7f9ff6c05000 r-xp 00000000 fe:00 137483                     /tmp/native-platform150081752757516922dir/libnative-platform.so
7f9ff6c05000-7f9ff6e04000 ---p 00005000 fe:00 137483                     /tmp/native-platform150081752757516922dir/libnative-platform.so
7f9ff6e04000-7f9ff6e05000 rw-p 00004000 fe:00 137483                     /tmp/native-platform150081752757516922dir/libnative-platform.so
7f9ff6eff000-7f9ff6f00000 ---p 00000000 00:00 0 
7f9ff6f00000-7f9ff6f04000 ---p 00000000 00:00 0 
7f9ff6f04000-7f9ff7000000 rw-p 00000000 00:00 0 
7f9ff7000000-7f9ff7455000 rw-p 00001000 00:25 13853                      /usr/lib/jvm/java-17-openjdk-amd64/lib/server/classes.jsa
7f9ff7455000-7f9ff7bca000 rw-p 00456000 00:25 13853                      /usr/lib/jvm/java-17-openjdk-amd64/lib/server/classes.jsa
7f9ff7bca000-7f9ff8000000 ---p 00000000 00:00 0 
7f9ff8000000-7f9ff8040000 rw-p 00000000 00:00 0 
7f9ff8040000-7f9ff8080000 rw-p 00000000 00:00 0 
7f9ff8080000-7f9ff8140000 rw-p 00000000 00:00 0 
7f9ff8140000-7f9ff8180000 rw-p 00000000 00:00 0 
7f9ff8180000-7f9ff8440000 rw-p 00000000 00:00 0 
7f9ff8440000-7f9ff8740000 rw-p 00000000 00:00 0 
7f9ff8740000-7f9ff8780000 rw-p 00000000 00:00 0 
7f9ff8780000-7f9ff88e0000 rw-p 00000000 00:00 0 
7f9ff88e0000-7f9ff8900000 rw-p 00000000 00:00 0 
7f9ff8900000-7f9ff8b80000 rw-p 00000000 00:00 0 
7f9ff8b80000-7f9ff8e50000 rw-p 00000000 00:00 0 
7f9ff8e60000-7fa00c000000 ---p 00000000 00:00 0 
7fa00c000000-7fa00e37c000 rw-p 00000000 00:00 0 
7fa00e37c000-7fa010000000 ---p 00000000 00:00 0 
7fa010000000-7fa010400000 rw-p 00000000 00:00 0 
7fa010400000-7fa010980000 rw-p 00000000 00:00 0 
7fa010980000-7fa010a00000 rw-p 00000000 00:00 0 
7fa010a00000-7fa010d00000 rw-p 00000000 00:00 0 
7fa010d00000-7fa010e00000 rw-p 00000000 00:00 0 
7fa010e00000-7fa011700000 rw-p 00000000 00:00 0 
7fa011700000-7fa011900000 rw-p 00000000 00:00 0 
7fa011900000-7fa011a00000 rw-p 00000000 00:00 0 
7fa011a00000-7fa012700000 rw-p 00000000 00:00 0 
7fa012700000-7fa012800000 rw-p 00000000 00:00 0 
7fa012800000-7fa012b00000 rw-p 00000000 00:00 0 
7fa012b00000-7fa012f00000 rw-p 00000000 00:00 0 
7fa012f00000-7fa013000000 rw-p 00000000 00:00 0 
7fa013000000-7fa013f00000 rw-p 00000000 00:00 0 
7fa013f00000-7fa014000000 rw-p 00000000 00:00 0 
7fa014000000-7fa014046000 rw-p 00000000 00:00 0 
7fa014046000-7fa018000000 ---p 00000000 00:00 0 
7fa01808b000-7fa01808c000 ---p 00000000 00:00 0 
7fa01808c000-7fa018090000 ---p 00000000 00:00 0 
7fa018090000-7fa01818c000 rw-p 00000000 00:00 0 
7fa01818c000-7fa01818d000 ---p 00000000 00:00 0 
7fa01818d000-7fa018191000 ---p 00000000 00:00 0 
7fa018191000-7fa01828d000 rw-p 00000000 00:00 0 
7fa01828d000-7fa01828e000 ---p 00000000 00:00 0 
7fa01828e000-7fa018292000 ---p 00000000 00:00 0 
7fa018292000-7fa01838e000 rw-p 00000000 00:00 0 
7fa01838e000-7fa01838f000 ---p 00000000 00:00 0 
7fa01838f000-7fa018393000 ---p 00000000 00:00 0 
7fa018393000-7fa01848f000 rw-p 00000000 00:00 0 
7fa01848f000-7fa018490000 ---p 00000000 00:00 0 
7fa018490000-7fa018494000 ---p 00000000 00:00 0 
7fa018494000-7fa018590000 rw-p 00000000 00:00 0 
7fa018590000-7fa018591000 ---p 00000000 00:00 0 
7fa018591000-7fa018595000 ---p 00000000 00:00 0 
7fa018595000-7fa018691000 rw-p 00000000 00:00 0 
7fa018691000-7fa018692000 ---p 00000000 00:00 0 
7fa018692000-7fa018696000 ---p 00000000 00:00 0 
7fa018696000-7fa018792000 rw-p 00000000 00:00 0 
7fa018792000-7fa018793000 ---p 00000000 00:00 0 
7fa018793000-7fa018797000 ---p 00000000 00:00 0 
7fa018797000-7fa018893000 rw-p 00000000 00:00 0 
7fa018893000-7fa018894000 ---p 00000000 00:00 0 
7fa018894000-7fa018898000 ---p 00000000 00:00 0 
7fa018898000-7fa018994000 rw-p 00000000 00:00 0 
7fa018994000-7fa018995000 ---p 00000000 00:00 0 
7fa018995000-7fa018999000 ---p 00000000 00:00 0 
7fa018999000-7fa018a95000 rw-p 00000000 00:00 0 
7fa018a95000-7fa018a96000 ---p 00000000 00:00 0 
7fa018a96000-7fa018a9a000 ---p 00000000 00:00 0 
7fa018a9a000-7fa018b96000 rw-p 00000000 00:00 0 
7fa018bec000-7fa018bed000 ---p 00000000 00:00 0 
7fa018bed000-7fa018bf1000 ---p 00000000 00:00 0 
7fa018bf1000-7fa018ced000 rw-p 00000000 00:00 0 
7fa018ced000-7fa018cee000 ---p 00000000 00:00 0 
7fa018cee000-7fa018cf2000 ---p 00000000 00:00 0 
7fa018cf2000-7fa018dee000 rw-p 00000000 00:00 0 
7fa018dee000-7fa018def000 ---p 00000000 00:00 0 
7fa018def000-7fa018df3000 ---p 00000000 00:00 0 
7fa018df3000-7fa018eef000 rw-p 00000000 00:00 0 
7fa018eef000-7fa018ef0000 ---p 00000000 00:00 0 
7fa018ef0000-7fa018ef4000 ---p 00000000 00:00 0 
7fa018ef4000-7fa018ff0000 rw-p 00000000 00:00 0 
7fa018ff0000-7fa018ff1000 ---p 00000000 00:00 0 
7fa018ff1000-7fa018ff5000 ---p 00000000 00:00 0 
7fa018ff5000-7fa0190f1000 rw-p 00000000 00:00 0 
7fa0190f1000-7fa0190f2000 ---p 00000000 00:00 0 
7fa0190f2000-7fa0190f6000 ---p 00000000 00:00 0 
7fa0190f6000-7fa0191f2000 rw-p 00000000 00:00 0 
7fa0191f2000-7fa0191f3000 ---p 00000000 00:00 0 
7fa0191f3000-7fa0191f7000 ---p 00000000 00:00 0 
7fa0191f7000-7fa0192f3000 rw-p 00000000 00:00 0 
7fa0192f3000-7fa0192f4000 ---p 00000000 00:00 0 
7fa0192f4000-7fa0192f8000 ---p 00000000 00:00 0 
7fa0192f8000-7fa0193f4000 rw-p 00000000 00:00 0 
7fa0193f4000-7fa0193f5000 ---p 00000000 00:00 0 
7fa0193f5000-7fa0193f9000 ---p 00000000 00:00 0 
7fa0193f9000-7fa0194f5000 rw-p 00000000 00:00 0 
7fa0194f5000-7fa0194f6000 ---p 00000000 00:00 0 
7fa0194f6000-7fa0194fa000 ---p 00000000 00:00 0 
7fa0194fa000-7fa0195f6000 rw-p 00000000 00:00 0 
7fa0195f6000-7fa0195f7000 ---p 00000000 00:00 0 
7fa0195f7000-7fa0195fb000 ---p 00000000 00:00 0 
7fa0195fb000-7fa0196f7000 rw-p 00000000 00:00 0 
7fa0196f7000-7fa0196f8000 ---p 00000000 00:00 0 
7fa0196f8000-7fa0196fc000 ---p 00000000 00:00 0 
7fa0196fc000-7fa0197f8000 rw-p 00000000 00:00 0 
7fa0197f8000-7fa0197f9000 ---p 00000000 00:00 0 
7fa0197f9000-7fa0197fd000 ---p 00000000 00:00 0 
7fa0197fd000-7fa0198f9000 rw-p 00000000 00:00 0 
7fa0198f9000-7fa0198fa000 ---p 00000000 00:00 0 
7fa0198fa000-7fa0198fe000 ---p 00000000 00:00 0 
7fa0198fe000-7fa0199fa000 rw-p 00000000 00:00 0 
7fa0199fa000-7fa0199fb000 ---p 00000000 00:00 0 
7fa0199fb000-7fa0199ff000 ---p 00000000 00:00 0 
7fa0199ff000-7fa019afb000 rw-p 00000000 00:00 0 
7fa019afb000-7fa019afc000 ---p 00000000 00:00 0 
7fa019afc000-7fa019b00000 ---p 00000000 00:00 0 
7fa019b00000-7fa019bfc000 rw-p 00000000 00:00 0 
7fa019bfc000-7fa019bfd000 ---p 00000000 00:00 0 
7fa019bfd000-7fa019c01000 ---p 00000000 00:00 0 
7fa019c01000-7fa019cfd000 rw-p 00000000 00:00 0 
7fa019cfd000-7fa019cfe000 ---p 00000000 00:00 0 
7fa019cfe000-7fa019d02000 ---p 00000000 00:00 0 
7fa019d02000-7fa019dfe000 rw-p 00000000 00:00 0 
7fa019dfe000-7fa019dff000 ---p 00000000 00:00 0 
7fa019dff000-7fa019e03000 ---p 00000000 00:00 0 
7fa019e03000-7fa019eff000 rw-p 00000000 00:00 0 
7fa019eff000-7fa019f00000 ---p 00000000 00:00 0 
7fa019f00000-7fa019f04000 ---p 00000000 00:00 0 
7fa019f04000-7fa01c000000 rw-p 00000000 00:00 0 
7fa01c000000-7fa01c281000 rw-p 00000000 00:00 0 
7fa01c281000-7fa020000000 ---p 00000000 00:00 0 
7fa020000000-7fa02005e000 rw-p 00000000 00:00 0 
7fa02005e000-7fa024000000 ---p 00000000 00:00 0 
7fa024000000-7fa02405b000 rw-p 00000000 00:00 0 
7fa02405b000-7fa028000000 ---p 00000000 00:00 0 
7fa0280f7000-7fa0280f8000 ---p 00000000 00:00 0 
7fa0280f8000-7fa0280fc000 ---p 00000000 00:00 0 
7fa0280fc000-7fa0281f8000 rw-p 00000000 00:00 0 
7fa0281f8000-7fa0281f9000 ---p 00000000 00:00 0 
7fa0281f9000-7fa0281fd000 ---p 00000000 00:00 0 
7fa0281fd000-7fa0282f9000 rw-p 00000000 00:00 0 
7fa0282f9000-7fa0282fa000 ---p 00000000 00:00 0 
7fa0282fa000-7fa0282fe000 ---p 00000000 00:00 0 
7fa0282fe000-7fa0283fa000 rw-p 00000000 00:00 0 
7fa0283fa000-7fa0283fb000 ---p 00000000 00:00 0 
7fa0283fb000-7fa0283ff000 ---p 00000000 00:00 0 
7fa0283ff000-7fa0284fb000 rw-p 00000000 00:00 0 
7fa0284fb000-7fa0284fc000 ---p 00000000 00:00 0 
7fa0284fc000-7fa028500000 ---p 00000000 00:00 0 
7fa028500000-7fa0285fc000 rw-p 00000000 00:00 0 
7fa0285fc000-7fa0285fd000 ---p 00000000 00:00 0 
7fa0285fd000-7fa028601000 ---p 00000000 00:00 0 
7fa028601000-7fa0286fd000 rw-p 00000000 00:00 0 
7fa0286fd000-7fa0286fe000 ---p 00000000 00:00 0 
7fa0286fe000-7fa028702000 ---p 00000000 00:00 0 
7fa028702000-7fa0287fe000 rw-p 00000000 00:00 0 
7fa0287fe000-7fa0287ff000 ---p 00000000 00:00 0 
7fa0287ff000-7fa028803000 ---p 00000000 00:00 0 
7fa028803000-7fa0288ff000 rw-p 00000000 00:00 0 
7fa0288ff000-7fa028900000 ---p 00000000 00:00 0 
7fa028900000-7fa028904000 ---p 00000000 00:00 0 
7fa028904000-7fa028a00000 rw-p 00000000 00:00 0 
7fa028a00000-7fa028a53000 r-xp 00000000 fe:00 133366                     /root/.gradle/native/38dada09dfb8b06ba9b0570ebf7e218e3eb74d4ef43ca46872605cf95ebc2f47/linux-amd64/libnative-platform-file-events.so
7fa028a53000-7fa028c52000 ---p 00053000 fe:00 133366                     /root/.gradle/native/38dada09dfb8b06ba9b0570ebf7e218e3eb74d4ef43ca46872605cf95ebc2f47/linux-amd64/libnative-platform-file-events.so
7fa028c52000-7fa028c53000 r--p 00052000 fe:00 133366                     /root/.gradle/native/38dada09dfb8b06ba9b0570ebf7e218e3eb74d4ef43ca46872605cf95ebc2f47/linux-amd64/libnative-platform-file-events.so
7fa028c53000-7fa028c55000 rw-p 00053000 fe:00 133366                     /root/.gradle/native/38dada09dfb8b06ba9b0570ebf7e218e3eb74d4ef43ca46872605cf95ebc2f47/linux-amd64/libnative-platform-file-events.so
7fa028cdc000-7fa028cdd000 ---p 00000000 00:00 0 
7fa028cdd000-7fa028ce1000 ---p 00000000 00:00 0 
7fa028ce1000-7fa028cff000 rw-p 00000000 00:00 0 
7fa028cff000-7fa028d00000 ---p 00000000 00:00 0 
7fa028d00000-7fa028d04000 ---p 00000000 00:00 0 
7fa028d04000-7fa028e00000 rw-p 00000000 00:00 0 
7fa028e00000-7fa028e05000 r-xp 00000000 fe:00 132173                     /root/.gradle/native/c067742578af261105cb4f569cf0c3c89f3d7b1fecec35dd04571415982c5e48/linux-amd64/libnative-platform.so
7fa028e05000-7fa029005000 ---p 00005000 fe:00 132173                     /root/.gradle/native/c067742578af261105cb4f569cf0c3c89f3d7b1fecec35dd04571415982c5e48/linux-amd64/libnative-platform.so
7fa029005000-7fa029006000 r--p 00005000 fe:00 132173                     /root/.gradle/native/c067742578af261105cb4f569cf0c3c89f3d7b1fecec35dd04571415982c5e48/linux-amd64/libnative-platform.so
7fa029006000-7fa029007000 rw-p 00006000 fe:00 132173                     /root/.gradle/native/c067742578af261105cb4f569cf0c3c89f3d7b1fecec35dd04571415982c5e48/linux-amd64/libnative-platform.so
7fa02900c000-7fa02900d000 ---p 00000000 00:00 0 
7fa02900d000-7fa029011000 ---p 00000000 00:00 0 
7fa029011000-7fa02910d000 rw-p 00000000 00:00 0 
7fa02910d000-7fa02910e000 ---p 00000000 00:00 0 
7fa02910e000-7fa02920e000 rw-p 00000000 00:00 0 
7fa02920e000-7fa02920f000 ---p 00000000 00:00 0 
7fa02920f000-7fa02930f000 rw-p 00000000 00:00 0 
7fa02930f000-7fa029310000 ---p 00000000 00:00 0 
7fa029310000-7fa029314000 ---p 00000000 00:00 0 
7fa029314000-7fa029410000 rw-p 00000000 00:00 0 
7fa029410000-7fa029411000 ---p 00000000 00:00 0 
7fa029411000-7fa029415000 ---p 00000000 00:00 0 
7fa029415000-7fa029511000 rw-p 00000000 00:00 0 
7fa029511000-7fa02b2d1000 rwxp 00000000 00:00 0 
7fa02b2d1000-7fa030a49000 ---p 00000000 00:00 0 
7fa030a49000-7fa030cb9000 rwxp 00000000 00:00 0 
7fa030cb9000-7fa030fd8000 ---p 00000000 00:00 0 
7fa030fd8000-7fa031938000 rwxp 00000000 00:00 0 
7fa031938000-7fa038511000 ---p 00000000 00:00 0 
7fa038511000-7fa040000000 r--s 00000000 00:25 13844                      /usr/lib/jvm/java-17-openjdk-amd64/lib/modules
7fa040000000-7fa041875000 rw-p 00000000 00:00 0 
7fa041875000-7fa044000000 ---p 00000000 00:00 0 
7fa044008000-7fa044009000 r--p 00000000 00:25 13837                      /usr/lib/jvm/java-17-openjdk-amd64/lib/librmi.so
7fa044009000-7fa04400a000 r-xp 00001000 00:25 13837                      /usr/lib/jvm/java-17-openjdk-amd64/lib/librmi.so
7fa04400a000-7fa04400b000 r--p 00002000 00:25 13837                      /usr/lib/jvm/java-17-openjdk-amd64/lib/librmi.so
7fa04400b000-7fa04400c000 r--p 00002000 00:25 13837                      /usr/lib/jvm/java-17-openjdk-amd64/lib/librmi.so
7fa04400c000-7fa04400d000 rw-p 00003000 00:25 13837                      /usr/lib/jvm/java-17-openjdk-amd64/lib/librmi.so
7fa04400d000-7fa04400e000 r--p 00000000 00:25 13813                      /usr/lib/jvm/java-17-openjdk-amd64/lib/libextnet.so
7fa04400e000-7fa04400f000 r-xp 00001000 00:25 13813                      /usr/lib/jvm/java-17-openjdk-amd64/lib/libextnet.so
7fa04400f000-7fa044010000 r--p 00002000 00:25 13813                      /usr/lib/jvm/java-17-openjdk-amd64/lib/libextnet.so
7fa044010000-7fa044011000 r--p 00002000 00:25 13813                      /usr/lib/jvm/java-17-openjdk-amd64/lib/libextnet.so
7fa044011000-7fa044012000 rw-p 00003000 00:25 13813                      /usr/lib/jvm/java-17-openjdk-amd64/lib/libextnet.so
7fa044012000-7fa044014000 r--p 00000000 00:25 13832                      /usr/lib/jvm/java-17-openjdk-amd64/lib/libmanagement_ext.so
7fa044014000-7fa044017000 r-xp 00002000 00:25 13832                      /usr/lib/jvm/java-17-openjdk-amd64/lib/libmanagement_ext.so
7fa044017000-7fa044018000 r--p 00005000 00:25 13832                      /usr/lib/jvm/java-17-openjdk-amd64/lib/libmanagement_ext.so
7fa044018000-7fa044019000 r--p 00006000 00:25 13832                      /usr/lib/jvm/java-17-openjdk-amd64/lib/libmanagement_ext.so
7fa044019000-7fa04401a000 rw-p 00007000 00:25 13832                      /usr/lib/jvm/java-17-openjdk-amd64/lib/libmanagement_ext.so
7fa04401a000-7fa04401b000 r--p 00000000 00:25 18162                      /usr/lib/x86_64-linux-gnu/libpthread.so.0
7fa04401b000-7fa04401c000 r-xp 00001000 00:25 18162                      /usr/lib/x86_64-linux-gnu/libpthread.so.0
7fa04401c000-7fa04401d000 r--p 00002000 00:25 18162                      /usr/lib/x86_64-linux-gnu/libpthread.so.0
7fa04401d000-7fa04401e000 r--p 00002000 00:25 18162                      /usr/lib/x86_64-linux-gnu/libpthread.so.0
7fa04401e000-7fa04401f000 rw-p 00003000 00:25 18162                      /usr/lib/x86_64-linux-gnu/libpthread.so.0
7fa04401f000-7fa044023000 r--p 00000000 00:25 13842                      /usr/lib/jvm/java-17-openjdk-amd64/lib/libverify.so
7fa044023000-7fa04402a000 r-xp 00004000 00:25 13842                      /usr/lib/jvm/java-17-openjdk-amd64/lib/libverify.so
7fa04402a000-7fa04402c000 r--p 0000b000 00:25 13842                      /usr/lib/jvm/java-17-openjdk-amd64/lib/libverify.so
7fa04402c000-7fa04402e000 r--p 0000c000 00:25 13842                      /usr/lib/jvm/java-17-openjdk-amd64/lib/libverify.so
7fa04402e000-7fa04402f000 rw-p 0000e000 00:25 13842                      /usr/lib/jvm/java-17-openjdk-amd64/lib/libverify.so
7fa04402f000-7fa044033000 r--p 00000000 00:25 13834                      /usr/lib/jvm/java-17-openjdk-amd64/lib/libnet.so
7fa044033000-7fa044041000 r-xp 00004000 00:25 13834                      /usr/lib/jvm/java-17-openjdk-amd64/lib/libnet.so
7fa044041000-7fa044045000 r--p 00012000 00:25 13834                      /usr/lib/jvm/java-17-openjdk-amd64/lib/libnet.so
7fa044045000-7fa044046000 r--p 00015000 00:25 13834                      /usr/lib/jvm/java-17-openjdk-amd64/lib/libnet.so
7fa044046000-7fa044047000 rw-p 00016000 00:25 13834                      /usr/lib/jvm/java-17-openjdk-amd64/lib/libnet.so
7fa044047000-7fa044048000 ---p 00000000 00:00 0 
7fa044048000-7fa04404c000 ---p 00000000 00:00 0 
7fa04404c000-7fa044148000 rw-p 00000000 00:00 0 
7fa044148000-7fa044149000 ---p 00000000 00:00 0 
7fa044149000-7fa04414d000 ---p 00000000 00:00 0 
7fa04414d000-7fa044249000 rw-p 00000000 00:00 0 
7fa044249000-7fa04424a000 ---p 00000000 00:00 0 
7fa04424a000-7fa04424e000 ---p 00000000 00:00 0 
7fa04424e000-7fa04434a000 rw-p 00000000 00:00 0 
7fa04434a000-7fa04434b000 ---p 00000000 00:00 0 
7fa04434b000-7fa04434f000 ---p 00000000 00:00 0 
7fa04434f000-7fa04444b000 rw-p 00000000 00:00 0 
7fa04444b000-7fa04444c000 ---p 00000000 00:00 0 
7fa04444c000-7fa044450000 ---p 00000000 00:00 0 
7fa044450000-7fa04454c000 rw-p 00000000 00:00 0 
7fa04454c000-7fa04454d000 ---p 00000000 00:00 0 
7fa04454d000-7fa044551000 ---p 00000000 00:00 0 
7fa044551000-7fa04464d000 rw-p 00000000 00:00 0 
7fa04464d000-7fa0446a4000 r--p 00000000 00:25 13893                      /usr/lib/locale/C.utf8/LC_CTYPE
7fa0446a4000-7fa0446a5000 ---p 00000000 00:00 0 
7fa0446a5000-7fa0446a9000 ---p 00000000 00:00 0 
7fa0446a9000-7fa0447a5000 rw-p 00000000 00:00 0 
7fa0447a5000-7fa0447a6000 ---p 00000000 00:00 0 
7fa0447a6000-7fa0447aa000 ---p 00000000 00:00 0 
7fa0447aa000-7fa0448a6000 rw-p 00000000 00:00 0 
7fa0448a6000-7fa0448a7000 ---p 00000000 00:00 0 
7fa0448a7000-7fa0449a7000 rw-p 00000000 00:00 0 
7fa0449a7000-7fa0449ac000 r--p 00000000 00:25 13828                      /usr/lib/jvm/java-17-openjdk-amd64/lib/libjsvml.so
7fa0449ac000-7fa0449ed000 r-xp 00005000 00:25 13828                      /usr/lib/jvm/java-17-openjdk-amd64/lib/libjsvml.so
7fa0449ed000-7fa044a76000 r--p 00046000 00:25 13828                      /usr/lib/jvm/java-17-openjdk-amd64/lib/libjsvml.so
7fa044a76000-7fa044a77000 r--p 000ce000 00:25 13828                      /usr/lib/jvm/java-17-openjdk-amd64/lib/libjsvml.so
7fa044a77000-7fa044a78000 rw-p 000cf000 00:25 13828                      /usr/lib/jvm/java-17-openjdk-amd64/lib/libjsvml.so
7fa044a78000-7fa044b95000 rw-p 00000000 00:00 0 
7fa044b98000-7fa044b9a000 r--p 00000000 00:25 13830                      /usr/lib/jvm/java-17-openjdk-amd64/lib/libmanagement.so
7fa044b9a000-7fa044b9b000 r-xp 00002000 00:25 13830                      /usr/lib/jvm/java-17-openjdk-amd64/lib/libmanagement.so
7fa044b9b000-7fa044b9c000 r--p 00003000 00:25 13830                      /usr/lib/jvm/java-17-openjdk-amd64/lib/libmanagement.so
7fa044b9c000-7fa044b9d000 r--p 00003000 00:25 13830                      /usr/lib/jvm/java-17-openjdk-amd64/lib/libmanagement.so
7fa044b9d000-7fa044b9e000 rw-p 00004000 00:25 13830                      /usr/lib/jvm/java-17-openjdk-amd64/lib/libmanagement.so
7fa044b9e000-7fa044ba5000 r--p 00000000 00:25 13835                      /usr/lib/jvm/java-17-openjdk-amd64/lib/libnio.so
7fa044ba5000-7fa044bae000 r-xp 00007000 00:25 13835                      /usr/lib/jvm/java-17-openjdk-amd64/lib/libnio.so
7fa044bae000-7fa044bb2000 r--p 00010000 00:25 13835                      /usr/lib/jvm/java-17-openjdk-amd64/lib/libnio.so
7fa044bb2000-7fa044bb3000 r--p 00014000 00:25 13835                      /usr/lib/jvm/java-17-openjdk-amd64/lib/libnio.so
7fa044bb3000-7fa044bb4000 rw-p 00015000 00:25 13835                      /usr/lib/jvm/java-17-openjdk-amd64/lib/libnio.so
7fa044bb4000-7fa044bb6000 r--p 00000000 00:25 13843                      /usr/lib/jvm/java-17-openjdk-amd64/lib/libzip.so
7fa044bb6000-7fa044bba000 r-xp 00002000 00:25 13843                      /usr/lib/jvm/java-17-openjdk-amd64/lib/libzip.so
7fa044bba000-7fa044bbc000 r--p 00006000 00:25 13843                      /usr/lib/jvm/java-17-openjdk-amd64/lib/libzip.so
7fa044bbc000-7fa044bbd000 r--p 00007000 00:25 13843                      /usr/lib/jvm/java-17-openjdk-amd64/lib/libzip.so
7fa044bbd000-7fa044bbe000 rw-p 00008000 00:25 13843                      /usr/lib/jvm/java-17-openjdk-amd64/lib/libzip.so
7fa044bbe000-7fa044bbf000 r--p 00000000 00:25 13899                      /usr/lib/locale/C.utf8/LC_NUMERIC
7fa044bbf000-7fa044bc0000 r--p 00000000 00:25 13902                      /usr/lib/locale/C.utf8/LC_TIME
7fa044bc0000-7fa044bc1000 r--p 00000000 00:25 13892                      /usr/lib/locale/C.utf8/LC_COLLATE
7fa044bc1000-7fa044bc2000 r--p 00000000 00:25 13897                      /usr/lib/locale/C.utf8/LC_MONETARY
7fa044bc2000-7fa044bc3000 r--p 00000000 00:25 13896                      /usr/lib/locale/C.utf8/LC_MESSAGES/SYS_LC_MESSAGES
7fa044bc3000-7fa044bc4000 r--p 00000000 00:25 13900                      /usr/lib/locale/C.utf8/LC_PAPER
7fa044bc4000-7fa044bc5000 r--p 00000000 00:25 13898                      /usr/lib/locale/C.utf8/LC_NAME
7fa044bc5000-7fa044bcc000 r--s 00000000 00:25 17585                      /usr/lib/x86_64-linux-gnu/gconv/gconv-modules.cache
7fa044bcc000-7fa044bcd000 ---p 00000000 00:00 0 
7fa044bcd000-7fa044ccd000 rw-p 00000000 00:00 0 
7fa044ccd000-7fa044cce000 ---p 00000000 00:00 0 
7fa044cce000-7fa044fd0000 rw-p 00000000 00:00 0 
7fa044fd0000-7fa044fd1000 ---p 00000000 00:00 0 
7fa044fd1000-7fa0450d1000 rw-p 00000000 00:00 0 
7fa0450d1000-7fa0450d2000 ---p 00000000 00:00 0 
7fa0450d2000-7fa0451d2000 rw-p 00000000 00:00 0 
7fa0451d2000-7fa0451d3000 ---p 00000000 00:00 0 
7fa0451d3000-7fa0458f6000 rw-p 00000000 00:00 0 
7fa0458f6000-7fa0462ee000 ---p 00000000 00:00 0 
7fa0462ee000-7fa0468f6000 rw-p 00000000 00:00 0 
7fa0468f6000-7fa0472ee000 ---p 00000000 00:00 0 
7fa0472ee000-7fa0473b6000 rw-p 00000000 00:00 0 
7fa0473b6000-7fa0474f5000 ---p 00000000 00:00 0 
7fa0474f5000-7fa0475b6000 rw-p 00000000 00:00 0 
7fa0475b6000-7fa0476f5000 ---p 00000000 00:00 0 
7fa0476f5000-7fa0477b6000 rw-p 00000000 00:00 0 
7fa0477b6000-7fa0478f5000 ---p 00000000 00:00 0 
7fa0478f5000-7fa047b0b000 rw-p 00000000 00:00 0 
7fa047b0b000-7fa047be3000 ---p 00000000 00:00 0 
7fa047be3000-7fa047c1f000 rw-p 00000000 00:00 0 
7fa047c1f000-7fa047cce000 ---p 00000000 00:00 0 
7fa047cce000-7fa047cd3000 rw-p 00000000 00:00 0 
7fa047cd3000-7fa047cda000 ---p 00000000 00:00 0 
7fa047cda000-7fa047ce2000 rw-s 00000000 fe:00 137446                     /tmp/hsperfdata_root/7648
7fa047ce2000-7fa047cee000 r--p 00000000 00:25 13820                      /usr/lib/jvm/java-17-openjdk-amd64/lib/libjava.so
7fa047cee000-7fa047cff000 r-xp 0000c000 00:25 13820                      /usr/lib/jvm/java-17-openjdk-amd64/lib/libjava.so
7fa047cff000-7fa047d05000 r--p 0001d000 00:25 13820                      /usr/lib/jvm/java-17-openjdk-amd64/lib/libjava.so
7fa047d05000-7fa047d06000 r--p 00022000 00:25 13820                      /usr/lib/jvm/java-17-openjdk-amd64/lib/libjava.so
7fa047d06000-7fa047d07000 rw-p 00023000 00:25 13820                      /usr/lib/jvm/java-17-openjdk-amd64/lib/libjava.so
7fa047d07000-7fa047d08000 rw-p 00000000 00:00 0 
7fa047d08000-7fa047d09000 r--p 00000000 00:25 13815                      /usr/lib/jvm/java-17-openjdk-amd64/lib/libinstrument.so
7fa047d09000-7fa047d0f000 r-xp 00001000 00:25 13815                      /usr/lib/jvm/java-17-openjdk-amd64/lib/libinstrument.so
7fa047d0f000-7fa047d12000 r--p 00007000 00:25 13815                      /usr/lib/jvm/java-17-openjdk-amd64/lib/libinstrument.so
7fa047d12000-7fa047d13000 r--p 00009000 00:25 13815                      /usr/lib/jvm/java-17-openjdk-amd64/lib/libinstrument.so
7fa047d13000-7fa047d14000 rw-p 0000a000 00:25 13815                      /usr/lib/jvm/java-17-openjdk-amd64/lib/libinstrument.so
7fa047d14000-7fa047d16000 r--p 00000000 00:25 13824                      /usr/lib/jvm/java-17-openjdk-amd64/lib/libjimage.so
7fa047d16000-7fa047d19000 r-xp 00002000 00:25 13824                      /usr/lib/jvm/java-17-openjdk-amd64/lib/libjimage.so
7fa047d19000-7fa047d1a000 r--p 00005000 00:25 13824                      /usr/lib/jvm/java-17-openjdk-amd64/lib/libjimage.so
7fa047d1a000-7fa047d1b000 r--p 00006000 00:25 13824                      /usr/lib/jvm/java-17-openjdk-amd64/lib/libjimage.so
7fa047d1b000-7fa047d1c000 rw-p 00007000 00:25 13824                      /usr/lib/jvm/java-17-openjdk-amd64/lib/libjimage.so
7fa047d1c000-7fa047d20000 ---p 00000000 00:00 0 
7fa047d20000-7fa047e1c000 rw-p 00000000 00:00 0 
7fa047e1c000-7fa047e1f000 r--p 00000000 00:25 17971                      /usr/lib/x86_64-linux-gnu/libgcc_s.so.1
7fa047e1f000-7fa047e36000 r-xp 00003000 00:25 17971                      /usr/lib/x86_64-linux-gnu/libgcc_s.so.1
7fa047e36000-7fa047e3a000 r--p 0001a000 00:25 17971                      /usr/lib/x86_64-linux-gnu/libgcc_s.so.1
7fa047e3a000-7fa047e3b000 r--p 0001d000 00:25 17971                      /usr/lib/x86_64-linux-gnu/libgcc_s.so.1
7fa047e3b000-7fa047e3c000 rw-p 0001e000 00:25 17971                      /usr/lib/x86_64-linux-gnu/libgcc_s.so.1
7fa047e3c000-7fa047e4c000 r--p 00000000 00:25 18072                      /usr/lib/x86_64-linux-gnu/libm.so.6
7fa047e4c000-7fa047ec0000 r-xp 00010000 00:25 18072                      /usr/lib/x86_64-linux-gnu/libm.so.6
7fa047ec0000-7fa047f1a000 r--p 00084000 00:25 18072                      /usr/lib/x86_64-linux-gnu/libm.so.6
7fa047f1a000-7fa047f1b000 r--p 000dd000 00:25 18072                      /usr/lib/x86_64-linux-gnu/libm.so.6
7fa047f1b000-7fa047f1c000 rw-p 000de000 00:25 18072                      /usr/lib/x86_64-linux-gnu/libm.so.6
7fa047f1c000-7fa047fb5000 r--p 00000000 00:25 18239                      /usr/lib/x86_64-linux-gnu/libstdc++.so.6.0.30
7fa047fb5000-7fa0480b6000 r-xp 00099000 00:25 18239                      /usr/lib/x86_64-linux-gnu/libstdc++.so.6.0.30
7fa0480b6000-7fa048125000 r--p 0019a000 00:25 18239                      /usr/lib/x86_64-linux-gnu/libstdc++.so.6.0.30
7fa048125000-7fa048130000 r--p 00209000 00:25 18239                      /usr/lib/x86_64-linux-gnu/libstdc++.so.6.0.30
7fa048130000-7fa048133000 rw-p 00214000 00:25 18239                      /usr/lib/x86_64-linux-gnu/libstdc++.so.6.0.30
7fa048133000-7fa048136000 rw-p 00000000 00:00 0 
7fa048136000-7fa048387000 r--p 00000000 00:25 13856                      /usr/lib/jvm/java-17-openjdk-amd64/lib/server/libjvm.so
7fa048387000-7fa0490d9000 r-xp 00251000 00:25 13856                      /usr/lib/jvm/java-17-openjdk-amd64/lib/server/libjvm.so
7fa0490d9000-7fa04935b000 r--p 00fa3000 00:25 13856                      /usr/lib/jvm/java-17-openjdk-amd64/lib/server/libjvm.so
7fa04935b000-7fa049413000 r--p 01225000 00:25 13856                      /usr/lib/jvm/java-17-openjdk-amd64/lib/server/libjvm.so
7fa049413000-7fa049448000 rw-p 012dd000 00:25 13856                      /usr/lib/jvm/java-17-openjdk-amd64/lib/server/libjvm.so
7fa049448000-7fa0494a4000 rw-p 00000000 00:00 0 
7fa0494a4000-7fa0494ca000 r--p 00000000 00:25 17860                      /usr/lib/x86_64-linux-gnu/libc.so.6
7fa0494ca000-7fa049620000 r-xp 00026000 00:25 17860                      /usr/lib/x86_64-linux-gnu/libc.so.6
7fa049620000-7fa049673000 r--p 0017c000 00:25 17860                      /usr/lib/x86_64-linux-gnu/libc.so.6
7fa049673000-7fa049677000 r--p 001cf000 00:25 17860                      /usr/lib/x86_64-linux-gnu/libc.so.6
7fa049677000-7fa049679000 rw-p 001d3000 00:25 17860                      /usr/lib/x86_64-linux-gnu/libc.so.6
7fa049679000-7fa049686000 rw-p 00000000 00:00 0 
7fa049686000-7fa049688000 r--p 00000000 00:25 13825                      /usr/lib/jvm/java-17-openjdk-amd64/lib/libjli.so
7fa049688000-7fa049691000 r-xp 00002000 00:25 13825                      /usr/lib/jvm/java-17-openjdk-amd64/lib/libjli.so
7fa049691000-7fa049694000 r--p 0000b000 00:25 13825                      /usr/lib/jvm/java-17-openjdk-amd64/lib/libjli.so
7fa049694000-7fa049695000 r--p 0000d000 00:25 13825                      /usr/lib/jvm/java-17-openjdk-amd64/lib/libjli.so
7fa049695000-7fa049696000 rw-p 0000e000 00:25 13825                      /usr/lib/jvm/java-17-openjdk-amd64/lib/libjli.so
7fa049696000-7fa049699000 r--p 00000000 00:25 1006                       /usr/lib/x86_64-linux-gnu/libz.so.1.2.13
7fa049699000-7fa0496ac000 r-xp 00003000 00:25 1006                       /usr/lib/x86_64-linux-gnu/libz.so.1.2.13
7fa0496ac000-7fa0496b3000 r--p 00016000 00:25 1006                       /usr/lib/x86_64-linux-gnu/libz.so.1.2.13
7fa0496b3000-7fa0496b4000 r--p 0001c000 00:25 1006                       /usr/lib/x86_64-linux-gnu/libz.so.1.2.13
7fa0496b4000-7fa0496b5000 rw-p 0001d000 00:25 1006                       /usr/lib/x86_64-linux-gnu/libz.so.1.2.13
7fa0496b5000-7fa0496b6000 r--p 00000000 00:25 13891                      /usr/lib/locale/C.utf8/LC_ADDRESS
7fa0496b6000-7fa0496b7000 r--p 00000000 00:25 13901                      /usr/lib/locale/C.utf8/LC_TELEPHONE
7fa0496b7000-7fa0496b8000 r--p 00000000 00:25 13895                      /usr/lib/locale/C.utf8/LC_MEASUREMENT
7fa0496b8000-7fa0496b9000 r--p 00000000 00:25 13894                      /usr/lib/locale/C.utf8/LC_IDENTIFICATION
7fa0496b9000-7fa0496ba000 ---p 00000000 00:00 0 
7fa0496ba000-7fa0496bb000 r--p 00000000 00:00 0 
7fa0496bb000-7fa0496bc000 ---p 00000000 00:00 0 
7fa0496bc000-7fa0496be000 rw-p 00000000 00:00 0 
7fa0496be000-7fa0496bf000 r--p 00000000 00:25 17646                      /usr/lib/x86_64-linux-gnu/ld-linux-x86-64.so.2
7fa0496bf000-7fa0496e5000 r-xp 00001000 00:25 17646                      /usr/lib/x86_64-linux-gnu/ld-linux-x86-64.so.2
7fa0496e5000-7fa0496ef000 r--p 00027000 00:25 17646                      /usr/lib/x86_64-linux-gnu/ld-linux-x86-64.so.2
7fa0496ef000-7fa0496f1000 r--p 00031000 00:25 17646                      /usr/lib/x86_64-linux-gnu/ld-linux-x86-64.so.2
7fa0496f1000-7fa0496f3000 rw-p 00033000 00:25 17646                      /usr/lib/x86_64-linux-gnu/ld-linux-x86-64.so.2
7fff0f118000-7fff0f139000 rw-p 00000000 00:00 0                          [stack]
7fff0f1a0000-7fff0f1a3000 r--p 00000000 00:00 0                          [vvar]
7fff0f1a3000-7fff0f1a5000 r-xp 00000000 00:00 0                          [vdso]
ffffffffff600000-ffffffffff601000 r-xp 00000000 00:00 0                  [vsyscall]


VM Arguments:
jvm_args: -XX:MaxMetaspaceSize=384m --add-opens=java.base/java.util=ALL-UNNAMED --add-opens=java.base/java.lang=ALL-UNNAMED --add-opens=java.base/java.lang.invoke=ALL-UNNAMED --add-opens=java.prefs/java.util.prefs=ALL-UNNAMED --add-opens=java.base/java.nio.charset=ALL-UNNAMED --add-opens=java.base/java.net=ALL-UNNAMED --add-opens=java.base/java.util.concurrent.atomic=ALL-UNNAMED -Xmx1024m -Dfile.encoding=UTF-8 -Duser.country -Duser.language=en -Duser.variant -javaagent:/root/.gradle/wrapper/dists/gradle-8.5-bin/5t9huq95ubn472n8rpzujfbqh/gradle-8.5/lib/agents/gradle-instrumentation-agent-8.5.jar 
java_command: org.gradle.launcher.daemon.bootstrap.GradleDaemon 8.5
java_class_path (initial): /root/.gradle/wrapper/dists/gradle-8.5-bin/5t9huq95ubn472n8rpzujfbqh/gradle-8.5/lib/gradle-launcher-8.5.jar
Launcher Type: SUN_STANDARD

[Global flags]
     intx CICompilerCount                          = 2                                         {product} {ergonomic}
   size_t CompressedClassSpaceSize                 = 335544320                                 {product} {ergonomic}
     uint ConcGCThreads                            = 1                                         {product} {ergonomic}
     uint G1ConcRefinementThreads                  = 2                                         {product} {ergonomic}
   size_t G1HeapRegionSize                         = 1048576                                   {product} {ergonomic}
    uintx GCDrainStackTargetSize                   = 64                                        {product} {ergonomic}
   size_t InitialHeapSize                          = 33554432                                  {product} {ergonomic}
   size_t MarkStackSize                            = 4194304                                   {product} {ergonomic}
   size_t MaxHeapSize                              = 1073741824                                {product} {command line}
   size_t MaxMetaspaceSize                         = 402653184                                 {product} {command line}
   size_t MaxNewSize                               = 643825664                                 {product} {ergonomic}
   size_t MinHeapDeltaBytes                        = 1048576                                   {product} {ergonomic}
   size_t MinHeapSize                              = 8388608                                   {product} {ergonomic}
    uintx NonNMethodCodeHeapSize                   = 5826188                                {pd product} {ergonomic}
    uintx NonProfiledCodeHeapSize                  = 122916026                              {pd product} {ergonomic}
    uintx ProfiledCodeHeapSize                     = 122916026                              {pd product} {ergonomic}
    uintx ReservedCodeCacheSize                    = 251658240                              {pd product} {ergonomic}
     bool SegmentedCodeCache                       = true                                      {product} {ergonomic}
   size_t SoftMaxHeapSize                          = 1073741824                             {manageable} {ergonomic}
     bool UseCompressedClassPointers               = true                           {product lp64_product} {ergonomic}
     bool UseCompressedOops                        = true                           {product lp64_product} {ergonomic}
     bool UseG1GC                                  = true                                      {product} {ergonomic}

Logging:
Log output configuration:
 #0: stdout all=warning uptime,level,tags
 #1: stderr all=off uptime,level,tags

Environment Variables:
JAVA_HOME=/usr/lib/jvm/java-17-openjdk-amd64
PATH=/usr/local/sbin:/usr/local/bin:/usr/sbin:/usr/bin:/sbin:/bin
SHELL=/bin/bash
LANG=C.UTF-8
LC_ALL=C.UTF-8
TERM=tmux-256color

Active Locale:
LC_ALL=C.UTF-8
LC_COLLATE=C.UTF-8
LC_CTYPE=C.UTF-8
LC_MESSAGES=C.UTF-8
LC_MONETARY=C.UTF-8
LC_NUMERIC=C.UTF-8
LC_TIME=C.UTF-8

Signal Handlers:
   SIGSEGV: crash_handler in libjvm.so, mask=11100100010111111101111111111110, flags=SA_RESTART|SA_SIGINFO, unblocked
    SIGBUS: crash_handler in libjvm.so, mask=11100100010111111101111111111110, flags=SA_RESTART|SA_SIGINFO, unblocked
    SIGFPE: crash_handler in libjvm.so, mask=11100100010111111101111111111110, flags=SA_RESTART|SA_SIGINFO, unblocked
   SIGPIPE: javaSignalHandler in libjvm.so, mask=11100100010111111101111111111110, flags=SA_RESTART|SA_SIGINFO, unblocked
   SIGXFSZ: javaSignalHandler in libjvm.so, mask=11100100010111111101111111111110, flags=SA_RESTART|SA_SIGINFO, unblocked
    SIGILL: crash_handler in libjvm.so, mask=11100100010111111101111111111110, flags=SA_RESTART|SA_SIGINFO, unblocked
   SIGUSR2: SR_handler in libjvm.so, mask=00100000000000000000000000000000, flags=SA_RESTART|SA_SIGINFO, unblocked
    SIGHUP: UserHandler in libjvm.so, mask=11100100010111111101111111111110, flags=SA_RESTART|SA_SIGINFO, unblocked
    SIGINT: UserHandler in libjvm.so, mask=11100100010111111101111111111110, flags=SA_RESTART|SA_SIGINFO, unblocked
   SIGTERM: UserHandler in libjvm.so, mask=11100100010111111101111111111110, flags=SA_RESTART|SA_SIGINFO, unblocked
   SIGQUIT: UserHandler in libjvm.so, mask=11100100010111111101111111111110, flags=SA_RESTART|SA_SIGINFO, blocked
   SIGTRAP: crash_handler in libjvm.so, mask=11100100010111111101111111111110, flags=SA_RESTART|SA_SIGINFO, unblocked


Periodic native trim disabled


---------------  S Y S T E M  ---------------

OS:
PRETTY_NAME="Debian GNU/Linux 12 (bookworm)"
NAME="Debian GNU/Linux"
VERSION_ID="12"
VERSION="12 (bookworm)"
VERSION_CODENAME=bookworm
ID=debian
HOME_URL="https://www.debian.org/"
SUPPORT_URL="https://www.debian.org/support"
BUG_REPORT_URL="https://bugs.debian.org/"
uname: Linux 4.19.91-c8dfc93.al7.x86_64 #1 SMP Tue Sep 26 10:25:51 UTC 2023 x86_64
OS uptime: 0 days 2:07 hours
libc: glibc 2.36 NPTL 2.36 
rlimit (soft/hard): STACK 8192k/infinity , CORE 0k/0k , NPROC 100000/100000 , NOFILE 100000/100000 , AS infinity/infinity , CPU infinity/infinity , DATA infinity/infinity , FSIZE infinity/infinity , MEMLOCK 64k/64k
load average: 3.02 0.87 0.32

/proc/meminfo:
MemTotal:        2152516 kB
MemFree:         1049516 kB
MemAvailable:    1036276 kB
Buffers:             148 kB
Cached:            25628 kB
SwapCached:            0 kB
Active:          1002760 kB
Inactive:          24484 kB
Active(anon):    1001512 kB
Inactive(anon):       16 kB
Active(file):       1248 kB
Inactive(file):    24468 kB
Unevictable:           0 kB
Mlocked:               0 kB
SwapTotal:             0 kB
SwapFree:              0 kB
Dirty:               484 kB
Writeback:             0 kB
AnonPages:       1001492 kB
Mapped:            18300 kB
Shmem:                36 kB
Slab:              27788 kB
SReclaimable:      15260 kB
SUnreclaim:        12528 kB
KernelStack:        2720 kB
PageTables:         3440 kB
NFS_Unstable:          0 kB
Bounce:                0 kB
WritebackTmp:          0 kB
CommitLimit:     1076256 kB
Committed_AS:    1283564 kB
VmallocTotal:   34359738367 kB
VmallocUsed:           0 kB
VmallocChunk:          0 kB
Percpu:              384 kB
AnonHugePages:    299008 kB
ShmemHugePages:        0 kB
ShmemPmdMapped:        0 kB
HugePages_Total:       0
HugePages_Free:        0
HugePages_Rsvd:        0
HugePages_Surp:        0
Hugepagesize:       2048 kB
Hugetlb:               0 kB
DirectMap4k:        8192 kB
DirectMap2M:     2523136 kB
DirectMap1G:           0 kB

/sys/kernel/mm/transparent_hugepage/enabled: [always] madvise never
/sys/kernel/mm/transparent_hugepage/hpage_pmd_size: 2097152
/sys/kernel/mm/transparent_hugepage/defrag (defrag/compaction efforts parameter): always defer defer+madvise madvise [never]

Process Memory:
Virtual Size: 3062252K (peak: 3067392K)
Resident Set Size: 662276K (peak: 678036K) (anon: 662276K, file: 0K, shmem: 0K)
Swapped out: 0K
C-Heap outstanding allocations: 87955K, retained: 29796K
glibc malloc tunables: (default)

/proc/sys/kernel/threads-max (system-wide limit on the number of threads): 1129
/proc/sys/vm/max_map_count (maximum number of memory map areas a process may have): 65530
/proc/sys/vm/swappiness (control to define how aggressively the kernel swaps out anonymous memory): 60
/proc/sys/kernel/pid_max (system-wide limit on number of process identifiers): 32768

container (cgroup) information:
container_type: cgroupv1
cpu_cpuset_cpus: 0-1
cpu_memory_nodes: 0
active_processor_count: 2
cpu_quota: no quota
cpu_period: 100000
cpu_shares: 12288
memory_limit_in_bytes: 2097152 k
memory_and_swap_limit_in_bytes: unlimited
memory_soft_limit_in_bytes: unlimited
memory_usage_in_bytes: 1041532 k
memory_max_usage_in_bytes: 2070528 k
rss_usage_in_bytes: 994304 k
cache_usage_in_bytes: 25608 k
kernel_memory_limit_in_bytes: unlimited
kernel_memory_usage_in_bytes: 21256 k
kernel_memory_max_usage_in_bytes: 90324 k
maximum number of tasks: unlimited
current number of tasks: 96

KVM virtualization detected
Steal ticks since vm start: 32774
Steal ticks percentage since vm start:  0.050

CPU: total 2 (initial active 2) (2 cores per cpu, 1 threads per core) family 6 model 85 stepping 7 microcode 0x1, cx8, cmov, fxsr, mmx, 3dnowpref, sse, sse2, sse3, ssse3, sse4.1, sse4.2, popcnt, lzcnt, tsc, tscinvbit, avx, avx2, aes, erms, clmul, bmi1, bmi2, adx, avx512f, avx512dq, avx512cd, avx512bw, avx512vl, fma, vzeroupper, avx512_vnni, clflush, clflushopt, clwb, hv
CPU Model and flags from /proc/cpuinfo:
model name	: Intel(R) Xeon(R) Processor @ 2.50GHz
flags		: fpu vme de pse tsc msr pae mce cx8 apic sep mtrr pge mca cmov pat pse36 clflush mmx fxsr sse sse2 ss ht syscall nx pdpe1gb rdtscp lm constant_tsc rep_good nopl xtopology nonstop_tsc cpuid tsc_known_freq pni pclmulqdq ssse3 fma cx16 pcid sse4_1 sse4_2 x2apic movbe popcnt tsc_deadline_timer aes xsave avx f16c rdrand hypervisor lahf_lm abm 3dnowprefetch cpuid_fault invpcid_single ssbd ibrs ibpb stibp ibrs_enhanced fsgsbase tsc_adjust bmi1 avx2 smep bmi2 erms invpcid mpx avx512f avx512dq rdseed adx smap clflushopt clwb avx512cd avx512bw avx512vl xsaveopt xsavec xgetbv1 xsaves umip avx512_vnni md_clear arch_capabilities

Online cpus: 0-1
Offline cpus: 
BIOS frequency limitation: <Not Available>
Frequency switch latency (ns): <Not Available>
Available cpu frequencies: <Not Available>
Current governor: <Not Available>
Core performance/turbo boost: <Not Available>

Memory: 4k page, physical 2097152k(1055620k free), swap 0k(0k free)
Page Sizes: 4k

vm_info: OpenJDK 64-Bit Server VM (17.0.20+8-1-deb12u1-Debian) for linux-amd64 JRE (17.0.20+8-1-deb12u1-Debian), built on Jul 28 2026 07:08:51 by "buildd" with gcc 12.2.0

END.
