#
# There is insufficient memory for the Java Runtime Environment to continue.
# Native memory allocation (mmap) failed to map 81788928 bytes. Error detail: committing reserved memory.
# Possible reasons:
#   The system is out of physical RAM or swap space
#   This process is running with CompressedOops enabled, and the Java Heap may be blocking the growth of the native heap
# Possible solutions:
#   Reduce memory load on the system
#   Increase physical memory or swap space
#   Check if swap backing store is full
#   Decrease Java heap size (-Xmx/-Xms)
#   Decrease number of Java threads
#   Decrease Java thread stack sizes (-Xss)
#   Set larger code cache with -XX:ReservedCodeCacheSize=
#   JVM is running with Unscaled Compressed Oops mode in which the Java heap is
#     placed in the first 4GB address space. The Java Heap base address is the
#     maximum limit for the native heap growth. Please use -XX:HeapBaseMinAddress
#     to set the Java Heap base and to place the Java Heap above 4GB virtual address.
# This output file may be truncated or incomplete.
#
#  Out of Memory Error (os_linux.cpp:2834), pid=843, tid=853
#
# JRE version: OpenJDK Runtime Environment (17.0.20+8) (build 17.0.20+8-1-deb12u1-Debian)
# Java VM: OpenJDK 64-Bit Server VM (17.0.20+8-1-deb12u1-Debian, mixed mode, sharing, tiered, compressed oops, compressed class ptrs, g1 gc, linux-amd64)
# No core dump will be written. Core dumps have been disabled. To enable core dumping, try "ulimit -c unlimited" before starting Java again
#

---------------  S U M M A R Y ------------

Command Line: --add-opens=java.base/java.util=ALL-UNNAMED --add-opens=java.base/java.lang=ALL-UNNAMED --add-opens=java.base/java.lang.invoke=ALL-UNNAMED --add-opens=java.prefs/java.util.prefs=ALL-UNNAMED --add-opens=java.base/java.nio.charset=ALL-UNNAMED --add-opens=java.base/java.net=ALL-UNNAMED --add-opens=java.base/java.util.concurrent.atomic=ALL-UNNAMED -Xmx1200m -Dfile.encoding=UTF-8 -Duser.country -Duser.language=en -Duser.variant -javaagent:/opt/tools/gradle/lib/agents/gradle-instrumentation-agent-8.5.jar org.gradle.launcher.daemon.bootstrap.GradleDaemon 8.5

Host: Intel(R) Xeon(R) Processor @ 2.50GHz, 2 cores, 2G, Debian GNU/Linux 12 (bookworm)
Time: Fri Oct  2 20:30:13 2026 UTC elapsed time: 737.105771 seconds (0d 0h 12m 17s)

---------------  T H R E A D  ---------------

Current thread (0x00007fbfac0aec30):  VMThread "VM Thread" [stack: 0x00007fbf94c5e000,0x00007fbf94d5e000] [id=853]

Stack: [0x00007fbf94c5e000,0x00007fbf94d5e000],  sp=0x00007fbf94d5bd70,  free space=1015k
Native frames: (J=compiled Java code, j=interpreted, Vv=VM code, C=native code)
V  [libjvm.so+0xf21211]  VMError::report_and_die(int, char const*, char const*, __va_list_tag*, Thread*, unsigned char*, void*, void*, char const*, int, unsigned long)+0x171
V  [libjvm.so+0xf21d7d]  VMError::report_and_die(Thread*, char const*, int, unsigned long, VMErrorType, char const*, __va_list_tag*)+0x2d
V  [libjvm.so+0x60378c]  report_vm_out_of_memory(char const*, int, unsigned long, VMErrorType, char const*, ...)+0xdc
V  [libjvm.so+0xc2a14b]  os::pd_commit_memory_or_exit(char*, unsigned long, unsigned long, bool, char const*)+0xeb
V  [libjvm.so+0xc23ffb]  os::commit_memory_or_exit(char*, unsigned long, unsigned long, bool, char const*)+0x1b
V  [libjvm.so+0x733436]  G1PageBasedVirtualSpace::commit(unsigned long, unsigned long)+0x66
V  [libjvm.so+0x7473e0]  G1RegionsLargerThanCommitSizeMapper::commit_regions(unsigned int, unsigned long, WorkGang*)+0x110
V  [libjvm.so+0x7dadc8]  HeapRegionManager::commit_regions(unsigned int, unsigned long, WorkGang*)+0x88
V  [libjvm.so+0x7dcc0b]  HeapRegionManager::expand(unsigned int, unsigned int, WorkGang*)+0x2b
V  [libjvm.so+0x7dce27]  HeapRegionManager::expand_by(unsigned int, WorkGang*)+0x77
V  [libjvm.so+0x6ebed8]  G1CollectedHeap::expand(unsigned long, WorkGang*, double*)+0xe8
V  [libjvm.so+0x6efb29]  G1CollectedHeap::do_collection_pause_at_safepoint_helper(double)+0x8a9
V  [libjvm.so+0x6efb8f]  G1CollectedHeap::do_collection_pause_at_safepoint(double)+0x2f
V  [libjvm.so+0x76b9d7]  VM_G1CollectForAllocation::doit()+0x47
V  [libjvm.so+0xf26715]  VM_Operation::evaluate()+0xe5
V  [libjvm.so+0xf28005]  VMThread::evaluate_operation(VM_Operation*)+0x105
V  [libjvm.so+0xf2857f]  VMThread::inner_execute(VM_Operation*)+0x28f
V  [libjvm.so+0xf2878f]  VMThread::run()+0xbf
V  [libjvm.so+0xea40a5]  Thread::call_run()+0xa5
V  [libjvm.so+0xc2c8f3]  thread_native_entry(Thread*)+0xe3

VM_Operation (0x00007fbf361e6a40): G1CollectForAllocation, mode: safepoint, requested by thread 0x00007fbf839b5280


---------------  P R O C E S S  ---------------

Threads class SMR info:
_java_thread_list=0x00007fbf1400f390, length=57, elements={
0x00007fbfac01a570, 0x00007fbfac0b2d30, 0x00007fbfac0b4110, 0x00007fbfac0bb150,
0x00007fbfac0bc500, 0x00007fbfac0bd910, 0x00007fbfac0bf2c0, 0x00007fbfac0c07f0,
0x00007fbfac0c1c60, 0x00007fbfac115c60, 0x00007fbfac2166f0, 0x00007fbfad263550,
0x00007fbfad2de820, 0x00007fbfad3083e0, 0x00007fbf20017740, 0x00007fbf28004aa0,
0x00007fbf28007ae0, 0x00007fbf28009100, 0x00007fbf80007550, 0x00007fbf80008e80,
0x00007fbf8000c090, 0x00007fbf8018fe30, 0x00007fbf8019a1f0, 0x00007fbf80258930,
0x00007fbf8074adb0, 0x00007fbf8075b040, 0x00007fbf80767860, 0x00007fbf8076a960,
0x00007fbf807c4cc0, 0x00007fbf80821ed0, 0x00007fbf807221b0, 0x00007fbf822c65b0,
0x00007fbf822d6810, 0x00007fbf823a2620, 0x00007fbf824a9790, 0x00007fbf824ca730,
0x00007fbf82788880, 0x00007fbf80da9d40, 0x00007fbf81f34af0, 0x00007fbf81f35ca0,
0x00007fbf81f37620, 0x00007fbf81f38290, 0x00007fbf81f38b80, 0x00007fbf81f3a0a0,
0x00007fbf80e0b310, 0x00007fbf80e076a0, 0x00007fbf82cfeba0, 0x00007fbf83028bb0,
0x00007fbf839b5280, 0x00007fbf78010960, 0x00007fbf8c1ba320, 0x00007fbf8c1c9ff0,
0x00007fbf8c1db1a0, 0x00007fbf8c1dc380, 0x00007fbf78211660, 0x00007fbf787b74a0,
0x00007fbf787bcdf0
}

Java Threads: ( => current thread )
  0x00007fbfac01a570 JavaThread "main" [_thread_blocked, id=845, stack(0x00007fbfb328d000,0x00007fbfb338d000)]
  0x00007fbfac0b2d30 JavaThread "Reference Handler" daemon [_thread_blocked, id=854, stack(0x00007fbf94b5d000,0x00007fbf94c5d000)]
  0x00007fbfac0b4110 JavaThread "Finalizer" daemon [_thread_blocked, id=855, stack(0x00007fbf94a5c000,0x00007fbf94b5c000)]
  0x00007fbfac0bb150 JavaThread "Signal Dispatcher" daemon [_thread_blocked, id=856, stack(0x00007fbf94904000,0x00007fbf94a04000)]
  0x00007fbfac0bc500 JavaThread "Service Thread" daemon [_thread_blocked, id=857, stack(0x00007fbf94803000,0x00007fbf94903000)]
  0x00007fbfac0bd910 JavaThread "Monitor Deflation Thread" daemon [_thread_blocked, id=858, stack(0x00007fbf94702000,0x00007fbf94802000)]
  0x00007fbfac0bf2c0 JavaThread "C2 CompilerThread0" daemon [_thread_in_native, id=859, stack(0x00007fbf94601000,0x00007fbf94701000)]
  0x00007fbfac0c07f0 JavaThread "C1 CompilerThread0" daemon [_thread_blocked, id=860, stack(0x00007fbf94500000,0x00007fbf94600000)]
  0x00007fbfac0c1c60 JavaThread "Sweeper thread" daemon [_thread_blocked, id=861, stack(0x00007fbf943ff000,0x00007fbf944ff000)]
  0x00007fbfac115c60 JavaThread "Common-Cleaner" daemon [_thread_blocked, id=862, stack(0x00007fbf942fe000,0x00007fbf943fe000)]
  0x00007fbfac2166f0 JavaThread "Notification Thread" daemon [_thread_blocked, id=863, stack(0x00007fbf941fd000,0x00007fbf942fd000)]
  0x00007fbfad263550 JavaThread "Daemon health stats" [_thread_blocked, id=870, stack(0x00007fbf85cfe000,0x00007fbf85dfe000)]
  0x00007fbfad2de820 JavaThread "Incoming local TCP Connector on port 45129" [_thread_in_native, id=872, stack(0x00007fbf85900000,0x00007fbf85a00000)]
  0x00007fbfad3083e0 JavaThread "Daemon periodic checks" [_thread_blocked, id=873, stack(0x00007fbf852a8000,0x00007fbf853a8000)]
  0x00007fbf20017740 JavaThread "Daemon" [_thread_blocked, id=874, stack(0x00007fbf85500000,0x00007fbf85600000)]
  0x00007fbf28004aa0 JavaThread "Handler for socket connection from /127.0.0.1:45129 to /127.0.0.1:39414" [_thread_in_native, id=875, stack(0x00007fbf853ff000,0x00007fbf854ff000)]
  0x00007fbf28007ae0 JavaThread "Cancel handler" [_thread_blocked, id=876, stack(0x00007fbf851a7000,0x00007fbf852a7000)]
  0x00007fbf28009100 JavaThread "Daemon worker" [_thread_blocked, id=877, stack(0x00007fbf850a6000,0x00007fbf851a6000)]
  0x00007fbf80007550 JavaThread "Asynchronous log dispatcher for DefaultDaemonConnection: socket connection from /127.0.0.1:45129 to /127.0.0.1:39414" [_thread_blocked, id=880, stack(0x00007fbf84fa5000,0x00007fbf850a5000)]
  0x00007fbf80008e80 JavaThread "Stdin handler" [_thread_blocked, id=881, stack(0x00007fbf84ea4000,0x00007fbf84fa4000)]
  0x00007fbf8000c090 JavaThread "Daemon client event forwarder" [_thread_blocked, id=882, stack(0x00007fbf84da3000,0x00007fbf84ea3000)]
  0x00007fbf8018fe30 JavaThread "Cache worker for journal cache (/tmp/gradle-home/caches/journal-1)" [_thread_blocked, id=884, stack(0x00007fbf84ca2000,0x00007fbf84da2000)]
  0x00007fbf8019a1f0 JavaThread "File lock request listener" [_thread_in_native, id=885, stack(0x00007fbf84ba1000,0x00007fbf84ca1000)]
  0x00007fbf80258930 JavaThread "Cache worker for file hash cache (/tmp/gradle-home/caches/8.5/fileHashes)" [_thread_blocked, id=887, stack(0x00007fbf84aa0000,0x00007fbf84ba0000)]
  0x00007fbf8074adb0 JavaThread "Cache worker for checksums cache (/workspace/android/.gradle/8.5/checksums)" [_thread_blocked, id=890, stack(0x00007fbf8499f000,0x00007fbf84a9f000)]
  0x00007fbf8075b040 JavaThread "Cache worker for file hash cache (/workspace/android/.gradle/8.5/fileHashes)" [_thread_blocked, id=891, stack(0x00007fbf8489e000,0x00007fbf8499e000)]
  0x00007fbf80767860 JavaThread "Cache worker for cache directory md-supplier (/tmp/gradle-home/caches/8.5/md-supplier)" [_thread_blocked, id=892, stack(0x00007fbf8479d000,0x00007fbf8489d000)]
  0x00007fbf8076a960 JavaThread "Cache worker for cache directory md-rule (/tmp/gradle-home/caches/8.5/md-rule)" [_thread_blocked, id=893, stack(0x00007fbf8469c000,0x00007fbf8479c000)]
  0x00007fbf807c4cc0 JavaThread "Cache worker for file content cache (/tmp/gradle-home/caches/8.5/fileContent)" [_thread_blocked, id=894, stack(0x00007fbf8459b000,0x00007fbf8469b000)]
  0x00007fbf80821ed0 JavaThread "Cache worker for execution history cache (/tmp/gradle-home/caches/8.5/executionHistory)" [_thread_blocked, id=896, stack(0x00007fbf8449a000,0x00007fbf8459a000)]
  0x00007fbf807221b0 JavaThread "Cache worker for kotlin-dsl (/tmp/gradle-home/caches/8.5/kotlin-dsl)" [_thread_blocked, id=899, stack(0x00007fbf84399000,0x00007fbf84499000)]
  0x00007fbf822c65b0 JavaThread "jar transforms" [_thread_blocked, id=974, stack(0x00007fbf84298000,0x00007fbf84398000)]
  0x00007fbf822d6810 JavaThread "jar transforms Thread 2" [_thread_blocked, id=975, stack(0x00007fbf84197000,0x00007fbf84297000)]
  0x00007fbf823a2620 JavaThread "Cache worker for dependencies-accessors (/workspace/android/.gradle/8.5/dependencies-accessors)" [_thread_blocked, id=981, stack(0x00007fbf84096000,0x00007fbf84196000)]
  0x00007fbf824a9790 JavaThread "Cache worker for Build Output Cleanup Cache (/workspace/android/.gradle/buildOutputCleanup)" [_thread_blocked, id=983, stack(0x00007fbf36f00000,0x00007fbf37000000)]
  0x00007fbf824ca730 JavaThread "Kotlin DSL Writer" [_thread_blocked, id=984, stack(0x00007fbf36dff000,0x00007fbf36eff000)]
  0x00007fbf82788880 JavaThread "Unconstrained build operations" [_thread_blocked, id=990, stack(0x00007fbf36cfe000,0x00007fbf36dfe000)]
  0x00007fbf80da9d40 JavaThread "Unconstrained build operations Thread 2" [_thread_blocked, id=998, stack(0x00007fbf36bfd000,0x00007fbf36cfd000)]
  0x00007fbf81f34af0 JavaThread "Unconstrained build operations Thread 3" [_thread_blocked, id=1000, stack(0x00007fbf36afc000,0x00007fbf36bfc000)]
  0x00007fbf81f35ca0 JavaThread "Unconstrained build operations Thread 4" [_thread_blocked, id=1002, stack(0x00007fbf369fb000,0x00007fbf36afb000)]
  0x00007fbf81f37620 JavaThread "Unconstrained build operations Thread 5" [_thread_blocked, id=1003, stack(0x00007fbf368fa000,0x00007fbf369fa000)]
  0x00007fbf81f38290 JavaThread "Unconstrained build operations Thread 6" [_thread_blocked, id=1004, stack(0x00007fbf367f9000,0x00007fbf368f9000)]
  0x00007fbf81f38b80 JavaThread "Unconstrained build operations Thread 7" [_thread_blocked, id=1006, stack(0x00007fbf366f8000,0x00007fbf367f8000)]
  0x00007fbf81f3a0a0 JavaThread "Unconstrained build operations Thread 8" [_thread_blocked, id=1007, stack(0x00007fbf365f7000,0x00007fbf366f7000)]
  0x00007fbf80e0b310 JavaThread "Unconstrained build operations Thread 9" [_thread_blocked, id=1009, stack(0x00007fbf364f6000,0x00007fbf365f6000)]
  0x00007fbf80e076a0 JavaThread "Unconstrained build operations Thread 10" [_thread_blocked, id=1011, stack(0x00007fbf363f5000,0x00007fbf364f5000)]
  0x00007fbf82cfeba0 JavaThread "Memory manager" [_thread_blocked, id=1115, stack(0x00007fbf362f4000,0x00007fbf363f4000)]
  0x00007fbf83028bb0 JavaThread "build event listener" [_thread_blocked, id=1119, stack(0x00007fbf361f3000,0x00007fbf362f3000)]
  0x00007fbf839b5280 JavaThread "included builds" [_thread_blocked, id=1148, stack(0x00007fbf360f2000,0x00007fbf361f2000)]
  0x00007fbf78010960 JavaThread "Cache worker for execution history cache (/workspace/android/.gradle/8.5/executionHistory)" [_thread_blocked, id=1149, stack(0x00007fbf35ff1000,0x00007fbf360f1000)]
  0x00007fbf8c1ba320 JavaThread "RMI Scheduler(0)" daemon [_thread_blocked, id=1269, stack(0x00007fbf35aec000,0x00007fbf35bec000)]
  0x00007fbf8c1c9ff0 JavaThread "RMI GC Daemon" daemon [_thread_blocked, id=1271, stack(0x00007fbf355ff000,0x00007fbf356ff000)]
  0x00007fbf8c1db1a0 JavaThread "RMI TCP Accept-0" daemon [_thread_in_native, id=1274, stack(0x00007fbf354fe000,0x00007fbf355fe000)]
  0x00007fbf8c1dc380 JavaThread "RMI Reaper" [_thread_blocked, id=1275, stack(0x00007fbf353fd000,0x00007fbf354fd000)]
  0x00007fbf78211660 JavaThread "Cache worker for Java compile cache (/tmp/gradle-home/caches/8.5/javaCompile)" [_thread_blocked, id=1547, stack(0x00007fbf34ff9000,0x00007fbf350f9000)]
  0x00007fbf787b74a0 JavaThread "Build operations" [_thread_blocked, id=1551, stack(0x00007fbf34b64000,0x00007fbf34c64000)]
  0x00007fbf787bcdf0 JavaThread "WorkerExecutor Queue Thread 3" [_thread_blocked, id=2059, stack(0x00007fbf35cee000,0x00007fbf35dee000)]

Other Threads:
=>0x00007fbfac0aec30 VMThread "VM Thread" [stack: 0x00007fbf94c5e000,0x00007fbf94d5e000] [id=853]
  0x00007fbfac01c930 WatcherThread [stack: 0x00007fbf940fc000,0x00007fbf941fc000] [id=864]
  0x00007fbfac05c3d0 GCTaskThread "GC Thread#0" [stack: 0x00007fbfb00b7000,0x00007fbfb01b7000] [id=846]
  0x00007fbf300047b0 GCTaskThread "GC Thread#1" [stack: 0x00007fbf85f00000,0x00007fbf86000000] [id=866]
  0x00007fbfac066fb0 ConcurrentGCThread "G1 Main Marker" [stack: 0x00007fbf95411000,0x00007fbf95511000] [id=847]
  0x00007fbfac067f20 ConcurrentGCThread "G1 Conc#0" [stack: 0x00007fbf95310000,0x00007fbf95410000] [id=848]
  0x00007fbfac086b50 ConcurrentGCThread "G1 Refine#0" [stack: 0x00007fbf9500d000,0x00007fbf9510d000] [id=851]
  0x00007fbf80000ea0 ConcurrentGCThread "G1 Refine#1" [stack: 0x00007fbf85dff000,0x00007fbf85eff000] [id=867]
  0x00007fbfac087a50 ConcurrentGCThread "G1 Service" [stack: 0x00007fbf94f0c000,0x00007fbf9500c000] [id=852]

Threads with active compile tasks:
C2 CompilerThread0  737211 60682       4       com.android.tools.r8.graph.j4::a (956 bytes)

VM state: at safepoint (normal execution)

VM Mutex/Monitor currently owned by a thread:  ([mutex/lock_event])
[0x00007fbfac017360] Threads_lock - owner thread: 0x00007fbfac0aec30
[0x00007fbfac017b10] Heap_lock - owner thread: 0x00007fbf839b5280

Heap address: 0x00000000b5000000, size: 1200 MB, Compressed Oops mode: 32-bit

CDS archive(s) mapped at: [0x00007fbf37000000-0x00007fbf37bca000-0x00007fbf37bca000), size 12361728, SharedBaseAddress: 0x00007fbf37000000, ArchiveRelocationMode: 1.
Compressed class space mapped at: 0x00007fbf38000000-0x00007fbf78000000, reserved size: 1073741824
Narrow klass base: 0x00007fbf37000000, Narrow klass shift: 0, Narrow klass range: 0x100000000

GC Precious Log:
 CPUs: 2 total, 2 available
 Memory: 2048M
 Large Page Support: Disabled
 NUMA Support: Disabled
 Compressed Oops: Enabled (32-bit)
 Heap Region Size: 1M
 Heap Min Capacity: 8M
 Heap Initial Capacity: 32M
 Heap Max Capacity: 1200M
 Pre-touch: Disabled
 Parallel Workers: 2
 Concurrent Workers: 1
 Concurrent Refinement Workers: 2
 Periodic GC: Disabled

Heap:
 garbage-first heap   total 1008640K, used 505267K [0x00000000b5000000, 0x0000000100000000)
  region size 1024K, 36 young (36864K), 36 survivors (36864K)
 Metaspace       used 284441K, committed 285696K, reserved 1310720K
  class space    used 34817K, committed 35456K, reserved 1048576K

Heap Regions: E=young(eden), S=young(survivor), O=old, HS=humongous(starts), HC=humongous(continues), CS=collection set, F=free, OA=open archive, CA=closed archive, TAMS=top-at-mark-start (previous, next)
|   0|0x00000000b5000000, 0x00000000b5100000, 0x00000000b5100000|100%| O|  |TAMS 0x00000000b5100000, 0x00000000b5000000| Untracked 
|   1|0x00000000b5100000, 0x00000000b5200000, 0x00000000b5200000|100%|HS|  |TAMS 0x00000000b5200000, 0x00000000b5100000| Complete 
|   2|0x00000000b5200000, 0x00000000b5300000, 0x00000000b5300000|100%|HC|  |TAMS 0x00000000b5300000, 0x00000000b5200000| Complete 
|   3|0x00000000b5300000, 0x00000000b5400000, 0x00000000b5400000|100%|HC|  |TAMS 0x00000000b5400000, 0x00000000b5300000| Complete 
|   4|0x00000000b5400000, 0x00000000b5500000, 0x00000000b5500000|100%|HC|  |TAMS 0x00000000b5500000, 0x00000000b5400000| Complete 
|   5|0x00000000b5500000, 0x00000000b5600000, 0x00000000b5600000|100%| O|  |TAMS 0x00000000b5500000, 0x00000000b5500000| Untracked 
|   6|0x00000000b5600000, 0x00000000b5700000, 0x00000000b5700000|100%| O|  |TAMS 0x00000000b5700000, 0x00000000b5600000| Untracked 
|   7|0x00000000b5700000, 0x00000000b5800000, 0x00000000b5800000|100%| O|  |TAMS 0x00000000b5800000, 0x00000000b5700000| Untracked 
|   8|0x00000000b5800000, 0x00000000b5900000, 0x00000000b5900000|100%| O|  |TAMS 0x00000000b5900000, 0x00000000b5800000| Untracked 
|   9|0x00000000b5900000, 0x00000000b5a00000, 0x00000000b5a00000|100%| O|  |TAMS 0x00000000b5a00000, 0x00000000b5900000| Untracked 
|  10|0x00000000b5a00000, 0x00000000b5b00000, 0x00000000b5b00000|100%| O|  |TAMS 0x00000000b5b00000, 0x00000000b5a00000| Untracked 
|  11|0x00000000b5b00000, 0x00000000b5c00000, 0x00000000b5c00000|100%| O|  |TAMS 0x00000000b5c00000, 0x00000000b5b00000| Untracked 
|  12|0x00000000b5c00000, 0x00000000b5d00000, 0x00000000b5d00000|100%| O|  |TAMS 0x00000000b5d00000, 0x00000000b5c00000| Untracked 
|  13|0x00000000b5d00000, 0x00000000b5e00000, 0x00000000b5e00000|100%| O|  |TAMS 0x00000000b5e00000, 0x00000000b5d00000| Untracked 
|  14|0x00000000b5e00000, 0x00000000b5f00000, 0x00000000b5f00000|100%| O|  |TAMS 0x00000000b5f00000, 0x00000000b5e00000| Untracked 
|  15|0x00000000b5f00000, 0x00000000b6000000, 0x00000000b6000000|100%| O|  |TAMS 0x00000000b6000000, 0x00000000b5f00000| Untracked 
|  16|0x00000000b6000000, 0x00000000b6100000, 0x00000000b6100000|100%| O|  |TAMS 0x00000000b6100000, 0x00000000b6000000| Untracked 
|  17|0x00000000b6100000, 0x00000000b6200000, 0x00000000b6200000|100%| O|  |TAMS 0x00000000b6200000, 0x00000000b6100000| Untracked 
|  18|0x00000000b6200000, 0x00000000b6300000, 0x00000000b6300000|100%| O|  |TAMS 0x00000000b6300000, 0x00000000b6200000| Untracked 
|  19|0x00000000b6300000, 0x00000000b6400000, 0x00000000b6400000|100%| O|  |TAMS 0x00000000b6400000, 0x00000000b6300000| Untracked 
|  20|0x00000000b6400000, 0x00000000b6500000, 0x00000000b6500000|100%| O|  |TAMS 0x00000000b6500000, 0x00000000b6400000| Untracked 
|  21|0x00000000b6500000, 0x00000000b6600000, 0x00000000b6600000|100%| O|  |TAMS 0x00000000b6600000, 0x00000000b6500000| Untracked 
|  22|0x00000000b6600000, 0x00000000b6700000, 0x00000000b6700000|100%| O|  |TAMS 0x00000000b6700000, 0x00000000b6600000| Untracked 
|  23|0x00000000b6700000, 0x00000000b6800000, 0x00000000b6800000|100%| O|  |TAMS 0x00000000b6800000, 0x00000000b6700000| Untracked 
|  24|0x00000000b6800000, 0x00000000b6900000, 0x00000000b6900000|100%| O|  |TAMS 0x00000000b6900000, 0x00000000b6800000| Untracked 
|  25|0x00000000b6900000, 0x00000000b6a00000, 0x00000000b6a00000|100%| O|  |TAMS 0x00000000b6a00000, 0x00000000b6900000| Untracked 
|  26|0x00000000b6a00000, 0x00000000b6b00000, 0x00000000b6b00000|100%| O|  |TAMS 0x00000000b6b00000, 0x00000000b6a00000| Untracked 
|  27|0x00000000b6b00000, 0x00000000b6c00000, 0x00000000b6c00000|100%| O|  |TAMS 0x00000000b6c00000, 0x00000000b6b00000| Untracked 
|  28|0x00000000b6c00000, 0x00000000b6d00000, 0x00000000b6d00000|100%| O|  |TAMS 0x00000000b6d00000, 0x00000000b6c00000| Untracked 
|  29|0x00000000b6d00000, 0x00000000b6e00000, 0x00000000b6e00000|100%| O|  |TAMS 0x00000000b6e00000, 0x00000000b6d00000| Untracked 
|  30|0x00000000b6e00000, 0x00000000b6f00000, 0x00000000b6f00000|100%| O|  |TAMS 0x00000000b6f00000, 0x00000000b6e00000| Untracked 
|  31|0x00000000b6f00000, 0x00000000b7000000, 0x00000000b7000000|100%| O|  |TAMS 0x00000000b7000000, 0x00000000b6f00000| Untracked 
|  32|0x00000000b7000000, 0x00000000b7100000, 0x00000000b7100000|100%| O|  |TAMS 0x00000000b7100000, 0x00000000b7000000| Untracked 
|  33|0x00000000b7100000, 0x00000000b7200000, 0x00000000b7200000|100%| O|  |TAMS 0x00000000b7200000, 0x00000000b7100000| Untracked 
|  34|0x00000000b7200000, 0x00000000b7300000, 0x00000000b7300000|100%| O|  |TAMS 0x00000000b7300000, 0x00000000b7200000| Untracked 
|  35|0x00000000b7300000, 0x00000000b7400000, 0x00000000b7400000|100%| O|  |TAMS 0x00000000b7400000, 0x00000000b7300000| Untracked 
|  36|0x00000000b7400000, 0x00000000b7500000, 0x00000000b7500000|100%| O|  |TAMS 0x00000000b7500000, 0x00000000b7400000| Untracked 
|  37|0x00000000b7500000, 0x00000000b7600000, 0x00000000b7600000|100%| O|  |TAMS 0x00000000b7600000, 0x00000000b7500000| Untracked 
|  38|0x00000000b7600000, 0x00000000b7700000, 0x00000000b7700000|100%| O|  |TAMS 0x00000000b7700000, 0x00000000b7600000| Untracked 
|  39|0x00000000b7700000, 0x00000000b7800000, 0x00000000b7800000|100%| O|  |TAMS 0x00000000b7800000, 0x00000000b7700000| Untracked 
|  40|0x00000000b7800000, 0x00000000b7900000, 0x00000000b7900000|100%| O|  |TAMS 0x00000000b7900000, 0x00000000b7800000| Untracked 
|  41|0x00000000b7900000, 0x00000000b7a00000, 0x00000000b7a00000|100%| O|  |TAMS 0x00000000b7a00000, 0x00000000b7900000| Untracked 
|  42|0x00000000b7a00000, 0x00000000b7b00000, 0x00000000b7b00000|100%| O|  |TAMS 0x00000000b7b00000, 0x00000000b7a00000| Untracked 
|  43|0x00000000b7b00000, 0x00000000b7c00000, 0x00000000b7c00000|100%| O|  |TAMS 0x00000000b7c00000, 0x00000000b7b00000| Untracked 
|  44|0x00000000b7c00000, 0x00000000b7d00000, 0x00000000b7d00000|100%| O|  |TAMS 0x00000000b7d00000, 0x00000000b7c00000| Untracked 
|  45|0x00000000b7d00000, 0x00000000b7e00000, 0x00000000b7e00000|100%| O|  |TAMS 0x00000000b7e00000, 0x00000000b7d00000| Untracked 
|  46|0x00000000b7e00000, 0x00000000b7f00000, 0x00000000b7f00000|100%| O|  |TAMS 0x00000000b7f00000, 0x00000000b7e00000| Untracked 
|  47|0x00000000b7f00000, 0x00000000b8000000, 0x00000000b8000000|100%| O|  |TAMS 0x00000000b8000000, 0x00000000b7f00000| Untracked 
|  48|0x00000000b8000000, 0x00000000b8100000, 0x00000000b8100000|100%| O|  |TAMS 0x00000000b8100000, 0x00000000b8000000| Untracked 
|  49|0x00000000b8100000, 0x00000000b8200000, 0x00000000b8200000|100%| O|  |TAMS 0x00000000b8200000, 0x00000000b8100000| Untracked 
|  50|0x00000000b8200000, 0x00000000b8300000, 0x00000000b8300000|100%| O|  |TAMS 0x00000000b8300000, 0x00000000b8200000| Untracked 
|  51|0x00000000b8300000, 0x00000000b8400000, 0x00000000b8400000|100%| O|  |TAMS 0x00000000b8400000, 0x00000000b8300000| Untracked 
|  52|0x00000000b8400000, 0x00000000b8500000, 0x00000000b8500000|100%| O|  |TAMS 0x00000000b8500000, 0x00000000b8400000| Untracked 
|  53|0x00000000b8500000, 0x00000000b8600000, 0x00000000b8600000|100%| O|  |TAMS 0x00000000b8600000, 0x00000000b8500000| Untracked 
|  54|0x00000000b8600000, 0x00000000b8700000, 0x00000000b8700000|100%| O|  |TAMS 0x00000000b8700000, 0x00000000b8600000| Untracked 
|  55|0x00000000b8700000, 0x00000000b8800000, 0x00000000b8800000|100%| O|  |TAMS 0x00000000b8800000, 0x00000000b8700000| Untracked 
|  56|0x00000000b8800000, 0x00000000b8900000, 0x00000000b8900000|100%| O|  |TAMS 0x00000000b8900000, 0x00000000b8800000| Untracked 
|  57|0x00000000b8900000, 0x00000000b8a00000, 0x00000000b8a00000|100%| O|  |TAMS 0x00000000b8a00000, 0x00000000b8900000| Untracked 
|  58|0x00000000b8a00000, 0x00000000b8b00000, 0x00000000b8b00000|100%| O|  |TAMS 0x00000000b8b00000, 0x00000000b8a00000| Untracked 
|  59|0x00000000b8b00000, 0x00000000b8c00000, 0x00000000b8c00000|100%| O|  |TAMS 0x00000000b8c00000, 0x00000000b8b00000| Untracked 
|  60|0x00000000b8c00000, 0x00000000b8d00000, 0x00000000b8d00000|100%| O|  |TAMS 0x00000000b8d00000, 0x00000000b8c00000| Untracked 
|  61|0x00000000b8d00000, 0x00000000b8e00000, 0x00000000b8e00000|100%| O|  |TAMS 0x00000000b8e00000, 0x00000000b8d00000| Untracked 
|  62|0x00000000b8e00000, 0x00000000b8f00000, 0x00000000b8f00000|100%| O|  |TAMS 0x00000000b8f00000, 0x00000000b8e00000| Untracked 
|  63|0x00000000b8f00000, 0x00000000b9000000, 0x00000000b9000000|100%| O|  |TAMS 0x00000000b9000000, 0x00000000b8f00000| Untracked 
|  64|0x00000000b9000000, 0x00000000b9100000, 0x00000000b9100000|100%| O|  |TAMS 0x00000000b9100000, 0x00000000b9000000| Untracked 
|  65|0x00000000b9100000, 0x00000000b9200000, 0x00000000b9200000|100%| O|  |TAMS 0x00000000b9200000, 0x00000000b9100000| Untracked 
|  66|0x00000000b9200000, 0x00000000b9300000, 0x00000000b9300000|100%| O|  |TAMS 0x00000000b9300000, 0x00000000b9200000| Untracked 
|  67|0x00000000b9300000, 0x00000000b9400000, 0x00000000b9400000|100%| O|  |TAMS 0x00000000b9400000, 0x00000000b9300000| Untracked 
|  68|0x00000000b9400000, 0x00000000b9500000, 0x00000000b9500000|100%| O|  |TAMS 0x00000000b9500000, 0x00000000b9400000| Untracked 
|  69|0x00000000b9500000, 0x00000000b9600000, 0x00000000b9600000|100%| O|  |TAMS 0x00000000b9600000, 0x00000000b9500000| Untracked 
|  70|0x00000000b9600000, 0x00000000b9700000, 0x00000000b9700000|100%| O|  |TAMS 0x00000000b9700000, 0x00000000b9600000| Untracked 
|  71|0x00000000b9700000, 0x00000000b9800000, 0x00000000b9800000|100%| O|  |TAMS 0x00000000b9800000, 0x00000000b9700000| Untracked 
|  72|0x00000000b9800000, 0x00000000b9900000, 0x00000000b9900000|100%| O|  |TAMS 0x00000000b9900000, 0x00000000b9800000| Untracked 
|  73|0x00000000b9900000, 0x00000000b9a00000, 0x00000000b9a00000|100%| O|  |TAMS 0x00000000b9a00000, 0x00000000b9900000| Untracked 
|  74|0x00000000b9a00000, 0x00000000b9b00000, 0x00000000b9b00000|100%| O|  |TAMS 0x00000000b9b00000, 0x00000000b9a00000| Untracked 
|  75|0x00000000b9b00000, 0x00000000b9c00000, 0x00000000b9c00000|100%| O|  |TAMS 0x00000000b9c00000, 0x00000000b9b00000| Untracked 
|  76|0x00000000b9c00000, 0x00000000b9d00000, 0x00000000b9d00000|100%| O|  |TAMS 0x00000000b9d00000, 0x00000000b9c00000| Untracked 
|  77|0x00000000b9d00000, 0x00000000b9e00000, 0x00000000b9e00000|100%|HS|  |TAMS 0x00000000b9d00000, 0x00000000b9d00000| Complete 
|  78|0x00000000b9e00000, 0x00000000b9f00000, 0x00000000b9f00000|100%| O|  |TAMS 0x00000000b9f00000, 0x00000000b9e00000| Untracked 
|  79|0x00000000b9f00000, 0x00000000ba000000, 0x00000000ba000000|100%| O|  |TAMS 0x00000000ba000000, 0x00000000b9f00000| Untracked 
|  80|0x00000000ba000000, 0x00000000ba100000, 0x00000000ba100000|100%| O|  |TAMS 0x00000000ba100000, 0x00000000ba000000| Untracked 
|  81|0x00000000ba100000, 0x00000000ba200000, 0x00000000ba200000|100%|HS|  |TAMS 0x00000000ba200000, 0x00000000ba100000| Complete 
|  82|0x00000000ba200000, 0x00000000ba300000, 0x00000000ba300000|100%|HS|  |TAMS 0x00000000ba300000, 0x00000000ba200000| Complete 
|  83|0x00000000ba300000, 0x00000000ba400000, 0x00000000ba400000|100%| O|  |TAMS 0x00000000ba400000, 0x00000000ba300000| Untracked 
|  84|0x00000000ba400000, 0x00000000ba500000, 0x00000000ba500000|100%| O|  |TAMS 0x00000000ba500000, 0x00000000ba400000| Untracked 
|  85|0x00000000ba500000, 0x00000000ba600000, 0x00000000ba600000|100%| O|  |TAMS 0x00000000ba600000, 0x00000000ba500000| Untracked 
|  86|0x00000000ba600000, 0x00000000ba700000, 0x00000000ba700000|100%| O|  |TAMS 0x00000000ba700000, 0x00000000ba600000| Untracked 
|  87|0x00000000ba700000, 0x00000000ba800000, 0x00000000ba800000|100%| O|  |TAMS 0x00000000ba800000, 0x00000000ba700000| Untracked 
|  88|0x00000000ba800000, 0x00000000ba900000, 0x00000000ba900000|100%| O|  |TAMS 0x00000000ba900000, 0x00000000ba800000| Untracked 
|  89|0x00000000ba900000, 0x00000000baa00000, 0x00000000baa00000|100%| O|  |TAMS 0x00000000baa00000, 0x00000000ba900000| Untracked 
|  90|0x00000000baa00000, 0x00000000bab00000, 0x00000000bab00000|100%| O|  |TAMS 0x00000000baa00000, 0x00000000baa00000| Untracked 
|  91|0x00000000bab00000, 0x00000000bac00000, 0x00000000bac00000|100%| O|  |TAMS 0x00000000bac00000, 0x00000000bab00000| Untracked 
|  92|0x00000000bac00000, 0x00000000bad00000, 0x00000000bad00000|100%| O|  |TAMS 0x00000000bad00000, 0x00000000bac00000| Untracked 
|  93|0x00000000bad00000, 0x00000000bae00000, 0x00000000bae00000|100%| O|  |TAMS 0x00000000bad00000, 0x00000000bad00000| Untracked 
|  94|0x00000000bae00000, 0x00000000baf00000, 0x00000000baf00000|100%| O|  |TAMS 0x00000000baf00000, 0x00000000bae00000| Untracked 
|  95|0x00000000baf00000, 0x00000000bb000000, 0x00000000bb000000|100%| O|  |TAMS 0x00000000bb000000, 0x00000000baf00000| Untracked 
|  96|0x00000000bb000000, 0x00000000bb100000, 0x00000000bb100000|100%| O|  |TAMS 0x00000000bb100000, 0x00000000bb000000| Untracked 
|  97|0x00000000bb100000, 0x00000000bb200000, 0x00000000bb200000|100%| O|  |TAMS 0x00000000bb200000, 0x00000000bb100000| Untracked 
|  98|0x00000000bb200000, 0x00000000bb300000, 0x00000000bb300000|100%|HS|  |TAMS 0x00000000bb300000, 0x00000000bb200000| Complete 
|  99|0x00000000bb300000, 0x00000000bb400000, 0x00000000bb400000|100%|HC|  |TAMS 0x00000000bb400000, 0x00000000bb300000| Complete 
| 100|0x00000000bb400000, 0x00000000bb500000, 0x00000000bb500000|100%|HS|  |TAMS 0x00000000bb500000, 0x00000000bb400000| Complete 
| 101|0x00000000bb500000, 0x00000000bb600000, 0x00000000bb600000|100%|HC|  |TAMS 0x00000000bb600000, 0x00000000bb500000| Complete 
| 102|0x00000000bb600000, 0x00000000bb700000, 0x00000000bb700000|100%|HS|  |TAMS 0x00000000bb700000, 0x00000000bb600000| Complete 
| 103|0x00000000bb700000, 0x00000000bb800000, 0x00000000bb800000|100%|HS|  |TAMS 0x00000000bb800000, 0x00000000bb700000| Complete 
| 104|0x00000000bb800000, 0x00000000bb900000, 0x00000000bb900000|100%|HC|  |TAMS 0x00000000bb900000, 0x00000000bb800000| Complete 
| 105|0x00000000bb900000, 0x00000000bba00000, 0x00000000bba00000|100%|HC|  |TAMS 0x00000000bba00000, 0x00000000bb900000| Complete 
| 106|0x00000000bba00000, 0x00000000bbb00000, 0x00000000bbb00000|100%|HC|  |TAMS 0x00000000bbb00000, 0x00000000bba00000| Complete 
| 107|0x00000000bbb00000, 0x00000000bbc00000, 0x00000000bbc00000|100%| O|  |TAMS 0x00000000bbc00000, 0x00000000bbb00000| Untracked 
| 108|0x00000000bbc00000, 0x00000000bbd00000, 0x00000000bbd00000|100%|HS|  |TAMS 0x00000000bbd00000, 0x00000000bbc00000| Complete 
| 109|0x00000000bbd00000, 0x00000000bbe00000, 0x00000000bbe00000|100%|HS|  |TAMS 0x00000000bbe00000, 0x00000000bbd00000| Complete 
| 110|0x00000000bbe00000, 0x00000000bbf00000, 0x00000000bbf00000|100%|HS|  |TAMS 0x00000000bbf00000, 0x00000000bbe00000| Complete 
| 111|0x00000000bbf00000, 0x00000000bc000000, 0x00000000bc000000|100%|HC|  |TAMS 0x00000000bc000000, 0x00000000bbf00000| Complete 
| 112|0x00000000bc000000, 0x00000000bc100000, 0x00000000bc100000|100%|HC|  |TAMS 0x00000000bc100000, 0x00000000bc000000| Complete 
| 113|0x00000000bc100000, 0x00000000bc200000, 0x00000000bc200000|100%|HC|  |TAMS 0x00000000bc200000, 0x00000000bc100000| Complete 
| 114|0x00000000bc200000, 0x00000000bc300000, 0x00000000bc300000|100%| O|  |TAMS 0x00000000bc300000, 0x00000000bc200000| Untracked 
| 115|0x00000000bc300000, 0x00000000bc400000, 0x00000000bc400000|100%| O|  |TAMS 0x00000000bc400000, 0x00000000bc300000| Untracked 
| 116|0x00000000bc400000, 0x00000000bc500000, 0x00000000bc500000|100%| O|  |TAMS 0x00000000bc500000, 0x00000000bc400000| Untracked 
| 117|0x00000000bc500000, 0x00000000bc600000, 0x00000000bc600000|100%| O|  |TAMS 0x00000000bc600000, 0x00000000bc500000| Untracked 
| 118|0x00000000bc600000, 0x00000000bc700000, 0x00000000bc700000|100%| O|  |TAMS 0x00000000bc700000, 0x00000000bc600000| Untracked 
| 119|0x00000000bc700000, 0x00000000bc800000, 0x00000000bc800000|100%| O|  |TAMS 0x00000000bc800000, 0x00000000bc700000| Untracked 
| 120|0x00000000bc800000, 0x00000000bc900000, 0x00000000bc900000|100%| O|  |TAMS 0x00000000bc900000, 0x00000000bc800000| Untracked 
| 121|0x00000000bc900000, 0x00000000bca00000, 0x00000000bca00000|100%| O|  |TAMS 0x00000000bca00000, 0x00000000bc900000| Untracked 
| 122|0x00000000bca00000, 0x00000000bcb00000, 0x00000000bcb00000|100%| O|  |TAMS 0x00000000bcb00000, 0x00000000bca00000| Untracked 
| 123|0x00000000bcb00000, 0x00000000bcc00000, 0x00000000bcc00000|100%| O|  |TAMS 0x00000000bcc00000, 0x00000000bcb00000| Untracked 
| 124|0x00000000bcc00000, 0x00000000bcd00000, 0x00000000bcd00000|100%| O|  |TAMS 0x00000000bcd00000, 0x00000000bcc00000| Untracked 
| 125|0x00000000bcd00000, 0x00000000bce00000, 0x00000000bce00000|100%| O|  |TAMS 0x00000000bce00000, 0x00000000bcd00000| Untracked 
| 126|0x00000000bce00000, 0x00000000bcf00000, 0x00000000bcf00000|100%| O|  |TAMS 0x00000000bcf00000, 0x00000000bce00000| Untracked 
| 127|0x00000000bcf00000, 0x00000000bd000000, 0x00000000bd000000|100%| O|  |TAMS 0x00000000bd000000, 0x00000000bcf00000| Untracked 
| 128|0x00000000bd000000, 0x00000000bd100000, 0x00000000bd100000|100%| O|  |TAMS 0x00000000bd100000, 0x00000000bd000000| Untracked 
| 129|0x00000000bd100000, 0x00000000bd200000, 0x00000000bd200000|100%| O|  |TAMS 0x00000000bd200000, 0x00000000bd100000| Untracked 
| 130|0x00000000bd200000, 0x00000000bd300000, 0x00000000bd300000|100%| O|  |TAMS 0x00000000bd300000, 0x00000000bd200000| Untracked 
| 131|0x00000000bd300000, 0x00000000bd400000, 0x00000000bd400000|100%| O|  |TAMS 0x00000000bd400000, 0x00000000bd300000| Untracked 
| 132|0x00000000bd400000, 0x00000000bd500000, 0x00000000bd500000|100%| O|  |TAMS 0x00000000bd500000, 0x00000000bd400000| Untracked 
| 133|0x00000000bd500000, 0x00000000bd600000, 0x00000000bd600000|100%| O|  |TAMS 0x00000000bd600000, 0x00000000bd500000| Untracked 
| 134|0x00000000bd600000, 0x00000000bd700000, 0x00000000bd700000|100%| O|  |TAMS 0x00000000bd700000, 0x00000000bd600000| Untracked 
| 135|0x00000000bd700000, 0x00000000bd800000, 0x00000000bd800000|100%| O|  |TAMS 0x00000000bd800000, 0x00000000bd700000| Untracked 
| 136|0x00000000bd800000, 0x00000000bd900000, 0x00000000bd900000|100%| O|  |TAMS 0x00000000bd900000, 0x00000000bd800000| Untracked 
| 137|0x00000000bd900000, 0x00000000bda00000, 0x00000000bda00000|100%| O|  |TAMS 0x00000000bda00000, 0x00000000bd900000| Untracked 
| 138|0x00000000bda00000, 0x00000000bdb00000, 0x00000000bdb00000|100%| O|  |TAMS 0x00000000bdb00000, 0x00000000bda00000| Untracked 
| 139|0x00000000bdb00000, 0x00000000bdc00000, 0x00000000bdc00000|100%| O|  |TAMS 0x00000000bdc00000, 0x00000000bdb00000| Untracked 
| 140|0x00000000bdc00000, 0x00000000bdd00000, 0x00000000bdd00000|100%| O|  |TAMS 0x00000000bdd00000, 0x00000000bdc00000| Untracked 
| 141|0x00000000bdd00000, 0x00000000bde00000, 0x00000000bde00000|100%| O|  |TAMS 0x00000000bde00000, 0x00000000bdd00000| Untracked 
| 142|0x00000000bde00000, 0x00000000bdf00000, 0x00000000bdf00000|100%| O|  |TAMS 0x00000000bdf00000, 0x00000000bde00000| Untracked 
| 143|0x00000000bdf00000, 0x00000000be000000, 0x00000000be000000|100%| O|  |TAMS 0x00000000be000000, 0x00000000bdf00000| Untracked 
| 144|0x00000000be000000, 0x00000000be100000, 0x00000000be100000|100%| O|  |TAMS 0x00000000be100000, 0x00000000be000000| Untracked 
| 145|0x00000000be100000, 0x00000000be200000, 0x00000000be200000|100%| O|  |TAMS 0x00000000be100000, 0x00000000be100000| Untracked 
| 146|0x00000000be200000, 0x00000000be300000, 0x00000000be300000|100%| O|  |TAMS 0x00000000be300000, 0x00000000be200000| Untracked 
| 147|0x00000000be300000, 0x00000000be400000, 0x00000000be400000|100%| O|  |TAMS 0x00000000be300000, 0x00000000be300000| Untracked 
| 148|0x00000000be400000, 0x00000000be500000, 0x00000000be500000|100%| O|  |TAMS 0x00000000be500000, 0x00000000be400000| Untracked 
| 149|0x00000000be500000, 0x00000000be600000, 0x00000000be600000|100%| O|  |TAMS 0x00000000be500000, 0x00000000be500000| Untracked 
| 150|0x00000000be600000, 0x00000000be700000, 0x00000000be700000|100%| O|  |TAMS 0x00000000be700000, 0x00000000be600000| Untracked 
| 151|0x00000000be700000, 0x00000000be800000, 0x00000000be800000|100%| O|  |TAMS 0x00000000be800000, 0x00000000be700000| Untracked 
| 152|0x00000000be800000, 0x00000000be900000, 0x00000000be900000|100%| O|  |TAMS 0x00000000be900000, 0x00000000be800000| Untracked 
| 153|0x00000000be900000, 0x00000000bea00000, 0x00000000bea00000|100%| O|  |TAMS 0x00000000bea00000, 0x00000000be900000| Untracked 
| 154|0x00000000bea00000, 0x00000000beb00000, 0x00000000beb00000|100%| O|  |TAMS 0x00000000beb00000, 0x00000000bea00000| Untracked 
| 155|0x00000000beb00000, 0x00000000bec00000, 0x00000000bec00000|100%| O|  |TAMS 0x00000000bec00000, 0x00000000beb00000| Untracked 
| 156|0x00000000bec00000, 0x00000000bed00000, 0x00000000bed00000|100%| O|  |TAMS 0x00000000bed00000, 0x00000000bec00000| Untracked 
| 157|0x00000000bed00000, 0x00000000bee00000, 0x00000000bee00000|100%| O|  |TAMS 0x00000000bee00000, 0x00000000bed00000| Untracked 
| 158|0x00000000bee00000, 0x00000000bef00000, 0x00000000bef00000|100%| O|  |TAMS 0x00000000bef00000, 0x00000000bee00000| Untracked 
| 159|0x00000000bef00000, 0x00000000bf000000, 0x00000000bf000000|100%| O|  |TAMS 0x00000000bf000000, 0x00000000bef00000| Untracked 
| 160|0x00000000bf000000, 0x00000000bf100000, 0x00000000bf100000|100%| O|  |TAMS 0x00000000bf100000, 0x00000000bf000000| Untracked 
| 161|0x00000000bf100000, 0x00000000bf200000, 0x00000000bf200000|100%| O|  |TAMS 0x00000000bf200000, 0x00000000bf100000| Untracked 
| 162|0x00000000bf200000, 0x00000000bf300000, 0x00000000bf300000|100%| O|  |TAMS 0x00000000bf300000, 0x00000000bf200000| Untracked 
| 163|0x00000000bf300000, 0x00000000bf400000, 0x00000000bf400000|100%| O|  |TAMS 0x00000000bf400000, 0x00000000bf300000| Untracked 
| 164|0x00000000bf400000, 0x00000000bf500000, 0x00000000bf500000|100%| O|  |TAMS 0x00000000bf500000, 0x00000000bf400000| Untracked 
| 165|0x00000000bf500000, 0x00000000bf600000, 0x00000000bf600000|100%| O|  |TAMS 0x00000000bf600000, 0x00000000bf500000| Untracked 
| 166|0x00000000bf600000, 0x00000000bf700000, 0x00000000bf700000|100%| O|  |TAMS 0x00000000bf700000, 0x00000000bf600000| Untracked 
| 167|0x00000000bf700000, 0x00000000bf800000, 0x00000000bf800000|100%| O|  |TAMS 0x00000000bf800000, 0x00000000bf700000| Untracked 
| 168|0x00000000bf800000, 0x00000000bf900000, 0x00000000bf900000|100%| O|  |TAMS 0x00000000bf900000, 0x00000000bf800000| Untracked 
| 169|0x00000000bf900000, 0x00000000bfa00000, 0x00000000bfa00000|100%| O|  |TAMS 0x00000000bfa00000, 0x00000000bf900000| Untracked 
| 170|0x00000000bfa00000, 0x00000000bfb00000, 0x00000000bfb00000|100%| O|  |TAMS 0x00000000bfb00000, 0x00000000bfa00000| Untracked 
| 171|0x00000000bfb00000, 0x00000000bfc00000, 0x00000000bfc00000|100%| O|  |TAMS 0x00000000bfc00000, 0x00000000bfb00000| Untracked 
| 172|0x00000000bfc00000, 0x00000000bfd00000, 0x00000000bfd00000|100%| O|  |TAMS 0x00000000bfd00000, 0x00000000bfc00000| Untracked 
| 173|0x00000000bfd00000, 0x00000000bfe00000, 0x00000000bfe00000|100%| O|  |TAMS 0x00000000bfe00000, 0x00000000bfd00000| Untracked 
| 174|0x00000000bfe00000, 0x00000000bff00000, 0x00000000bff00000|100%| O|  |TAMS 0x00000000bff00000, 0x00000000bfe00000| Untracked 
| 175|0x00000000bff00000, 0x00000000c0000000, 0x00000000c0000000|100%| O|  |TAMS 0x00000000c0000000, 0x00000000bff00000| Untracked 
| 176|0x00000000c0000000, 0x00000000c0100000, 0x00000000c0100000|100%| O|  |TAMS 0x00000000c0100000, 0x00000000c0000000| Untracked 
| 177|0x00000000c0100000, 0x00000000c0200000, 0x00000000c0200000|100%| O|  |TAMS 0x00000000c0200000, 0x00000000c0100000| Untracked 
| 178|0x00000000c0200000, 0x00000000c0300000, 0x00000000c0300000|100%| O|  |TAMS 0x00000000c0300000, 0x00000000c0200000| Untracked 
| 179|0x00000000c0300000, 0x00000000c0400000, 0x00000000c0400000|100%| O|  |TAMS 0x00000000c0400000, 0x00000000c0300000| Untracked 
| 180|0x00000000c0400000, 0x00000000c0500000, 0x00000000c0500000|100%| O|  |TAMS 0x00000000c0500000, 0x00000000c0400000| Untracked 
| 181|0x00000000c0500000, 0x00000000c0600000, 0x00000000c0600000|100%| O|  |TAMS 0x00000000c0600000, 0x00000000c0500000| Untracked 
| 182|0x00000000c0600000, 0x00000000c0700000, 0x00000000c0700000|100%| O|  |TAMS 0x00000000c0600000, 0x00000000c0600000| Untracked 
| 183|0x00000000c0700000, 0x00000000c0800000, 0x00000000c0800000|100%| O|  |TAMS 0x00000000c0800000, 0x00000000c0700000| Untracked 
| 184|0x00000000c0800000, 0x00000000c0900000, 0x00000000c0900000|100%| O|  |TAMS 0x00000000c0800000, 0x00000000c0800000| Untracked 
| 185|0x00000000c0900000, 0x00000000c0a00000, 0x00000000c0a00000|100%| O|  |TAMS 0x00000000c0900000, 0x00000000c0900000| Untracked 
| 186|0x00000000c0a00000, 0x00000000c0b00000, 0x00000000c0b00000|100%| O|  |TAMS 0x00000000c0b00000, 0x00000000c0a00000| Untracked 
| 187|0x00000000c0b00000, 0x00000000c0c00000, 0x00000000c0c00000|100%| O|  |TAMS 0x00000000c0c00000, 0x00000000c0b00000| Untracked 
| 188|0x00000000c0c00000, 0x00000000c0d00000, 0x00000000c0d00000|100%| O|  |TAMS 0x00000000c0d00000, 0x00000000c0c00000| Untracked 
| 189|0x00000000c0d00000, 0x00000000c0e00000, 0x00000000c0e00000|100%| O|  |TAMS 0x00000000c0e00000, 0x00000000c0d00000| Untracked 
| 190|0x00000000c0e00000, 0x00000000c0f00000, 0x00000000c0f00000|100%| O|  |TAMS 0x00000000c0f00000, 0x00000000c0e00000| Untracked 
| 191|0x00000000c0f00000, 0x00000000c1000000, 0x00000000c1000000|100%| O|  |TAMS 0x00000000c1000000, 0x00000000c0f00000| Untracked 
| 192|0x00000000c1000000, 0x00000000c1100000, 0x00000000c1100000|100%| O|  |TAMS 0x00000000c1000000, 0x00000000c1000000| Untracked 
| 193|0x00000000c1100000, 0x00000000c1200000, 0x00000000c1200000|100%| O|  |TAMS 0x00000000c1200000, 0x00000000c1100000| Untracked 
| 194|0x00000000c1200000, 0x00000000c1300000, 0x00000000c1300000|100%| O|  |TAMS 0x00000000c1200000, 0x00000000c1200000| Untracked 
| 195|0x00000000c1300000, 0x00000000c1400000, 0x00000000c1400000|100%|HS|  |TAMS 0x00000000c1400000, 0x00000000c1300000| Complete 
| 196|0x00000000c1400000, 0x00000000c1500000, 0x00000000c1500000|100%|HC|  |TAMS 0x00000000c1500000, 0x00000000c1400000| Complete 
| 197|0x00000000c1500000, 0x00000000c1600000, 0x00000000c1600000|100%| O|  |TAMS 0x00000000c1600000, 0x00000000c1500000| Untracked 
| 198|0x00000000c1600000, 0x00000000c1700000, 0x00000000c1700000|100%| O|  |TAMS 0x00000000c1700000, 0x00000000c1600000| Untracked 
| 199|0x00000000c1700000, 0x00000000c1800000, 0x00000000c1800000|100%| O|  |TAMS 0x00000000c1800000, 0x00000000c1700000| Untracked 
| 200|0x00000000c1800000, 0x00000000c1900000, 0x00000000c1900000|100%| O|  |TAMS 0x00000000c1900000, 0x00000000c1800000| Untracked 
| 201|0x00000000c1900000, 0x00000000c1a00000, 0x00000000c1a00000|100%| O|  |TAMS 0x00000000c1a00000, 0x00000000c1900000| Untracked 
| 202|0x00000000c1a00000, 0x00000000c1b00000, 0x00000000c1b00000|100%| O|  |TAMS 0x00000000c1b00000, 0x00000000c1a00000| Untracked 
| 203|0x00000000c1b00000, 0x00000000c1c00000, 0x00000000c1c00000|100%| O|  |TAMS 0x00000000c1c00000, 0x00000000c1b00000| Untracked 
| 204|0x00000000c1c00000, 0x00000000c1d00000, 0x00000000c1d00000|100%| O|  |TAMS 0x00000000c1d00000, 0x00000000c1c00000| Untracked 
| 205|0x00000000c1d00000, 0x00000000c1e00000, 0x00000000c1e00000|100%| O|  |TAMS 0x00000000c1e00000, 0x00000000c1d00000| Untracked 
| 206|0x00000000c1e00000, 0x00000000c1f00000, 0x00000000c1f00000|100%| O|  |TAMS 0x00000000c1f00000, 0x00000000c1e00000| Untracked 
| 207|0x00000000c1f00000, 0x00000000c2000000, 0x00000000c2000000|100%| O|  |TAMS 0x00000000c2000000, 0x00000000c1f00000| Untracked 
| 208|0x00000000c2000000, 0x00000000c2100000, 0x00000000c2100000|100%| O|  |TAMS 0x00000000c2100000, 0x00000000c2000000| Untracked 
| 209|0x00000000c2100000, 0x00000000c2200000, 0x00000000c2200000|100%|HS|  |TAMS 0x00000000c2200000, 0x00000000c2100000| Complete 
| 210|0x00000000c2200000, 0x00000000c2300000, 0x00000000c2300000|100%|HC|  |TAMS 0x00000000c2300000, 0x00000000c2200000| Complete 
| 211|0x00000000c2300000, 0x00000000c2400000, 0x00000000c2400000|100%|HC|  |TAMS 0x00000000c2400000, 0x00000000c2300000| Complete 
| 212|0x00000000c2400000, 0x00000000c2500000, 0x00000000c2500000|100%| O|  |TAMS 0x00000000c2500000, 0x00000000c2400000| Untracked 
| 213|0x00000000c2500000, 0x00000000c2600000, 0x00000000c2600000|100%| O|  |TAMS 0x00000000c2600000, 0x00000000c2500000| Untracked 
| 214|0x00000000c2600000, 0x00000000c2700000, 0x00000000c2700000|100%| O|  |TAMS 0x00000000c2600000, 0x00000000c2600000| Untracked 
| 215|0x00000000c2700000, 0x00000000c2800000, 0x00000000c2800000|100%| O|  |TAMS 0x00000000c2700000, 0x00000000c2700000| Untracked 
| 216|0x00000000c2800000, 0x00000000c2900000, 0x00000000c2900000|100%|HS|  |TAMS 0x00000000c2900000, 0x00000000c2800000| Complete 
| 217|0x00000000c2900000, 0x00000000c2a00000, 0x00000000c2a00000|100%|HC|  |TAMS 0x00000000c2a00000, 0x00000000c2900000| Complete 
| 218|0x00000000c2a00000, 0x00000000c2b00000, 0x00000000c2b00000|100%| O|  |TAMS 0x00000000c2a00000, 0x00000000c2a00000| Untracked 
| 219|0x00000000c2b00000, 0x00000000c2c00000, 0x00000000c2c00000|100%| O|  |TAMS 0x00000000c2c00000, 0x00000000c2b00000| Untracked 
| 220|0x00000000c2c00000, 0x00000000c2d00000, 0x00000000c2d00000|100%| O|  |TAMS 0x00000000c2d00000, 0x00000000c2c00000| Untracked 
| 221|0x00000000c2d00000, 0x00000000c2e00000, 0x00000000c2e00000|100%| O|  |TAMS 0x00000000c2e00000, 0x00000000c2d00000| Untracked 
| 222|0x00000000c2e00000, 0x00000000c2f00000, 0x00000000c2f00000|100%| O|  |TAMS 0x00000000c2f00000, 0x00000000c2e00000| Untracked 
| 223|0x00000000c2f00000, 0x00000000c3000000, 0x00000000c3000000|100%| O|  |TAMS 0x00000000c3000000, 0x00000000c2f00000| Untracked 
| 224|0x00000000c3000000, 0x00000000c3100000, 0x00000000c3100000|100%| O|  |TAMS 0x00000000c3000000, 0x00000000c3000000| Untracked 
| 225|0x00000000c3100000, 0x00000000c3200000, 0x00000000c3200000|100%| O|  |TAMS 0x00000000c3200000, 0x00000000c3100000| Untracked 
| 226|0x00000000c3200000, 0x00000000c3300000, 0x00000000c3300000|100%| O|  |TAMS 0x00000000c3200000, 0x00000000c3200000| Untracked 
| 227|0x00000000c3300000, 0x00000000c33ffff8, 0x00000000c3400000| 99%| O|  |TAMS 0x00000000c33ffff8, 0x00000000c3300000| Untracked 
| 228|0x00000000c3400000, 0x00000000c3500000, 0x00000000c3500000|100%| O|  |TAMS 0x00000000c3400000, 0x00000000c3400000| Untracked 
| 229|0x00000000c3500000, 0x00000000c3600000, 0x00000000c3600000|100%| O|  |TAMS 0x00000000c3600000, 0x00000000c3500000| Untracked 
| 230|0x00000000c3600000, 0x00000000c3700000, 0x00000000c3700000|100%| O|  |TAMS 0x00000000c3700000, 0x00000000c3600000| Untracked 
| 231|0x00000000c3700000, 0x00000000c3800000, 0x00000000c3800000|100%| O|  |TAMS 0x00000000c3800000, 0x00000000c3700000| Untracked 
| 232|0x00000000c3800000, 0x00000000c3900000, 0x00000000c3900000|100%| O|  |TAMS 0x00000000c3900000, 0x00000000c3800000| Untracked 
| 233|0x00000000c3900000, 0x00000000c3a00000, 0x00000000c3a00000|100%| O|  |TAMS 0x00000000c3a00000, 0x00000000c3900000| Untracked 
| 234|0x00000000c3a00000, 0x00000000c3b00000, 0x00000000c3b00000|100%| O|  |TAMS 0x00000000c3b00000, 0x00000000c3a00000| Untracked 
| 235|0x00000000c3b00000, 0x00000000c3c00000, 0x00000000c3c00000|100%| O|  |TAMS 0x00000000c3b00000, 0x00000000c3b00000| Untracked 
| 236|0x00000000c3c00000, 0x00000000c3d00000, 0x00000000c3d00000|100%| O|  |TAMS 0x00000000c3c00000, 0x00000000c3c00000| Untracked 
| 237|0x00000000c3d00000, 0x00000000c3e00000, 0x00000000c3e00000|100%| O|  |TAMS 0x00000000c3d00000, 0x00000000c3d00000| Untracked 
| 238|0x00000000c3e00000, 0x00000000c3f00000, 0x00000000c3f00000|100%| O|  |TAMS 0x00000000c3f00000, 0x00000000c3e00000| Untracked 
| 239|0x00000000c3f00000, 0x00000000c4000000, 0x00000000c4000000|100%| O|  |TAMS 0x00000000c4000000, 0x00000000c3f00000| Untracked 
| 240|0x00000000c4000000, 0x00000000c4100000, 0x00000000c4100000|100%| O|  |TAMS 0x00000000c4100000, 0x00000000c4000000| Untracked 
| 241|0x00000000c4100000, 0x00000000c4200000, 0x00000000c4200000|100%| O|  |TAMS 0x00000000c4100000, 0x00000000c4100000| Untracked 
| 242|0x00000000c4200000, 0x00000000c4300000, 0x00000000c4300000|100%| O|  |TAMS 0x00000000c4200000, 0x00000000c4200000| Untracked 
| 243|0x00000000c4300000, 0x00000000c4400000, 0x00000000c4400000|100%| O|  |TAMS 0x00000000c4300000, 0x00000000c4300000| Untracked 
| 244|0x00000000c4400000, 0x00000000c4500000, 0x00000000c4500000|100%| O|  |TAMS 0x00000000c4500000, 0x00000000c4400000| Untracked 
| 245|0x00000000c4500000, 0x00000000c4600000, 0x00000000c4600000|100%| O|  |TAMS 0x00000000c4600000, 0x00000000c4500000| Untracked 
| 246|0x00000000c4600000, 0x00000000c4700000, 0x00000000c4700000|100%|HS|  |TAMS 0x00000000c4700000, 0x00000000c4600000| Complete 
| 247|0x00000000c4700000, 0x00000000c4800000, 0x00000000c4800000|100%|HC|  |TAMS 0x00000000c4800000, 0x00000000c4700000| Complete 
| 248|0x00000000c4800000, 0x00000000c4900000, 0x00000000c4900000|100%| O|  |TAMS 0x00000000c4800000, 0x00000000c4800000| Untracked 
| 249|0x00000000c4900000, 0x00000000c4a00000, 0x00000000c4a00000|100%| O|  |TAMS 0x00000000c4900000, 0x00000000c4900000| Untracked 
| 250|0x00000000c4a00000, 0x00000000c4b00000, 0x00000000c4b00000|100%| O|  |TAMS 0x00000000c4a00000, 0x00000000c4a00000| Untracked 
| 251|0x00000000c4b00000, 0x00000000c4c00000, 0x00000000c4c00000|100%| O|  |TAMS 0x00000000c4c00000, 0x00000000c4b00000| Untracked 
| 252|0x00000000c4c00000, 0x00000000c4d00000, 0x00000000c4d00000|100%| O|  |TAMS 0x00000000c4c00000, 0x00000000c4c00000| Untracked 
| 253|0x00000000c4d00000, 0x00000000c4e00000, 0x00000000c4e00000|100%| O|  |TAMS 0x00000000c4e00000, 0x00000000c4d00000| Untracked 
| 254|0x00000000c4e00000, 0x00000000c4f00000, 0x00000000c4f00000|100%| O|  |TAMS 0x00000000c4f00000, 0x00000000c4e00000| Untracked 
| 255|0x00000000c4f00000, 0x00000000c5000000, 0x00000000c5000000|100%| O|  |TAMS 0x00000000c5000000, 0x00000000c4f00000| Untracked 
| 256|0x00000000c5000000, 0x00000000c5100000, 0x00000000c5100000|100%| O|  |TAMS 0x00000000c5100000, 0x00000000c5000000| Untracked 
| 257|0x00000000c5100000, 0x00000000c5200000, 0x00000000c5200000|100%| O|  |TAMS 0x00000000c5200000, 0x00000000c5100000| Untracked 
| 258|0x00000000c5200000, 0x00000000c5300000, 0x00000000c5300000|100%| O|  |TAMS 0x00000000c5300000, 0x00000000c5200000| Untracked 
| 259|0x00000000c5300000, 0x00000000c5400000, 0x00000000c5400000|100%| O|  |TAMS 0x00000000c5400000, 0x00000000c5300000| Untracked 
| 260|0x00000000c5400000, 0x00000000c5500000, 0x00000000c5500000|100%| O|  |TAMS 0x00000000c5500000, 0x00000000c5400000| Untracked 
| 261|0x00000000c5500000, 0x00000000c5600000, 0x00000000c5600000|100%| O|  |TAMS 0x00000000c5600000, 0x00000000c5500000| Untracked 
| 262|0x00000000c5600000, 0x00000000c5700000, 0x00000000c5700000|100%| O|  |TAMS 0x00000000c5700000, 0x00000000c5600000| Untracked 
| 263|0x00000000c5700000, 0x00000000c5800000, 0x00000000c5800000|100%| O|  |TAMS 0x00000000c5800000, 0x00000000c5700000| Untracked 
| 264|0x00000000c5800000, 0x00000000c5900000, 0x00000000c5900000|100%| O|  |TAMS 0x00000000c5900000, 0x00000000c5800000| Untracked 
| 265|0x00000000c5900000, 0x00000000c5a00000, 0x00000000c5a00000|100%| O|  |TAMS 0x00000000c5a00000, 0x00000000c5900000| Untracked 
| 266|0x00000000c5a00000, 0x00000000c5b00000, 0x00000000c5b00000|100%| O|  |TAMS 0x00000000c5b00000, 0x00000000c5a00000| Untracked 
| 267|0x00000000c5b00000, 0x00000000c5c00000, 0x00000000c5c00000|100%| O|  |TAMS 0x00000000c5c00000, 0x00000000c5b00000| Untracked 
| 268|0x00000000c5c00000, 0x00000000c5d00000, 0x00000000c5d00000|100%| O|  |TAMS 0x00000000c5d00000, 0x00000000c5c00000| Untracked 
| 269|0x00000000c5d00000, 0x00000000c5e00000, 0x00000000c5e00000|100%| O|  |TAMS 0x00000000c5e00000, 0x00000000c5d00000| Untracked 
| 270|0x00000000c5e00000, 0x00000000c5f00000, 0x00000000c5f00000|100%| O|  |TAMS 0x00000000c5f00000, 0x00000000c5e00000| Untracked 
| 271|0x00000000c5f00000, 0x00000000c6000000, 0x00000000c6000000|100%| O|  |TAMS 0x00000000c6000000, 0x00000000c5f00000| Untracked 
| 272|0x00000000c6000000, 0x00000000c6100000, 0x00000000c6100000|100%| O|  |TAMS 0x00000000c6100000, 0x00000000c6000000| Untracked 
| 273|0x00000000c6100000, 0x00000000c6200000, 0x00000000c6200000|100%| O|  |TAMS 0x00000000c6200000, 0x00000000c6100000| Untracked 
| 274|0x00000000c6200000, 0x00000000c6300000, 0x00000000c6300000|100%| O|  |TAMS 0x00000000c6300000, 0x00000000c6200000| Untracked 
| 275|0x00000000c6300000, 0x00000000c6400000, 0x00000000c6400000|100%| O|  |TAMS 0x00000000c6400000, 0x00000000c6300000| Untracked 
| 276|0x00000000c6400000, 0x00000000c6500000, 0x00000000c6500000|100%| O|  |TAMS 0x00000000c6500000, 0x00000000c6400000| Untracked 
| 277|0x00000000c6500000, 0x00000000c6600000, 0x00000000c6600000|100%| O|  |TAMS 0x00000000c6600000, 0x00000000c6500000| Untracked 
| 278|0x00000000c6600000, 0x00000000c6700000, 0x00000000c6700000|100%| O|  |TAMS 0x00000000c6700000, 0x00000000c6600000| Untracked 
| 279|0x00000000c6700000, 0x00000000c6800000, 0x00000000c6800000|100%| O|  |TAMS 0x00000000c6800000, 0x00000000c6700000| Untracked 
| 280|0x00000000c6800000, 0x00000000c6900000, 0x00000000c6900000|100%| O|  |TAMS 0x00000000c6900000, 0x00000000c6800000| Untracked 
| 281|0x00000000c6900000, 0x00000000c6a00000, 0x00000000c6a00000|100%| O|  |TAMS 0x00000000c6a00000, 0x00000000c6900000| Untracked 
| 282|0x00000000c6a00000, 0x00000000c6b00000, 0x00000000c6b00000|100%| O|  |TAMS 0x00000000c6b00000, 0x00000000c6a00000| Untracked 
| 283|0x00000000c6b00000, 0x00000000c6c00000, 0x00000000c6c00000|100%| O|  |TAMS 0x00000000c6c00000, 0x00000000c6b00000| Untracked 
| 284|0x00000000c6c00000, 0x00000000c6d00000, 0x00000000c6d00000|100%| O|  |TAMS 0x00000000c6c00000, 0x00000000c6c00000| Untracked 
| 285|0x00000000c6d00000, 0x00000000c6e00000, 0x00000000c6e00000|100%| O|  |TAMS 0x00000000c6d00000, 0x00000000c6d00000| Untracked 
| 286|0x00000000c6e00000, 0x00000000c6f00000, 0x00000000c6f00000|100%| O|  |TAMS 0x00000000c6e00000, 0x00000000c6e00000| Untracked 
| 287|0x00000000c6f00000, 0x00000000c7000000, 0x00000000c7000000|100%| O|  |TAMS 0x00000000c6f00000, 0x00000000c6f00000| Untracked 
| 288|0x00000000c7000000, 0x00000000c7100000, 0x00000000c7100000|100%| O|  |TAMS 0x00000000c7000000, 0x00000000c7000000| Untracked 
| 289|0x00000000c7100000, 0x00000000c7200000, 0x00000000c7200000|100%| O|  |TAMS 0x00000000c7100000, 0x00000000c7100000| Untracked 
| 290|0x00000000c7200000, 0x00000000c7300000, 0x00000000c7300000|100%| O|  |TAMS 0x00000000c7200000, 0x00000000c7200000| Untracked 
| 291|0x00000000c7300000, 0x00000000c7400000, 0x00000000c7400000|100%| O|  |TAMS 0x00000000c7400000, 0x00000000c7300000| Untracked 
| 292|0x00000000c7400000, 0x00000000c7500000, 0x00000000c7500000|100%| O|  |TAMS 0x00000000c7500000, 0x00000000c7400000| Untracked 
| 293|0x00000000c7500000, 0x00000000c7600000, 0x00000000c7600000|100%| O|  |TAMS 0x00000000c7600000, 0x00000000c7500000| Untracked 
| 294|0x00000000c7600000, 0x00000000c7700000, 0x00000000c7700000|100%| O|  |TAMS 0x00000000c7600000, 0x00000000c7600000| Untracked 
| 295|0x00000000c7700000, 0x00000000c7800000, 0x00000000c7800000|100%| O|  |TAMS 0x00000000c7800000, 0x00000000c7700000| Untracked 
| 296|0x00000000c7800000, 0x00000000c7900000, 0x00000000c7900000|100%| O|  |TAMS 0x00000000c7800000, 0x00000000c7800000| Untracked 
| 297|0x00000000c7900000, 0x00000000c7a00000, 0x00000000c7a00000|100%| O|  |TAMS 0x00000000c7900000, 0x00000000c7900000| Untracked 
| 298|0x00000000c7a00000, 0x00000000c7b00000, 0x00000000c7b00000|100%| O|  |TAMS 0x00000000c7b00000, 0x00000000c7a00000| Untracked 
| 299|0x00000000c7b00000, 0x00000000c7c00000, 0x00000000c7c00000|100%| O|  |TAMS 0x00000000c7c00000, 0x00000000c7b00000| Untracked 
| 300|0x00000000c7c00000, 0x00000000c7d00000, 0x00000000c7d00000|100%| O|  |TAMS 0x00000000c7d00000, 0x00000000c7c00000| Untracked 
| 301|0x00000000c7d00000, 0x00000000c7e00000, 0x00000000c7e00000|100%| O|  |TAMS 0x00000000c7e00000, 0x00000000c7d00000| Untracked 
| 302|0x00000000c7e00000, 0x00000000c7f00000, 0x00000000c7f00000|100%| O|  |TAMS 0x00000000c7f00000, 0x00000000c7e00000| Untracked 
| 303|0x00000000c7f00000, 0x00000000c8000000, 0x00000000c8000000|100%| O|  |TAMS 0x00000000c8000000, 0x00000000c7f00000| Untracked 
| 304|0x00000000c8000000, 0x00000000c8100000, 0x00000000c8100000|100%| O|  |TAMS 0x00000000c8100000, 0x00000000c8000000| Untracked 
| 305|0x00000000c8100000, 0x00000000c8200000, 0x00000000c8200000|100%| O|  |TAMS 0x00000000c8200000, 0x00000000c8100000| Untracked 
| 306|0x00000000c8200000, 0x00000000c8300000, 0x00000000c8300000|100%| O|  |TAMS 0x00000000c8300000, 0x00000000c8200000| Untracked 
| 307|0x00000000c8300000, 0x00000000c8400000, 0x00000000c8400000|100%| O|  |TAMS 0x00000000c8400000, 0x00000000c8300000| Untracked 
| 308|0x00000000c8400000, 0x00000000c8500000, 0x00000000c8500000|100%| O|  |TAMS 0x00000000c8500000, 0x00000000c8400000| Untracked 
| 309|0x00000000c8500000, 0x00000000c8600000, 0x00000000c8600000|100%| O|  |TAMS 0x00000000c8600000, 0x00000000c8500000| Untracked 
| 310|0x00000000c8600000, 0x00000000c8700000, 0x00000000c8700000|100%| O|  |TAMS 0x00000000c8700000, 0x00000000c8600000| Untracked 
| 311|0x00000000c8700000, 0x00000000c8800000, 0x00000000c8800000|100%| O|  |TAMS 0x00000000c8800000, 0x00000000c8700000| Untracked 
| 312|0x00000000c8800000, 0x00000000c8900000, 0x00000000c8900000|100%| O|  |TAMS 0x00000000c8900000, 0x00000000c8800000| Untracked 
| 313|0x00000000c8900000, 0x00000000c8a00000, 0x00000000c8a00000|100%| O|  |TAMS 0x00000000c8a00000, 0x00000000c8900000| Untracked 
| 314|0x00000000c8a00000, 0x00000000c8b00000, 0x00000000c8b00000|100%| O|  |TAMS 0x00000000c8b00000, 0x00000000c8a00000| Untracked 
| 315|0x00000000c8b00000, 0x00000000c8c00000, 0x00000000c8c00000|100%| O|  |TAMS 0x00000000c8c00000, 0x00000000c8b00000| Untracked 
| 316|0x00000000c8c00000, 0x00000000c8d00000, 0x00000000c8d00000|100%| O|  |TAMS 0x00000000c8d00000, 0x00000000c8c00000| Untracked 
| 317|0x00000000c8d00000, 0x00000000c8e00000, 0x00000000c8e00000|100%| O|  |TAMS 0x00000000c8e00000, 0x00000000c8d00000| Untracked 
| 318|0x00000000c8e00000, 0x00000000c8f00000, 0x00000000c8f00000|100%| O|  |TAMS 0x00000000c8f00000, 0x00000000c8e00000| Untracked 
| 319|0x00000000c8f00000, 0x00000000c9000000, 0x00000000c9000000|100%| O|  |TAMS 0x00000000c9000000, 0x00000000c8f00000| Untracked 
| 320|0x00000000c9000000, 0x00000000c9100000, 0x00000000c9100000|100%| O|  |TAMS 0x00000000c9100000, 0x00000000c9000000| Untracked 
| 321|0x00000000c9100000, 0x00000000c9200000, 0x00000000c9200000|100%| O|  |TAMS 0x00000000c9200000, 0x00000000c9100000| Untracked 
| 322|0x00000000c9200000, 0x00000000c9300000, 0x00000000c9300000|100%| O|  |TAMS 0x00000000c9300000, 0x00000000c9200000| Untracked 
| 323|0x00000000c9300000, 0x00000000c9400000, 0x00000000c9400000|100%| O|  |TAMS 0x00000000c9400000, 0x00000000c9300000| Untracked 
| 324|0x00000000c9400000, 0x00000000c9500000, 0x00000000c9500000|100%| O|  |TAMS 0x00000000c9500000, 0x00000000c9400000| Untracked 
| 325|0x00000000c9500000, 0x00000000c9600000, 0x00000000c9600000|100%| O|  |TAMS 0x00000000c9600000, 0x00000000c9500000| Untracked 
| 326|0x00000000c9600000, 0x00000000c9700000, 0x00000000c9700000|100%| O|  |TAMS 0x00000000c9700000, 0x00000000c9600000| Untracked 
| 327|0x00000000c9700000, 0x00000000c9800000, 0x00000000c9800000|100%| O|  |TAMS 0x00000000c9800000, 0x00000000c9700000| Untracked 
| 328|0x00000000c9800000, 0x00000000c9900000, 0x00000000c9900000|100%| O|  |TAMS 0x00000000c9900000, 0x00000000c9800000| Untracked 
| 329|0x00000000c9900000, 0x00000000c9a00000, 0x00000000c9a00000|100%| O|  |TAMS 0x00000000c9a00000, 0x00000000c9900000| Untracked 
| 330|0x00000000c9a00000, 0x00000000c9b00000, 0x00000000c9b00000|100%| O|  |TAMS 0x00000000c9b00000, 0x00000000c9a00000| Untracked 
| 331|0x00000000c9b00000, 0x00000000c9c00000, 0x00000000c9c00000|100%| O|  |TAMS 0x00000000c9c00000, 0x00000000c9b00000| Untracked 
| 332|0x00000000c9c00000, 0x00000000c9d00000, 0x00000000c9d00000|100%| O|  |TAMS 0x00000000c9d00000, 0x00000000c9c00000| Untracked 
| 333|0x00000000c9d00000, 0x00000000c9e00000, 0x00000000c9e00000|100%| O|  |TAMS 0x00000000c9e00000, 0x00000000c9d00000| Untracked 
| 334|0x00000000c9e00000, 0x00000000c9f00000, 0x00000000c9f00000|100%| O|  |TAMS 0x00000000c9f00000, 0x00000000c9e00000| Untracked 
| 335|0x00000000c9f00000, 0x00000000ca000000, 0x00000000ca000000|100%| O|  |TAMS 0x00000000c9f00000, 0x00000000c9f00000| Untracked 
| 336|0x00000000ca000000, 0x00000000ca100000, 0x00000000ca100000|100%| O|  |TAMS 0x00000000ca000000, 0x00000000ca000000| Untracked 
| 337|0x00000000ca100000, 0x00000000ca200000, 0x00000000ca200000|100%| O|  |TAMS 0x00000000ca100000, 0x00000000ca100000| Untracked 
| 338|0x00000000ca200000, 0x00000000ca300000, 0x00000000ca300000|100%| O|  |TAMS 0x00000000ca200000, 0x00000000ca200000| Untracked 
| 339|0x00000000ca300000, 0x00000000ca400000, 0x00000000ca400000|100%| O|  |TAMS 0x00000000ca300000, 0x00000000ca300000| Untracked 
| 340|0x00000000ca400000, 0x00000000ca500000, 0x00000000ca500000|100%| O|  |TAMS 0x00000000ca400000, 0x00000000ca400000| Untracked 
| 341|0x00000000ca500000, 0x00000000ca600000, 0x00000000ca600000|100%| O|  |TAMS 0x00000000ca600000, 0x00000000ca500000| Untracked 
| 342|0x00000000ca600000, 0x00000000ca700000, 0x00000000ca700000|100%| O|  |TAMS 0x00000000ca600000, 0x00000000ca600000| Untracked 
| 343|0x00000000ca700000, 0x00000000ca800000, 0x00000000ca800000|100%| O|  |TAMS 0x00000000ca800000, 0x00000000ca700000| Untracked 
| 344|0x00000000ca800000, 0x00000000ca900000, 0x00000000ca900000|100%| O|  |TAMS 0x00000000ca900000, 0x00000000ca800000| Untracked 
| 345|0x00000000ca900000, 0x00000000caa00000, 0x00000000caa00000|100%| O|  |TAMS 0x00000000caa00000, 0x00000000ca900000| Untracked 
| 346|0x00000000caa00000, 0x00000000cab00000, 0x00000000cab00000|100%| O|  |TAMS 0x00000000cab00000, 0x00000000caa00000| Untracked 
| 347|0x00000000cab00000, 0x00000000cac00000, 0x00000000cac00000|100%| O|  |TAMS 0x00000000cac00000, 0x00000000cab00000| Untracked 
| 348|0x00000000cac00000, 0x00000000cad00000, 0x00000000cad00000|100%| O|  |TAMS 0x00000000cad00000, 0x00000000cac00000| Untracked 
| 349|0x00000000cad00000, 0x00000000cae00000, 0x00000000cae00000|100%| O|  |TAMS 0x00000000cae00000, 0x00000000cad00000| Untracked 
| 350|0x00000000cae00000, 0x00000000caf00000, 0x00000000caf00000|100%| O|  |TAMS 0x00000000caf00000, 0x00000000cae00000| Untracked 
| 351|0x00000000caf00000, 0x00000000cb000000, 0x00000000cb000000|100%| O|  |TAMS 0x00000000cb000000, 0x00000000caf00000| Untracked 
| 352|0x00000000cb000000, 0x00000000cb100000, 0x00000000cb100000|100%| O|  |TAMS 0x00000000cb100000, 0x00000000cb000000| Untracked 
| 353|0x00000000cb100000, 0x00000000cb200000, 0x00000000cb200000|100%| O|  |TAMS 0x00000000cb200000, 0x00000000cb100000| Untracked 
| 354|0x00000000cb200000, 0x00000000cb300000, 0x00000000cb300000|100%| O|  |TAMS 0x00000000cb225600, 0x00000000cb200000| Untracked 
| 355|0x00000000cb300000, 0x00000000cb400000, 0x00000000cb400000|100%| O|  |TAMS 0x00000000cb400000, 0x00000000cb300000| Untracked 
| 356|0x00000000cb400000, 0x00000000cb500000, 0x00000000cb500000|100%| O|  |TAMS 0x00000000cb400000, 0x00000000cb400000| Untracked 
| 357|0x00000000cb500000, 0x00000000cb600000, 0x00000000cb600000|100%| O|  |TAMS 0x00000000cb500000, 0x00000000cb500000| Untracked 
| 358|0x00000000cb600000, 0x00000000cb700000, 0x00000000cb700000|100%| O|  |TAMS 0x00000000cb600000, 0x00000000cb600000| Untracked 
| 359|0x00000000cb700000, 0x00000000cb800000, 0x00000000cb800000|100%| O|  |TAMS 0x00000000cb700000, 0x00000000cb700000| Untracked 
| 360|0x00000000cb800000, 0x00000000cb900000, 0x00000000cb900000|100%| O|  |TAMS 0x00000000cb800000, 0x00000000cb800000| Untracked 
| 361|0x00000000cb900000, 0x00000000cba00000, 0x00000000cba00000|100%| O|  |TAMS 0x00000000cb900000, 0x00000000cb900000| Untracked 
| 362|0x00000000cba00000, 0x00000000cbb00000, 0x00000000cbb00000|100%| O|  |TAMS 0x00000000cba00000, 0x00000000cba00000| Untracked 
| 363|0x00000000cbb00000, 0x00000000cbc00000, 0x00000000cbc00000|100%| O|  |TAMS 0x00000000cbb00000, 0x00000000cbb00000| Untracked 
| 364|0x00000000cbc00000, 0x00000000cbd00000, 0x00000000cbd00000|100%| O|  |TAMS 0x00000000cbc00000, 0x00000000cbc00000| Untracked 
| 365|0x00000000cbd00000, 0x00000000cbe00000, 0x00000000cbe00000|100%| O|  |TAMS 0x00000000cbd00000, 0x00000000cbd00000| Untracked 
| 366|0x00000000cbe00000, 0x00000000cbf00000, 0x00000000cbf00000|100%| O|  |TAMS 0x00000000cbe00000, 0x00000000cbe00000| Untracked 
| 367|0x00000000cbf00000, 0x00000000cc000000, 0x00000000cc000000|100%| O|  |TAMS 0x00000000cbf00000, 0x00000000cbf00000| Untracked 
| 368|0x00000000cc000000, 0x00000000cc100000, 0x00000000cc100000|100%| O|  |TAMS 0x00000000cc000000, 0x00000000cc000000| Untracked 
| 369|0x00000000cc100000, 0x00000000cc200000, 0x00000000cc200000|100%| O|  |TAMS 0x00000000cc100000, 0x00000000cc100000| Untracked 
| 370|0x00000000cc200000, 0x00000000cc300000, 0x00000000cc300000|100%| O|  |TAMS 0x00000000cc200000, 0x00000000cc200000| Untracked 
| 371|0x00000000cc300000, 0x00000000cc400000, 0x00000000cc400000|100%| O|  |TAMS 0x00000000cc300000, 0x00000000cc300000| Untracked 
| 372|0x00000000cc400000, 0x00000000cc500000, 0x00000000cc500000|100%| O|  |TAMS 0x00000000cc400000, 0x00000000cc400000| Untracked 
| 373|0x00000000cc500000, 0x00000000cc600000, 0x00000000cc600000|100%| O|  |TAMS 0x00000000cc500000, 0x00000000cc500000| Untracked 
| 374|0x00000000cc600000, 0x00000000cc700000, 0x00000000cc700000|100%| O|  |TAMS 0x00000000cc600000, 0x00000000cc600000| Untracked 
| 375|0x00000000cc700000, 0x00000000cc800000, 0x00000000cc800000|100%| O|  |TAMS 0x00000000cc700000, 0x00000000cc700000| Untracked 
| 376|0x00000000cc800000, 0x00000000cc900000, 0x00000000cc900000|100%| O|  |TAMS 0x00000000cc800000, 0x00000000cc800000| Untracked 
| 377|0x00000000cc900000, 0x00000000cca00000, 0x00000000cca00000|100%| O|  |TAMS 0x00000000cc900000, 0x00000000cc900000| Untracked 
| 378|0x00000000cca00000, 0x00000000ccb00000, 0x00000000ccb00000|100%| O|  |TAMS 0x00000000cca00000, 0x00000000cca00000| Untracked 
| 379|0x00000000ccb00000, 0x00000000ccc00000, 0x00000000ccc00000|100%| O|  |TAMS 0x00000000ccb00000, 0x00000000ccb00000| Untracked 
| 380|0x00000000ccc00000, 0x00000000ccd00000, 0x00000000ccd00000|100%| O|  |TAMS 0x00000000ccc00000, 0x00000000ccc00000| Untracked 
| 381|0x00000000ccd00000, 0x00000000cce00000, 0x00000000cce00000|100%| O|  |TAMS 0x00000000ccd00000, 0x00000000ccd00000| Untracked 
| 382|0x00000000cce00000, 0x00000000ccf00000, 0x00000000ccf00000|100%| O|  |TAMS 0x00000000cce00000, 0x00000000cce00000| Untracked 
| 383|0x00000000ccf00000, 0x00000000cd000000, 0x00000000cd000000|100%| O|  |TAMS 0x00000000ccf00000, 0x00000000ccf00000| Untracked 
| 384|0x00000000cd000000, 0x00000000cd100000, 0x00000000cd100000|100%| O|  |TAMS 0x00000000cd000000, 0x00000000cd000000| Untracked 
| 385|0x00000000cd100000, 0x00000000cd200000, 0x00000000cd200000|100%| O|  |TAMS 0x00000000cd100000, 0x00000000cd100000| Untracked 
| 386|0x00000000cd200000, 0x00000000cd300000, 0x00000000cd300000|100%| O|  |TAMS 0x00000000cd200000, 0x00000000cd200000| Untracked 
| 387|0x00000000cd300000, 0x00000000cd400000, 0x00000000cd400000|100%| O|  |TAMS 0x00000000cd300000, 0x00000000cd300000| Untracked 
| 388|0x00000000cd400000, 0x00000000cd500000, 0x00000000cd500000|100%| O|  |TAMS 0x00000000cd400000, 0x00000000cd400000| Untracked 
| 389|0x00000000cd500000, 0x00000000cd600000, 0x00000000cd600000|100%| O|  |TAMS 0x00000000cd500000, 0x00000000cd500000| Untracked 
| 390|0x00000000cd600000, 0x00000000cd700000, 0x00000000cd700000|100%| O|  |TAMS 0x00000000cd600000, 0x00000000cd600000| Untracked 
| 391|0x00000000cd700000, 0x00000000cd800000, 0x00000000cd800000|100%| O|  |TAMS 0x00000000cd700000, 0x00000000cd700000| Untracked 
| 392|0x00000000cd800000, 0x00000000cd900000, 0x00000000cd900000|100%| O|  |TAMS 0x00000000cd800000, 0x00000000cd800000| Untracked 
| 393|0x00000000cd900000, 0x00000000cda00000, 0x00000000cda00000|100%| O|  |TAMS 0x00000000cd900000, 0x00000000cd900000| Untracked 
| 394|0x00000000cda00000, 0x00000000cdb00000, 0x00000000cdb00000|100%| O|  |TAMS 0x00000000cda00000, 0x00000000cda00000| Untracked 
| 395|0x00000000cdb00000, 0x00000000cdc00000, 0x00000000cdc00000|100%| O|  |TAMS 0x00000000cdb00000, 0x00000000cdb00000| Untracked 
| 396|0x00000000cdc00000, 0x00000000cdd00000, 0x00000000cdd00000|100%| O|  |TAMS 0x00000000cdc00000, 0x00000000cdc00000| Untracked 
| 397|0x00000000cdd00000, 0x00000000cde00000, 0x00000000cde00000|100%| O|  |TAMS 0x00000000cdd00000, 0x00000000cdd00000| Untracked 
| 398|0x00000000cde00000, 0x00000000cdf00000, 0x00000000cdf00000|100%| O|  |TAMS 0x00000000cde00000, 0x00000000cde00000| Untracked 
| 399|0x00000000cdf00000, 0x00000000ce000000, 0x00000000ce000000|100%| O|  |TAMS 0x00000000cdf00000, 0x00000000cdf00000| Untracked 
| 400|0x00000000ce000000, 0x00000000ce100000, 0x00000000ce100000|100%| O|  |TAMS 0x00000000ce000000, 0x00000000ce000000| Untracked 
| 401|0x00000000ce100000, 0x00000000ce200000, 0x00000000ce200000|100%| O|  |TAMS 0x00000000ce100000, 0x00000000ce100000| Untracked 
| 402|0x00000000ce200000, 0x00000000ce300000, 0x00000000ce300000|100%| O|  |TAMS 0x00000000ce200000, 0x00000000ce200000| Untracked 
| 403|0x00000000ce300000, 0x00000000ce400000, 0x00000000ce400000|100%| O|  |TAMS 0x00000000ce300000, 0x00000000ce300000| Untracked 
| 404|0x00000000ce400000, 0x00000000ce500000, 0x00000000ce500000|100%| O|  |TAMS 0x00000000ce400000, 0x00000000ce400000| Untracked 
| 405|0x00000000ce500000, 0x00000000ce600000, 0x00000000ce600000|100%| O|  |TAMS 0x00000000ce500000, 0x00000000ce500000| Untracked 
| 406|0x00000000ce600000, 0x00000000ce700000, 0x00000000ce700000|100%| O|  |TAMS 0x00000000ce600000, 0x00000000ce600000| Untracked 
| 407|0x00000000ce700000, 0x00000000ce800000, 0x00000000ce800000|100%| O|  |TAMS 0x00000000ce700000, 0x00000000ce700000| Untracked 
| 408|0x00000000ce800000, 0x00000000ce900000, 0x00000000ce900000|100%| O|  |TAMS 0x00000000ce800000, 0x00000000ce800000| Untracked 
| 409|0x00000000ce900000, 0x00000000cea00000, 0x00000000cea00000|100%| O|  |TAMS 0x00000000ce900000, 0x00000000ce900000| Untracked 
| 410|0x00000000cea00000, 0x00000000ceb00000, 0x00000000ceb00000|100%| O|  |TAMS 0x00000000cea00000, 0x00000000cea00000| Untracked 
| 411|0x00000000ceb00000, 0x00000000cec00000, 0x00000000cec00000|100%| O|  |TAMS 0x00000000ceb00000, 0x00000000ceb00000| Untracked 
| 412|0x00000000cec00000, 0x00000000ced00000, 0x00000000ced00000|100%| O|  |TAMS 0x00000000cec00000, 0x00000000cec00000| Untracked 
| 413|0x00000000ced00000, 0x00000000cee00000, 0x00000000cee00000|100%| O|  |TAMS 0x00000000ced00000, 0x00000000ced00000| Untracked 
| 414|0x00000000cee00000, 0x00000000cef00000, 0x00000000cef00000|100%| O|  |TAMS 0x00000000cee00000, 0x00000000cee00000| Untracked 
| 415|0x00000000cef00000, 0x00000000cf000000, 0x00000000cf000000|100%| O|  |TAMS 0x00000000cef00000, 0x00000000cef00000| Untracked 
| 416|0x00000000cf000000, 0x00000000cf100000, 0x00000000cf100000|100%| O|  |TAMS 0x00000000cf000000, 0x00000000cf000000| Untracked 
| 417|0x00000000cf100000, 0x00000000cf200000, 0x00000000cf200000|100%| O|  |TAMS 0x00000000cf100000, 0x00000000cf100000| Untracked 
| 418|0x00000000cf200000, 0x00000000cf300000, 0x00000000cf300000|100%| O|  |TAMS 0x00000000cf200000, 0x00000000cf200000| Untracked 
| 419|0x00000000cf300000, 0x00000000cf400000, 0x00000000cf400000|100%| O|  |TAMS 0x00000000cf300000, 0x00000000cf300000| Untracked 
| 420|0x00000000cf400000, 0x00000000cf500000, 0x00000000cf500000|100%| O|  |TAMS 0x00000000cf400000, 0x00000000cf400000| Untracked 
| 421|0x00000000cf500000, 0x00000000cf600000, 0x00000000cf600000|100%| O|  |TAMS 0x00000000cf500000, 0x00000000cf500000| Untracked 
| 422|0x00000000cf600000, 0x00000000cf700000, 0x00000000cf700000|100%| O|  |TAMS 0x00000000cf600000, 0x00000000cf600000| Untracked 
| 423|0x00000000cf700000, 0x00000000cf800000, 0x00000000cf800000|100%| O|  |TAMS 0x00000000cf700000, 0x00000000cf700000| Untracked 
| 424|0x00000000cf800000, 0x00000000cf900000, 0x00000000cf900000|100%| O|  |TAMS 0x00000000cf800000, 0x00000000cf800000| Untracked 
| 425|0x00000000cf900000, 0x00000000cfa00000, 0x00000000cfa00000|100%| O|  |TAMS 0x00000000cf900000, 0x00000000cf900000| Untracked 
| 426|0x00000000cfa00000, 0x00000000cfb00000, 0x00000000cfb00000|100%| O|  |TAMS 0x00000000cfa00000, 0x00000000cfa00000| Untracked 
| 427|0x00000000cfb00000, 0x00000000cfc00000, 0x00000000cfc00000|100%| O|  |TAMS 0x00000000cfb00000, 0x00000000cfb00000| Untracked 
| 428|0x00000000cfc00000, 0x00000000cfd00000, 0x00000000cfd00000|100%| O|  |TAMS 0x00000000cfc00000, 0x00000000cfc00000| Untracked 
| 429|0x00000000cfd00000, 0x00000000cfe00000, 0x00000000cfe00000|100%| O|  |TAMS 0x00000000cfd00000, 0x00000000cfd00000| Untracked 
| 430|0x00000000cfe00000, 0x00000000cff00000, 0x00000000cff00000|100%| O|  |TAMS 0x00000000cfe00000, 0x00000000cfe00000| Untracked 
| 431|0x00000000cff00000, 0x00000000d0000000, 0x00000000d0000000|100%| O|  |TAMS 0x00000000cff00000, 0x00000000cff00000| Untracked 
| 432|0x00000000d0000000, 0x00000000d0100000, 0x00000000d0100000|100%| O|  |TAMS 0x00000000d0000000, 0x00000000d0000000| Untracked 
| 433|0x00000000d0100000, 0x00000000d0200000, 0x00000000d0200000|100%| O|  |TAMS 0x00000000d0100000, 0x00000000d0100000| Untracked 
| 434|0x00000000d0200000, 0x00000000d0300000, 0x00000000d0300000|100%| O|  |TAMS 0x00000000d0200000, 0x00000000d0200000| Untracked 
| 435|0x00000000d0300000, 0x00000000d0400000, 0x00000000d0400000|100%| O|  |TAMS 0x00000000d0300000, 0x00000000d0300000| Untracked 
| 436|0x00000000d0400000, 0x00000000d0500000, 0x00000000d0500000|100%| O|  |TAMS 0x00000000d0400000, 0x00000000d0400000| Untracked 
| 437|0x00000000d0500000, 0x00000000d0600000, 0x00000000d0600000|100%| O|  |TAMS 0x00000000d0500000, 0x00000000d0500000| Untracked 
| 438|0x00000000d0600000, 0x00000000d0700000, 0x00000000d0700000|100%| O|  |TAMS 0x00000000d0600000, 0x00000000d0600000| Untracked 
| 439|0x00000000d0700000, 0x00000000d0800000, 0x00000000d0800000|100%| O|  |TAMS 0x00000000d0700000, 0x00000000d0700000| Untracked 
| 440|0x00000000d0800000, 0x00000000d0900000, 0x00000000d0900000|100%| O|  |TAMS 0x00000000d0800000, 0x00000000d0800000| Untracked 
| 441|0x00000000d0900000, 0x00000000d0a00000, 0x00000000d0a00000|100%| O|  |TAMS 0x00000000d0900000, 0x00000000d0900000| Untracked 
| 442|0x00000000d0a00000, 0x00000000d0b00000, 0x00000000d0b00000|100%| O|  |TAMS 0x00000000d0a00000, 0x00000000d0a00000| Untracked 
| 443|0x00000000d0b00000, 0x00000000d0c00000, 0x00000000d0c00000|100%| O|  |TAMS 0x00000000d0b00000, 0x00000000d0b00000| Untracked 
| 444|0x00000000d0c00000, 0x00000000d0d00000, 0x00000000d0d00000|100%| O|  |TAMS 0x00000000d0c00000, 0x00000000d0c00000| Untracked 
| 445|0x00000000d0d00000, 0x00000000d0e00000, 0x00000000d0e00000|100%| O|  |TAMS 0x00000000d0d00000, 0x00000000d0d00000| Untracked 
| 446|0x00000000d0e00000, 0x00000000d0f00000, 0x00000000d0f00000|100%| O|  |TAMS 0x00000000d0e00000, 0x00000000d0e00000| Untracked 
| 447|0x00000000d0f00000, 0x00000000d1000000, 0x00000000d1000000|100%| O|  |TAMS 0x00000000d0f00000, 0x00000000d0f00000| Untracked 
| 448|0x00000000d1000000, 0x00000000d1100000, 0x00000000d1100000|100%| O|  |TAMS 0x00000000d1000000, 0x00000000d1000000| Untracked 
| 449|0x00000000d1100000, 0x00000000d1200000, 0x00000000d1200000|100%| O|  |TAMS 0x00000000d1100000, 0x00000000d1100000| Untracked 
| 450|0x00000000d1200000, 0x00000000d1300000, 0x00000000d1300000|100%| O|  |TAMS 0x00000000d1200000, 0x00000000d1200000| Untracked 
| 451|0x00000000d1300000, 0x00000000d1400000, 0x00000000d1400000|100%| O|  |TAMS 0x00000000d1300000, 0x00000000d1300000| Untracked 
| 452|0x00000000d1400000, 0x00000000d1500000, 0x00000000d1500000|100%| O|  |TAMS 0x00000000d1400000, 0x00000000d1400000| Untracked 
| 453|0x00000000d1500000, 0x00000000d1600000, 0x00000000d1600000|100%| O|  |TAMS 0x00000000d1500000, 0x00000000d1500000| Untracked 
| 454|0x00000000d1600000, 0x00000000d1700000, 0x00000000d1700000|100%| O|  |TAMS 0x00000000d1600000, 0x00000000d1600000| Untracked 
| 455|0x00000000d1700000, 0x00000000d1800000, 0x00000000d1800000|100%| O|  |TAMS 0x00000000d1700000, 0x00000000d1700000| Untracked 
| 456|0x00000000d1800000, 0x00000000d1880000, 0x00000000d1900000| 50%| O|  |TAMS 0x00000000d1800000, 0x00000000d1800000| Untracked 
| 457|0x00000000d1900000, 0x00000000d1900000, 0x00000000d1a00000|  0%| F|  |TAMS 0x00000000d1900000, 0x00000000d1900000| Untracked 
| 458|0x00000000d1a00000, 0x00000000d1a00000, 0x00000000d1b00000|  0%| F|  |TAMS 0x00000000d1a00000, 0x00000000d1a00000| Untracked 
| 459|0x00000000d1b00000, 0x00000000d1b00000, 0x00000000d1c00000|  0%| F|  |TAMS 0x00000000d1b00000, 0x00000000d1b00000| Untracked 
| 460|0x00000000d1c00000, 0x00000000d1c00000, 0x00000000d1d00000|  0%| F|  |TAMS 0x00000000d1c00000, 0x00000000d1c00000| Untracked 
| 461|0x00000000d1d00000, 0x00000000d1d00000, 0x00000000d1e00000|  0%| F|  |TAMS 0x00000000d1d00000, 0x00000000d1d00000| Untracked 
| 462|0x00000000d1e00000, 0x00000000d1e00000, 0x00000000d1f00000|  0%| F|  |TAMS 0x00000000d1e00000, 0x00000000d1e00000| Untracked 
| 463|0x00000000d1f00000, 0x00000000d1f00000, 0x00000000d2000000|  0%| F|  |TAMS 0x00000000d1f00000, 0x00000000d1f00000| Untracked 
| 464|0x00000000d2000000, 0x00000000d2000000, 0x00000000d2100000|  0%| F|  |TAMS 0x00000000d2000000, 0x00000000d2000000| Untracked 
| 465|0x00000000d2100000, 0x00000000d2100000, 0x00000000d2200000|  0%| F|  |TAMS 0x00000000d2100000, 0x00000000d2100000| Untracked 
| 466|0x00000000d2200000, 0x00000000d2200000, 0x00000000d2300000|  0%| F|  |TAMS 0x00000000d2200000, 0x00000000d2200000| Untracked 
| 467|0x00000000d2300000, 0x00000000d2300000, 0x00000000d2400000|  0%| F|  |TAMS 0x00000000d2300000, 0x00000000d2300000| Untracked 
| 468|0x00000000d2400000, 0x00000000d2400000, 0x00000000d2500000|  0%| F|  |TAMS 0x00000000d2400000, 0x00000000d2400000| Untracked 
| 469|0x00000000d2500000, 0x00000000d2500000, 0x00000000d2600000|  0%| F|  |TAMS 0x00000000d2500000, 0x00000000d2500000| Untracked 
| 470|0x00000000d2600000, 0x00000000d2600000, 0x00000000d2700000|  0%| F|  |TAMS 0x00000000d2600000, 0x00000000d2600000| Untracked 
| 471|0x00000000d2700000, 0x00000000d2700000, 0x00000000d2800000|  0%| F|  |TAMS 0x00000000d2700000, 0x00000000d2700000| Untracked 
| 472|0x00000000d2800000, 0x00000000d2800000, 0x00000000d2900000|  0%| F|  |TAMS 0x00000000d2800000, 0x00000000d2800000| Untracked 
| 473|0x00000000d2900000, 0x00000000d2900000, 0x00000000d2a00000|  0%| F|  |TAMS 0x00000000d2900000, 0x00000000d2900000| Untracked 
| 474|0x00000000d2a00000, 0x00000000d2a00000, 0x00000000d2b00000|  0%| F|  |TAMS 0x00000000d2a00000, 0x00000000d2a00000| Untracked 
| 475|0x00000000d2b00000, 0x00000000d2b00000, 0x00000000d2c00000|  0%| F|  |TAMS 0x00000000d2b00000, 0x00000000d2b00000| Untracked 
| 476|0x00000000d2c00000, 0x00000000d2c00000, 0x00000000d2d00000|  0%| F|  |TAMS 0x00000000d2c00000, 0x00000000d2c00000| Untracked 
| 477|0x00000000d2d00000, 0x00000000d2d00000, 0x00000000d2e00000|  0%| F|  |TAMS 0x00000000d2d00000, 0x00000000d2d00000| Untracked 
| 478|0x00000000d2e00000, 0x00000000d2e00000, 0x00000000d2f00000|  0%| F|  |TAMS 0x00000000d2e00000, 0x00000000d2e00000| Untracked 
| 479|0x00000000d2f00000, 0x00000000d2f00000, 0x00000000d3000000|  0%| F|  |TAMS 0x00000000d2f00000, 0x00000000d2f00000| Untracked 
| 480|0x00000000d3000000, 0x00000000d3000000, 0x00000000d3100000|  0%| F|  |TAMS 0x00000000d3000000, 0x00000000d3000000| Untracked 
| 481|0x00000000d3100000, 0x00000000d3100000, 0x00000000d3200000|  0%| F|  |TAMS 0x00000000d3100000, 0x00000000d3100000| Untracked 
| 482|0x00000000d3200000, 0x00000000d3200000, 0x00000000d3300000|  0%| F|  |TAMS 0x00000000d3200000, 0x00000000d3200000| Untracked 
| 483|0x00000000d3300000, 0x00000000d3300000, 0x00000000d3400000|  0%| F|  |TAMS 0x00000000d3300000, 0x00000000d3300000| Untracked 
| 484|0x00000000d3400000, 0x00000000d3400000, 0x00000000d3500000|  0%| F|  |TAMS 0x00000000d3400000, 0x00000000d3400000| Untracked 
| 485|0x00000000d3500000, 0x00000000d3500000, 0x00000000d3600000|  0%| F|  |TAMS 0x00000000d3500000, 0x00000000d3500000| Untracked 
| 486|0x00000000d3600000, 0x00000000d3600000, 0x00000000d3700000|  0%| F|  |TAMS 0x00000000d3600000, 0x00000000d3600000| Untracked 
| 487|0x00000000d3700000, 0x00000000d3700000, 0x00000000d3800000|  0%| F|  |TAMS 0x00000000d3700000, 0x00000000d3700000| Untracked 
| 488|0x00000000d3800000, 0x00000000d3800000, 0x00000000d3900000|  0%| F|  |TAMS 0x00000000d3800000, 0x00000000d3800000| Untracked 
| 489|0x00000000d3900000, 0x00000000d3900000, 0x00000000d3a00000|  0%| F|  |TAMS 0x00000000d3900000, 0x00000000d3900000| Untracked 
| 490|0x00000000d3a00000, 0x00000000d3a00000, 0x00000000d3b00000|  0%| F|  |TAMS 0x00000000d3a00000, 0x00000000d3a00000| Untracked 
| 491|0x00000000d3b00000, 0x00000000d3b00000, 0x00000000d3c00000|  0%| F|  |TAMS 0x00000000d3b00000, 0x00000000d3b00000| Untracked 
| 492|0x00000000d3c00000, 0x00000000d3c00000, 0x00000000d3d00000|  0%| F|  |TAMS 0x00000000d3c00000, 0x00000000d3c00000| Untracked 
| 493|0x00000000d3d00000, 0x00000000d3d00000, 0x00000000d3e00000|  0%| F|  |TAMS 0x00000000d3d00000, 0x00000000d3d00000| Untracked 
| 494|0x00000000d3e00000, 0x00000000d3e00000, 0x00000000d3f00000|  0%| F|  |TAMS 0x00000000d3e00000, 0x00000000d3e00000| Untracked 
| 495|0x00000000d3f00000, 0x00000000d3f00000, 0x00000000d4000000|  0%| F|  |TAMS 0x00000000d3f00000, 0x00000000d3f00000| Untracked 
| 496|0x00000000d4000000, 0x00000000d4000000, 0x00000000d4100000|  0%| F|  |TAMS 0x00000000d4000000, 0x00000000d4000000| Untracked 
| 497|0x00000000d4100000, 0x00000000d4100000, 0x00000000d4200000|  0%| F|  |TAMS 0x00000000d4100000, 0x00000000d4100000| Untracked 
| 498|0x00000000d4200000, 0x00000000d4200000, 0x00000000d4300000|  0%| F|  |TAMS 0x00000000d4200000, 0x00000000d4200000| Untracked 
| 499|0x00000000d4300000, 0x00000000d4300000, 0x00000000d4400000|  0%| F|  |TAMS 0x00000000d4300000, 0x00000000d4300000| Untracked 
| 500|0x00000000d4400000, 0x00000000d4400000, 0x00000000d4500000|  0%| F|  |TAMS 0x00000000d4400000, 0x00000000d4400000| Untracked 
| 501|0x00000000d4500000, 0x00000000d4500000, 0x00000000d4600000|  0%| F|  |TAMS 0x00000000d4500000, 0x00000000d4500000| Untracked 
| 502|0x00000000d4600000, 0x00000000d4600000, 0x00000000d4700000|  0%| F|  |TAMS 0x00000000d4600000, 0x00000000d4600000| Untracked 
| 503|0x00000000d4700000, 0x00000000d4700000, 0x00000000d4800000|  0%| F|  |TAMS 0x00000000d4700000, 0x00000000d4700000| Untracked 
| 504|0x00000000d4800000, 0x00000000d4800000, 0x00000000d4900000|  0%| F|  |TAMS 0x00000000d4800000, 0x00000000d4800000| Untracked 
| 505|0x00000000d4900000, 0x00000000d4900000, 0x00000000d4a00000|  0%| F|  |TAMS 0x00000000d4900000, 0x00000000d4900000| Untracked 
| 506|0x00000000d4a00000, 0x00000000d4a00000, 0x00000000d4b00000|  0%| F|  |TAMS 0x00000000d4a00000, 0x00000000d4a00000| Untracked 
| 507|0x00000000d4b00000, 0x00000000d4b00000, 0x00000000d4c00000|  0%| F|  |TAMS 0x00000000d4b00000, 0x00000000d4b00000| Untracked 
| 508|0x00000000d4c00000, 0x00000000d4c00000, 0x00000000d4d00000|  0%| F|  |TAMS 0x00000000d4c00000, 0x00000000d4c00000| Untracked 
| 509|0x00000000d4d00000, 0x00000000d4d00000, 0x00000000d4e00000|  0%| F|  |TAMS 0x00000000d4d00000, 0x00000000d4d00000| Untracked 
| 510|0x00000000d4e00000, 0x00000000d4e00000, 0x00000000d4f00000|  0%| F|  |TAMS 0x00000000d4e00000, 0x00000000d4e00000| Untracked 
| 511|0x00000000d4f00000, 0x00000000d4f00000, 0x00000000d5000000|  0%| F|  |TAMS 0x00000000d4f00000, 0x00000000d4f00000| Untracked 
| 512|0x00000000d5000000, 0x00000000d5000000, 0x00000000d5100000|  0%| F|  |TAMS 0x00000000d5000000, 0x00000000d5000000| Untracked 
| 513|0x00000000d5100000, 0x00000000d5100000, 0x00000000d5200000|  0%| F|  |TAMS 0x00000000d5100000, 0x00000000d5100000| Untracked 
| 514|0x00000000d5200000, 0x00000000d5200000, 0x00000000d5300000|  0%| F|  |TAMS 0x00000000d5200000, 0x00000000d5200000| Untracked 
| 515|0x00000000d5300000, 0x00000000d5300000, 0x00000000d5400000|  0%| F|  |TAMS 0x00000000d5300000, 0x00000000d5300000| Untracked 
| 516|0x00000000d5400000, 0x00000000d5400000, 0x00000000d5500000|  0%| F|  |TAMS 0x00000000d5400000, 0x00000000d5400000| Untracked 
| 517|0x00000000d5500000, 0x00000000d5500000, 0x00000000d5600000|  0%| F|  |TAMS 0x00000000d5500000, 0x00000000d5500000| Untracked 
| 518|0x00000000d5600000, 0x00000000d5600000, 0x00000000d5700000|  0%| F|  |TAMS 0x00000000d5600000, 0x00000000d5600000| Untracked 
| 519|0x00000000d5700000, 0x00000000d5700000, 0x00000000d5800000|  0%| F|  |TAMS 0x00000000d5700000, 0x00000000d5700000| Untracked 
| 520|0x00000000d5800000, 0x00000000d5800000, 0x00000000d5900000|  0%| F|  |TAMS 0x00000000d5800000, 0x00000000d5800000| Untracked 
| 521|0x00000000d5900000, 0x00000000d5900000, 0x00000000d5a00000|  0%| F|  |TAMS 0x00000000d5900000, 0x00000000d5900000| Untracked 
| 522|0x00000000d5a00000, 0x00000000d5a00000, 0x00000000d5b00000|  0%| F|  |TAMS 0x00000000d5a00000, 0x00000000d5a00000| Untracked 
| 523|0x00000000d5b00000, 0x00000000d5b00000, 0x00000000d5c00000|  0%| F|  |TAMS 0x00000000d5b00000, 0x00000000d5b00000| Untracked 
| 524|0x00000000d5c00000, 0x00000000d5c00000, 0x00000000d5d00000|  0%| F|  |TAMS 0x00000000d5c00000, 0x00000000d5c00000| Untracked 
| 525|0x00000000d5d00000, 0x00000000d5d00000, 0x00000000d5e00000|  0%| F|  |TAMS 0x00000000d5d00000, 0x00000000d5d00000| Untracked 
| 526|0x00000000d5e00000, 0x00000000d5e00000, 0x00000000d5f00000|  0%| F|  |TAMS 0x00000000d5e00000, 0x00000000d5e00000| Untracked 
| 527|0x00000000d5f00000, 0x00000000d5f00000, 0x00000000d6000000|  0%| F|  |TAMS 0x00000000d5f00000, 0x00000000d5f00000| Untracked 
| 528|0x00000000d6000000, 0x00000000d6000000, 0x00000000d6100000|  0%| F|  |TAMS 0x00000000d6000000, 0x00000000d6000000| Untracked 
| 529|0x00000000d6100000, 0x00000000d6100000, 0x00000000d6200000|  0%| F|  |TAMS 0x00000000d6100000, 0x00000000d6100000| Untracked 
| 530|0x00000000d6200000, 0x00000000d6200000, 0x00000000d6300000|  0%| F|  |TAMS 0x00000000d6200000, 0x00000000d6200000| Untracked 
| 531|0x00000000d6300000, 0x00000000d6300000, 0x00000000d6400000|  0%| F|  |TAMS 0x00000000d6300000, 0x00000000d6300000| Untracked 
| 532|0x00000000d6400000, 0x00000000d6400000, 0x00000000d6500000|  0%| F|  |TAMS 0x00000000d6400000, 0x00000000d6400000| Untracked 
| 533|0x00000000d6500000, 0x00000000d6500000, 0x00000000d6600000|  0%| F|  |TAMS 0x00000000d6500000, 0x00000000d6500000| Untracked 
| 534|0x00000000d6600000, 0x00000000d6600000, 0x00000000d6700000|  0%| F|  |TAMS 0x00000000d6600000, 0x00000000d6600000| Untracked 
| 535|0x00000000d6700000, 0x00000000d6700000, 0x00000000d6800000|  0%| F|  |TAMS 0x00000000d6700000, 0x00000000d6700000| Untracked 
| 536|0x00000000d6800000, 0x00000000d6800000, 0x00000000d6900000|  0%| F|  |TAMS 0x00000000d6800000, 0x00000000d6800000| Untracked 
| 537|0x00000000d6900000, 0x00000000d6900000, 0x00000000d6a00000|  0%| F|  |TAMS 0x00000000d6900000, 0x00000000d6900000| Untracked 
| 538|0x00000000d6a00000, 0x00000000d6a00000, 0x00000000d6b00000|  0%| F|  |TAMS 0x00000000d6a00000, 0x00000000d6a00000| Untracked 
| 539|0x00000000d6b00000, 0x00000000d6b00000, 0x00000000d6c00000|  0%| F|  |TAMS 0x00000000d6b00000, 0x00000000d6b00000| Untracked 
| 540|0x00000000d6c00000, 0x00000000d6c00000, 0x00000000d6d00000|  0%| F|  |TAMS 0x00000000d6c00000, 0x00000000d6c00000| Untracked 
| 541|0x00000000d6d00000, 0x00000000d6d00000, 0x00000000d6e00000|  0%| F|  |TAMS 0x00000000d6d00000, 0x00000000d6d00000| Untracked 
| 542|0x00000000d6e00000, 0x00000000d6e00000, 0x00000000d6f00000|  0%| F|  |TAMS 0x00000000d6e00000, 0x00000000d6e00000| Untracked 
| 543|0x00000000d6f00000, 0x00000000d6f00000, 0x00000000d7000000|  0%| F|  |TAMS 0x00000000d6f00000, 0x00000000d6f00000| Untracked 
| 544|0x00000000d7000000, 0x00000000d7000000, 0x00000000d7100000|  0%| F|  |TAMS 0x00000000d7000000, 0x00000000d7000000| Untracked 
| 545|0x00000000d7100000, 0x00000000d7100000, 0x00000000d7200000|  0%| F|  |TAMS 0x00000000d7100000, 0x00000000d7100000| Untracked 
| 546|0x00000000d7200000, 0x00000000d7200000, 0x00000000d7300000|  0%| F|  |TAMS 0x00000000d7200000, 0x00000000d7200000| Untracked 
| 547|0x00000000d7300000, 0x00000000d7300000, 0x00000000d7400000|  0%| F|  |TAMS 0x00000000d7300000, 0x00000000d7300000| Untracked 
| 548|0x00000000d7400000, 0x00000000d7400000, 0x00000000d7500000|  0%| F|  |TAMS 0x00000000d7400000, 0x00000000d7400000| Untracked 
| 549|0x00000000d7500000, 0x00000000d7500000, 0x00000000d7600000|  0%| F|  |TAMS 0x00000000d7500000, 0x00000000d7500000| Untracked 
| 550|0x00000000d7600000, 0x00000000d7600000, 0x00000000d7700000|  0%| F|  |TAMS 0x00000000d7600000, 0x00000000d7600000| Untracked 
| 551|0x00000000d7700000, 0x00000000d7700000, 0x00000000d7800000|  0%| F|  |TAMS 0x00000000d7700000, 0x00000000d7700000| Untracked 
| 552|0x00000000d7800000, 0x00000000d7800000, 0x00000000d7900000|  0%| F|  |TAMS 0x00000000d7800000, 0x00000000d7800000| Untracked 
| 553|0x00000000d7900000, 0x00000000d7900000, 0x00000000d7a00000|  0%| F|  |TAMS 0x00000000d7900000, 0x00000000d7900000| Untracked 
| 554|0x00000000d7a00000, 0x00000000d7a00000, 0x00000000d7b00000|  0%| F|  |TAMS 0x00000000d7a00000, 0x00000000d7a00000| Untracked 
| 555|0x00000000d7b00000, 0x00000000d7b00000, 0x00000000d7c00000|  0%| F|  |TAMS 0x00000000d7b00000, 0x00000000d7b00000| Untracked 
| 556|0x00000000d7c00000, 0x00000000d7c00000, 0x00000000d7d00000|  0%| F|  |TAMS 0x00000000d7c00000, 0x00000000d7c00000| Untracked 
| 557|0x00000000d7d00000, 0x00000000d7d00000, 0x00000000d7e00000|  0%| F|  |TAMS 0x00000000d7d00000, 0x00000000d7d00000| Untracked 
| 558|0x00000000d7e00000, 0x00000000d7e00000, 0x00000000d7f00000|  0%| F|  |TAMS 0x00000000d7e00000, 0x00000000d7e00000| Untracked 
| 559|0x00000000d7f00000, 0x00000000d7f00000, 0x00000000d8000000|  0%| F|  |TAMS 0x00000000d7f00000, 0x00000000d7f00000| Untracked 
| 560|0x00000000d8000000, 0x00000000d8000000, 0x00000000d8100000|  0%| F|  |TAMS 0x00000000d8000000, 0x00000000d8000000| Untracked 
| 561|0x00000000d8100000, 0x00000000d8100000, 0x00000000d8200000|  0%| F|  |TAMS 0x00000000d8100000, 0x00000000d8100000| Untracked 
| 562|0x00000000d8200000, 0x00000000d8200000, 0x00000000d8300000|  0%| F|  |TAMS 0x00000000d8200000, 0x00000000d8200000| Untracked 
| 563|0x00000000d8300000, 0x00000000d8300000, 0x00000000d8400000|  0%| F|  |TAMS 0x00000000d8300000, 0x00000000d8300000| Untracked 
| 564|0x00000000d8400000, 0x00000000d8400000, 0x00000000d8500000|  0%| F|  |TAMS 0x00000000d8400000, 0x00000000d8400000| Untracked 
| 565|0x00000000d8500000, 0x00000000d8500000, 0x00000000d8600000|  0%| F|  |TAMS 0x00000000d8500000, 0x00000000d8500000| Untracked 
| 566|0x00000000d8600000, 0x00000000d8600000, 0x00000000d8700000|  0%| F|  |TAMS 0x00000000d8600000, 0x00000000d8600000| Untracked 
| 567|0x00000000d8700000, 0x00000000d8700000, 0x00000000d8800000|  0%| F|  |TAMS 0x00000000d8700000, 0x00000000d8700000| Untracked 
| 568|0x00000000d8800000, 0x00000000d8800000, 0x00000000d8900000|  0%| F|  |TAMS 0x00000000d8800000, 0x00000000d8800000| Untracked 
| 569|0x00000000d8900000, 0x00000000d8900000, 0x00000000d8a00000|  0%| F|  |TAMS 0x00000000d8900000, 0x00000000d8900000| Untracked 
| 570|0x00000000d8a00000, 0x00000000d8a00000, 0x00000000d8b00000|  0%| F|  |TAMS 0x00000000d8a00000, 0x00000000d8a00000| Untracked 
| 571|0x00000000d8b00000, 0x00000000d8b00000, 0x00000000d8c00000|  0%| F|  |TAMS 0x00000000d8b00000, 0x00000000d8b00000| Untracked 
| 572|0x00000000d8c00000, 0x00000000d8c00000, 0x00000000d8d00000|  0%| F|  |TAMS 0x00000000d8c00000, 0x00000000d8c00000| Untracked 
| 573|0x00000000d8d00000, 0x00000000d8d00000, 0x00000000d8e00000|  0%| F|  |TAMS 0x00000000d8d00000, 0x00000000d8d00000| Untracked 
| 574|0x00000000d8e00000, 0x00000000d8e00000, 0x00000000d8f00000|  0%| F|  |TAMS 0x00000000d8e00000, 0x00000000d8e00000| Untracked 
| 575|0x00000000d8f00000, 0x00000000d8f00000, 0x00000000d9000000|  0%| F|  |TAMS 0x00000000d8f00000, 0x00000000d8f00000| Untracked 
| 576|0x00000000d9000000, 0x00000000d9000000, 0x00000000d9100000|  0%| F|  |TAMS 0x00000000d9000000, 0x00000000d9000000| Untracked 
| 577|0x00000000d9100000, 0x00000000d9100000, 0x00000000d9200000|  0%| F|  |TAMS 0x00000000d9100000, 0x00000000d9100000| Untracked 
| 578|0x00000000d9200000, 0x00000000d9200000, 0x00000000d9300000|  0%| F|  |TAMS 0x00000000d9200000, 0x00000000d9200000| Untracked 
| 579|0x00000000d9300000, 0x00000000d9300000, 0x00000000d9400000|  0%| F|  |TAMS 0x00000000d9300000, 0x00000000d9300000| Untracked 
| 580|0x00000000d9400000, 0x00000000d9400000, 0x00000000d9500000|  0%| F|  |TAMS 0x00000000d9400000, 0x00000000d9400000| Untracked 
| 581|0x00000000d9500000, 0x00000000d9500000, 0x00000000d9600000|  0%| F|  |TAMS 0x00000000d9500000, 0x00000000d9500000| Untracked 
| 582|0x00000000d9600000, 0x00000000d9600000, 0x00000000d9700000|  0%| F|  |TAMS 0x00000000d9600000, 0x00000000d9600000| Untracked 
| 583|0x00000000d9700000, 0x00000000d9700000, 0x00000000d9800000|  0%| F|  |TAMS 0x00000000d9700000, 0x00000000d9700000| Untracked 
| 584|0x00000000d9800000, 0x00000000d9800000, 0x00000000d9900000|  0%| F|  |TAMS 0x00000000d9800000, 0x00000000d9800000| Untracked 
| 585|0x00000000d9900000, 0x00000000d9900000, 0x00000000d9a00000|  0%| F|  |TAMS 0x00000000d9900000, 0x00000000d9900000| Untracked 
| 586|0x00000000d9a00000, 0x00000000d9a00000, 0x00000000d9b00000|  0%| F|  |TAMS 0x00000000d9a00000, 0x00000000d9a00000| Untracked 
| 587|0x00000000d9b00000, 0x00000000d9b00000, 0x00000000d9c00000|  0%| F|  |TAMS 0x00000000d9b00000, 0x00000000d9b00000| Untracked 
| 588|0x00000000d9c00000, 0x00000000d9c00000, 0x00000000d9d00000|  0%| F|  |TAMS 0x00000000d9c00000, 0x00000000d9c00000| Untracked 
| 589|0x00000000d9d00000, 0x00000000d9d00000, 0x00000000d9e00000|  0%| F|  |TAMS 0x00000000d9d00000, 0x00000000d9d00000| Untracked 
| 590|0x00000000d9e00000, 0x00000000d9e00000, 0x00000000d9f00000|  0%| F|  |TAMS 0x00000000d9e00000, 0x00000000d9e00000| Untracked 
| 591|0x00000000d9f00000, 0x00000000d9f00000, 0x00000000da000000|  0%| F|  |TAMS 0x00000000d9f00000, 0x00000000d9f00000| Untracked 
| 592|0x00000000da000000, 0x00000000da000000, 0x00000000da100000|  0%| F|  |TAMS 0x00000000da000000, 0x00000000da000000| Untracked 
| 593|0x00000000da100000, 0x00000000da100000, 0x00000000da200000|  0%| F|  |TAMS 0x00000000da100000, 0x00000000da100000| Untracked 
| 594|0x00000000da200000, 0x00000000da200000, 0x00000000da300000|  0%| F|  |TAMS 0x00000000da200000, 0x00000000da200000| Untracked 
| 595|0x00000000da300000, 0x00000000da300000, 0x00000000da400000|  0%| F|  |TAMS 0x00000000da300000, 0x00000000da300000| Untracked 
| 596|0x00000000da400000, 0x00000000da400000, 0x00000000da500000|  0%| F|  |TAMS 0x00000000da400000, 0x00000000da400000| Untracked 
| 597|0x00000000da500000, 0x00000000da500000, 0x00000000da600000|  0%| F|  |TAMS 0x00000000da500000, 0x00000000da500000| Untracked 
| 598|0x00000000da600000, 0x00000000da600000, 0x00000000da700000|  0%| F|  |TAMS 0x00000000da600000, 0x00000000da600000| Untracked 
| 599|0x00000000da700000, 0x00000000da700000, 0x00000000da800000|  0%| F|  |TAMS 0x00000000da700000, 0x00000000da700000| Untracked 
| 600|0x00000000da800000, 0x00000000da800000, 0x00000000da900000|  0%| F|  |TAMS 0x00000000da800000, 0x00000000da800000| Untracked 
| 601|0x00000000da900000, 0x00000000da900000, 0x00000000daa00000|  0%| F|  |TAMS 0x00000000da900000, 0x00000000da900000| Untracked 
| 602|0x00000000daa00000, 0x00000000daa00000, 0x00000000dab00000|  0%| F|  |TAMS 0x00000000daa00000, 0x00000000daa00000| Untracked 
| 603|0x00000000dab00000, 0x00000000dab00000, 0x00000000dac00000|  0%| F|  |TAMS 0x00000000dab00000, 0x00000000dab00000| Untracked 
| 604|0x00000000dac00000, 0x00000000dac00000, 0x00000000dad00000|  0%| F|  |TAMS 0x00000000dac00000, 0x00000000dac00000| Untracked 
| 605|0x00000000dad00000, 0x00000000dad00000, 0x00000000dae00000|  0%| F|  |TAMS 0x00000000dad00000, 0x00000000dad00000| Untracked 
| 606|0x00000000dae00000, 0x00000000dae00000, 0x00000000daf00000|  0%| F|  |TAMS 0x00000000dae00000, 0x00000000dae00000| Untracked 
| 607|0x00000000daf00000, 0x00000000daf00000, 0x00000000db000000|  0%| F|  |TAMS 0x00000000daf00000, 0x00000000daf00000| Untracked 
| 608|0x00000000db000000, 0x00000000db000000, 0x00000000db100000|  0%| F|  |TAMS 0x00000000db000000, 0x00000000db000000| Untracked 
| 609|0x00000000db100000, 0x00000000db100000, 0x00000000db200000|  0%| F|  |TAMS 0x00000000db100000, 0x00000000db100000| Untracked 
| 610|0x00000000db200000, 0x00000000db200000, 0x00000000db300000|  0%| F|  |TAMS 0x00000000db200000, 0x00000000db200000| Untracked 
| 611|0x00000000db300000, 0x00000000db300000, 0x00000000db400000|  0%| F|  |TAMS 0x00000000db300000, 0x00000000db300000| Untracked 
| 612|0x00000000db400000, 0x00000000db400000, 0x00000000db500000|  0%| F|  |TAMS 0x00000000db400000, 0x00000000db400000| Untracked 
| 613|0x00000000db500000, 0x00000000db500000, 0x00000000db600000|  0%| F|  |TAMS 0x00000000db500000, 0x00000000db500000| Untracked 
| 614|0x00000000db600000, 0x00000000db600000, 0x00000000db700000|  0%| F|  |TAMS 0x00000000db600000, 0x00000000db600000| Untracked 
| 615|0x00000000db700000, 0x00000000db700000, 0x00000000db800000|  0%| F|  |TAMS 0x00000000db700000, 0x00000000db700000| Untracked 
| 616|0x00000000db800000, 0x00000000db800000, 0x00000000db900000|  0%| F|  |TAMS 0x00000000db800000, 0x00000000db800000| Untracked 
| 617|0x00000000db900000, 0x00000000db900000, 0x00000000dba00000|  0%| F|  |TAMS 0x00000000db900000, 0x00000000db900000| Untracked 
| 618|0x00000000dba00000, 0x00000000dba00000, 0x00000000dbb00000|  0%| F|  |TAMS 0x00000000dba00000, 0x00000000dba00000| Untracked 
| 619|0x00000000dbb00000, 0x00000000dbb00000, 0x00000000dbc00000|  0%| F|  |TAMS 0x00000000dbb00000, 0x00000000dbb00000| Untracked 
| 620|0x00000000dbc00000, 0x00000000dbc00000, 0x00000000dbd00000|  0%| F|  |TAMS 0x00000000dbc00000, 0x00000000dbc00000| Untracked 
| 621|0x00000000dbd00000, 0x00000000dbd00000, 0x00000000dbe00000|  0%| F|  |TAMS 0x00000000dbd00000, 0x00000000dbd00000| Untracked 
| 622|0x00000000dbe00000, 0x00000000dbe00000, 0x00000000dbf00000|  0%| F|  |TAMS 0x00000000dbe00000, 0x00000000dbe00000| Untracked 
| 623|0x00000000dbf00000, 0x00000000dbf00000, 0x00000000dc000000|  0%| F|  |TAMS 0x00000000dbf00000, 0x00000000dbf00000| Untracked 
| 624|0x00000000dc000000, 0x00000000dc000000, 0x00000000dc100000|  0%| F|  |TAMS 0x00000000dc000000, 0x00000000dc000000| Untracked 
| 625|0x00000000dc100000, 0x00000000dc100000, 0x00000000dc200000|  0%| F|  |TAMS 0x00000000dc100000, 0x00000000dc100000| Untracked 
| 626|0x00000000dc200000, 0x00000000dc200000, 0x00000000dc300000|  0%| F|  |TAMS 0x00000000dc200000, 0x00000000dc200000| Untracked 
| 627|0x00000000dc300000, 0x00000000dc300000, 0x00000000dc400000|  0%| F|  |TAMS 0x00000000dc300000, 0x00000000dc300000| Untracked 
| 628|0x00000000dc400000, 0x00000000dc400000, 0x00000000dc500000|  0%| F|  |TAMS 0x00000000dc400000, 0x00000000dc400000| Untracked 
| 629|0x00000000dc500000, 0x00000000dc500000, 0x00000000dc600000|  0%| F|  |TAMS 0x00000000dc500000, 0x00000000dc500000| Untracked 
| 630|0x00000000dc600000, 0x00000000dc600000, 0x00000000dc700000|  0%| F|  |TAMS 0x00000000dc600000, 0x00000000dc600000| Untracked 
| 631|0x00000000dc700000, 0x00000000dc700000, 0x00000000dc800000|  0%| F|  |TAMS 0x00000000dc700000, 0x00000000dc700000| Untracked 
| 632|0x00000000dc800000, 0x00000000dc800000, 0x00000000dc900000|  0%| F|  |TAMS 0x00000000dc800000, 0x00000000dc800000| Untracked 
| 633|0x00000000dc900000, 0x00000000dc900000, 0x00000000dca00000|  0%| F|  |TAMS 0x00000000dc900000, 0x00000000dc900000| Untracked 
| 634|0x00000000dca00000, 0x00000000dca00000, 0x00000000dcb00000|  0%| F|  |TAMS 0x00000000dca00000, 0x00000000dca00000| Untracked 
| 635|0x00000000dcb00000, 0x00000000dcb00000, 0x00000000dcc00000|  0%| F|  |TAMS 0x00000000dcb00000, 0x00000000dcb00000| Untracked 
| 636|0x00000000dcc00000, 0x00000000dcc00000, 0x00000000dcd00000|  0%| F|  |TAMS 0x00000000dcc00000, 0x00000000dcc00000| Untracked 
| 637|0x00000000dcd00000, 0x00000000dcd00000, 0x00000000dce00000|  0%| F|  |TAMS 0x00000000dcd00000, 0x00000000dcd00000| Untracked 
| 638|0x00000000dce00000, 0x00000000dce00000, 0x00000000dcf00000|  0%| F|  |TAMS 0x00000000dce00000, 0x00000000dce00000| Untracked 
| 639|0x00000000dcf00000, 0x00000000dcf00000, 0x00000000dd000000|  0%| F|  |TAMS 0x00000000dcf00000, 0x00000000dcf00000| Untracked 
| 640|0x00000000dd000000, 0x00000000dd000000, 0x00000000dd100000|  0%| F|  |TAMS 0x00000000dd000000, 0x00000000dd000000| Untracked 
| 641|0x00000000dd100000, 0x00000000dd100000, 0x00000000dd200000|  0%| F|  |TAMS 0x00000000dd100000, 0x00000000dd100000| Untracked 
| 642|0x00000000dd200000, 0x00000000dd200000, 0x00000000dd300000|  0%| F|  |TAMS 0x00000000dd200000, 0x00000000dd200000| Untracked 
| 643|0x00000000dd300000, 0x00000000dd300000, 0x00000000dd400000|  0%| F|  |TAMS 0x00000000dd300000, 0x00000000dd300000| Untracked 
| 644|0x00000000dd400000, 0x00000000dd400000, 0x00000000dd500000|  0%| F|  |TAMS 0x00000000dd400000, 0x00000000dd400000| Untracked 
| 645|0x00000000dd500000, 0x00000000dd500000, 0x00000000dd600000|  0%| F|  |TAMS 0x00000000dd500000, 0x00000000dd500000| Untracked 
| 646|0x00000000dd600000, 0x00000000dd600000, 0x00000000dd700000|  0%| F|  |TAMS 0x00000000dd600000, 0x00000000dd600000| Untracked 
| 647|0x00000000dd700000, 0x00000000dd700000, 0x00000000dd800000|  0%| F|  |TAMS 0x00000000dd700000, 0x00000000dd700000| Untracked 
| 648|0x00000000dd800000, 0x00000000dd800000, 0x00000000dd900000|  0%| F|  |TAMS 0x00000000dd800000, 0x00000000dd800000| Untracked 
| 649|0x00000000dd900000, 0x00000000dd900000, 0x00000000dda00000|  0%| F|  |TAMS 0x00000000dd900000, 0x00000000dd900000| Untracked 
| 650|0x00000000dda00000, 0x00000000dda00000, 0x00000000ddb00000|  0%| F|  |TAMS 0x00000000dda00000, 0x00000000dda00000| Untracked 
| 651|0x00000000ddb00000, 0x00000000ddb00000, 0x00000000ddc00000|  0%| F|  |TAMS 0x00000000ddb00000, 0x00000000ddb00000| Untracked 
| 652|0x00000000ddc00000, 0x00000000ddc00000, 0x00000000ddd00000|  0%| F|  |TAMS 0x00000000ddc00000, 0x00000000ddc00000| Untracked 
| 653|0x00000000ddd00000, 0x00000000ddd00000, 0x00000000dde00000|  0%| F|  |TAMS 0x00000000ddd00000, 0x00000000ddd00000| Untracked 
| 654|0x00000000dde00000, 0x00000000dde00000, 0x00000000ddf00000|  0%| F|  |TAMS 0x00000000dde00000, 0x00000000dde00000| Untracked 
| 655|0x00000000ddf00000, 0x00000000ddf00000, 0x00000000de000000|  0%| F|  |TAMS 0x00000000ddf00000, 0x00000000ddf00000| Untracked 
| 656|0x00000000de000000, 0x00000000de000000, 0x00000000de100000|  0%| F|  |TAMS 0x00000000de000000, 0x00000000de000000| Untracked 
| 657|0x00000000de100000, 0x00000000de100000, 0x00000000de200000|  0%| F|  |TAMS 0x00000000de100000, 0x00000000de100000| Untracked 
| 658|0x00000000de200000, 0x00000000de200000, 0x00000000de300000|  0%| F|  |TAMS 0x00000000de200000, 0x00000000de200000| Untracked 
| 659|0x00000000de300000, 0x00000000de300000, 0x00000000de400000|  0%| F|  |TAMS 0x00000000de300000, 0x00000000de300000| Untracked 
| 660|0x00000000de400000, 0x00000000de500000, 0x00000000de500000|100%| S|CS|TAMS 0x00000000de400000, 0x00000000de400000| Complete 
| 661|0x00000000de500000, 0x00000000de600000, 0x00000000de600000|100%| S|CS|TAMS 0x00000000de500000, 0x00000000de500000| Complete 
| 662|0x00000000de600000, 0x00000000de700000, 0x00000000de700000|100%| S|CS|TAMS 0x00000000de600000, 0x00000000de600000| Complete 
| 663|0x00000000de700000, 0x00000000de800000, 0x00000000de800000|100%| S|CS|TAMS 0x00000000de700000, 0x00000000de700000| Complete 
| 664|0x00000000de800000, 0x00000000de900000, 0x00000000de900000|100%| S|CS|TAMS 0x00000000de800000, 0x00000000de800000| Complete 
| 665|0x00000000de900000, 0x00000000dea00000, 0x00000000dea00000|100%| S|CS|TAMS 0x00000000de900000, 0x00000000de900000| Complete 
| 666|0x00000000dea00000, 0x00000000deb00000, 0x00000000deb00000|100%| S|CS|TAMS 0x00000000dea00000, 0x00000000dea00000| Complete 
| 667|0x00000000deb00000, 0x00000000dec00000, 0x00000000dec00000|100%| S|CS|TAMS 0x00000000deb00000, 0x00000000deb00000| Complete 
| 668|0x00000000dec00000, 0x00000000ded00000, 0x00000000ded00000|100%| S|CS|TAMS 0x00000000dec00000, 0x00000000dec00000| Complete 
| 669|0x00000000ded00000, 0x00000000dee00000, 0x00000000dee00000|100%| S|CS|TAMS 0x00000000ded00000, 0x00000000ded00000| Complete 
| 670|0x00000000dee00000, 0x00000000def00000, 0x00000000def00000|100%| S|CS|TAMS 0x00000000dee00000, 0x00000000dee00000| Complete 
| 671|0x00000000def00000, 0x00000000df000000, 0x00000000df000000|100%| S|CS|TAMS 0x00000000def00000, 0x00000000def00000| Complete 
| 672|0x00000000df000000, 0x00000000df100000, 0x00000000df100000|100%| S|CS|TAMS 0x00000000df000000, 0x00000000df000000| Complete 
| 673|0x00000000df100000, 0x00000000df200000, 0x00000000df200000|100%| S|CS|TAMS 0x00000000df100000, 0x00000000df100000| Complete 
| 674|0x00000000df200000, 0x00000000df300000, 0x00000000df300000|100%| S|CS|TAMS 0x00000000df200000, 0x00000000df200000| Complete 
| 675|0x00000000df300000, 0x00000000df400000, 0x00000000df400000|100%| S|CS|TAMS 0x00000000df300000, 0x00000000df300000| Complete 
| 676|0x00000000df400000, 0x00000000df500000, 0x00000000df500000|100%| S|CS|TAMS 0x00000000df400000, 0x00000000df400000| Complete 
| 677|0x00000000df500000, 0x00000000df600000, 0x00000000df600000|100%| S|CS|TAMS 0x00000000df500000, 0x00000000df500000| Complete 
| 678|0x00000000df600000, 0x00000000df700000, 0x00000000df700000|100%| S|CS|TAMS 0x00000000df600000, 0x00000000df600000| Complete 
| 679|0x00000000df700000, 0x00000000df800000, 0x00000000df800000|100%| S|CS|TAMS 0x00000000df700000, 0x00000000df700000| Complete 
| 680|0x00000000df800000, 0x00000000df900000, 0x00000000df900000|100%| S|CS|TAMS 0x00000000df800000, 0x00000000df800000| Complete 
| 681|0x00000000df900000, 0x00000000dfa00000, 0x00000000dfa00000|100%| S|CS|TAMS 0x00000000df900000, 0x00000000df900000| Complete 
| 682|0x00000000dfa00000, 0x00000000dfb00000, 0x00000000dfb00000|100%| S|CS|TAMS 0x00000000dfa00000, 0x00000000dfa00000| Complete 
| 683|0x00000000dfb00000, 0x00000000dfc00000, 0x00000000dfc00000|100%| S|CS|TAMS 0x00000000dfb00000, 0x00000000dfb00000| Complete 
| 684|0x00000000dfc00000, 0x00000000dfd00000, 0x00000000dfd00000|100%| S|CS|TAMS 0x00000000dfc00000, 0x00000000dfc00000| Complete 
| 685|0x00000000dfd00000, 0x00000000dfe00000, 0x00000000dfe00000|100%| S|CS|TAMS 0x00000000dfd00000, 0x00000000dfd00000| Complete 
| 686|0x00000000dfe00000, 0x00000000dff00000, 0x00000000dff00000|100%| S|CS|TAMS 0x00000000dfe00000, 0x00000000dfe00000| Complete 
| 687|0x00000000dff00000, 0x00000000e0000000, 0x00000000e0000000|100%| S|CS|TAMS 0x00000000dff00000, 0x00000000dff00000| Complete 
| 688|0x00000000e0000000, 0x00000000e0100000, 0x00000000e0100000|100%| S|CS|TAMS 0x00000000e0000000, 0x00000000e0000000| Complete 
| 689|0x00000000e0100000, 0x00000000e0200000, 0x00000000e0200000|100%| S|CS|TAMS 0x00000000e0100000, 0x00000000e0100000| Complete 
| 690|0x00000000e0200000, 0x00000000e0300000, 0x00000000e0300000|100%| S|CS|TAMS 0x00000000e0200000, 0x00000000e0200000| Complete 
| 691|0x00000000e0300000, 0x00000000e0400000, 0x00000000e0400000|100%| S|CS|TAMS 0x00000000e0300000, 0x00000000e0300000| Complete 
| 692|0x00000000e0400000, 0x00000000e0500000, 0x00000000e0500000|100%| S|CS|TAMS 0x00000000e0400000, 0x00000000e0400000| Complete 
| 693|0x00000000e0500000, 0x00000000e0600000, 0x00000000e0600000|100%| S|CS|TAMS 0x00000000e0500000, 0x00000000e0500000| Complete 
| 694|0x00000000e0600000, 0x00000000e0700000, 0x00000000e0700000|100%| S|CS|TAMS 0x00000000e0600000, 0x00000000e0600000| Complete 
| 695|0x00000000e0700000, 0x00000000e0800000, 0x00000000e0800000|100%| S|CS|TAMS 0x00000000e0700000, 0x00000000e0700000| Complete 
| 696|0x00000000e0800000, 0x00000000e0800000, 0x00000000e0900000|  0%| F|  |TAMS 0x00000000e0800000, 0x00000000e0800000| Untracked 
| 697|0x00000000e0900000, 0x00000000e0900000, 0x00000000e0a00000|  0%| F|  |TAMS 0x00000000e0900000, 0x00000000e0900000| Untracked 
| 698|0x00000000e0a00000, 0x00000000e0a00000, 0x00000000e0b00000|  0%| F|  |TAMS 0x00000000e0a00000, 0x00000000e0a00000| Untracked 
| 699|0x00000000e0b00000, 0x00000000e0b00000, 0x00000000e0c00000|  0%| F|  |TAMS 0x00000000e0b00000, 0x00000000e0b00000| Untracked 
| 700|0x00000000e0c00000, 0x00000000e0c00000, 0x00000000e0d00000|  0%| F|  |TAMS 0x00000000e0c00000, 0x00000000e0c00000| Untracked 
| 701|0x00000000e0d00000, 0x00000000e0d00000, 0x00000000e0e00000|  0%| F|  |TAMS 0x00000000e0d00000, 0x00000000e0d00000| Untracked 
| 702|0x00000000e0e00000, 0x00000000e0e00000, 0x00000000e0f00000|  0%| F|  |TAMS 0x00000000e0e00000, 0x00000000e0e00000| Untracked 
| 703|0x00000000e0f00000, 0x00000000e0f00000, 0x00000000e1000000|  0%| F|  |TAMS 0x00000000e0f00000, 0x00000000e0f00000| Untracked 
| 704|0x00000000e1000000, 0x00000000e1000000, 0x00000000e1100000|  0%| F|  |TAMS 0x00000000e1000000, 0x00000000e1000000| Untracked 
| 705|0x00000000e1100000, 0x00000000e1100000, 0x00000000e1200000|  0%| F|  |TAMS 0x00000000e1100000, 0x00000000e1100000| Untracked 
| 706|0x00000000e1200000, 0x00000000e1200000, 0x00000000e1300000|  0%| F|  |TAMS 0x00000000e1200000, 0x00000000e1200000| Untracked 
| 707|0x00000000e1300000, 0x00000000e1300000, 0x00000000e1400000|  0%| F|  |TAMS 0x00000000e1300000, 0x00000000e1300000| Untracked 
| 708|0x00000000e1400000, 0x00000000e1400000, 0x00000000e1500000|  0%| F|  |TAMS 0x00000000e1400000, 0x00000000e1400000| Untracked 
| 709|0x00000000e1500000, 0x00000000e1500000, 0x00000000e1600000|  0%| F|  |TAMS 0x00000000e1500000, 0x00000000e1500000| Untracked 
| 710|0x00000000e1600000, 0x00000000e1600000, 0x00000000e1700000|  0%| F|  |TAMS 0x00000000e1600000, 0x00000000e1600000| Untracked 
| 711|0x00000000e1700000, 0x00000000e1700000, 0x00000000e1800000|  0%| F|  |TAMS 0x00000000e1700000, 0x00000000e1700000| Untracked 
| 712|0x00000000e1800000, 0x00000000e1800000, 0x00000000e1900000|  0%| F|  |TAMS 0x00000000e1800000, 0x00000000e1800000| Untracked 
| 713|0x00000000e1900000, 0x00000000e1900000, 0x00000000e1a00000|  0%| F|  |TAMS 0x00000000e1900000, 0x00000000e1900000| Untracked 
| 714|0x00000000e1a00000, 0x00000000e1a00000, 0x00000000e1b00000|  0%| F|  |TAMS 0x00000000e1a00000, 0x00000000e1a00000| Untracked 
| 715|0x00000000e1b00000, 0x00000000e1b00000, 0x00000000e1c00000|  0%| F|  |TAMS 0x00000000e1b00000, 0x00000000e1b00000| Untracked 
| 716|0x00000000e1c00000, 0x00000000e1c00000, 0x00000000e1d00000|  0%| F|  |TAMS 0x00000000e1c00000, 0x00000000e1c00000| Untracked 
| 717|0x00000000e1d00000, 0x00000000e1d00000, 0x00000000e1e00000|  0%| F|  |TAMS 0x00000000e1d00000, 0x00000000e1d00000| Untracked 
| 718|0x00000000e1e00000, 0x00000000e1e00000, 0x00000000e1f00000|  0%| F|  |TAMS 0x00000000e1e00000, 0x00000000e1e00000| Untracked 
| 719|0x00000000e1f00000, 0x00000000e1f00000, 0x00000000e2000000|  0%| F|  |TAMS 0x00000000e1f00000, 0x00000000e1f00000| Untracked 
| 720|0x00000000e2000000, 0x00000000e2000000, 0x00000000e2100000|  0%| F|  |TAMS 0x00000000e2000000, 0x00000000e2000000| Untracked 
| 721|0x00000000e2100000, 0x00000000e2100000, 0x00000000e2200000|  0%| F|  |TAMS 0x00000000e2100000, 0x00000000e2100000| Untracked 
| 722|0x00000000e2200000, 0x00000000e2200000, 0x00000000e2300000|  0%| F|  |TAMS 0x00000000e2200000, 0x00000000e2200000| Untracked 
| 723|0x00000000e2300000, 0x00000000e2300000, 0x00000000e2400000|  0%| F|  |TAMS 0x00000000e2300000, 0x00000000e2300000| Untracked 
| 724|0x00000000e2400000, 0x00000000e2400000, 0x00000000e2500000|  0%| F|  |TAMS 0x00000000e2400000, 0x00000000e2400000| Untracked 
| 725|0x00000000e2500000, 0x00000000e2500000, 0x00000000e2600000|  0%| F|  |TAMS 0x00000000e2500000, 0x00000000e2500000| Untracked 
| 726|0x00000000e2600000, 0x00000000e2600000, 0x00000000e2700000|  0%| F|  |TAMS 0x00000000e2600000, 0x00000000e2600000| Untracked 
| 727|0x00000000e2700000, 0x00000000e2700000, 0x00000000e2800000|  0%| F|  |TAMS 0x00000000e2700000, 0x00000000e2700000| Untracked 
| 728|0x00000000e2800000, 0x00000000e2800000, 0x00000000e2900000|  0%| F|  |TAMS 0x00000000e2800000, 0x00000000e2800000| Untracked 
| 729|0x00000000e2900000, 0x00000000e2900000, 0x00000000e2a00000|  0%| F|  |TAMS 0x00000000e2900000, 0x00000000e2900000| Untracked 
| 730|0x00000000e2a00000, 0x00000000e2a00000, 0x00000000e2b00000|  0%| F|  |TAMS 0x00000000e2a00000, 0x00000000e2a00000| Untracked 
| 731|0x00000000e2b00000, 0x00000000e2b00000, 0x00000000e2c00000|  0%| F|  |TAMS 0x00000000e2b00000, 0x00000000e2b00000| Untracked 
| 732|0x00000000e2c00000, 0x00000000e2c00000, 0x00000000e2d00000|  0%| F|  |TAMS 0x00000000e2c00000, 0x00000000e2c00000| Untracked 
| 733|0x00000000e2d00000, 0x00000000e2d00000, 0x00000000e2e00000|  0%| F|  |TAMS 0x00000000e2d00000, 0x00000000e2d00000| Untracked 
| 734|0x00000000e2e00000, 0x00000000e2e00000, 0x00000000e2f00000|  0%| F|  |TAMS 0x00000000e2e00000, 0x00000000e2e00000| Untracked 
| 735|0x00000000e2f00000, 0x00000000e2f00000, 0x00000000e3000000|  0%| F|  |TAMS 0x00000000e2f00000, 0x00000000e2f00000| Untracked 
| 736|0x00000000e3000000, 0x00000000e3000000, 0x00000000e3100000|  0%| F|  |TAMS 0x00000000e3000000, 0x00000000e3000000| Untracked 
| 737|0x00000000e3100000, 0x00000000e3100000, 0x00000000e3200000|  0%| F|  |TAMS 0x00000000e3100000, 0x00000000e3100000| Untracked 
| 738|0x00000000e3200000, 0x00000000e3200000, 0x00000000e3300000|  0%| F|  |TAMS 0x00000000e3200000, 0x00000000e3200000| Untracked 
| 739|0x00000000e3300000, 0x00000000e3300000, 0x00000000e3400000|  0%| F|  |TAMS 0x00000000e3300000, 0x00000000e3300000| Untracked 
| 740|0x00000000e3400000, 0x00000000e3400000, 0x00000000e3500000|  0%| F|  |TAMS 0x00000000e3400000, 0x00000000e3400000| Untracked 
| 741|0x00000000e3500000, 0x00000000e3500000, 0x00000000e3600000|  0%| F|  |TAMS 0x00000000e3500000, 0x00000000e3500000| Untracked 
| 742|0x00000000e3600000, 0x00000000e3600000, 0x00000000e3700000|  0%| F|  |TAMS 0x00000000e3600000, 0x00000000e3600000| Untracked 
| 743|0x00000000e3700000, 0x00000000e3700000, 0x00000000e3800000|  0%| F|  |TAMS 0x00000000e3700000, 0x00000000e3700000| Untracked 
| 744|0x00000000e3800000, 0x00000000e3800000, 0x00000000e3900000|  0%| F|  |TAMS 0x00000000e3800000, 0x00000000e3800000| Untracked 
| 745|0x00000000e3900000, 0x00000000e3900000, 0x00000000e3a00000|  0%| F|  |TAMS 0x00000000e3900000, 0x00000000e3900000| Untracked 
| 746|0x00000000e3a00000, 0x00000000e3a00000, 0x00000000e3b00000|  0%| F|  |TAMS 0x00000000e3a00000, 0x00000000e3a00000| Untracked 
| 747|0x00000000e3b00000, 0x00000000e3b00000, 0x00000000e3c00000|  0%| F|  |TAMS 0x00000000e3b00000, 0x00000000e3b00000| Untracked 
| 748|0x00000000e3c00000, 0x00000000e3c00000, 0x00000000e3d00000|  0%| F|  |TAMS 0x00000000e3c00000, 0x00000000e3c00000| Untracked 
| 749|0x00000000e3d00000, 0x00000000e3d00000, 0x00000000e3e00000|  0%| F|  |TAMS 0x00000000e3d00000, 0x00000000e3d00000| Untracked 
| 750|0x00000000e3e00000, 0x00000000e3e00000, 0x00000000e3f00000|  0%| F|  |TAMS 0x00000000e3e00000, 0x00000000e3e00000| Untracked 
| 751|0x00000000e3f00000, 0x00000000e3f00000, 0x00000000e4000000|  0%| F|  |TAMS 0x00000000e3f00000, 0x00000000e3f00000| Untracked 
| 752|0x00000000e4000000, 0x00000000e4000000, 0x00000000e4100000|  0%| F|  |TAMS 0x00000000e4000000, 0x00000000e4000000| Untracked 
| 753|0x00000000e4100000, 0x00000000e4100000, 0x00000000e4200000|  0%| F|  |TAMS 0x00000000e4100000, 0x00000000e4100000| Untracked 
| 754|0x00000000e4200000, 0x00000000e4200000, 0x00000000e4300000|  0%| F|  |TAMS 0x00000000e4200000, 0x00000000e4200000| Untracked 
| 755|0x00000000e4300000, 0x00000000e4300000, 0x00000000e4400000|  0%| F|  |TAMS 0x00000000e4300000, 0x00000000e4300000| Untracked 
| 756|0x00000000e4400000, 0x00000000e4400000, 0x00000000e4500000|  0%| F|  |TAMS 0x00000000e4400000, 0x00000000e4400000| Untracked 
| 757|0x00000000e4500000, 0x00000000e4500000, 0x00000000e4600000|  0%| F|  |TAMS 0x00000000e4500000, 0x00000000e4500000| Untracked 
| 758|0x00000000e4600000, 0x00000000e4600000, 0x00000000e4700000|  0%| F|  |TAMS 0x00000000e4600000, 0x00000000e4600000| Untracked 
| 759|0x00000000e4700000, 0x00000000e4700000, 0x00000000e4800000|  0%| F|  |TAMS 0x00000000e4700000, 0x00000000e4700000| Untracked 
| 760|0x00000000e4800000, 0x00000000e4800000, 0x00000000e4900000|  0%| F|  |TAMS 0x00000000e4800000, 0x00000000e4800000| Untracked 
| 761|0x00000000e4900000, 0x00000000e4900000, 0x00000000e4a00000|  0%| F|  |TAMS 0x00000000e4900000, 0x00000000e4900000| Untracked 
| 762|0x00000000e4a00000, 0x00000000e4a00000, 0x00000000e4b00000|  0%| F|  |TAMS 0x00000000e4a00000, 0x00000000e4a00000| Untracked 
| 763|0x00000000e4b00000, 0x00000000e4b00000, 0x00000000e4c00000|  0%| F|  |TAMS 0x00000000e4b00000, 0x00000000e4b00000| Untracked 
| 764|0x00000000e4c00000, 0x00000000e4c00000, 0x00000000e4d00000|  0%| F|  |TAMS 0x00000000e4c00000, 0x00000000e4c00000| Untracked 
| 765|0x00000000e4d00000, 0x00000000e4d00000, 0x00000000e4e00000|  0%| F|  |TAMS 0x00000000e4d00000, 0x00000000e4d00000| Untracked 
| 766|0x00000000e4e00000, 0x00000000e4e00000, 0x00000000e4f00000|  0%| F|  |TAMS 0x00000000e4e00000, 0x00000000e4e00000| Untracked 
| 767|0x00000000e4f00000, 0x00000000e4f00000, 0x00000000e5000000|  0%| F|  |TAMS 0x00000000e4f00000, 0x00000000e4f00000| Untracked 
| 768|0x00000000e5000000, 0x00000000e5000000, 0x00000000e5100000|  0%| F|  |TAMS 0x00000000e5000000, 0x00000000e5000000| Untracked 
| 769|0x00000000e5100000, 0x00000000e5100000, 0x00000000e5200000|  0%| F|  |TAMS 0x00000000e5100000, 0x00000000e5100000| Untracked 
| 770|0x00000000e5200000, 0x00000000e5200000, 0x00000000e5300000|  0%| F|  |TAMS 0x00000000e5200000, 0x00000000e5200000| Untracked 
| 771|0x00000000e5300000, 0x00000000e5300000, 0x00000000e5400000|  0%| F|  |TAMS 0x00000000e5300000, 0x00000000e5300000| Untracked 
| 772|0x00000000e5400000, 0x00000000e5400000, 0x00000000e5500000|  0%| F|  |TAMS 0x00000000e5400000, 0x00000000e5400000| Untracked 
| 773|0x00000000e5500000, 0x00000000e5500000, 0x00000000e5600000|  0%| F|  |TAMS 0x00000000e5500000, 0x00000000e5500000| Untracked 
| 774|0x00000000e5600000, 0x00000000e5600000, 0x00000000e5700000|  0%| F|  |TAMS 0x00000000e5600000, 0x00000000e5600000| Untracked 
| 775|0x00000000e5700000, 0x00000000e5700000, 0x00000000e5800000|  0%| F|  |TAMS 0x00000000e5700000, 0x00000000e5700000| Untracked 
| 776|0x00000000e5800000, 0x00000000e5800000, 0x00000000e5900000|  0%| F|  |TAMS 0x00000000e5800000, 0x00000000e5800000| Untracked 
| 777|0x00000000e5900000, 0x00000000e5900000, 0x00000000e5a00000|  0%| F|  |TAMS 0x00000000e5900000, 0x00000000e5900000| Untracked 
| 778|0x00000000e5a00000, 0x00000000e5a00000, 0x00000000e5b00000|  0%| F|  |TAMS 0x00000000e5a00000, 0x00000000e5a00000| Untracked 
| 779|0x00000000e5b00000, 0x00000000e5b00000, 0x00000000e5c00000|  0%| F|  |TAMS 0x00000000e5b00000, 0x00000000e5b00000| Untracked 
| 780|0x00000000e5c00000, 0x00000000e5c00000, 0x00000000e5d00000|  0%| F|  |TAMS 0x00000000e5c00000, 0x00000000e5c00000| Untracked 
| 781|0x00000000e5d00000, 0x00000000e5d00000, 0x00000000e5e00000|  0%| F|  |TAMS 0x00000000e5d00000, 0x00000000e5d00000| Untracked 
| 782|0x00000000e5e00000, 0x00000000e5e00000, 0x00000000e5f00000|  0%| F|  |TAMS 0x00000000e5e00000, 0x00000000e5e00000| Untracked 
| 783|0x00000000e5f00000, 0x00000000e5f00000, 0x00000000e6000000|  0%| F|  |TAMS 0x00000000e5f00000, 0x00000000e5f00000| Untracked 
| 784|0x00000000e6000000, 0x00000000e6000000, 0x00000000e6100000|  0%| F|  |TAMS 0x00000000e6000000, 0x00000000e6000000| Untracked 
| 785|0x00000000e6100000, 0x00000000e6100000, 0x00000000e6200000|  0%| F|  |TAMS 0x00000000e6100000, 0x00000000e6100000| Untracked 
| 786|0x00000000e6200000, 0x00000000e6200000, 0x00000000e6300000|  0%| F|  |TAMS 0x00000000e6200000, 0x00000000e6200000| Untracked 
| 787|0x00000000e6300000, 0x00000000e6300000, 0x00000000e6400000|  0%| F|  |TAMS 0x00000000e6300000, 0x00000000e6300000| Untracked 
| 788|0x00000000e6400000, 0x00000000e6400000, 0x00000000e6500000|  0%| F|  |TAMS 0x00000000e6400000, 0x00000000e6400000| Untracked 
| 789|0x00000000e6500000, 0x00000000e6500000, 0x00000000e6600000|  0%| F|  |TAMS 0x00000000e6500000, 0x00000000e6500000| Untracked 
| 790|0x00000000e6600000, 0x00000000e6600000, 0x00000000e6700000|  0%| F|  |TAMS 0x00000000e6600000, 0x00000000e6600000| Untracked 
| 791|0x00000000e6700000, 0x00000000e6700000, 0x00000000e6800000|  0%| F|  |TAMS 0x00000000e6700000, 0x00000000e6700000| Untracked 
| 792|0x00000000e6800000, 0x00000000e6800000, 0x00000000e6900000|  0%| F|  |TAMS 0x00000000e6800000, 0x00000000e6800000| Untracked 
| 793|0x00000000e6900000, 0x00000000e6900000, 0x00000000e6a00000|  0%| F|  |TAMS 0x00000000e6900000, 0x00000000e6900000| Untracked 
| 794|0x00000000e6a00000, 0x00000000e6a00000, 0x00000000e6b00000|  0%| F|  |TAMS 0x00000000e6a00000, 0x00000000e6a00000| Untracked 
| 795|0x00000000e6b00000, 0x00000000e6b00000, 0x00000000e6c00000|  0%| F|  |TAMS 0x00000000e6b00000, 0x00000000e6b00000| Untracked 
| 796|0x00000000e6c00000, 0x00000000e6c00000, 0x00000000e6d00000|  0%| F|  |TAMS 0x00000000e6c00000, 0x00000000e6c00000| Untracked 
| 797|0x00000000e6d00000, 0x00000000e6d00000, 0x00000000e6e00000|  0%| F|  |TAMS 0x00000000e6d00000, 0x00000000e6d00000| Untracked 
| 798|0x00000000e6e00000, 0x00000000e6e00000, 0x00000000e6f00000|  0%| F|  |TAMS 0x00000000e6e00000, 0x00000000e6e00000| Untracked 
| 799|0x00000000e6f00000, 0x00000000e6f00000, 0x00000000e7000000|  0%| F|  |TAMS 0x00000000e6f00000, 0x00000000e6f00000| Untracked 
| 800|0x00000000e7000000, 0x00000000e7000000, 0x00000000e7100000|  0%| F|  |TAMS 0x00000000e7000000, 0x00000000e7000000| Untracked 
| 801|0x00000000e7100000, 0x00000000e7100000, 0x00000000e7200000|  0%| F|  |TAMS 0x00000000e7100000, 0x00000000e7100000| Untracked 
| 802|0x00000000e7200000, 0x00000000e7200000, 0x00000000e7300000|  0%| F|  |TAMS 0x00000000e7200000, 0x00000000e7200000| Untracked 
| 803|0x00000000e7300000, 0x00000000e7300000, 0x00000000e7400000|  0%| F|  |TAMS 0x00000000e7300000, 0x00000000e7300000| Untracked 
| 804|0x00000000e7400000, 0x00000000e7400000, 0x00000000e7500000|  0%| F|  |TAMS 0x00000000e7400000, 0x00000000e7400000| Untracked 
| 805|0x00000000e7500000, 0x00000000e7500000, 0x00000000e7600000|  0%| F|  |TAMS 0x00000000e7500000, 0x00000000e7500000| Untracked 
| 806|0x00000000e7600000, 0x00000000e7600000, 0x00000000e7700000|  0%| F|  |TAMS 0x00000000e7600000, 0x00000000e7600000| Untracked 
| 807|0x00000000e7700000, 0x00000000e7700000, 0x00000000e7800000|  0%| F|  |TAMS 0x00000000e7700000, 0x00000000e7700000| Untracked 
| 808|0x00000000e7800000, 0x00000000e7800000, 0x00000000e7900000|  0%| F|  |TAMS 0x00000000e7800000, 0x00000000e7800000| Untracked 
| 809|0x00000000e7900000, 0x00000000e7900000, 0x00000000e7a00000|  0%| F|  |TAMS 0x00000000e7900000, 0x00000000e7900000| Untracked 
| 810|0x00000000e7a00000, 0x00000000e7a00000, 0x00000000e7b00000|  0%| F|  |TAMS 0x00000000e7a00000, 0x00000000e7a00000| Untracked 
| 811|0x00000000e7b00000, 0x00000000e7b00000, 0x00000000e7c00000|  0%| F|  |TAMS 0x00000000e7b00000, 0x00000000e7b00000| Untracked 
| 812|0x00000000e7c00000, 0x00000000e7c00000, 0x00000000e7d00000|  0%| F|  |TAMS 0x00000000e7c00000, 0x00000000e7c00000| Untracked 
| 813|0x00000000e7d00000, 0x00000000e7d00000, 0x00000000e7e00000|  0%| F|  |TAMS 0x00000000e7d00000, 0x00000000e7d00000| Untracked 
| 814|0x00000000e7e00000, 0x00000000e7e00000, 0x00000000e7f00000|  0%| F|  |TAMS 0x00000000e7e00000, 0x00000000e7e00000| Untracked 
| 815|0x00000000e7f00000, 0x00000000e7f00000, 0x00000000e8000000|  0%| F|  |TAMS 0x00000000e7f00000, 0x00000000e7f00000| Untracked 
| 816|0x00000000e8000000, 0x00000000e8000000, 0x00000000e8100000|  0%| F|  |TAMS 0x00000000e8000000, 0x00000000e8000000| Untracked 
| 817|0x00000000e8100000, 0x00000000e8100000, 0x00000000e8200000|  0%| F|  |TAMS 0x00000000e8100000, 0x00000000e8100000| Untracked 
| 818|0x00000000e8200000, 0x00000000e8200000, 0x00000000e8300000|  0%| F|  |TAMS 0x00000000e8200000, 0x00000000e8200000| Untracked 
| 819|0x00000000e8300000, 0x00000000e8300000, 0x00000000e8400000|  0%| F|  |TAMS 0x00000000e8300000, 0x00000000e8300000| Untracked 
| 820|0x00000000e8400000, 0x00000000e8400000, 0x00000000e8500000|  0%| F|  |TAMS 0x00000000e8400000, 0x00000000e8400000| Untracked 
| 821|0x00000000e8500000, 0x00000000e8500000, 0x00000000e8600000|  0%| F|  |TAMS 0x00000000e8500000, 0x00000000e8500000| Untracked 
| 822|0x00000000e8600000, 0x00000000e8600000, 0x00000000e8700000|  0%| F|  |TAMS 0x00000000e8600000, 0x00000000e8600000| Untracked 
| 823|0x00000000e8700000, 0x00000000e8700000, 0x00000000e8800000|  0%| F|  |TAMS 0x00000000e8700000, 0x00000000e8700000| Untracked 
| 824|0x00000000e8800000, 0x00000000e8800000, 0x00000000e8900000|  0%| F|  |TAMS 0x00000000e8800000, 0x00000000e8800000| Untracked 
| 825|0x00000000e8900000, 0x00000000e8900000, 0x00000000e8a00000|  0%| F|  |TAMS 0x00000000e8900000, 0x00000000e8900000| Untracked 
| 826|0x00000000e8a00000, 0x00000000e8a00000, 0x00000000e8b00000|  0%| F|  |TAMS 0x00000000e8a00000, 0x00000000e8a00000| Untracked 
| 827|0x00000000e8b00000, 0x00000000e8b00000, 0x00000000e8c00000|  0%| F|  |TAMS 0x00000000e8b00000, 0x00000000e8b00000| Untracked 
| 828|0x00000000e8c00000, 0x00000000e8c00000, 0x00000000e8d00000|  0%| F|  |TAMS 0x00000000e8c00000, 0x00000000e8c00000| Untracked 
| 829|0x00000000e8d00000, 0x00000000e8d00000, 0x00000000e8e00000|  0%| F|  |TAMS 0x00000000e8d00000, 0x00000000e8d00000| Untracked 
| 830|0x00000000e8e00000, 0x00000000e8e00000, 0x00000000e8f00000|  0%| F|  |TAMS 0x00000000e8e00000, 0x00000000e8e00000| Untracked 
| 831|0x00000000e8f00000, 0x00000000e8f00000, 0x00000000e9000000|  0%| F|  |TAMS 0x00000000e8f00000, 0x00000000e8f00000| Untracked 
| 832|0x00000000e9000000, 0x00000000e9000000, 0x00000000e9100000|  0%| F|  |TAMS 0x00000000e9000000, 0x00000000e9000000| Untracked 
| 833|0x00000000e9100000, 0x00000000e9100000, 0x00000000e9200000|  0%| F|  |TAMS 0x00000000e9100000, 0x00000000e9100000| Untracked 
| 834|0x00000000e9200000, 0x00000000e9200000, 0x00000000e9300000|  0%| F|  |TAMS 0x00000000e9200000, 0x00000000e9200000| Untracked 
| 835|0x00000000e9300000, 0x00000000e9300000, 0x00000000e9400000|  0%| F|  |TAMS 0x00000000e9300000, 0x00000000e9300000| Untracked 
| 836|0x00000000e9400000, 0x00000000e9400000, 0x00000000e9500000|  0%| F|  |TAMS 0x00000000e9400000, 0x00000000e9400000| Untracked 
| 837|0x00000000e9500000, 0x00000000e9500000, 0x00000000e9600000|  0%| F|  |TAMS 0x00000000e9500000, 0x00000000e9500000| Untracked 
| 838|0x00000000e9600000, 0x00000000e9600000, 0x00000000e9700000|  0%| F|  |TAMS 0x00000000e9600000, 0x00000000e9600000| Untracked 
| 839|0x00000000e9700000, 0x00000000e9700000, 0x00000000e9800000|  0%| F|  |TAMS 0x00000000e9700000, 0x00000000e9700000| Untracked 
| 840|0x00000000e9800000, 0x00000000e9800000, 0x00000000e9900000|  0%| F|  |TAMS 0x00000000e9800000, 0x00000000e9800000| Untracked 
| 841|0x00000000e9900000, 0x00000000e9900000, 0x00000000e9a00000|  0%| F|  |TAMS 0x00000000e9900000, 0x00000000e9900000| Untracked 
| 842|0x00000000e9a00000, 0x00000000e9a00000, 0x00000000e9b00000|  0%| F|  |TAMS 0x00000000e9a00000, 0x00000000e9a00000| Untracked 
| 843|0x00000000e9b00000, 0x00000000e9b00000, 0x00000000e9c00000|  0%| F|  |TAMS 0x00000000e9b00000, 0x00000000e9b00000| Untracked 
| 844|0x00000000e9c00000, 0x00000000e9c00000, 0x00000000e9d00000|  0%| F|  |TAMS 0x00000000e9c00000, 0x00000000e9c00000| Untracked 
| 845|0x00000000e9d00000, 0x00000000e9d00000, 0x00000000e9e00000|  0%| F|  |TAMS 0x00000000e9d00000, 0x00000000e9d00000| Untracked 
| 846|0x00000000e9e00000, 0x00000000e9e00000, 0x00000000e9f00000|  0%| F|  |TAMS 0x00000000e9e00000, 0x00000000e9e00000| Untracked 
| 847|0x00000000e9f00000, 0x00000000e9f00000, 0x00000000ea000000|  0%| F|  |TAMS 0x00000000e9f00000, 0x00000000e9f00000| Untracked 
| 848|0x00000000ea000000, 0x00000000ea000000, 0x00000000ea100000|  0%| F|  |TAMS 0x00000000ea000000, 0x00000000ea000000| Untracked 
| 849|0x00000000ea100000, 0x00000000ea100000, 0x00000000ea200000|  0%| F|  |TAMS 0x00000000ea100000, 0x00000000ea100000| Untracked 
| 850|0x00000000ea200000, 0x00000000ea200000, 0x00000000ea300000|  0%| F|  |TAMS 0x00000000ea200000, 0x00000000ea200000| Untracked 
| 851|0x00000000ea300000, 0x00000000ea300000, 0x00000000ea400000|  0%| F|  |TAMS 0x00000000ea300000, 0x00000000ea300000| Untracked 
| 852|0x00000000ea400000, 0x00000000ea400000, 0x00000000ea500000|  0%| F|  |TAMS 0x00000000ea400000, 0x00000000ea400000| Untracked 
| 853|0x00000000ea500000, 0x00000000ea500000, 0x00000000ea600000|  0%| F|  |TAMS 0x00000000ea500000, 0x00000000ea500000| Untracked 
| 854|0x00000000ea600000, 0x00000000ea600000, 0x00000000ea700000|  0%| F|  |TAMS 0x00000000ea600000, 0x00000000ea600000| Untracked 
| 855|0x00000000ea700000, 0x00000000ea700000, 0x00000000ea800000|  0%| F|  |TAMS 0x00000000ea700000, 0x00000000ea700000| Untracked 
| 856|0x00000000ea800000, 0x00000000ea800000, 0x00000000ea900000|  0%| F|  |TAMS 0x00000000ea800000, 0x00000000ea800000| Untracked 
| 857|0x00000000ea900000, 0x00000000ea900000, 0x00000000eaa00000|  0%| F|  |TAMS 0x00000000ea900000, 0x00000000ea900000| Untracked 
| 858|0x00000000eaa00000, 0x00000000eaa00000, 0x00000000eab00000|  0%| F|  |TAMS 0x00000000eaa00000, 0x00000000eaa00000| Untracked 
| 859|0x00000000eab00000, 0x00000000eab00000, 0x00000000eac00000|  0%| F|  |TAMS 0x00000000eab00000, 0x00000000eab00000| Untracked 
| 860|0x00000000eac00000, 0x00000000eac00000, 0x00000000ead00000|  0%| F|  |TAMS 0x00000000eac00000, 0x00000000eac00000| Untracked 
| 861|0x00000000ead00000, 0x00000000ead00000, 0x00000000eae00000|  0%| F|  |TAMS 0x00000000ead00000, 0x00000000ead00000| Untracked 
| 862|0x00000000eae00000, 0x00000000eae00000, 0x00000000eaf00000|  0%| F|  |TAMS 0x00000000eae00000, 0x00000000eae00000| Untracked 
| 863|0x00000000eaf00000, 0x00000000eaf00000, 0x00000000eb000000|  0%| F|  |TAMS 0x00000000eaf00000, 0x00000000eaf00000| Untracked 
| 864|0x00000000eb000000, 0x00000000eb000000, 0x00000000eb100000|  0%| F|  |TAMS 0x00000000eb000000, 0x00000000eb000000| Untracked 
| 865|0x00000000eb100000, 0x00000000eb100000, 0x00000000eb200000|  0%| F|  |TAMS 0x00000000eb100000, 0x00000000eb100000| Untracked 
| 866|0x00000000eb200000, 0x00000000eb200000, 0x00000000eb300000|  0%| F|  |TAMS 0x00000000eb200000, 0x00000000eb200000| Untracked 
| 867|0x00000000eb300000, 0x00000000eb300000, 0x00000000eb400000|  0%| F|  |TAMS 0x00000000eb300000, 0x00000000eb300000| Untracked 
| 868|0x00000000eb400000, 0x00000000eb400000, 0x00000000eb500000|  0%| F|  |TAMS 0x00000000eb400000, 0x00000000eb400000| Untracked 
| 869|0x00000000eb500000, 0x00000000eb500000, 0x00000000eb600000|  0%| F|  |TAMS 0x00000000eb500000, 0x00000000eb500000| Untracked 
| 870|0x00000000eb600000, 0x00000000eb600000, 0x00000000eb700000|  0%| F|  |TAMS 0x00000000eb600000, 0x00000000eb600000| Untracked 
| 871|0x00000000eb700000, 0x00000000eb700000, 0x00000000eb800000|  0%| F|  |TAMS 0x00000000eb700000, 0x00000000eb700000| Untracked 
| 872|0x00000000eb800000, 0x00000000eb800000, 0x00000000eb900000|  0%| F|  |TAMS 0x00000000eb800000, 0x00000000eb800000| Untracked 
| 873|0x00000000eb900000, 0x00000000eb900000, 0x00000000eba00000|  0%| F|  |TAMS 0x00000000eb900000, 0x00000000eb900000| Untracked 
| 874|0x00000000eba00000, 0x00000000eba00000, 0x00000000ebb00000|  0%| F|  |TAMS 0x00000000eba00000, 0x00000000eba00000| Untracked 
| 875|0x00000000ebb00000, 0x00000000ebb00000, 0x00000000ebc00000|  0%| F|  |TAMS 0x00000000ebb00000, 0x00000000ebb00000| Untracked 
| 876|0x00000000ebc00000, 0x00000000ebc00000, 0x00000000ebd00000|  0%| F|  |TAMS 0x00000000ebc00000, 0x00000000ebc00000| Untracked 
| 877|0x00000000ebd00000, 0x00000000ebd00000, 0x00000000ebe00000|  0%| F|  |TAMS 0x00000000ebd00000, 0x00000000ebd00000| Untracked 
| 878|0x00000000ebe00000, 0x00000000ebe00000, 0x00000000ebf00000|  0%| F|  |TAMS 0x00000000ebe00000, 0x00000000ebe00000| Untracked 
| 879|0x00000000ebf00000, 0x00000000ebf00000, 0x00000000ec000000|  0%| F|  |TAMS 0x00000000ebf00000, 0x00000000ebf00000| Untracked 
| 880|0x00000000ec000000, 0x00000000ec000000, 0x00000000ec100000|  0%| F|  |TAMS 0x00000000ec000000, 0x00000000ec000000| Untracked 
| 881|0x00000000ec100000, 0x00000000ec100000, 0x00000000ec200000|  0%| F|  |TAMS 0x00000000ec100000, 0x00000000ec100000| Untracked 
| 882|0x00000000ec200000, 0x00000000ec200000, 0x00000000ec300000|  0%| F|  |TAMS 0x00000000ec200000, 0x00000000ec200000| Untracked 
| 883|0x00000000ec300000, 0x00000000ec300000, 0x00000000ec400000|  0%| F|  |TAMS 0x00000000ec300000, 0x00000000ec300000| Untracked 
| 884|0x00000000ec400000, 0x00000000ec400000, 0x00000000ec500000|  0%| F|  |TAMS 0x00000000ec400000, 0x00000000ec400000| Untracked 
| 885|0x00000000ec500000, 0x00000000ec500000, 0x00000000ec600000|  0%| F|  |TAMS 0x00000000ec500000, 0x00000000ec500000| Untracked 
| 886|0x00000000ec600000, 0x00000000ec600000, 0x00000000ec700000|  0%| F|  |TAMS 0x00000000ec600000, 0x00000000ec600000| Untracked 
| 887|0x00000000ec700000, 0x00000000ec700000, 0x00000000ec800000|  0%| F|  |TAMS 0x00000000ec700000, 0x00000000ec700000| Untracked 
| 888|0x00000000ec800000, 0x00000000ec800000, 0x00000000ec900000|  0%| F|  |TAMS 0x00000000ec800000, 0x00000000ec800000| Untracked 
| 889|0x00000000ec900000, 0x00000000ec900000, 0x00000000eca00000|  0%| F|  |TAMS 0x00000000ec900000, 0x00000000ec900000| Untracked 
| 890|0x00000000eca00000, 0x00000000eca00000, 0x00000000ecb00000|  0%| F|  |TAMS 0x00000000eca00000, 0x00000000eca00000| Untracked 
| 891|0x00000000ecb00000, 0x00000000ecb00000, 0x00000000ecc00000|  0%| F|  |TAMS 0x00000000ecb00000, 0x00000000ecb00000| Untracked 
| 892|0x00000000ecc00000, 0x00000000ecc00000, 0x00000000ecd00000|  0%| F|  |TAMS 0x00000000ecc00000, 0x00000000ecc00000| Untracked 
| 893|0x00000000ecd00000, 0x00000000ecd00000, 0x00000000ece00000|  0%| F|  |TAMS 0x00000000ecd00000, 0x00000000ecd00000| Untracked 
| 894|0x00000000ece00000, 0x00000000ece00000, 0x00000000ecf00000|  0%| F|  |TAMS 0x00000000ece00000, 0x00000000ece00000| Untracked 
| 895|0x00000000ecf00000, 0x00000000ecf00000, 0x00000000ed000000|  0%| F|  |TAMS 0x00000000ecf00000, 0x00000000ecf00000| Untracked 
| 896|0x00000000ed000000, 0x00000000ed000000, 0x00000000ed100000|  0%| F|  |TAMS 0x00000000ed000000, 0x00000000ed000000| Untracked 
| 897|0x00000000ed100000, 0x00000000ed100000, 0x00000000ed200000|  0%| F|  |TAMS 0x00000000ed100000, 0x00000000ed100000| Untracked 
| 898|0x00000000ed200000, 0x00000000ed200000, 0x00000000ed300000|  0%| F|  |TAMS 0x00000000ed200000, 0x00000000ed200000| Untracked 
| 899|0x00000000ed300000, 0x00000000ed300000, 0x00000000ed400000|  0%| F|  |TAMS 0x00000000ed300000, 0x00000000ed300000| Untracked 
| 900|0x00000000ed400000, 0x00000000ed400000, 0x00000000ed500000|  0%| F|  |TAMS 0x00000000ed400000, 0x00000000ed400000| Untracked 
| 901|0x00000000ed500000, 0x00000000ed500000, 0x00000000ed600000|  0%| F|  |TAMS 0x00000000ed500000, 0x00000000ed500000| Untracked 
| 902|0x00000000ed600000, 0x00000000ed600000, 0x00000000ed700000|  0%| F|  |TAMS 0x00000000ed600000, 0x00000000ed600000| Untracked 
| 903|0x00000000ed700000, 0x00000000ed700000, 0x00000000ed800000|  0%| F|  |TAMS 0x00000000ed700000, 0x00000000ed700000| Untracked 
| 904|0x00000000ed800000, 0x00000000ed800000, 0x00000000ed900000|  0%| F|  |TAMS 0x00000000ed800000, 0x00000000ed800000| Untracked 
| 905|0x00000000ed900000, 0x00000000ed900000, 0x00000000eda00000|  0%| F|  |TAMS 0x00000000ed900000, 0x00000000ed900000| Untracked 
| 906|0x00000000eda00000, 0x00000000eda00000, 0x00000000edb00000|  0%| F|  |TAMS 0x00000000eda00000, 0x00000000eda00000| Untracked 
| 907|0x00000000edb00000, 0x00000000edb00000, 0x00000000edc00000|  0%| F|  |TAMS 0x00000000edb00000, 0x00000000edb00000| Untracked 
| 908|0x00000000edc00000, 0x00000000edc00000, 0x00000000edd00000|  0%| F|  |TAMS 0x00000000edc00000, 0x00000000edc00000| Untracked 
| 909|0x00000000edd00000, 0x00000000edd00000, 0x00000000ede00000|  0%| F|  |TAMS 0x00000000edd00000, 0x00000000edd00000| Untracked 
| 910|0x00000000ede00000, 0x00000000ede00000, 0x00000000edf00000|  0%| F|  |TAMS 0x00000000ede00000, 0x00000000ede00000| Untracked 
| 911|0x00000000edf00000, 0x00000000edf00000, 0x00000000ee000000|  0%| F|  |TAMS 0x00000000edf00000, 0x00000000edf00000| Untracked 
| 912|0x00000000ee000000, 0x00000000ee000000, 0x00000000ee100000|  0%| F|  |TAMS 0x00000000ee000000, 0x00000000ee000000| Untracked 
| 913|0x00000000ee100000, 0x00000000ee100000, 0x00000000ee200000|  0%| F|  |TAMS 0x00000000ee100000, 0x00000000ee100000| Untracked 
| 914|0x00000000ee200000, 0x00000000ee200000, 0x00000000ee300000|  0%| F|  |TAMS 0x00000000ee200000, 0x00000000ee200000| Untracked 
| 915|0x00000000ee300000, 0x00000000ee300000, 0x00000000ee400000|  0%| F|  |TAMS 0x00000000ee300000, 0x00000000ee300000| Untracked 
| 916|0x00000000ee400000, 0x00000000ee400000, 0x00000000ee500000|  0%| F|  |TAMS 0x00000000ee400000, 0x00000000ee400000| Untracked 
| 917|0x00000000ee500000, 0x00000000ee500000, 0x00000000ee600000|  0%| F|  |TAMS 0x00000000ee500000, 0x00000000ee500000| Untracked 
| 918|0x00000000ee600000, 0x00000000ee600000, 0x00000000ee700000|  0%| F|  |TAMS 0x00000000ee600000, 0x00000000ee600000| Untracked 
| 919|0x00000000ee700000, 0x00000000ee700000, 0x00000000ee800000|  0%| F|  |TAMS 0x00000000ee700000, 0x00000000ee700000| Untracked 
| 920|0x00000000ee800000, 0x00000000ee800000, 0x00000000ee900000|  0%| F|  |TAMS 0x00000000ee800000, 0x00000000ee800000| Untracked 
| 921|0x00000000ee900000, 0x00000000ee900000, 0x00000000eea00000|  0%| F|  |TAMS 0x00000000ee900000, 0x00000000ee900000| Untracked 
| 922|0x00000000eea00000, 0x00000000eea00000, 0x00000000eeb00000|  0%| F|  |TAMS 0x00000000eea00000, 0x00000000eea00000| Untracked 
| 923|0x00000000eeb00000, 0x00000000eeb00000, 0x00000000eec00000|  0%| F|  |TAMS 0x00000000eeb00000, 0x00000000eeb00000| Untracked 
| 924|0x00000000eec00000, 0x00000000eec00000, 0x00000000eed00000|  0%| F|  |TAMS 0x00000000eec00000, 0x00000000eec00000| Untracked 
| 925|0x00000000eed00000, 0x00000000eed00000, 0x00000000eee00000|  0%| F|  |TAMS 0x00000000eed00000, 0x00000000eed00000| Untracked 
| 926|0x00000000eee00000, 0x00000000eee00000, 0x00000000eef00000|  0%| F|  |TAMS 0x00000000eee00000, 0x00000000eee00000| Untracked 
| 927|0x00000000eef00000, 0x00000000eef00000, 0x00000000ef000000|  0%| F|  |TAMS 0x00000000eef00000, 0x00000000eef00000| Untracked 
| 928|0x00000000ef000000, 0x00000000ef000000, 0x00000000ef100000|  0%| F|  |TAMS 0x00000000ef000000, 0x00000000ef000000| Untracked 
| 929|0x00000000ef100000, 0x00000000ef100000, 0x00000000ef200000|  0%| F|  |TAMS 0x00000000ef100000, 0x00000000ef100000| Untracked 
| 930|0x00000000ef200000, 0x00000000ef200000, 0x00000000ef300000|  0%| F|  |TAMS 0x00000000ef200000, 0x00000000ef200000| Untracked 
| 931|0x00000000ef300000, 0x00000000ef300000, 0x00000000ef400000|  0%| F|  |TAMS 0x00000000ef300000, 0x00000000ef300000| Untracked 
| 932|0x00000000ef400000, 0x00000000ef400000, 0x00000000ef500000|  0%| F|  |TAMS 0x00000000ef400000, 0x00000000ef400000| Untracked 
| 933|0x00000000ef500000, 0x00000000ef500000, 0x00000000ef600000|  0%| F|  |TAMS 0x00000000ef500000, 0x00000000ef500000| Untracked 
| 934|0x00000000ef600000, 0x00000000ef600000, 0x00000000ef700000|  0%| F|  |TAMS 0x00000000ef600000, 0x00000000ef600000| Untracked 
| 935|0x00000000ef700000, 0x00000000ef700000, 0x00000000ef800000|  0%| F|  |TAMS 0x00000000ef700000, 0x00000000ef700000| Untracked 
| 936|0x00000000ef800000, 0x00000000ef800000, 0x00000000ef900000|  0%| F|  |TAMS 0x00000000ef800000, 0x00000000ef800000| Untracked 
| 937|0x00000000ef900000, 0x00000000ef900000, 0x00000000efa00000|  0%| F|  |TAMS 0x00000000ef900000, 0x00000000ef900000| Untracked 
| 938|0x00000000efa00000, 0x00000000efa00000, 0x00000000efb00000|  0%| F|  |TAMS 0x00000000efa00000, 0x00000000efa00000| Untracked 
| 939|0x00000000efb00000, 0x00000000efb00000, 0x00000000efc00000|  0%| F|  |TAMS 0x00000000efb00000, 0x00000000efb00000| Untracked 
| 940|0x00000000efc00000, 0x00000000efc00000, 0x00000000efd00000|  0%| F|  |TAMS 0x00000000efc00000, 0x00000000efc00000| Untracked 
| 941|0x00000000efd00000, 0x00000000efd00000, 0x00000000efe00000|  0%| F|  |TAMS 0x00000000efd00000, 0x00000000efd00000| Untracked 
| 942|0x00000000efe00000, 0x00000000efe00000, 0x00000000eff00000|  0%| F|  |TAMS 0x00000000efe00000, 0x00000000efe00000| Untracked 
| 943|0x00000000eff00000, 0x00000000eff00000, 0x00000000f0000000|  0%| F|  |TAMS 0x00000000eff00000, 0x00000000eff00000| Untracked 
| 944|0x00000000f0000000, 0x00000000f0000000, 0x00000000f0100000|  0%| F|  |TAMS 0x00000000f0000000, 0x00000000f0000000| Untracked 
| 945|0x00000000f0100000, 0x00000000f0100000, 0x00000000f0200000|  0%| F|  |TAMS 0x00000000f0100000, 0x00000000f0100000| Untracked 
| 946|0x00000000f0200000, 0x00000000f0200000, 0x00000000f0300000|  0%| F|  |TAMS 0x00000000f0200000, 0x00000000f0200000| Untracked 
| 947|0x00000000f0300000, 0x00000000f0300000, 0x00000000f0400000|  0%| F|  |TAMS 0x00000000f0300000, 0x00000000f0300000| Untracked 
| 948|0x00000000f0400000, 0x00000000f0400000, 0x00000000f0500000|  0%| F|  |TAMS 0x00000000f0400000, 0x00000000f0400000| Untracked 
| 949|0x00000000f0500000, 0x00000000f0500000, 0x00000000f0600000|  0%| F|  |TAMS 0x00000000f0500000, 0x00000000f0500000| Untracked 
| 950|0x00000000f0600000, 0x00000000f0600000, 0x00000000f0700000|  0%| F|  |TAMS 0x00000000f0600000, 0x00000000f0600000| Untracked 
| 951|0x00000000f0700000, 0x00000000f0700000, 0x00000000f0800000|  0%| F|  |TAMS 0x00000000f0700000, 0x00000000f0700000| Untracked 
| 952|0x00000000f0800000, 0x00000000f0800000, 0x00000000f0900000|  0%| F|  |TAMS 0x00000000f0800000, 0x00000000f0800000| Untracked 
| 953|0x00000000f0900000, 0x00000000f0900000, 0x00000000f0a00000|  0%| F|  |TAMS 0x00000000f0900000, 0x00000000f0900000| Untracked 
| 954|0x00000000f0a00000, 0x00000000f0a00000, 0x00000000f0b00000|  0%| F|  |TAMS 0x00000000f0a00000, 0x00000000f0a00000| Untracked 
| 955|0x00000000f0b00000, 0x00000000f0b00000, 0x00000000f0c00000|  0%| F|  |TAMS 0x00000000f0b00000, 0x00000000f0b00000| Untracked 
| 956|0x00000000f0c00000, 0x00000000f0c00000, 0x00000000f0d00000|  0%| F|  |TAMS 0x00000000f0c00000, 0x00000000f0c00000| Untracked 
| 957|0x00000000f0d00000, 0x00000000f0d00000, 0x00000000f0e00000|  0%| F|  |TAMS 0x00000000f0d00000, 0x00000000f0d00000| Untracked 
| 958|0x00000000f0e00000, 0x00000000f0e00000, 0x00000000f0f00000|  0%| F|  |TAMS 0x00000000f0e00000, 0x00000000f0e00000| Untracked 
| 959|0x00000000f0f00000, 0x00000000f0f00000, 0x00000000f1000000|  0%| F|  |TAMS 0x00000000f0f00000, 0x00000000f0f00000| Untracked 
| 960|0x00000000f1000000, 0x00000000f1000000, 0x00000000f1100000|  0%| F|  |TAMS 0x00000000f1000000, 0x00000000f1000000| Untracked 
| 961|0x00000000f1100000, 0x00000000f1100000, 0x00000000f1200000|  0%| F|  |TAMS 0x00000000f1100000, 0x00000000f1100000| Untracked 
| 962|0x00000000f1200000, 0x00000000f1200000, 0x00000000f1300000|  0%| F|  |TAMS 0x00000000f1200000, 0x00000000f1200000| Untracked 
| 963|0x00000000f1300000, 0x00000000f1300000, 0x00000000f1400000|  0%| F|  |TAMS 0x00000000f1300000, 0x00000000f1300000| Untracked 
| 964|0x00000000f1400000, 0x00000000f1400000, 0x00000000f1500000|  0%| F|  |TAMS 0x00000000f1400000, 0x00000000f1400000| Untracked 
| 965|0x00000000f1500000, 0x00000000f1500000, 0x00000000f1600000|  0%| F|  |TAMS 0x00000000f1500000, 0x00000000f1500000| Untracked 
| 966|0x00000000f1600000, 0x00000000f1600000, 0x00000000f1700000|  0%| F|  |TAMS 0x00000000f1600000, 0x00000000f1600000| Untracked 
| 967|0x00000000f1700000, 0x00000000f1700000, 0x00000000f1800000|  0%| F|  |TAMS 0x00000000f1700000, 0x00000000f1700000| Untracked 
| 968|0x00000000f1800000, 0x00000000f1800000, 0x00000000f1900000|  0%| F|  |TAMS 0x00000000f1800000, 0x00000000f1800000| Untracked 
| 969|0x00000000f1900000, 0x00000000f1900000, 0x00000000f1a00000|  0%| F|  |TAMS 0x00000000f1900000, 0x00000000f1900000| Untracked 
| 970|0x00000000f1a00000, 0x00000000f1a00000, 0x00000000f1b00000|  0%| F|  |TAMS 0x00000000f1a00000, 0x00000000f1a00000| Untracked 
| 971|0x00000000f1b00000, 0x00000000f1b00000, 0x00000000f1c00000|  0%| F|  |TAMS 0x00000000f1b00000, 0x00000000f1b00000| Untracked 
| 972|0x00000000f1c00000, 0x00000000f1c00000, 0x00000000f1d00000|  0%| F|  |TAMS 0x00000000f1c00000, 0x00000000f1c00000| Untracked 
| 973|0x00000000f1d00000, 0x00000000f1d00000, 0x00000000f1e00000|  0%| F|  |TAMS 0x00000000f1d00000, 0x00000000f1d00000| Untracked 
| 974|0x00000000f1e00000, 0x00000000f1e00000, 0x00000000f1f00000|  0%| F|  |TAMS 0x00000000f1e00000, 0x00000000f1e00000| Untracked 
| 975|0x00000000f1f00000, 0x00000000f1f00000, 0x00000000f2000000|  0%| F|  |TAMS 0x00000000f1f00000, 0x00000000f1f00000| Untracked 
| 976|0x00000000f2000000, 0x00000000f2000000, 0x00000000f2100000|  0%| F|  |TAMS 0x00000000f2000000, 0x00000000f2000000| Untracked 
| 977|0x00000000f2100000, 0x00000000f2100000, 0x00000000f2200000|  0%| F|  |TAMS 0x00000000f2100000, 0x00000000f2100000| Untracked 
| 978|0x00000000f2200000, 0x00000000f2200000, 0x00000000f2300000|  0%| F|  |TAMS 0x00000000f2200000, 0x00000000f2200000| Untracked 
| 979|0x00000000f2300000, 0x00000000f2300000, 0x00000000f2400000|  0%| F|  |TAMS 0x00000000f2300000, 0x00000000f2300000| Untracked 
| 980|0x00000000f2400000, 0x00000000f2400000, 0x00000000f2500000|  0%| F|  |TAMS 0x00000000f2400000, 0x00000000f2400000| Untracked 
| 981|0x00000000f2500000, 0x00000000f2500000, 0x00000000f2600000|  0%| F|  |TAMS 0x00000000f2500000, 0x00000000f2500000| Untracked 
| 982|0x00000000f2600000, 0x00000000f2600000, 0x00000000f2700000|  0%| F|  |TAMS 0x00000000f2600000, 0x00000000f2600000| Untracked 
|1198|0x00000000ffe00000, 0x00000000ffe75000, 0x00000000fff00000| 45%|OA|  |TAMS 0x00000000ffe75000, 0x00000000ffe00000| Untracked 
|1199|0x00000000fff00000, 0x00000000fff78000, 0x0000000100000000| 46%|CA|  |TAMS 0x00000000fff78000, 0x00000000fff00000| Untracked 

Card table byte_map: [0x00007fbfb29b7000,0x00007fbfb2c0f000] _byte_map_base: 0x00007fbfb240f000

Marking Bits (Prev, Next): (CMBitMap*) 0x00007fbfac05cea0, (CMBitMap*) 0x00007fbfac05ce60
 Prev Bits: [0x00007fbfb01df000, 0x00007fbfb149f000)
 Next Bits: [0x00007fbfb149f000, 0x00007fbfb275f000)

Polling page: 0x00007fbfb4c2a000

Metaspace:

Usage:
  Non-class:    243.77 MB used.
      Class:     34.00 MB used.
       Both:    277.77 MB used.

Virtual space:
  Non-class space:      256.00 MB reserved,     244.38 MB ( 95%) committed,  4 nodes.
      Class space:        1.00 GB reserved,      34.62 MB (  3%) committed,  1 nodes.
             Both:        1.25 GB reserved,     279.00 MB ( 22%) committed. 

Chunk freelists:
   Non-Class:  11.30 MB
       Class:  13.36 MB
        Both:  24.66 MB

MaxMetaspaceSize: unlimited
CompressedClassSpaceSize: 1.00 GB
Initial GC threshold: 21.00 MB
Current GC threshold: 464.81 MB
CDS: on
MetaspaceReclaimPolicy: balanced
 - commit_granule_bytes: 65536.
 - commit_granule_words: 8192.
 - virtual_space_node_default_size: 8388608.
 - enlarge_chunks_in_place: 1.
 - new_chunks_are_fully_committed: 0.
 - uncommit_free_chunks: 1.
 - use_allocation_guard: 0.
 - handle_deallocations: 1.


Internal statistics:

num_allocs_failed_limit: 30.
num_arena_births: 1922.
num_arena_deaths: 6.
num_vsnodes_births: 5.
num_vsnodes_deaths: 0.
num_space_committed: 4462.
num_space_uncommitted: 4.
num_chunks_returned_to_freelist: 67.
num_chunks_taken_from_freelist: 12590.
num_chunk_merges: 39.
num_chunk_splits: 9668.
num_chunks_enlarged: 7748.
num_inconsistent_stats: 0.

CodeHeap 'non-profiled nmethods': size=120036Kb used=29105Kb max_used=29105Kb free=90930Kb
 bounds [0x00007fbf9cfd8000, 0x00007fbf9ec48000, 0x00007fbfa4511000]
CodeHeap 'profiled nmethods': size=120032Kb used=96722Kb max_used=97130Kb free=23309Kb
 bounds [0x00007fbf95511000, 0x00007fbf9b491000, 0x00007fbf9ca49000]
CodeHeap 'non-nmethods': size=5692Kb used=2037Kb max_used=2161Kb free=3654Kb
 bounds [0x00007fbf9ca49000, 0x00007fbf9ccb9000, 0x00007fbf9cfd8000]
 total_blobs=41498 nmethods=40322 adapters=1084
 compilation: enabled
              stopped_count=0, restarted_count=0
 full_count=0

Compilation events (20 events):
Event: 733.381 Thread 0x00007fbfac0bf2c0 nmethod 61452% 0x00007fbf9ec17090 code [0x00007fbf9ec17840, 0x00007fbf9ec21848]
Event: 733.382 Thread 0x00007fbfac0bf2c0 60663       4       com.android.tools.r8.graph.j4$$Lambda$3094/0x00007fbf3a119f58::apply (8 bytes)
Event: 733.414 Thread 0x00007fbfac0bf2c0 nmethod 60663 0x00007fbf9ec27f10 code [0x00007fbf9ec280a0, 0x00007fbf9ec28198]
Event: 733.414 Thread 0x00007fbfac0bf2c0 61457       4       com.android.tools.r8.internal.fb::a (6452 bytes)
Event: 733.707 Thread 0x00007fbfac0c07f0 61459   !   3       org.gradle.internal.concurrent.AbstractManagedExecutor$1::run (57 bytes)
Event: 733.776 Thread 0x00007fbfac0c07f0 nmethod 61459 0x00007fbf9a6a8190 code [0x00007fbf9a6a8380, 0x00007fbf9a6a8810]
Event: 735.391 Thread 0x00007fbfac0bf2c0 nmethod 61457 0x00007fbf9ec28290 code [0x00007fbf9ec28f40, 0x00007fbf9ec34880]
Event: 735.400 Thread 0x00007fbfac0bf2c0 61458       4       java.util.HashMap::computeIfAbsent (330 bytes)
Event: 735.406 Thread 0x00007fbfac0c07f0 61463       2       com.google.common.io.Files$FileByteSource::openStream (5 bytes)
Event: 735.477 Thread 0x00007fbfac0c07f0 nmethod 61463 0x00007fbf9ad95710 code [0x00007fbf9ad958c0, 0x00007fbf9ad95a40]
Event: 735.479 Thread 0x00007fbfac0c07f0 61465   !   3       java.util.concurrent.ThreadPoolExecutor::getTask (177 bytes)
Event: 735.507 Thread 0x00007fbfac0c07f0 nmethod 61465 0x00007fbf9a736d10 code [0x00007fbf9a736fa0, 0x00007fbf9a737e10]
Event: 735.901 Thread 0x00007fbfac0bf2c0 nmethod 61458 0x00007fbf9ec3d210 code [0x00007fbf9ec3d4a0, 0x00007fbf9ec3fd70]
Event: 735.903 Thread 0x00007fbfac0bf2c0 60664       4       com.android.tools.r8.graph.j4::a (17 bytes)
Event: 736.114 Thread 0x00007fbfac0bf2c0 nmethod 60664 0x00007fbf9ec41310 code [0x00007fbf9ec414e0, 0x00007fbf9ec421b8]
Event: 736.177 Thread 0x00007fbfac0bf2c0 61450       4       com.android.tools.r8.graph.j4::b (74 bytes)
Event: 736.480 Thread 0x00007fbfac0bf2c0 nmethod 61450 0x00007fbf9ec42890 code [0x00007fbf9ec42a80, 0x00007fbf9ec43998]
Event: 736.485 Thread 0x00007fbfac0bf2c0 61451       4       com.android.tools.r8.internal.F7::<init> (41 bytes)
Event: 736.501 Thread 0x00007fbfac0bf2c0 nmethod 61451 0x00007fbf9ec44190 code [0x00007fbf9ec44300, 0x00007fbf9ec44458]
Event: 736.503 Thread 0x00007fbfac0bf2c0 60682       4       com.android.tools.r8.graph.j4::a (956 bytes)

GC Heap History (20 events):
Event: 726.312 GC heap after
{Heap after GC invocations=259 (full 0):
 garbage-first heap   total 947200K, used 296093K [0x00000000b5000000, 0x0000000100000000)
  region size 1024K, 1 young (1024K), 1 survivors (1024K)
 Metaspace       used 284435K, committed 285696K, reserved 1310720K
  class space    used 34817K, committed 35456K, reserved 1048576K
}
Event: 728.197 GC heap before
{Heap before GC invocations=259 (full 0):
 garbage-first heap   total 947200K, used 689309K [0x00000000b5000000, 0x0000000100000000)
  region size 1024K, 382 young (391168K), 1 survivors (1024K)
 Metaspace       used 284438K, committed 285696K, reserved 1310720K
  class space    used 34817K, committed 35456K, reserved 1048576K
}
Event: 728.214 GC heap after
{Heap after GC invocations=260 (full 0):
 garbage-first heap   total 947200K, used 314371K [0x00000000b5000000, 0x0000000100000000)
  region size 1024K, 17 young (17408K), 17 survivors (17408K)
 Metaspace       used 284438K, committed 285696K, reserved 1310720K
  class space    used 34817K, committed 35456K, reserved 1048576K
}
Event: 729.509 GC heap before
{Heap before GC invocations=260 (full 0):
 garbage-first heap   total 947200K, used 743427K [0x00000000b5000000, 0x0000000100000000)
  region size 1024K, 436 young (446464K), 17 survivors (17408K)
 Metaspace       used 284439K, committed 285696K, reserved 1310720K
  class space    used 34817K, committed 35456K, reserved 1048576K
}
Event: 729.686 GC heap after
{Heap after GC invocations=261 (full 0):
 garbage-first heap   total 947200K, used 420937K [0x00000000b5000000, 0x0000000100000000)
  region size 1024K, 55 young (56320K), 55 survivors (56320K)
 Metaspace       used 284439K, committed 285696K, reserved 1310720K
  class space    used 34817K, committed 35456K, reserved 1048576K
}
Event: 729.988 GC heap before
{Heap before GC invocations=261 (full 0):
 garbage-first heap   total 947200K, used 482377K [0x00000000b5000000, 0x0000000100000000)
  region size 1024K, 115 young (117760K), 55 survivors (56320K)
 Metaspace       used 284439K, committed 285696K, reserved 1310720K
  class space    used 34817K, committed 35456K, reserved 1048576K
}
Event: 730.097 GC heap after
{Heap after GC invocations=262 (full 0):
 garbage-first heap   total 947200K, used 434099K [0x00000000b5000000, 0x0000000100000000)
  region size 1024K, 13 young (13312K), 13 survivors (13312K)
 Metaspace       used 284439K, committed 285696K, reserved 1310720K
  class space    used 34817K, committed 35456K, reserved 1048576K
}
Event: 730.302 GC heap before
{Heap before GC invocations=262 (full 0):
 garbage-first heap   total 947200K, used 467891K [0x00000000b5000000, 0x0000000100000000)
  region size 1024K, 46 young (47104K), 13 survivors (13312K)
 Metaspace       used 284439K, committed 285696K, reserved 1310720K
  class space    used 34817K, committed 35456K, reserved 1048576K
}
Event: 730.391 GC heap after
{Heap after GC invocations=263 (full 0):
 garbage-first heap   total 947200K, used 441267K [0x00000000b5000000, 0x0000000100000000)
  region size 1024K, 6 young (6144K), 6 survivors (6144K)
 Metaspace       used 284439K, committed 285696K, reserved 1310720K
  class space    used 34817K, committed 35456K, reserved 1048576K
}
Event: 730.595 GC heap before
{Heap before GC invocations=263 (full 0):
 garbage-first heap   total 947200K, used 482227K [0x00000000b5000000, 0x0000000100000000)
  region size 1024K, 46 young (47104K), 6 survivors (6144K)
 Metaspace       used 284440K, committed 285696K, reserved 1310720K
  class space    used 34817K, committed 35456K, reserved 1048576K
}
Event: 730.674 GC heap after
{Heap after GC invocations=264 (full 0):
 garbage-first heap   total 1008640K, used 448947K [0x00000000b5000000, 0x0000000100000000)
  region size 1024K, 6 young (6144K), 6 survivors (6144K)
 Metaspace       used 284440K, committed 285696K, reserved 1310720K
  class space    used 34817K, committed 35456K, reserved 1048576K
}
Event: 731.211 GC heap before
{Heap before GC invocations=264 (full 0):
 garbage-first heap   total 1008640K, used 512435K [0x00000000b5000000, 0x0000000100000000)
  region size 1024K, 68 young (69632K), 6 survivors (6144K)
 Metaspace       used 284440K, committed 285696K, reserved 1310720K
  class space    used 34817K, committed 35456K, reserved 1048576K
}
Event: 731.302 GC heap after
{Heap after GC invocations=265 (full 0):
 garbage-first heap   total 1008640K, used 460723K [0x00000000b5000000, 0x0000000100000000)
  region size 1024K, 9 young (9216K), 9 survivors (9216K)
 Metaspace       used 284440K, committed 285696K, reserved 1310720K
  class space    used 34817K, committed 35456K, reserved 1048576K
}
Event: 732.112 GC heap before
{Heap before GC invocations=265 (full 0):
 garbage-first heap   total 1008640K, used 505779K [0x00000000b5000000, 0x0000000100000000)
  region size 1024K, 88 young (90112K), 9 survivors (9216K)
 Metaspace       used 284440K, committed 285696K, reserved 1310720K
  class space    used 34817K, committed 35456K, reserved 1048576K
}
Event: 732.202 GC heap after
{Heap after GC invocations=266 (full 0):
 garbage-first heap   total 1008640K, used 440243K [0x00000000b5000000, 0x0000000100000000)
  region size 1024K, 11 young (11264K), 11 survivors (11264K)
 Metaspace       used 284440K, committed 285696K, reserved 1310720K
  class space    used 34817K, committed 35456K, reserved 1048576K
}
Event: 732.975 GC heap before
{Heap before GC invocations=267 (full 0):
 garbage-first heap   total 1008640K, used 529331K [0x00000000b5000000, 0x0000000100000000)
  region size 1024K, 98 young (100352K), 11 survivors (11264K)
 Metaspace       used 284440K, committed 285696K, reserved 1310720K
  class space    used 34817K, committed 35456K, reserved 1048576K
}
Event: 733.077 GC heap after
{Heap after GC invocations=268 (full 0):
 garbage-first heap   total 1008640K, used 456627K [0x00000000b5000000, 0x0000000100000000)
  region size 1024K, 13 young (13312K), 13 survivors (13312K)
 Metaspace       used 284440K, committed 285696K, reserved 1310720K
  class space    used 34817K, committed 35456K, reserved 1048576K
}
Event: 733.488 GC heap before
{Heap before GC invocations=268 (full 0):
 garbage-first heap   total 1008640K, used 493491K [0x00000000b5000000, 0x0000000100000000)
  region size 1024K, 49 young (50176K), 13 survivors (13312K)
 Metaspace       used 284440K, committed 285696K, reserved 1310720K
  class space    used 34817K, committed 35456K, reserved 1048576K
}
Event: 733.581 GC heap after
{Heap after GC invocations=269 (full 0):
 garbage-first heap   total 1008640K, used 454067K [0x00000000b5000000, 0x0000000100000000)
  region size 1024K, 7 young (7168K), 7 survivors (7168K)
 Metaspace       used 284440K, committed 285696K, reserved 1310720K
  class space    used 34817K, committed 35456K, reserved 1048576K
}
Event: 736.797 GC heap before
{Heap before GC invocations=269 (full 0):
 garbage-first heap   total 1008640K, used 741811K [0x00000000b5000000, 0x0000000100000000)
  region size 1024K, 287 young (293888K), 7 survivors (7168K)
 Metaspace       used 284441K, committed 285696K, reserved 1310720K
  class space    used 34817K, committed 35456K, reserved 1048576K
}

Dll operation events (16 events):
Event: 0.002 Loaded shared library /usr/lib/jvm/java-17-openjdk-amd64/lib/libjava.so
Event: 0.077 Loaded shared library /usr/lib/jvm/java-17-openjdk-amd64/lib/libjsvml.so
Event: 0.117 Loaded shared library /usr/lib/jvm/java-17-openjdk-amd64/lib/libzip.so
Event: 0.118 Loaded shared library /usr/lib/jvm/java-17-openjdk-amd64/lib/libinstrument.so
Event: 0.119 Loaded shared library /usr/lib/jvm/java-17-openjdk-amd64/lib/libnio.so
Event: 0.122 Loaded shared library /usr/lib/jvm/java-17-openjdk-amd64/lib/libzip.so
Event: 0.295 Loaded shared library /usr/lib/jvm/java-17-openjdk-amd64/lib/libjimage.so
Event: 0.385 Loaded shared library /usr/lib/jvm/java-17-openjdk-amd64/lib/libverify.so
Event: 0.601 Loaded shared library /usr/lib/jvm/java-17-openjdk-amd64/lib/libnet.so
Event: 0.602 Loaded shared library /tmp/gradle-home/native/c067742578af261105cb4f569cf0c3c89f3d7b1fecec35dd04571415982c5e48/linux-amd64/libnative-platform.so
Event: 0.616 Loaded shared library /tmp/gradle-home/native/38dada09dfb8b06ba9b0570ebf7e218e3eb74d4ef43ca46872605cf95ebc2f47/linux-amd64/libnative-platform-file-events.so
Event: 1.613 Loaded shared library /usr/lib/jvm/java-17-openjdk-amd64/lib/libmanagement.so
Event: 1.615 Loaded shared library /usr/lib/jvm/java-17-openjdk-amd64/lib/libmanagement_ext.so
Event: 1.889 Loaded shared library /usr/lib/jvm/java-17-openjdk-amd64/lib/libextnet.so
Event: 169.296 Loaded shared library /tmp/native-platform9744029207629390188dir/libnative-platform.so
Event: 170.286 Loaded shared library /usr/lib/jvm/java-17-openjdk-amd64/lib/librmi.so

Deoptimization events (20 events):
Event: 735.175 Thread 0x00007fbf839b5280 DEOPT PACKING pc=0x00007fbf9a9ed96a sp=0x00007fbf361e6d60
Event: 735.176 Thread 0x00007fbf839b5280 DEOPT UNPACKING pc=0x00007fbf9caa364f sp=0x00007fbf361e6510 mode 0
Event: 735.190 Thread 0x00007fbf839b5280 DEOPT PACKING pc=0x00007fbf9a9ed96a sp=0x00007fbf361e6d60
Event: 735.190 Thread 0x00007fbf839b5280 DEOPT UNPACKING pc=0x00007fbf9caa364f sp=0x00007fbf361e6510 mode 0
Event: 735.194 Thread 0x00007fbf839b5280 DEOPT PACKING pc=0x00007fbf9a9ed96a sp=0x00007fbf361e6d60
Event: 735.194 Thread 0x00007fbf839b5280 DEOPT UNPACKING pc=0x00007fbf9caa364f sp=0x00007fbf361e6510 mode 0
Event: 735.198 Thread 0x00007fbf839b5280 DEOPT PACKING pc=0x00007fbf9a9ed96a sp=0x00007fbf361e6d60
Event: 735.198 Thread 0x00007fbf839b5280 DEOPT UNPACKING pc=0x00007fbf9caa364f sp=0x00007fbf361e6510 mode 0
Event: 735.203 Thread 0x00007fbf839b5280 DEOPT PACKING pc=0x00007fbf9a9ed96a sp=0x00007fbf361e6d60
Event: 735.203 Thread 0x00007fbf839b5280 DEOPT UNPACKING pc=0x00007fbf9caa364f sp=0x00007fbf361e6510 mode 0
Event: 735.211 Thread 0x00007fbf839b5280 DEOPT PACKING pc=0x00007fbf9a9ed96a sp=0x00007fbf361e6d60
Event: 735.211 Thread 0x00007fbf839b5280 DEOPT UNPACKING pc=0x00007fbf9caa364f sp=0x00007fbf361e6510 mode 0
Event: 735.275 Thread 0x00007fbf839b5280 DEOPT PACKING pc=0x00007fbf9a9ed96a sp=0x00007fbf361e6d60
Event: 735.275 Thread 0x00007fbf839b5280 DEOPT UNPACKING pc=0x00007fbf9caa364f sp=0x00007fbf361e6510 mode 0
Event: 735.284 Thread 0x00007fbf839b5280 DEOPT PACKING pc=0x00007fbf9a9ed96a sp=0x00007fbf361e6d60
Event: 735.284 Thread 0x00007fbf839b5280 DEOPT UNPACKING pc=0x00007fbf9caa364f sp=0x00007fbf361e6510 mode 0
Event: 735.311 Thread 0x00007fbf839b5280 DEOPT PACKING pc=0x00007fbf9a9ed96a sp=0x00007fbf361e6d60
Event: 735.316 Thread 0x00007fbf839b5280 DEOPT UNPACKING pc=0x00007fbf9caa364f sp=0x00007fbf361e6510 mode 0
Event: 735.385 Thread 0x00007fbf839b5280 DEOPT PACKING pc=0x00007fbf9a9ed96a sp=0x00007fbf361e6d60
Event: 735.391 Thread 0x00007fbf839b5280 DEOPT UNPACKING pc=0x00007fbf9caa364f sp=0x00007fbf361e6510 mode 0

Classes loaded (20 events):
Event: 668.884 Loading class java/lang/invoke/BoundMethodHandle$Species_LI
Event: 668.884 Loading class java/lang/invoke/BoundMethodHandle$Species_LI done
Event: 669.118 Loading class java/nio/file/FileTreeIterator
Event: 669.119 Loading class java/nio/file/FileTreeIterator done
Event: 669.751 Loading class java/lang/reflect/GenericSignatureFormatError
Event: 669.751 Loading class java/lang/reflect/GenericSignatureFormatError done
Event: 672.483 Loading class java/util/SortedSet$1
Event: 672.484 Loading class java/util/SortedSet$1 done
Event: 672.486 Loading class java/util/IdentityHashMap$ValueIterator
Event: 672.486 Loading class java/util/IdentityHashMap$ValueIterator done
Event: 687.811 Loading class java/util/IdentityHashMap$EntrySet
Event: 687.812 Loading class java/util/IdentityHashMap$EntrySet done
Event: 688.990 Loading class java/nio/ShortBuffer
Event: 688.990 Loading class java/nio/ShortBuffer done
Event: 689.010 Loading class java/nio/ByteBufferAsShortBufferL
Event: 689.010 Loading class java/nio/ByteBufferAsShortBufferL done
Event: 689.018 Loading class java/util/zip/Adler32
Event: 689.018 Loading class java/util/zip/Adler32 done
Event: 690.682 Loading class java/util/zip/ZipOutputStream$XEntry
Event: 690.682 Loading class java/util/zip/ZipOutputStream$XEntry done

Classes unloaded (20 events):
Event: 665.886 Thread 0x00007fbfac0aec30 Unloading class 0x00007fbf3a0bac38 'androidx/compose/runtime/lint/ProduceStateDetector'
Event: 665.886 Thread 0x00007fbfac0aec30 Unloading class 0x00007fbf3a0baa30 'androidx/compose/runtime/lint/MutableCollectionMutableStateDetector$Companion'
Event: 665.886 Thread 0x00007fbfac0aec30 Unloading class 0x00007fbf3a0ba530 'androidx/compose/runtime/lint/MutableCollectionMutableStateDetector'
Event: 665.886 Thread 0x00007fbfac0aec30 Unloading class 0x00007fbf3a0ba328 'androidx/compose/runtime/lint/CompositionLocalNamingDetector$Companion'
Event: 665.886 Thread 0x00007fbfac0aec30 Unloading class 0x00007fbf3a0b9e28 'androidx/compose/runtime/lint/CompositionLocalNamingDetector'
Event: 665.886 Thread 0x00007fbfac0aec30 Unloading class 0x00007fbf3a0b9c20 'androidx/compose/runtime/lint/ComposableStateFlowValueDetector$Companion'
Event: 665.886 Thread 0x00007fbfac0aec30 Unloading class 0x00007fbf3a0b9720 'androidx/compose/runtime/lint/ComposableStateFlowValueDetector'
Event: 665.886 Thread 0x00007fbfac0aec30 Unloading class 0x00007fbf3a0b9518 'androidx/compose/runtime/lint/ComposableNamingDetector$Companion'
Event: 665.886 Thread 0x00007fbfac0aec30 Unloading class 0x00007fbf3a0b9018 'androidx/compose/runtime/lint/ComposableNamingDetector'
Event: 665.886 Thread 0x00007fbfac0aec30 Unloading class 0x00007fbf3a0b8e10 'androidx/compose/runtime/lint/ComposableLambdaParameterDetector$Companion'
Event: 665.886 Thread 0x00007fbfac0aec30 Unloading class 0x00007fbf3a0b8910 'androidx/compose/runtime/lint/ComposableLambdaParameterDetector'
Event: 665.886 Thread 0x00007fbfac0aec30 Unloading class 0x00007fbf3a0b8708 'androidx/compose/runtime/lint/ComposableFlowOperatorDetector$Companion'
Event: 665.886 Thread 0x00007fbfac0aec30 Unloading class 0x00007fbf3a0b8208 'androidx/compose/runtime/lint/ComposableFlowOperatorDetector'
Event: 665.886 Thread 0x00007fbfac0aec30 Unloading class 0x00007fbf3a0b8000 'androidx/compose/runtime/lint/ComposableCoroutineCreationDetector$Companion'
Event: 665.886 Thread 0x00007fbfac0aec30 Unloading class 0x00007fbf3a0b5918 'androidx/compose/runtime/lint/ComposableCoroutineCreationDetector'
Event: 665.886 Thread 0x00007fbfac0aec30 Unloading class 0x00007fbf3a0b5710 'androidx/compose/runtime/lint/AutoboxingStateCreationDetector$Companion'
Event: 665.886 Thread 0x00007fbfac0aec30 Unloading class 0x00007fbf3a0b5208 'androidx/compose/runtime/lint/AutoboxingStateCreationDetector'
Event: 665.886 Thread 0x00007fbfac0aec30 Unloading class 0x00007fbf3a0b5000 'androidx/compose/runtime/lint/AutoboxingStateValuePropertyDetector$Companion'
Event: 665.886 Thread 0x00007fbfac0aec30 Unloading class 0x00007fbf3a0b4a68 'androidx/compose/runtime/lint/AutoboxingStateValuePropertyDetector'
Event: 665.886 Thread 0x00007fbfac0aec30 Unloading class 0x00007fbf3a0b4800 'androidx/compose/runtime/lint/RuntimeIssueRegistry'

Classes redefined (0 events):
No events

Internal exceptions (20 events):
Event: 690.204 Thread 0x00007fbf780b8e90 Exception <a 'sun/nio/fs/UnixException'{0x00000000d56ed700}> (0x00000000d56ed700) 
thrown [./src/hotspot/share/prims/jni.cpp, line 516]
Event: 690.205 Thread 0x00007fbf780b8e90 Exception <a 'sun/nio/fs/UnixException'{0x00000000d56f39d0}> (0x00000000d56f39d0) 
thrown [./src/hotspot/share/prims/jni.cpp, line 516]
Event: 690.205 Thread 0x00007fbf780b8e90 Exception <a 'sun/nio/fs/UnixException'{0x00000000d56f9ae0}> (0x00000000d56f9ae0) 
thrown [./src/hotspot/share/prims/jni.cpp, line 516]
Event: 690.205 Thread 0x00007fbf780b8e90 Exception <a 'sun/nio/fs/UnixException'{0x00000000d53c1238}> (0x00000000d53c1238) 
thrown [./src/hotspot/share/prims/jni.cpp, line 516]
Event: 690.205 Thread 0x00007fbf780b8e90 Exception <a 'sun/nio/fs/UnixException'{0x00000000d53c8800}> (0x00000000d53c8800) 
thrown [./src/hotspot/share/prims/jni.cpp, line 516]
Event: 690.982 Thread 0x00007fbf839b5280 Exception <a 'sun/nio/fs/UnixException'{0x00000000d3cd4ec8}> (0x00000000d3cd4ec8) 
thrown [./src/hotspot/share/prims/jni.cpp, line 516]
Event: 695.380 Thread 0x00007fbf839b5280 Exception <a 'java/lang/NoSuchMethodError'{0x00000000d6ea1a98}: 'void java.lang.invoke.DirectMethodHandle$Holder.invokeSpecialIFC(java.lang.Object, java.lang.Object, java.lang.Object, java.lang.Object)'> (0x00000000d6ea1a98) 
thrown [./src/hotspot/share/interpreter/linkResolver.cpp, line 758]
Event: 696.197 Thread 0x00007fbf839b5280 Implicit null exception at 0x00007fbf9d197bcc to 0x00007fbf9d197d18
Event: 696.510 Thread 0x00007fbf839b5280 Exception <a 'sun/nio/fs/UnixException'{0x00000000ce8ced28}> (0x00000000ce8ced28) 
thrown [./src/hotspot/share/prims/jni.cpp, line 516]
Event: 697.616 Thread 0x00007fbf839b5280 Exception <a 'sun/nio/fs/UnixException'{0x00000000dc987a38}> (0x00000000dc987a38) 
thrown [./src/hotspot/share/prims/jni.cpp, line 516]
Event: 698.521 Thread 0x00007fbf839b5280 Exception <a 'sun/nio/fs/UnixException'{0x00000000d6175370}> (0x00000000d6175370) 
thrown [./src/hotspot/share/prims/jni.cpp, line 516]
Event: 699.108 Thread 0x00007fbf839b5280 Exception <a 'sun/nio/fs/UnixException'{0x00000000d2904908}> (0x00000000d2904908) 
thrown [./src/hotspot/share/prims/jni.cpp, line 516]
Event: 699.201 Thread 0x00007fbf839b5280 Implicit null exception at 0x00007fbf9e8e748c to 0x00007fbf9e8ea034
Event: 699.919 Thread 0x00007fbf839b5280 Exception <a 'sun/nio/fs/UnixException'{0x00000000cd39c028}> (0x00000000cd39c028) 
thrown [./src/hotspot/share/prims/jni.cpp, line 516]
Event: 700.080 Thread 0x00007fbf839b5280 Exception <a 'sun/nio/fs/UnixException'{0x00000000cc8df028}> (0x00000000cc8df028) 
thrown [./src/hotspot/share/prims/jni.cpp, line 516]
Event: 723.590 Thread 0x00007fbf839b5280 Implicit null exception at 0x00007fbf9ea707a4 to 0x00007fbf9ea71b01
Event: 724.381 Thread 0x00007fbf839b5280 Exception <a 'sun/nio/fs/UnixException'{0x00000000e913b380}> (0x00000000e913b380) 
thrown [./src/hotspot/share/prims/jni.cpp, line 516]
Event: 724.805 Thread 0x00007fbf839b5280 Exception <a 'sun/nio/fs/UnixException'{0x00000000e9516128}> (0x00000000e9516128) 
thrown [./src/hotspot/share/prims/jni.cpp, line 516]
Event: 725.597 Thread 0x00007fbf839b5280 Exception <a 'sun/nio/fs/UnixException'{0x00000000e6d5f578}> (0x00000000e6d5f578) 
thrown [./src/hotspot/share/prims/jni.cpp, line 516]
Event: 728.074 Thread 0x00007fbf839b5280 Exception <a 'sun/nio/fs/UnixException'{0x00000000da538008}> (0x00000000da538008) 
thrown [./src/hotspot/share/prims/jni.cpp, line 516]

VM Operations (20 events):
Event: 729.686 Executing VM operation: G1CollectForAllocation done
Event: 729.988 Executing VM operation: G1CollectForAllocation
Event: 730.097 Executing VM operation: G1CollectForAllocation done
Event: 730.302 Executing VM operation: G1CollectForAllocation
Event: 730.391 Executing VM operation: G1CollectForAllocation done
Event: 730.595 Executing VM operation: G1CollectForAllocation
Event: 730.674 Executing VM operation: G1CollectForAllocation done
Event: 731.211 Executing VM operation: G1CollectForAllocation
Event: 731.303 Executing VM operation: G1CollectForAllocation done
Event: 731.776 Executing VM operation: G1PauseRemark
Event: 731.890 Executing VM operation: G1PauseRemark done
Event: 732.110 Executing VM operation: G1CollectForAllocation
Event: 732.202 Executing VM operation: G1CollectForAllocation done
Event: 732.911 Executing VM operation: G1PauseCleanup
Event: 732.913 Executing VM operation: G1PauseCleanup done
Event: 732.919 Executing VM operation: G1CollectForAllocation
Event: 733.078 Executing VM operation: G1CollectForAllocation done
Event: 733.485 Executing VM operation: G1CollectForAllocation
Event: 733.583 Executing VM operation: G1CollectForAllocation done
Event: 736.791 Executing VM operation: G1CollectForAllocation

Memory protections (20 events):
Event: 661.504 Protecting memory [0x00007fbf35cee000,0x00007fbf35cf2000] with protection modes 0
Event: 661.529 Protecting memory [0x00007fbf35cee000,0x00007fbf35cf2000] with protection modes 0
Event: 661.878 Protecting memory [0x00007fbf35bed000,0x00007fbf35bf1000] with protection modes 0
Event: 661.897 Protecting memory [0x00007fbf35bed000,0x00007fbf35bf1000] with protection modes 0
Event: 661.921 Protecting memory [0x00007fbf35bed000,0x00007fbf35bf1000] with protection modes 0
Event: 661.938 Protecting memory [0x00007fbf35bed000,0x00007fbf35bf1000] with protection modes 0
Event: 661.997 Protecting memory [0x00007fbf35bed000,0x00007fbf35bf1000] with protection modes 0
Event: 662.014 Protecting memory [0x00007fbf35bed000,0x00007fbf35bf1000] with protection modes 0
Event: 662.090 Protecting memory [0x00007fbf35bed000,0x00007fbf35bf1000] with protection modes 0
Event: 662.107 Protecting memory [0x00007fbf35bed000,0x00007fbf35bf1000] with protection modes 0
Event: 662.130 Protecting memory [0x00007fbf35bed000,0x00007fbf35bf1000] with protection modes 0
Event: 662.182 Protecting memory [0x00007fbf35bed000,0x00007fbf35bf1000] with protection modes 0
Event: 662.217 Protecting memory [0x00007fbf35bed000,0x00007fbf35bf1000] with protection modes 0
Event: 662.234 Protecting memory [0x00007fbf35bed000,0x00007fbf35bf1000] with protection modes 0
Event: 662.255 Protecting memory [0x00007fbf35bed000,0x00007fbf35bf1000] with protection modes 0
Event: 662.284 Protecting memory [0x00007fbf35bed000,0x00007fbf35bf1000] with protection modes 0
Event: 662.311 Protecting memory [0x00007fbf35bed000,0x00007fbf35bf1000] with protection modes 0
Event: 662.328 Protecting memory [0x00007fbf35bed000,0x00007fbf35bf1000] with protection modes 0
Event: 662.486 Protecting memory [0x00007fbf35bed000,0x00007fbf35bf1000] with protection modes 0
Event: 669.103 Protecting memory [0x00007fbf35cee000,0x00007fbf35cf2000] with protection modes 0

Nmethod flushes (20 events):
Event: 711.384 Thread 0x00007fbfac0c1c60 flushing  nmethod 0x00007fbf9b300390
Event: 711.384 Thread 0x00007fbfac0c1c60 flushing  nmethod 0x00007fbf9b302010
Event: 711.384 Thread 0x00007fbfac0c1c60 flushing  nmethod 0x00007fbf9b302510
Event: 711.384 Thread 0x00007fbfac0c1c60 flushing  nmethod 0x00007fbf9b302910
Event: 711.384 Thread 0x00007fbfac0c1c60 flushing  nmethod 0x00007fbf9b302e90
Event: 711.384 Thread 0x00007fbfac0c1c60 flushing  nmethod 0x00007fbf9b303690
Event: 711.384 Thread 0x00007fbfac0c1c60 flushing  nmethod 0x00007fbf9b303f10
Event: 711.384 Thread 0x00007fbfac0c1c60 flushing  nmethod 0x00007fbf9b304310
Event: 711.384 Thread 0x00007fbfac0c1c60 flushing  nmethod 0x00007fbf9b34aa90
Event: 722.819 Thread 0x00007fbfac0c1c60 flushing  nmethod 0x00007fbf9e853110
Event: 723.088 Thread 0x00007fbfac0c1c60 flushing  nmethod 0x00007fbf99554f90
Event: 723.108 Thread 0x00007fbfac0c1c60 flushing  nmethod 0x00007fbf9a53de10
Event: 723.113 Thread 0x00007fbfac0c1c60 flushing  nmethod 0x00007fbf9a843390
Event: 723.113 Thread 0x00007fbfac0c1c60 flushing  nmethod 0x00007fbf9a872490
Event: 723.114 Thread 0x00007fbfac0c1c60 flushing  nmethod 0x00007fbf9a9d4610
Event: 723.117 Thread 0x00007fbfac0c1c60 flushing  nmethod 0x00007fbf9aef3790
Event: 723.117 Thread 0x00007fbfac0c1c60 flushing  nmethod 0x00007fbf9af76890
Event: 723.117 Thread 0x00007fbfac0c1c60 flushing  nmethod 0x00007fbf9afd8b90
Event: 723.117 Thread 0x00007fbfac0c1c60 flushing  nmethod 0x00007fbf9aff8990
Event: 723.119 Thread 0x00007fbfac0c1c60 flushing osr nmethod 0x00007fbf9b3ae490

Events (20 events):
Event: 662.181 Thread 0x00007fbf780b8e90 Thread added: 0x00007fbf8d333410
Event: 662.183 Thread 0x00007fbf8d333410 Thread exited: 0x00007fbf8d333410
Event: 662.217 Thread 0x00007fbf780b8e90 Thread added: 0x00007fbf8d343ec0
Event: 662.217 Thread 0x00007fbf8d343ec0 Thread exited: 0x00007fbf8d343ec0
Event: 662.234 Thread 0x00007fbf780b8e90 Thread added: 0x00007fbf8d343ec0
Event: 662.234 Thread 0x00007fbf8d343ec0 Thread exited: 0x00007fbf8d343ec0
Event: 662.254 Thread 0x00007fbf780b8e90 Thread added: 0x00007fbf8d343ec0
Event: 662.255 Thread 0x00007fbf8d343ec0 Thread exited: 0x00007fbf8d343ec0
Event: 662.284 Thread 0x00007fbf780b8e90 Thread added: 0x00007fbf8d343ec0
Event: 662.284 Thread 0x00007fbf8d343ec0 Thread exited: 0x00007fbf8d343ec0
Event: 662.310 Thread 0x00007fbf780b8e90 Thread added: 0x00007fbf8d331cf0
Event: 662.312 Thread 0x00007fbf8d331cf0 Thread exited: 0x00007fbf8d331cf0
Event: 662.328 Thread 0x00007fbf780b8e90 Thread added: 0x00007fbf8d331cf0
Event: 662.328 Thread 0x00007fbf8d331cf0 Thread exited: 0x00007fbf8d331cf0
Event: 662.486 Thread 0x00007fbf780b8e90 Thread added: 0x00007fbf8d34a740
Event: 664.687 Thread 0x00007fbf8d34a740 Thread exited: 0x00007fbf8d34a740
Event: 666.573 Thread 0x00007fbf8d30fe60 Thread exited: 0x00007fbf8d30fe60
Event: 669.103 Thread 0x00007fbf839b5280 Thread added: 0x00007fbf787bcdf0
Event: 692.211 Thread 0x00007fbf780b8e90 Thread exited: 0x00007fbf780b8e90
Event: 715.001 Thread 0x00007fbf8c19d600 Thread exited: 0x00007fbf8c19d600


Dynamic libraries:
b5000000-f2700000 rw-p 00000000 00:00 0 
f7500000-ffe00000 ---p 00000000 00:00 0 
ffe00000-ffe75000 rw-p 00c7a000 00:25 13853                              /usr/lib/jvm/java-17-openjdk-amd64/lib/server/classes.jsa
ffe75000-fff00000 rw-p 00000000 00:00 0 
fff00000-fff78000 rw-p 00c02000 00:25 13853                              /usr/lib/jvm/java-17-openjdk-amd64/lib/server/classes.jsa
fff78000-100000000 rw-p 00000000 00:00 0 
561b1367c000-561b1367d000 r--p 00000000 00:25 13495                      /usr/lib/jvm/java-17-openjdk-amd64/bin/java
561b1367d000-561b1367e000 r-xp 00001000 00:25 13495                      /usr/lib/jvm/java-17-openjdk-amd64/bin/java
561b1367e000-561b1367f000 r--p 00002000 00:25 13495                      /usr/lib/jvm/java-17-openjdk-amd64/bin/java
561b1367f000-561b13680000 r--p 00002000 00:25 13495                      /usr/lib/jvm/java-17-openjdk-amd64/bin/java
561b13680000-561b13681000 rw-p 00003000 00:25 13495                      /usr/lib/jvm/java-17-openjdk-amd64/bin/java
561b14e30000-561b14fb6000 rw-p 00000000 00:00 0                          [heap]
7fbef4000000-7fbef5f00000 rw-p 00000000 00:00 0 
7fbef5f00000-7fbef5fa0000 rw-p 00000000 00:00 0 
7fbef5fa0000-7fbef6000000 ---p 00000000 00:00 0 
7fbef6000000-7fbef74c0000 rw-p 00000000 00:00 0 
7fbef74c0000-7fbef8000000 ---p 00000000 00:00 0 
7fbef8511000-7fbf00000000 r--s 00000000 00:25 13844                      /usr/lib/jvm/java-17-openjdk-amd64/lib/modules
7fbf00000000-7fbf00900000 rw-p 00000000 00:00 0 
7fbf00900000-7fbf00a00000 rw-p 00000000 00:00 0 
7fbf00a00000-7fbf013c0000 rw-p 00000000 00:00 0 
7fbf013c0000-7fbf01400000 rw-p 00000000 00:00 0 
7fbf01400000-7fbf01b00000 rw-p 00000000 00:00 0 
7fbf01b00000-7fbf01c00000 rw-p 00000000 00:00 0 
7fbf01c00000-7fbf03560000 rw-p 00000000 00:00 0 
7fbf03560000-7fbf04000000 rw-p 00000000 00:00 0 
7fbf04000000-7fbf05880000 rw-p 00000000 00:00 0 
7fbf05880000-7fbf05900000 rw-p 00000000 00:00 0 
7fbf05900000-7fbf05b00000 rw-p 00000000 00:00 0 
7fbf05b00000-7fbf05d00000 rw-p 00000000 00:00 0 
7fbf05d00000-7fbf05d80000 rw-p 00000000 00:00 0 
7fbf05d80000-7fbf05e00000 rw-p 00000000 00:00 0 
7fbf05e00000-7fbf05ec0000 rw-p 00000000 00:00 0 
7fbf05ec0000-7fbf05f00000 rw-p 00000000 00:00 0 
7fbf05f00000-7fbf06100000 rw-p 00000000 00:00 0 
7fbf06100000-7fbf06200000 rw-p 00000000 00:00 0 
7fbf06200000-7fbf06300000 rw-p 00000000 00:00 0 
7fbf06300000-7fbf06400000 rw-p 00000000 00:00 0 
7fbf06400000-7fbf06f00000 rw-p 00000000 00:00 0 
7fbf06f00000-7fbf08000000 rw-p 00000000 00:00 0 
7fbf08511000-7fbf10000000 r--s 00000000 00:25 13844                      /usr/lib/jvm/java-17-openjdk-amd64/lib/modules
7fbf10000000-7fbf11d2b000 rw-p 00000000 00:00 0 
7fbf11d2b000-7fbf14000000 ---p 00000000 00:00 0 
7fbf14000000-7fbf1424b000 rw-p 00000000 00:00 0 
7fbf1424b000-7fbf18000000 ---p 00000000 00:00 0 
7fbf18000000-7fbf18061000 rw-p 00000000 00:00 0 
7fbf18061000-7fbf1c000000 ---p 00000000 00:00 0 
7fbf1c000000-7fbf1fa42000 rw-p 00000000 00:00 0 
7fbf1fa42000-7fbf20000000 ---p 00000000 00:00 0 
7fbf20000000-7fbf20055000 rw-p 00000000 00:00 0 
7fbf20055000-7fbf24000000 ---p 00000000 00:00 0 
7fbf24000000-7fbf241af000 rw-p 00000000 00:00 0 
7fbf241af000-7fbf28000000 ---p 00000000 00:00 0 
7fbf28000000-7fbf2802c000 rw-p 00000000 00:00 0 
7fbf2802c000-7fbf2c000000 ---p 00000000 00:00 0 
7fbf2c000000-7fbf2c028000 rw-p 00000000 00:00 0 
7fbf2c028000-7fbf30000000 ---p 00000000 00:00 0 
7fbf30000000-7fbf306c7000 rw-p 00000000 00:00 0 
7fbf306c7000-7fbf34000000 ---p 00000000 00:00 0 
7fbf34b63000-7fbf34b64000 ---p 00000000 00:00 0 
7fbf34b64000-7fbf34b68000 ---p 00000000 00:00 0 
7fbf34b68000-7fbf34c64000 rw-p 00000000 00:00 0 
7fbf34ff8000-7fbf34ff9000 ---p 00000000 00:00 0 
7fbf34ff9000-7fbf34ffd000 ---p 00000000 00:00 0 
7fbf34ffd000-7fbf350f9000 rw-p 00000000 00:00 0 
7fbf350f9000-7fbf350fa000 ---p 00000000 00:00 0 
7fbf350fa000-7fbf350fe000 ---p 00000000 00:00 0 
7fbf350fe000-7fbf351fa000 rw-p 00000000 00:00 0 
7fbf351fa000-7fbf351fb000 ---p 00000000 00:00 0 
7fbf351fb000-7fbf351ff000 ---p 00000000 00:00 0 
7fbf351ff000-7fbf352fb000 rw-p 00000000 00:00 0 
7fbf352fb000-7fbf352fc000 ---p 00000000 00:00 0 
7fbf352fc000-7fbf35300000 ---p 00000000 00:00 0 
7fbf35300000-7fbf353fc000 rw-p 00000000 00:00 0 
7fbf353fc000-7fbf353fd000 ---p 00000000 00:00 0 
7fbf353fd000-7fbf35401000 ---p 00000000 00:00 0 
7fbf35401000-7fbf354fd000 rw-p 00000000 00:00 0 
7fbf354fd000-7fbf354fe000 ---p 00000000 00:00 0 
7fbf354fe000-7fbf35502000 ---p 00000000 00:00 0 
7fbf35502000-7fbf355fe000 rw-p 00000000 00:00 0 
7fbf355fe000-7fbf355ff000 ---p 00000000 00:00 0 
7fbf355ff000-7fbf35603000 ---p 00000000 00:00 0 
7fbf35603000-7fbf356ff000 rw-p 00000000 00:00 0 
7fbf356ff000-7fbf35700000 ---p 00000000 00:00 0 
7fbf35700000-7fbf35704000 ---p 00000000 00:00 0 
7fbf35704000-7fbf35800000 rw-p 00000000 00:00 0 
7fbf35800000-7fbf35805000 r-xp 00000000 fe:00 141705                     /tmp/native-platform9744029207629390188dir/libnative-platform.so
7fbf35805000-7fbf35a04000 ---p 00005000 fe:00 141705                     /tmp/native-platform9744029207629390188dir/libnative-platform.so
7fbf35a04000-7fbf35a05000 rw-p 00004000 fe:00 141705                     /tmp/native-platform9744029207629390188dir/libnative-platform.so
7fbf35aeb000-7fbf35aec000 ---p 00000000 00:00 0 
7fbf35aec000-7fbf35af0000 ---p 00000000 00:00 0 
7fbf35af0000-7fbf35bec000 rw-p 00000000 00:00 0 
7fbf35bec000-7fbf35bed000 ---p 00000000 00:00 0 
7fbf35bed000-7fbf35bf1000 ---p 00000000 00:00 0 
7fbf35bf1000-7fbf35ced000 rw-p 00000000 00:00 0 
7fbf35ced000-7fbf35cee000 ---p 00000000 00:00 0 
7fbf35cee000-7fbf35cf2000 ---p 00000000 00:00 0 
7fbf35cf2000-7fbf35dee000 rw-p 00000000 00:00 0 
7fbf35dee000-7fbf35def000 ---p 00000000 00:00 0 
7fbf35def000-7fbf35df3000 ---p 00000000 00:00 0 
7fbf35df3000-7fbf35eef000 rw-p 00000000 00:00 0 
7fbf35eef000-7fbf35ef0000 ---p 00000000 00:00 0 
7fbf35ef0000-7fbf35ef4000 ---p 00000000 00:00 0 
7fbf35ef4000-7fbf35ff0000 rw-p 00000000 00:00 0 
7fbf35ff0000-7fbf35ff1000 ---p 00000000 00:00 0 
7fbf35ff1000-7fbf35ff5000 ---p 00000000 00:00 0 
7fbf35ff5000-7fbf360f1000 rw-p 00000000 00:00 0 
7fbf360f1000-7fbf360f2000 ---p 00000000 00:00 0 
7fbf360f2000-7fbf360f6000 ---p 00000000 00:00 0 
7fbf360f6000-7fbf361f2000 rw-p 00000000 00:00 0 
7fbf361f2000-7fbf361f3000 ---p 00000000 00:00 0 
7fbf361f3000-7fbf361f7000 ---p 00000000 00:00 0 
7fbf361f7000-7fbf362f3000 rw-p 00000000 00:00 0 
7fbf362f3000-7fbf362f4000 ---p 00000000 00:00 0 
7fbf362f4000-7fbf362f8000 ---p 00000000 00:00 0 
7fbf362f8000-7fbf363f4000 rw-p 00000000 00:00 0 
7fbf363f4000-7fbf363f5000 ---p 00000000 00:00 0 
7fbf363f5000-7fbf363f9000 ---p 00000000 00:00 0 
7fbf363f9000-7fbf364f5000 rw-p 00000000 00:00 0 
7fbf364f5000-7fbf364f6000 ---p 00000000 00:00 0 
7fbf364f6000-7fbf364fa000 ---p 00000000 00:00 0 
7fbf364fa000-7fbf365f6000 rw-p 00000000 00:00 0 
7fbf365f6000-7fbf365f7000 ---p 00000000 00:00 0 
7fbf365f7000-7fbf365fb000 ---p 00000000 00:00 0 
7fbf365fb000-7fbf366f7000 rw-p 00000000 00:00 0 
7fbf366f7000-7fbf366f8000 ---p 00000000 00:00 0 
7fbf366f8000-7fbf366fc000 ---p 00000000 00:00 0 
7fbf366fc000-7fbf367f8000 rw-p 00000000 00:00 0 
7fbf367f8000-7fbf367f9000 ---p 00000000 00:00 0 
7fbf367f9000-7fbf367fd000 ---p 00000000 00:00 0 
7fbf367fd000-7fbf368f9000 rw-p 00000000 00:00 0 
7fbf368f9000-7fbf368fa000 ---p 00000000 00:00 0 
7fbf368fa000-7fbf368fe000 ---p 00000000 00:00 0 
7fbf368fe000-7fbf369fa000 rw-p 00000000 00:00 0 
7fbf369fa000-7fbf369fb000 ---p 00000000 00:00 0 
7fbf369fb000-7fbf369ff000 ---p 00000000 00:00 0 
7fbf369ff000-7fbf36afb000 rw-p 00000000 00:00 0 
7fbf36afb000-7fbf36afc000 ---p 00000000 00:00 0 
7fbf36afc000-7fbf36b00000 ---p 00000000 00:00 0 
7fbf36b00000-7fbf36bfc000 rw-p 00000000 00:00 0 
7fbf36bfc000-7fbf36bfd000 ---p 00000000 00:00 0 
7fbf36bfd000-7fbf36c01000 ---p 00000000 00:00 0 
7fbf36c01000-7fbf36cfd000 rw-p 00000000 00:00 0 
7fbf36cfd000-7fbf36cfe000 ---p 00000000 00:00 0 
7fbf36cfe000-7fbf36d02000 ---p 00000000 00:00 0 
7fbf36d02000-7fbf36dfe000 rw-p 00000000 00:00 0 
7fbf36dfe000-7fbf36dff000 ---p 00000000 00:00 0 
7fbf36dff000-7fbf36e03000 ---p 00000000 00:00 0 
7fbf36e03000-7fbf36eff000 rw-p 00000000 00:00 0 
7fbf36eff000-7fbf36f00000 ---p 00000000 00:00 0 
7fbf36f00000-7fbf36f04000 ---p 00000000 00:00 0 
7fbf36f04000-7fbf37000000 rw-p 00000000 00:00 0 
7fbf37000000-7fbf37455000 rw-p 00001000 00:25 13853                      /usr/lib/jvm/java-17-openjdk-amd64/lib/server/classes.jsa
7fbf37455000-7fbf37bca000 rw-p 00456000 00:25 13853                      /usr/lib/jvm/java-17-openjdk-amd64/lib/server/classes.jsa
7fbf37bca000-7fbf38000000 ---p 00000000 00:00 0 
7fbf38000000-7fbf38040000 rw-p 00000000 00:00 0 
7fbf38040000-7fbf38080000 rw-p 00000000 00:00 0 
7fbf38080000-7fbf38140000 rw-p 00000000 00:00 0 
7fbf38140000-7fbf38180000 rw-p 00000000 00:00 0 
7fbf38180000-7fbf38400000 rw-p 00000000 00:00 0 
7fbf38400000-7fbf38440000 rw-p 00000000 00:00 0 
7fbf38440000-7fbf38480000 rw-p 00000000 00:00 0 
7fbf38480000-7fbf38d40000 rw-p 00000000 00:00 0 
7fbf38d40000-7fbf38dc0000 rw-p 00000000 00:00 0 
7fbf38dc0000-7fbf38e40000 rw-p 00000000 00:00 0 
7fbf38e40000-7fbf39040000 rw-p 00000000 00:00 0 
7fbf39040000-7fbf39080000 rw-p 00000000 00:00 0 
7fbf39080000-7fbf39670000 rw-p 00000000 00:00 0 
7fbf39670000-7fbf39680000 ---p 00000000 00:00 0 
7fbf39680000-7fbf3a2b0000 rw-p 00000000 00:00 0 
7fbf3a2b0000-7fbf78000000 ---p 00000000 00:00 0 
7fbf78000000-7fbf78b66000 rw-p 00000000 00:00 0 
7fbf78b66000-7fbf7c000000 ---p 00000000 00:00 0 
7fbf7c000000-7fbf7c400000 rw-p 00000000 00:00 0 
7fbf7c400000-7fbf7c900000 rw-p 00000000 00:00 0 
7fbf7c900000-7fbf7ca00000 rw-p 00000000 00:00 0 
7fbf7ca00000-7fbf7d580000 rw-p 00000000 00:00 0 
7fbf7d580000-7fbf7d600000 rw-p 00000000 00:00 0 
7fbf7d600000-7fbf7d700000 rw-p 00000000 00:00 0 
7fbf7d700000-7fbf7d900000 rw-p 00000000 00:00 0 
7fbf7d900000-7fbf7da00000 rw-p 00000000 00:00 0 
7fbf7da00000-7fbf7e700000 rw-p 00000000 00:00 0 
7fbf7e700000-7fbf7e800000 rw-p 00000000 00:00 0 
7fbf7e800000-7fbf7ee00000 rw-p 00000000 00:00 0 
7fbf7ee00000-7fbf80000000 rw-p 00000000 00:00 0 
7fbf80000000-7fbf839be000 rw-p 00000000 00:00 0 
7fbf839be000-7fbf84000000 ---p 00000000 00:00 0 
7fbf84095000-7fbf84096000 ---p 00000000 00:00 0 
7fbf84096000-7fbf8409a000 ---p 00000000 00:00 0 
7fbf8409a000-7fbf84196000 rw-p 00000000 00:00 0 
7fbf84196000-7fbf84197000 ---p 00000000 00:00 0 
7fbf84197000-7fbf8419b000 ---p 00000000 00:00 0 
7fbf8419b000-7fbf84297000 rw-p 00000000 00:00 0 
7fbf84297000-7fbf84298000 ---p 00000000 00:00 0 
7fbf84298000-7fbf8429c000 ---p 00000000 00:00 0 
7fbf8429c000-7fbf84398000 rw-p 00000000 00:00 0 
7fbf84398000-7fbf84399000 ---p 00000000 00:00 0 
7fbf84399000-7fbf8439d000 ---p 00000000 00:00 0 
7fbf8439d000-7fbf84499000 rw-p 00000000 00:00 0 
7fbf84499000-7fbf8449a000 ---p 00000000 00:00 0 
7fbf8449a000-7fbf8449e000 ---p 00000000 00:00 0 
7fbf8449e000-7fbf8459a000 rw-p 00000000 00:00 0 
7fbf8459a000-7fbf8459b000 ---p 00000000 00:00 0 
7fbf8459b000-7fbf8459f000 ---p 00000000 00:00 0 
7fbf8459f000-7fbf8469b000 rw-p 00000000 00:00 0 
7fbf8469b000-7fbf8469c000 ---p 00000000 00:00 0 
7fbf8469c000-7fbf846a0000 ---p 00000000 00:00 0 
7fbf846a0000-7fbf8479c000 rw-p 00000000 00:00 0 
7fbf8479c000-7fbf8479d000 ---p 00000000 00:00 0 
7fbf8479d000-7fbf847a1000 ---p 00000000 00:00 0 
7fbf847a1000-7fbf8489d000 rw-p 00000000 00:00 0 
7fbf8489d000-7fbf8489e000 ---p 00000000 00:00 0 
7fbf8489e000-7fbf848a2000 ---p 00000000 00:00 0 
7fbf848a2000-7fbf8499e000 rw-p 00000000 00:00 0 
7fbf8499e000-7fbf8499f000 ---p 00000000 00:00 0 
7fbf8499f000-7fbf849a3000 ---p 00000000 00:00 0 
7fbf849a3000-7fbf84a9f000 rw-p 00000000 00:00 0 
7fbf84a9f000-7fbf84aa0000 ---p 00000000 00:00 0 
7fbf84aa0000-7fbf84aa4000 ---p 00000000 00:00 0 
7fbf84aa4000-7fbf84ba0000 rw-p 00000000 00:00 0 
7fbf84ba0000-7fbf84ba1000 ---p 00000000 00:00 0 
7fbf84ba1000-7fbf84ba5000 ---p 00000000 00:00 0 
7fbf84ba5000-7fbf84ca1000 rw-p 00000000 00:00 0 
7fbf84ca1000-7fbf84ca2000 ---p 00000000 00:00 0 
7fbf84ca2000-7fbf84ca6000 ---p 00000000 00:00 0 
7fbf84ca6000-7fbf84da2000 rw-p 00000000 00:00 0 
7fbf84da2000-7fbf84da3000 ---p 00000000 00:00 0 
7fbf84da3000-7fbf84da7000 ---p 00000000 00:00 0 
7fbf84da7000-7fbf84ea3000 rw-p 00000000 00:00 0 
7fbf84ea3000-7fbf84ea4000 ---p 00000000 00:00 0 
7fbf84ea4000-7fbf84ea8000 ---p 00000000 00:00 0 
7fbf84ea8000-7fbf84fa4000 rw-p 00000000 00:00 0 
7fbf84fa4000-7fbf84fa5000 ---p 00000000 00:00 0 
7fbf84fa5000-7fbf84fa9000 ---p 00000000 00:00 0 
7fbf84fa9000-7fbf850a5000 rw-p 00000000 00:00 0 
7fbf850a5000-7fbf850a6000 ---p 00000000 00:00 0 
7fbf850a6000-7fbf850aa000 ---p 00000000 00:00 0 
7fbf850aa000-7fbf851a6000 rw-p 00000000 00:00 0 
7fbf851a6000-7fbf851a7000 ---p 00000000 00:00 0 
7fbf851a7000-7fbf851ab000 ---p 00000000 00:00 0 
7fbf851ab000-7fbf852a7000 rw-p 00000000 00:00 0 
7fbf852a7000-7fbf852a8000 ---p 00000000 00:00 0 
7fbf852a8000-7fbf852ac000 ---p 00000000 00:00 0 
7fbf852ac000-7fbf853a8000 rw-p 00000000 00:00 0 
7fbf853fe000-7fbf853ff000 ---p 00000000 00:00 0 
7fbf853ff000-7fbf85403000 ---p 00000000 00:00 0 
7fbf85403000-7fbf854ff000 rw-p 00000000 00:00 0 
7fbf854ff000-7fbf85500000 ---p 00000000 00:00 0 
7fbf85500000-7fbf85504000 ---p 00000000 00:00 0 
7fbf85504000-7fbf85600000 rw-p 00000000 00:00 0 
7fbf85600000-7fbf85653000 r-xp 00000000 fe:00 137987                     /tmp/gradle-home/native/38dada09dfb8b06ba9b0570ebf7e218e3eb74d4ef43ca46872605cf95ebc2f47/linux-amd64/libnative-platform-file-events.so
7fbf85653000-7fbf85852000 ---p 00053000 fe:00 137987                     /tmp/gradle-home/native/38dada09dfb8b06ba9b0570ebf7e218e3eb74d4ef43ca46872605cf95ebc2f47/linux-amd64/libnative-platform-file-events.so
7fbf85852000-7fbf85853000 r--p 00052000 fe:00 137987                     /tmp/gradle-home/native/38dada09dfb8b06ba9b0570ebf7e218e3eb74d4ef43ca46872605cf95ebc2f47/linux-amd64/libnative-platform-file-events.so
7fbf85853000-7fbf85855000 rw-p 00053000 fe:00 137987                     /tmp/gradle-home/native/38dada09dfb8b06ba9b0570ebf7e218e3eb74d4ef43ca46872605cf95ebc2f47/linux-amd64/libnative-platform-file-events.so
7fbf858ff000-7fbf85900000 ---p 00000000 00:00 0 
7fbf85900000-7fbf85904000 ---p 00000000 00:00 0 
7fbf85904000-7fbf85a00000 rw-p 00000000 00:00 0 
7fbf85a00000-7fbf85a05000 r-xp 00000000 fe:00 137967                     /tmp/gradle-home/native/c067742578af261105cb4f569cf0c3c89f3d7b1fecec35dd04571415982c5e48/linux-amd64/libnative-platform.so
7fbf85a05000-7fbf85c05000 ---p 00005000 fe:00 137967                     /tmp/gradle-home/native/c067742578af261105cb4f569cf0c3c89f3d7b1fecec35dd04571415982c5e48/linux-amd64/libnative-platform.so
7fbf85c05000-7fbf85c06000 r--p 00005000 fe:00 137967                     /tmp/gradle-home/native/c067742578af261105cb4f569cf0c3c89f3d7b1fecec35dd04571415982c5e48/linux-amd64/libnative-platform.so
7fbf85c06000-7fbf85c07000 rw-p 00006000 fe:00 137967                     /tmp/gradle-home/native/c067742578af261105cb4f569cf0c3c89f3d7b1fecec35dd04571415982c5e48/linux-amd64/libnative-platform.so
7fbf85cfd000-7fbf85cfe000 ---p 00000000 00:00 0 
7fbf85cfe000-7fbf85d02000 ---p 00000000 00:00 0 
7fbf85d02000-7fbf85dfe000 rw-p 00000000 00:00 0 
7fbf85dfe000-7fbf85dff000 ---p 00000000 00:00 0 
7fbf85dff000-7fbf85eff000 rw-p 00000000 00:00 0 
7fbf85eff000-7fbf85f00000 ---p 00000000 00:00 0 
7fbf85f00000-7fbf88000000 rw-p 00000000 00:00 0 
7fbf88000000-7fbf88021000 rw-p 00000000 00:00 0 
7fbf88021000-7fbf8c000000 ---p 00000000 00:00 0 
7fbf8c000000-7fbf8d528000 rw-p 00000000 00:00 0 
7fbf8d528000-7fbf90000000 ---p 00000000 00:00 0 
7fbf90000000-7fbf90121000 rw-p 00000000 00:00 0 
7fbf90121000-7fbf94000000 ---p 00000000 00:00 0 
7fbf9408d000-7fbf9408e000 ---p 00000000 00:00 0 
7fbf9408e000-7fbf94092000 ---p 00000000 00:00 0 
7fbf94092000-7fbf940b0000 rw-p 00000000 00:00 0 
7fbf940b0000-7fbf940b1000 r--p 00000000 00:25 13837                      /usr/lib/jvm/java-17-openjdk-amd64/lib/librmi.so
7fbf940b1000-7fbf940b2000 r-xp 00001000 00:25 13837                      /usr/lib/jvm/java-17-openjdk-amd64/lib/librmi.so
7fbf940b2000-7fbf940b3000 r--p 00002000 00:25 13837                      /usr/lib/jvm/java-17-openjdk-amd64/lib/librmi.so
7fbf940b3000-7fbf940b4000 r--p 00002000 00:25 13837                      /usr/lib/jvm/java-17-openjdk-amd64/lib/librmi.so
7fbf940b4000-7fbf940b5000 rw-p 00003000 00:25 13837                      /usr/lib/jvm/java-17-openjdk-amd64/lib/librmi.so
7fbf940b5000-7fbf940b6000 ---p 00000000 00:00 0 
7fbf940b6000-7fbf940ba000 ---p 00000000 00:00 0 
7fbf940ba000-7fbf940d8000 rw-p 00000000 00:00 0 
7fbf940d8000-7fbf940d9000 ---p 00000000 00:00 0 
7fbf940d9000-7fbf940dd000 ---p 00000000 00:00 0 
7fbf940dd000-7fbf940fb000 rw-p 00000000 00:00 0 
7fbf940fb000-7fbf940fc000 ---p 00000000 00:00 0 
7fbf940fc000-7fbf941fc000 rw-p 00000000 00:00 0 
7fbf941fc000-7fbf941fd000 ---p 00000000 00:00 0 
7fbf941fd000-7fbf94201000 ---p 00000000 00:00 0 
7fbf94201000-7fbf942fd000 rw-p 00000000 00:00 0 
7fbf942fd000-7fbf942fe000 ---p 00000000 00:00 0 
7fbf942fe000-7fbf94302000 ---p 00000000 00:00 0 
7fbf94302000-7fbf943fe000 rw-p 00000000 00:00 0 
7fbf943fe000-7fbf943ff000 ---p 00000000 00:00 0 
7fbf943ff000-7fbf94403000 ---p 00000000 00:00 0 
7fbf94403000-7fbf944ff000 rw-p 00000000 00:00 0 
7fbf944ff000-7fbf94500000 ---p 00000000 00:00 0 
7fbf94500000-7fbf94504000 ---p 00000000 00:00 0 
7fbf94504000-7fbf94600000 rw-p 00000000 00:00 0 
7fbf94600000-7fbf94601000 ---p 00000000 00:00 0 
7fbf94601000-7fbf94605000 ---p 00000000 00:00 0 
7fbf94605000-7fbf94701000 rw-p 00000000 00:00 0 
7fbf94701000-7fbf94702000 ---p 00000000 00:00 0 
7fbf94702000-7fbf94706000 ---p 00000000 00:00 0 
7fbf94706000-7fbf94802000 rw-p 00000000 00:00 0 
7fbf94802000-7fbf94803000 ---p 00000000 00:00 0 
7fbf94803000-7fbf94807000 ---p 00000000 00:00 0 
7fbf94807000-7fbf94903000 rw-p 00000000 00:00 0 
7fbf94903000-7fbf94904000 ---p 00000000 00:00 0 
7fbf94904000-7fbf94908000 ---p 00000000 00:00 0 
7fbf94908000-7fbf94a04000 rw-p 00000000 00:00 0 
7fbf94a04000-7fbf94a5b000 r--p 00000000 00:25 13893                      /usr/lib/locale/C.utf8/LC_CTYPE
7fbf94a5b000-7fbf94a5c000 ---p 00000000 00:00 0 
7fbf94a5c000-7fbf94a60000 ---p 00000000 00:00 0 
7fbf94a60000-7fbf94b5c000 rw-p 00000000 00:00 0 
7fbf94b5c000-7fbf94b5d000 ---p 00000000 00:00 0 
7fbf94b5d000-7fbf94b61000 ---p 00000000 00:00 0 
7fbf94b61000-7fbf94c5d000 rw-p 00000000 00:00 0 
7fbf94c5d000-7fbf94c5e000 ---p 00000000 00:00 0 
7fbf94c5e000-7fbf94d5e000 rw-p 00000000 00:00 0 
7fbf94d5e000-7fbf94d63000 r--p 00000000 00:25 13828                      /usr/lib/jvm/java-17-openjdk-amd64/lib/libjsvml.so
7fbf94d63000-7fbf94da4000 r-xp 00005000 00:25 13828                      /usr/lib/jvm/java-17-openjdk-amd64/lib/libjsvml.so
7fbf94da4000-7fbf94e2d000 r--p 00046000 00:25 13828                      /usr/lib/jvm/java-17-openjdk-amd64/lib/libjsvml.so
7fbf94e2d000-7fbf94e2e000 r--p 000ce000 00:25 13828                      /usr/lib/jvm/java-17-openjdk-amd64/lib/libjsvml.so
7fbf94e2e000-7fbf94e2f000 rw-p 000cf000 00:25 13828                      /usr/lib/jvm/java-17-openjdk-amd64/lib/libjsvml.so
7fbf94e2f000-7fbf94f0b000 rw-p 00000000 00:00 0 
7fbf94f0b000-7fbf94f0c000 ---p 00000000 00:00 0 
7fbf94f0c000-7fbf9500c000 rw-p 00000000 00:00 0 
7fbf9500c000-7fbf9500d000 ---p 00000000 00:00 0 
7fbf9500d000-7fbf9530f000 rw-p 00000000 00:00 0 
7fbf9530f000-7fbf95310000 ---p 00000000 00:00 0 
7fbf95310000-7fbf95410000 rw-p 00000000 00:00 0 
7fbf95410000-7fbf95411000 ---p 00000000 00:00 0 
7fbf95411000-7fbf95511000 rw-p 00000000 00:00 0 
7fbf95511000-7fbf9b491000 rwxp 00000000 00:00 0 
7fbf9b491000-7fbf9ca49000 ---p 00000000 00:00 0 
7fbf9ca49000-7fbf9ccb9000 rwxp 00000000 00:00 0 
7fbf9ccb9000-7fbf9cfd8000 ---p 00000000 00:00 0 
7fbf9cfd8000-7fbf9ec48000 rwxp 00000000 00:00 0 
7fbf9ec48000-7fbfa4511000 ---p 00000000 00:00 0 
7fbfa4511000-7fbfac000000 r--s 00000000 00:25 13844                      /usr/lib/jvm/java-17-openjdk-amd64/lib/modules
7fbfac000000-7fbfad315000 rw-p 00000000 00:00 0 
7fbfad315000-7fbfb0000000 ---p 00000000 00:00 0 
7fbfb0004000-7fbfb0005000 r--p 00000000 00:25 13813                      /usr/lib/jvm/java-17-openjdk-amd64/lib/libextnet.so
7fbfb0005000-7fbfb0006000 r-xp 00001000 00:25 13813                      /usr/lib/jvm/java-17-openjdk-amd64/lib/libextnet.so
7fbfb0006000-7fbfb0007000 r--p 00002000 00:25 13813                      /usr/lib/jvm/java-17-openjdk-amd64/lib/libextnet.so
7fbfb0007000-7fbfb0008000 r--p 00002000 00:25 13813                      /usr/lib/jvm/java-17-openjdk-amd64/lib/libextnet.so
7fbfb0008000-7fbfb0009000 rw-p 00003000 00:25 13813                      /usr/lib/jvm/java-17-openjdk-amd64/lib/libextnet.so
7fbfb0009000-7fbfb000b000 r--p 00000000 00:25 13832                      /usr/lib/jvm/java-17-openjdk-amd64/lib/libmanagement_ext.so
7fbfb000b000-7fbfb000e000 r-xp 00002000 00:25 13832                      /usr/lib/jvm/java-17-openjdk-amd64/lib/libmanagement_ext.so
7fbfb000e000-7fbfb000f000 r--p 00005000 00:25 13832                      /usr/lib/jvm/java-17-openjdk-amd64/lib/libmanagement_ext.so
7fbfb000f000-7fbfb0010000 r--p 00006000 00:25 13832                      /usr/lib/jvm/java-17-openjdk-amd64/lib/libmanagement_ext.so
7fbfb0010000-7fbfb0011000 rw-p 00007000 00:25 13832                      /usr/lib/jvm/java-17-openjdk-amd64/lib/libmanagement_ext.so
7fbfb0011000-7fbfb0012000 r--p 00000000 00:25 18162                      /usr/lib/x86_64-linux-gnu/libpthread.so.0
7fbfb0012000-7fbfb0013000 r-xp 00001000 00:25 18162                      /usr/lib/x86_64-linux-gnu/libpthread.so.0
7fbfb0013000-7fbfb0014000 r--p 00002000 00:25 18162                      /usr/lib/x86_64-linux-gnu/libpthread.so.0
7fbfb0014000-7fbfb0015000 r--p 00002000 00:25 18162                      /usr/lib/x86_64-linux-gnu/libpthread.so.0
7fbfb0015000-7fbfb0016000 rw-p 00003000 00:25 18162                      /usr/lib/x86_64-linux-gnu/libpthread.so.0
7fbfb0016000-7fbfb001a000 r--p 00000000 00:25 13842                      /usr/lib/jvm/java-17-openjdk-amd64/lib/libverify.so
7fbfb001a000-7fbfb0021000 r-xp 00004000 00:25 13842                      /usr/lib/jvm/java-17-openjdk-amd64/lib/libverify.so
7fbfb0021000-7fbfb0023000 r--p 0000b000 00:25 13842                      /usr/lib/jvm/java-17-openjdk-amd64/lib/libverify.so
7fbfb0023000-7fbfb0025000 r--p 0000c000 00:25 13842                      /usr/lib/jvm/java-17-openjdk-amd64/lib/libverify.so
7fbfb0025000-7fbfb0026000 rw-p 0000e000 00:25 13842                      /usr/lib/jvm/java-17-openjdk-amd64/lib/libverify.so
7fbfb0026000-7fbfb002a000 r--p 00000000 00:25 13834                      /usr/lib/jvm/java-17-openjdk-amd64/lib/libnet.so
7fbfb002a000-7fbfb0038000 r-xp 00004000 00:25 13834                      /usr/lib/jvm/java-17-openjdk-amd64/lib/libnet.so
7fbfb0038000-7fbfb003c000 r--p 00012000 00:25 13834                      /usr/lib/jvm/java-17-openjdk-amd64/lib/libnet.so
7fbfb003c000-7fbfb003d000 r--p 00015000 00:25 13834                      /usr/lib/jvm/java-17-openjdk-amd64/lib/libnet.so
7fbfb003d000-7fbfb003e000 rw-p 00016000 00:25 13834                      /usr/lib/jvm/java-17-openjdk-amd64/lib/libnet.so
7fbfb0082000-7fbfb0084000 r--p 00000000 00:25 13830                      /usr/lib/jvm/java-17-openjdk-amd64/lib/libmanagement.so
7fbfb0084000-7fbfb0085000 r-xp 00002000 00:25 13830                      /usr/lib/jvm/java-17-openjdk-amd64/lib/libmanagement.so
7fbfb0085000-7fbfb0086000 r--p 00003000 00:25 13830                      /usr/lib/jvm/java-17-openjdk-amd64/lib/libmanagement.so
7fbfb0086000-7fbfb0087000 r--p 00003000 00:25 13830                      /usr/lib/jvm/java-17-openjdk-amd64/lib/libmanagement.so
7fbfb0087000-7fbfb0088000 rw-p 00004000 00:25 13830                      /usr/lib/jvm/java-17-openjdk-amd64/lib/libmanagement.so
7fbfb0088000-7fbfb008f000 r--p 00000000 00:25 13835                      /usr/lib/jvm/java-17-openjdk-amd64/lib/libnio.so
7fbfb008f000-7fbfb0098000 r-xp 00007000 00:25 13835                      /usr/lib/jvm/java-17-openjdk-amd64/lib/libnio.so
7fbfb0098000-7fbfb009c000 r--p 00010000 00:25 13835                      /usr/lib/jvm/java-17-openjdk-amd64/lib/libnio.so
7fbfb009c000-7fbfb009d000 r--p 00014000 00:25 13835                      /usr/lib/jvm/java-17-openjdk-amd64/lib/libnio.so
7fbfb009d000-7fbfb009e000 rw-p 00015000 00:25 13835                      /usr/lib/jvm/java-17-openjdk-amd64/lib/libnio.so
7fbfb009e000-7fbfb00a0000 r--p 00000000 00:25 13843                      /usr/lib/jvm/java-17-openjdk-amd64/lib/libzip.so
7fbfb00a0000-7fbfb00a4000 r-xp 00002000 00:25 13843                      /usr/lib/jvm/java-17-openjdk-amd64/lib/libzip.so
7fbfb00a4000-7fbfb00a6000 r--p 00006000 00:25 13843                      /usr/lib/jvm/java-17-openjdk-amd64/lib/libzip.so
7fbfb00a6000-7fbfb00a7000 r--p 00007000 00:25 13843                      /usr/lib/jvm/java-17-openjdk-amd64/lib/libzip.so
7fbfb00a7000-7fbfb00a8000 rw-p 00008000 00:25 13843                      /usr/lib/jvm/java-17-openjdk-amd64/lib/libzip.so
7fbfb00a8000-7fbfb00a9000 r--p 00000000 00:25 13899                      /usr/lib/locale/C.utf8/LC_NUMERIC
7fbfb00a9000-7fbfb00aa000 r--p 00000000 00:25 13902                      /usr/lib/locale/C.utf8/LC_TIME
7fbfb00aa000-7fbfb00ab000 r--p 00000000 00:25 13892                      /usr/lib/locale/C.utf8/LC_COLLATE
7fbfb00ab000-7fbfb00ac000 r--p 00000000 00:25 13897                      /usr/lib/locale/C.utf8/LC_MONETARY
7fbfb00ac000-7fbfb00ad000 r--p 00000000 00:25 13896                      /usr/lib/locale/C.utf8/LC_MESSAGES/SYS_LC_MESSAGES
7fbfb00ad000-7fbfb00ae000 r--p 00000000 00:25 13900                      /usr/lib/locale/C.utf8/LC_PAPER
7fbfb00ae000-7fbfb00af000 r--p 00000000 00:25 13898                      /usr/lib/locale/C.utf8/LC_NAME
7fbfb00af000-7fbfb00b6000 r--s 00000000 00:25 17585                      /usr/lib/x86_64-linux-gnu/gconv/gconv-modules.cache
7fbfb00b6000-7fbfb00b7000 ---p 00000000 00:00 0 
7fbfb00b7000-7fbfb113b000 rw-p 00000000 00:00 0 
7fbfb113b000-7fbfb1497000 ---p 00000000 00:00 0 
7fbfb1497000-7fbfb23fb000 rw-p 00000000 00:00 0 
7fbfb23fb000-7fbfb2757000 ---p 00000000 00:00 0 
7fbfb2757000-7fbfb294b000 rw-p 00000000 00:00 0 
7fbfb294b000-7fbfb29b6000 ---p 00000000 00:00 0 
7fbfb29b6000-7fbfb2ba3000 rw-p 00000000 00:00 0 
7fbfb2ba3000-7fbfb2c0e000 ---p 00000000 00:00 0 
7fbfb2c0e000-7fbfb2dfb000 rw-p 00000000 00:00 0 
7fbfb2dfb000-7fbfb2e66000 ---p 00000000 00:00 0 
7fbfb2e66000-7fbfb30a2000 rw-p 00000000 00:00 0 
7fbfb30a2000-7fbfb3154000 ---p 00000000 00:00 0 
7fbfb3154000-7fbfb3213000 rw-p 00000000 00:00 0 
7fbfb3213000-7fbfb323f000 ---p 00000000 00:00 0 
7fbfb323f000-7fbfb3244000 rw-p 00000000 00:00 0 
7fbfb3244000-7fbfb324b000 ---p 00000000 00:00 0 
7fbfb324b000-7fbfb3253000 rw-s 00000000 fe:00 137983                     /tmp/hsperfdata_root/843
7fbfb3253000-7fbfb325f000 r--p 00000000 00:25 13820                      /usr/lib/jvm/java-17-openjdk-amd64/lib/libjava.so
7fbfb325f000-7fbfb3270000 r-xp 0000c000 00:25 13820                      /usr/lib/jvm/java-17-openjdk-amd64/lib/libjava.so
7fbfb3270000-7fbfb3276000 r--p 0001d000 00:25 13820                      /usr/lib/jvm/java-17-openjdk-amd64/lib/libjava.so
7fbfb3276000-7fbfb3277000 r--p 00022000 00:25 13820                      /usr/lib/jvm/java-17-openjdk-amd64/lib/libjava.so
7fbfb3277000-7fbfb3278000 rw-p 00023000 00:25 13820                      /usr/lib/jvm/java-17-openjdk-amd64/lib/libjava.so
7fbfb3278000-7fbfb3279000 rw-p 00000000 00:00 0 
7fbfb3279000-7fbfb327a000 r--p 00000000 00:25 13815                      /usr/lib/jvm/java-17-openjdk-amd64/lib/libinstrument.so
7fbfb327a000-7fbfb3280000 r-xp 00001000 00:25 13815                      /usr/lib/jvm/java-17-openjdk-amd64/lib/libinstrument.so
7fbfb3280000-7fbfb3283000 r--p 00007000 00:25 13815                      /usr/lib/jvm/java-17-openjdk-amd64/lib/libinstrument.so
7fbfb3283000-7fbfb3284000 r--p 00009000 00:25 13815                      /usr/lib/jvm/java-17-openjdk-amd64/lib/libinstrument.so
7fbfb3284000-7fbfb3285000 rw-p 0000a000 00:25 13815                      /usr/lib/jvm/java-17-openjdk-amd64/lib/libinstrument.so
7fbfb3285000-7fbfb3287000 r--p 00000000 00:25 13824                      /usr/lib/jvm/java-17-openjdk-amd64/lib/libjimage.so
7fbfb3287000-7fbfb328a000 r-xp 00002000 00:25 13824                      /usr/lib/jvm/java-17-openjdk-amd64/lib/libjimage.so
7fbfb328a000-7fbfb328b000 r--p 00005000 00:25 13824                      /usr/lib/jvm/java-17-openjdk-amd64/lib/libjimage.so
7fbfb328b000-7fbfb328c000 r--p 00006000 00:25 13824                      /usr/lib/jvm/java-17-openjdk-amd64/lib/libjimage.so
7fbfb328c000-7fbfb328d000 rw-p 00007000 00:25 13824                      /usr/lib/jvm/java-17-openjdk-amd64/lib/libjimage.so
7fbfb328d000-7fbfb3291000 ---p 00000000 00:00 0 
7fbfb3291000-7fbfb338d000 rw-p 00000000 00:00 0 
7fbfb338d000-7fbfb3390000 r--p 00000000 00:25 17971                      /usr/lib/x86_64-linux-gnu/libgcc_s.so.1
7fbfb3390000-7fbfb33a7000 r-xp 00003000 00:25 17971                      /usr/lib/x86_64-linux-gnu/libgcc_s.so.1
7fbfb33a7000-7fbfb33ab000 r--p 0001a000 00:25 17971                      /usr/lib/x86_64-linux-gnu/libgcc_s.so.1
7fbfb33ab000-7fbfb33ac000 r--p 0001d000 00:25 17971                      /usr/lib/x86_64-linux-gnu/libgcc_s.so.1
7fbfb33ac000-7fbfb33ad000 rw-p 0001e000 00:25 17971                      /usr/lib/x86_64-linux-gnu/libgcc_s.so.1
7fbfb33ad000-7fbfb33bd000 r--p 00000000 00:25 18072                      /usr/lib/x86_64-linux-gnu/libm.so.6
7fbfb33bd000-7fbfb3431000 r-xp 00010000 00:25 18072                      /usr/lib/x86_64-linux-gnu/libm.so.6
7fbfb3431000-7fbfb348b000 r--p 00084000 00:25 18072                      /usr/lib/x86_64-linux-gnu/libm.so.6
7fbfb348b000-7fbfb348c000 r--p 000dd000 00:25 18072                      /usr/lib/x86_64-linux-gnu/libm.so.6
7fbfb348c000-7fbfb348d000 rw-p 000de000 00:25 18072                      /usr/lib/x86_64-linux-gnu/libm.so.6
7fbfb348d000-7fbfb3526000 r--p 00000000 00:25 18239                      /usr/lib/x86_64-linux-gnu/libstdc++.so.6.0.30
7fbfb3526000-7fbfb3627000 r-xp 00099000 00:25 18239                      /usr/lib/x86_64-linux-gnu/libstdc++.so.6.0.30
7fbfb3627000-7fbfb3696000 r--p 0019a000 00:25 18239                      /usr/lib/x86_64-linux-gnu/libstdc++.so.6.0.30
7fbfb3696000-7fbfb36a1000 r--p 00209000 00:25 18239                      /usr/lib/x86_64-linux-gnu/libstdc++.so.6.0.30
7fbfb36a1000-7fbfb36a4000 rw-p 00214000 00:25 18239                      /usr/lib/x86_64-linux-gnu/libstdc++.so.6.0.30
7fbfb36a4000-7fbfb36a7000 rw-p 00000000 00:00 0 
7fbfb36a7000-7fbfb38f8000 r--p 00000000 00:25 13856                      /usr/lib/jvm/java-17-openjdk-amd64/lib/server/libjvm.so
7fbfb38f8000-7fbfb464a000 r-xp 00251000 00:25 13856                      /usr/lib/jvm/java-17-openjdk-amd64/lib/server/libjvm.so
7fbfb464a000-7fbfb48cc000 r--p 00fa3000 00:25 13856                      /usr/lib/jvm/java-17-openjdk-amd64/lib/server/libjvm.so
7fbfb48cc000-7fbfb4984000 r--p 01225000 00:25 13856                      /usr/lib/jvm/java-17-openjdk-amd64/lib/server/libjvm.so
7fbfb4984000-7fbfb49b9000 rw-p 012dd000 00:25 13856                      /usr/lib/jvm/java-17-openjdk-amd64/lib/server/libjvm.so
7fbfb49b9000-7fbfb4a15000 rw-p 00000000 00:00 0 
7fbfb4a15000-7fbfb4a3b000 r--p 00000000 00:25 17860                      /usr/lib/x86_64-linux-gnu/libc.so.6
7fbfb4a3b000-7fbfb4b91000 r-xp 00026000 00:25 17860                      /usr/lib/x86_64-linux-gnu/libc.so.6
7fbfb4b91000-7fbfb4be4000 r--p 0017c000 00:25 17860                      /usr/lib/x86_64-linux-gnu/libc.so.6
7fbfb4be4000-7fbfb4be8000 r--p 001cf000 00:25 17860                      /usr/lib/x86_64-linux-gnu/libc.so.6
7fbfb4be8000-7fbfb4bea000 rw-p 001d3000 00:25 17860                      /usr/lib/x86_64-linux-gnu/libc.so.6
7fbfb4bea000-7fbfb4bf7000 rw-p 00000000 00:00 0 
7fbfb4bf7000-7fbfb4bf9000 r--p 00000000 00:25 13825                      /usr/lib/jvm/java-17-openjdk-amd64/lib/libjli.so
7fbfb4bf9000-7fbfb4c02000 r-xp 00002000 00:25 13825                      /usr/lib/jvm/java-17-openjdk-amd64/lib/libjli.so
7fbfb4c02000-7fbfb4c05000 r--p 0000b000 00:25 13825                      /usr/lib/jvm/java-17-openjdk-amd64/lib/libjli.so
7fbfb4c05000-7fbfb4c06000 r--p 0000d000 00:25 13825                      /usr/lib/jvm/java-17-openjdk-amd64/lib/libjli.so
7fbfb4c06000-7fbfb4c07000 rw-p 0000e000 00:25 13825                      /usr/lib/jvm/java-17-openjdk-amd64/lib/libjli.so
7fbfb4c07000-7fbfb4c0a000 r--p 00000000 00:25 1006                       /usr/lib/x86_64-linux-gnu/libz.so.1.2.13
7fbfb4c0a000-7fbfb4c1d000 r-xp 00003000 00:25 1006                       /usr/lib/x86_64-linux-gnu/libz.so.1.2.13
7fbfb4c1d000-7fbfb4c24000 r--p 00016000 00:25 1006                       /usr/lib/x86_64-linux-gnu/libz.so.1.2.13
7fbfb4c24000-7fbfb4c25000 r--p 0001c000 00:25 1006                       /usr/lib/x86_64-linux-gnu/libz.so.1.2.13
7fbfb4c25000-7fbfb4c26000 rw-p 0001d000 00:25 1006                       /usr/lib/x86_64-linux-gnu/libz.so.1.2.13
7fbfb4c26000-7fbfb4c27000 r--p 00000000 00:25 13891                      /usr/lib/locale/C.utf8/LC_ADDRESS
7fbfb4c27000-7fbfb4c28000 r--p 00000000 00:25 13901                      /usr/lib/locale/C.utf8/LC_TELEPHONE
7fbfb4c28000-7fbfb4c29000 r--p 00000000 00:25 13895                      /usr/lib/locale/C.utf8/LC_MEASUREMENT
7fbfb4c29000-7fbfb4c2a000 r--p 00000000 00:25 13894                      /usr/lib/locale/C.utf8/LC_IDENTIFICATION
7fbfb4c2a000-7fbfb4c2b000 ---p 00000000 00:00 0 
7fbfb4c2b000-7fbfb4c2c000 r--p 00000000 00:00 0 
7fbfb4c2c000-7fbfb4c2d000 ---p 00000000 00:00 0 
7fbfb4c2d000-7fbfb4c2f000 rw-p 00000000 00:00 0 
7fbfb4c2f000-7fbfb4c30000 r--p 00000000 00:25 17646                      /usr/lib/x86_64-linux-gnu/ld-linux-x86-64.so.2
7fbfb4c30000-7fbfb4c56000 r-xp 00001000 00:25 17646                      /usr/lib/x86_64-linux-gnu/ld-linux-x86-64.so.2
7fbfb4c56000-7fbfb4c60000 r--p 00027000 00:25 17646                      /usr/lib/x86_64-linux-gnu/ld-linux-x86-64.so.2
7fbfb4c60000-7fbfb4c62000 r--p 00031000 00:25 17646                      /usr/lib/x86_64-linux-gnu/ld-linux-x86-64.so.2
7fbfb4c62000-7fbfb4c64000 rw-p 00033000 00:25 17646                      /usr/lib/x86_64-linux-gnu/ld-linux-x86-64.so.2
7ffe6b9c1000-7ffe6b9e2000 rw-p 00000000 00:00 0                          [stack]
7ffe6b9f2000-7ffe6b9f5000 r--p 00000000 00:00 0                          [vvar]
7ffe6b9f5000-7ffe6b9f7000 r-xp 00000000 00:00 0                          [vdso]
ffffffffff600000-ffffffffff601000 r-xp 00000000 00:00 0                  [vsyscall]


VM Arguments:
jvm_args: --add-opens=java.base/java.util=ALL-UNNAMED --add-opens=java.base/java.lang=ALL-UNNAMED --add-opens=java.base/java.lang.invoke=ALL-UNNAMED --add-opens=java.prefs/java.util.prefs=ALL-UNNAMED --add-opens=java.base/java.nio.charset=ALL-UNNAMED --add-opens=java.base/java.net=ALL-UNNAMED --add-opens=java.base/java.util.concurrent.atomic=ALL-UNNAMED -Xmx1200m -Dfile.encoding=UTF-8 -Duser.country -Duser.language=en -Duser.variant -javaagent:/opt/tools/gradle/lib/agents/gradle-instrumentation-agent-8.5.jar 
java_command: org.gradle.launcher.daemon.bootstrap.GradleDaemon 8.5
java_class_path (initial): /opt/tools/gradle/lib/gradle-launcher-8.5.jar
Launcher Type: SUN_STANDARD

[Global flags]
     intx CICompilerCount                          = 2                                         {product} {ergonomic}
     uint ConcGCThreads                            = 1                                         {product} {ergonomic}
     uint G1ConcRefinementThreads                  = 2                                         {product} {ergonomic}
   size_t G1HeapRegionSize                         = 1048576                                   {product} {ergonomic}
    uintx GCDrainStackTargetSize                   = 64                                        {product} {ergonomic}
   size_t InitialHeapSize                          = 33554432                                  {product} {ergonomic}
   size_t MarkStackSize                            = 4194304                                   {product} {ergonomic}
   size_t MaxHeapSize                              = 1258291200                                {product} {command line}
   size_t MaxNewSize                               = 754974720                                 {product} {ergonomic}
   size_t MinHeapDeltaBytes                        = 1048576                                   {product} {ergonomic}
   size_t MinHeapSize                              = 8388608                                   {product} {ergonomic}
    uintx NonNMethodCodeHeapSize                   = 5826188                                {pd product} {ergonomic}
    uintx NonProfiledCodeHeapSize                  = 122916026                              {pd product} {ergonomic}
    uintx ProfiledCodeHeapSize                     = 122916026                              {pd product} {ergonomic}
    uintx ReservedCodeCacheSize                    = 251658240                              {pd product} {ergonomic}
     bool SegmentedCodeCache                       = true                                      {product} {ergonomic}
   size_t SoftMaxHeapSize                          = 1258291200                             {manageable} {ergonomic}
     bool UseCompressedClassPointers               = true                           {product lp64_product} {ergonomic}
     bool UseCompressedOops                        = true                           {product lp64_product} {ergonomic}
     bool UseG1GC                                  = true                                      {product} {ergonomic}

Logging:
Log output configuration:
 #0: stdout all=warning uptime,level,tags
 #1: stderr all=off uptime,level,tags

Environment Variables:
JAVA_HOME=/usr/lib/jvm/java-17-openjdk-amd64
PATH=/opt/android-sdk/cmdline-tools/latest/bin:/usr/local/sbin:/usr/local/bin:/usr/sbin:/usr/bin:/sbin:/bin
SHELL=/bin/bash
LANG=C.UTF-8
LC_ALL=C.UTF-8
TERM=tmux-256color

Active Locale:
LC_ALL=C.UTF-8
LC_COLLATE=C.UTF-8
LC_CTYPE=C.UTF-8
LC_MESSAGES=C.UTF-8
LC_MONETARY=C.UTF-8
LC_NUMERIC=C.UTF-8
LC_TIME=C.UTF-8

Signal Handlers:
   SIGSEGV: crash_handler in libjvm.so, mask=11100100010111111101111111111110, flags=SA_RESTART|SA_SIGINFO, unblocked
    SIGBUS: crash_handler in libjvm.so, mask=11100100010111111101111111111110, flags=SA_RESTART|SA_SIGINFO, unblocked
    SIGFPE: crash_handler in libjvm.so, mask=11100100010111111101111111111110, flags=SA_RESTART|SA_SIGINFO, unblocked
   SIGPIPE: javaSignalHandler in libjvm.so, mask=11100100010111111101111111111110, flags=SA_RESTART|SA_SIGINFO, unblocked
   SIGXFSZ: javaSignalHandler in libjvm.so, mask=11100100010111111101111111111110, flags=SA_RESTART|SA_SIGINFO, unblocked
    SIGILL: crash_handler in libjvm.so, mask=11100100010111111101111111111110, flags=SA_RESTART|SA_SIGINFO, unblocked
   SIGUSR2: SR_handler in libjvm.so, mask=00100000000000000000000000000000, flags=SA_RESTART|SA_SIGINFO, unblocked
    SIGHUP: UserHandler in libjvm.so, mask=11100100010111111101111111111110, flags=SA_RESTART|SA_SIGINFO, unblocked
    SIGINT: UserHandler in libjvm.so, mask=11100100010111111101111111111110, flags=SA_RESTART|SA_SIGINFO, unblocked
   SIGTERM: UserHandler in libjvm.so, mask=11100100010111111101111111111110, flags=SA_RESTART|SA_SIGINFO, unblocked
   SIGQUIT: UserHandler in libjvm.so, mask=11100100010111111101111111111110, flags=SA_RESTART|SA_SIGINFO, unblocked
   SIGTRAP: crash_handler in libjvm.so, mask=11100100010111111101111111111110, flags=SA_RESTART|SA_SIGINFO, unblocked


Periodic native trim disabled


---------------  S Y S T E M  ---------------

OS:
PRETTY_NAME="Debian GNU/Linux 12 (bookworm)"
NAME="Debian GNU/Linux"
VERSION_ID="12"
VERSION="12 (bookworm)"
VERSION_CODENAME=bookworm
ID=debian
HOME_URL="https://www.debian.org/"
SUPPORT_URL="https://www.debian.org/support"
BUG_REPORT_URL="https://bugs.debian.org/"
uname: Linux 4.19.91-c8dfc93.al7.x86_64 #1 SMP Tue Sep 26 10:25:51 UTC 2023 x86_64
OS uptime: 0 days 0:17 hours
libc: glibc 2.36 NPTL 2.36 
rlimit (soft/hard): STACK 8192k/infinity , CORE 0k/0k , NPROC 100000/100000 , NOFILE 100000/100000 , AS infinity/infinity , CPU infinity/infinity , DATA infinity/infinity , FSIZE infinity/infinity , MEMLOCK 64k/64k
load average: 3.84 4.44 2.40

/proc/meminfo:
MemTotal:        2152516 kB
MemFree:           25332 kB
MemAvailable:       4936 kB
Buffers:             140 kB
Cached:             8636 kB
SwapCached:            0 kB
Active:          2038784 kB
Inactive:           8572 kB
Active(anon):    2038692 kB
Inactive(anon):       16 kB
Active(file):         92 kB
Inactive(file):     8556 kB
Unevictable:           0 kB
Mlocked:               0 kB
SwapTotal:             0 kB
SwapFree:              0 kB
Dirty:               156 kB
Writeback:             0 kB
AnonPages:       2038676 kB
Mapped:             5756 kB
Shmem:                32 kB
Slab:              30784 kB
SReclaimable:      18008 kB
SUnreclaim:        12776 kB
KernelStack:        2800 kB
PageTables:         5572 kB
NFS_Unstable:          0 kB
Bounce:                0 kB
WritebackTmp:          0 kB
CommitLimit:     1076256 kB
Committed_AS:    2222424 kB
VmallocTotal:   34359738367 kB
VmallocUsed:           0 kB
VmallocChunk:          0 kB
Percpu:              384 kB
AnonHugePages:    247808 kB
ShmemHugePages:        0 kB
ShmemPmdMapped:        0 kB
HugePages_Total:       0
HugePages_Free:        0
HugePages_Rsvd:        0
HugePages_Surp:        0
Hugepagesize:       2048 kB
Hugetlb:               0 kB
DirectMap4k:       10240 kB
DirectMap2M:     2521088 kB
DirectMap1G:           0 kB

/sys/kernel/mm/transparent_hugepage/enabled: [always] madvise never
/sys/kernel/mm/transparent_hugepage/hpage_pmd_size: 2097152
/sys/kernel/mm/transparent_hugepage/defrag (defrag/compaction efforts parameter): always defer defer+madvise madvise [never]

Process Memory:
Virtual Size: 4279000K (peak: 4375516K)
Resident Set Size: 1676656K (peak: 1676656K) (anon: 1676656K, file: 0K, shmem: 0K)
Swapped out: 0K
C-Heap outstanding allocations: 174399K, retained: 47064K
glibc malloc tunables: (default)

/proc/sys/kernel/threads-max (system-wide limit on the number of threads): 1129
/proc/sys/vm/max_map_count (maximum number of memory map areas a process may have): 65530
/proc/sys/vm/swappiness (control to define how aggressively the kernel swaps out anonymous memory): 60
/proc/sys/kernel/pid_max (system-wide limit on number of process identifiers): 32768

container (cgroup) information:
container_type: cgroupv1
cpu_cpuset_cpus: 0-1
cpu_memory_nodes: 0
active_processor_count: 2
cpu_quota: no quota
cpu_period: 100000
cpu_shares: 12288
memory_limit_in_bytes: 2097152 k
memory_and_swap_limit_in_bytes: unlimited
memory_soft_limit_in_bytes: unlimited
memory_usage_in_bytes: 2065748 k
memory_max_usage_in_bytes: 2069916 k
rss_usage_in_bytes: 2030812 k
cache_usage_in_bytes: 8768 k
kernel_memory_limit_in_bytes: unlimited
kernel_memory_usage_in_bytes: 25772 k
kernel_memory_max_usage_in_bytes: 113120 k
maximum number of tasks: unlimited
current number of tasks: 100

KVM virtualization detected
Steal ticks since vm start: 50776
Steal ticks percentage since vm start:  0.327

CPU: total 2 (initial active 2) (2 cores per cpu, 1 threads per core) family 6 model 85 stepping 7 microcode 0x1, cx8, cmov, fxsr, mmx, 3dnowpref, sse, sse2, sse3, ssse3, sse4.1, sse4.2, popcnt, lzcnt, tsc, tscinvbit, avx, avx2, aes, erms, clmul, bmi1, bmi2, adx, avx512f, avx512dq, avx512cd, avx512bw, avx512vl, fma, vzeroupper, avx512_vnni, clflush, clflushopt, clwb, hv
CPU Model and flags from /proc/cpuinfo:
model name	: Intel(R) Xeon(R) Processor @ 2.50GHz
flags		: fpu vme de pse tsc msr pae mce cx8 apic sep mtrr pge mca cmov pat pse36 clflush mmx fxsr sse sse2 ss ht syscall nx pdpe1gb rdtscp lm constant_tsc rep_good nopl xtopology nonstop_tsc cpuid tsc_known_freq pni pclmulqdq ssse3 fma cx16 pcid sse4_1 sse4_2 x2apic movbe popcnt tsc_deadline_timer aes xsave avx f16c rdrand hypervisor lahf_lm abm 3dnowprefetch cpuid_fault invpcid_single ssbd ibrs ibpb stibp ibrs_enhanced fsgsbase tsc_adjust bmi1 avx2 smep bmi2 erms invpcid mpx avx512f avx512dq rdseed adx smap clflushopt clwb avx512cd avx512bw avx512vl xsaveopt xsavec xgetbv1 xsaves umip avx512_vnni md_clear arch_capabilities

Online cpus: 0-1
Offline cpus: 
BIOS frequency limitation: <Not Available>
Frequency switch latency (ns): <Not Available>
Available cpu frequencies: <Not Available>
Current governor: <Not Available>
Core performance/turbo boost: <Not Available>

Memory: 4k page, physical 2097152k(31276k free), swap 0k(0k free)
Page Sizes: 4k

vm_info: OpenJDK 64-Bit Server VM (17.0.20+8-1-deb12u1-Debian) for linux-amd64 JRE (17.0.20+8-1-deb12u1-Debian), built on Jul 28 2026 07:08:51 by "buildd" with gcc 12.2.0

END.
