#
# There is insufficient memory for the Java Runtime Environment to continue.
# Native memory allocation (mmap) failed to map 133169152 bytes. Error detail: committing reserved memory.
# Possible reasons:
#   The system is out of physical RAM or swap space
#   This process is running with CompressedOops enabled, and the Java Heap may be blocking the growth of the native heap
# Possible solutions:
#   Reduce memory load on the system
#   Increase physical memory or swap space
#   Check if swap backing store is full
#   Decrease Java heap size (-Xmx/-Xms)
#   Decrease number of Java threads
#   Decrease Java thread stack sizes (-Xss)
#   Set larger code cache with -XX:ReservedCodeCacheSize=
#   JVM is running with Unscaled Compressed Oops mode in which the Java heap is
#     placed in the first 4GB address space. The Java Heap base address is the
#     maximum limit for the native heap growth. Please use -XX:HeapBaseMinAddress
#     to set the Java Heap base and to place the Java Heap above 4GB virtual address.
# This output file may be truncated or incomplete.
#
#  Out of Memory Error (os_linux.cpp:2834), pid=9520, tid=9530
#
# JRE version: OpenJDK Runtime Environment (17.0.20+8) (build 17.0.20+8-1-deb12u1-Debian)
# Java VM: OpenJDK 64-Bit Server VM (17.0.20+8-1-deb12u1-Debian, mixed mode, sharing, tiered, compressed oops, compressed class ptrs, g1 gc, linux-amd64)
# No core dump will be written. Core dumps have been disabled. To enable core dumping, try "ulimit -c unlimited" before starting Java again
#

---------------  S U M M A R Y ------------

Command Line: --add-opens=java.base/java.util=ALL-UNNAMED --add-opens=java.base/java.lang=ALL-UNNAMED --add-opens=java.base/java.lang.invoke=ALL-UNNAMED --add-opens=java.prefs/java.util.prefs=ALL-UNNAMED --add-opens=java.base/java.nio.charset=ALL-UNNAMED --add-opens=java.base/java.net=ALL-UNNAMED --add-opens=java.base/java.util.concurrent.atomic=ALL-UNNAMED -Xmx1024m -Dfile.encoding=UTF-8 -Duser.country -Duser.language=en -Duser.variant -javaagent:/root/.gradle/wrapper/dists/gradle-8.5-bin/5t9huq95ubn472n8rpzujfbqh/gradle-8.5/lib/agents/gradle-instrumentation-agent-8.5.jar org.gradle.launcher.daemon.bootstrap.GradleDaemon 8.5

Host: Intel(R) Xeon(R) Processor @ 2.50GHz, 2 cores, 2G, Debian GNU/Linux 12 (bookworm)
Time: Tue Sep 29 19:31:56 2026 UTC elapsed time: 125.510823 seconds (0d 0h 2m 5s)

---------------  T H R E A D  ---------------

Current thread (0x00007f2cfc0a7530):  VMThread "VM Thread" [stack: 0x00007f2ce1264000,0x00007f2ce1364000] [id=9530]

Stack: [0x00007f2ce1264000,0x00007f2ce1364000],  sp=0x00007f2ce1361d70,  free space=1015k
Native frames: (J=compiled Java code, j=interpreted, Vv=VM code, C=native code)
V  [libjvm.so+0xf21211]  VMError::report_and_die(int, char const*, char const*, __va_list_tag*, Thread*, unsigned char*, void*, void*, char const*, int, unsigned long)+0x171
V  [libjvm.so+0xf21d7d]  VMError::report_and_die(Thread*, char const*, int, unsigned long, VMErrorType, char const*, __va_list_tag*)+0x2d
V  [libjvm.so+0x60378c]  report_vm_out_of_memory(char const*, int, unsigned long, VMErrorType, char const*, ...)+0xdc
V  [libjvm.so+0xc2a14b]  os::pd_commit_memory_or_exit(char*, unsigned long, unsigned long, bool, char const*)+0xeb
V  [libjvm.so+0xc23ffb]  os::commit_memory_or_exit(char*, unsigned long, unsigned long, bool, char const*)+0x1b
V  [libjvm.so+0x733436]  G1PageBasedVirtualSpace::commit(unsigned long, unsigned long)+0x66
V  [libjvm.so+0x7473e0]  G1RegionsLargerThanCommitSizeMapper::commit_regions(unsigned int, unsigned long, WorkGang*)+0x110
V  [libjvm.so+0x7dadc8]  HeapRegionManager::commit_regions(unsigned int, unsigned long, WorkGang*)+0x88
V  [libjvm.so+0x7dcc0b]  HeapRegionManager::expand(unsigned int, unsigned int, WorkGang*)+0x2b
V  [libjvm.so+0x7dce27]  HeapRegionManager::expand_by(unsigned int, WorkGang*)+0x77
V  [libjvm.so+0x6ebed8]  G1CollectedHeap::expand(unsigned long, WorkGang*, double*)+0xe8
V  [libjvm.so+0x6efb29]  G1CollectedHeap::do_collection_pause_at_safepoint_helper(double)+0x8a9
V  [libjvm.so+0x6efb8f]  G1CollectedHeap::do_collection_pause_at_safepoint(double)+0x2f
V  [libjvm.so+0x76b9d7]  VM_G1CollectForAllocation::doit()+0x47
V  [libjvm.so+0xf26715]  VM_Operation::evaluate()+0xe5
V  [libjvm.so+0xf28005]  VMThread::evaluate_operation(VM_Operation*)+0x105
V  [libjvm.so+0xf2857f]  VMThread::inner_execute(VM_Operation*)+0x28f
V  [libjvm.so+0xf2878f]  VMThread::run()+0xbf
V  [libjvm.so+0xea40a5]  Thread::call_run()+0xa5
V  [libjvm.so+0xc2c8f3]  thread_native_entry(Thread*)+0xe3

VM_Operation (0x00007f2c852dadb0): G1CollectForAllocation, mode: safepoint, requested by thread 0x00007f2cd22ab2e0


---------------  P R O C E S S  ---------------

Threads class SMR info:
_java_thread_list=0x00007f2ccd8f52b0, length=50, elements={
0x00007f2cfc01a770, 0x00007f2cfc0ab630, 0x00007f2cfc0aca10, 0x00007f2cfc0b36f0,
0x00007f2cfc0b4aa0, 0x00007f2cfc0b5eb0, 0x00007f2cfc0b7860, 0x00007f2cfc0b8d90,
0x00007f2cfc0ba200, 0x00007f2cfc0c5b90, 0x00007f2cfc16a110, 0x00007f2cfd0bf6f0,
0x00007f2cfd13aa40, 0x00007f2cfd163e60, 0x00007f2c74016ed0, 0x00007f2c7c0055e0,
0x00007f2c7c0081a0, 0x00007f2c7c00d550, 0x00007f2cd0004da0, 0x00007f2cd0006420,
0x00007f2cd0009a20, 0x00007f2cd020d390, 0x00007f2cd023f800, 0x00007f2cd040f570,
0x00007f2cd06e8a60, 0x00007f2cd06fa040, 0x00007f2cd0706850, 0x00007f2cd0709b90,
0x00007f2cd0762680, 0x00007f2cd07c25e0, 0x00007f2cd01d1f60, 0x00007f2cd0abdba0,
0x00007f2cd0ac5cc0, 0x00007f2cd0caf240, 0x00007f2cd0e47560, 0x00007f2cd0f3aa70,
0x00007f2cd1605350, 0x00007f2cd18cb100, 0x00007f2cd22ab2e0, 0x0000556cc843fe70,
0x0000556cc87265e0, 0x0000556cc8739fd0, 0x0000556cc873f500, 0x0000556cc8744f90,
0x0000556cc8742920, 0x0000556cc8753930, 0x0000556cc87569f0, 0x0000556cc8757ce0,
0x0000556cc8748e50, 0x0000556cc87c72a0
}
_to_delete_list=0x0000556cc87cd3b0, length=51, elements={
0x00007f2cfc01a770, 0x00007f2cfc0ab630, 0x00007f2cfc0aca10, 0x00007f2cfc0b36f0,
0x00007f2cfc0b4aa0, 0x00007f2cfc0b5eb0, 0x00007f2cfc0b7860, 0x00007f2cfc0b8d90,
0x00007f2cfc0ba200, 0x00007f2cfc0c5b90, 0x00007f2cfc16a110, 0x00007f2cfd0bf6f0,
0x00007f2cfd13aa40, 0x00007f2cfd163e60, 0x00007f2c74016ed0, 0x00007f2c7c0055e0,
0x00007f2c7c0081a0, 0x00007f2c7c00d550, 0x00007f2cd0004da0, 0x00007f2cd0006420,
0x00007f2cd0009a20, 0x00007f2cd020d390, 0x00007f2cd023f800, 0x00007f2cd040f570,
0x00007f2cd06e8a60, 0x00007f2cd06fa040, 0x00007f2cd0706850, 0x00007f2cd0709b90,
0x00007f2cd0762680, 0x00007f2cd07c25e0, 0x00007f2cd01d1f60, 0x00007f2cd0abdba0,
0x00007f2cd0ac5cc0, 0x00007f2cd0caf240, 0x00007f2cd0e47560, 0x00007f2cd0f3aa70,
0x00007f2cd1605350, 0x00007f2cd18cb100, 0x00007f2cd22ab2e0, 0x0000556cc843fe70,
0x0000556cc87265e0, 0x0000556cc8739fd0, 0x0000556cc873f500, 0x0000556cc8744f90,
0x0000556cc8742920, 0x0000556cc8753930, 0x0000556cc87569f0, 0x0000556cc8757ce0,
0x0000556cc8748e50, 0x0000556cc84dfcb0, 0x0000556cc87c72a0
}

Java Threads: ( => current thread )
  0x00007f2cfc01a770 JavaThread "main" [_thread_blocked, id=9522, stack(0x00007f2d01211000,0x00007f2d01311000)]
  0x00007f2cfc0ab630 JavaThread "Reference Handler" daemon [_thread_blocked, id=9531, stack(0x00007f2ce1163000,0x00007f2ce1263000)]
  0x00007f2cfc0aca10 JavaThread "Finalizer" daemon [_thread_blocked, id=9532, stack(0x00007f2ce1062000,0x00007f2ce1162000)]
  0x00007f2cfc0b36f0 JavaThread "Signal Dispatcher" daemon [_thread_blocked, id=9533, stack(0x00007f2ce0f0a000,0x00007f2ce100a000)]
  0x00007f2cfc0b4aa0 JavaThread "Service Thread" daemon [_thread_blocked, id=9534, stack(0x00007f2ce0e09000,0x00007f2ce0f09000)]
  0x00007f2cfc0b5eb0 JavaThread "Monitor Deflation Thread" daemon [_thread_blocked, id=9535, stack(0x00007f2ce0d08000,0x00007f2ce0e08000)]
  0x00007f2cfc0b7860 JavaThread "C2 CompilerThread0" daemon [_thread_blocked, id=9536, stack(0x00007f2ce0c07000,0x00007f2ce0d07000)]
  0x00007f2cfc0b8d90 JavaThread "C1 CompilerThread0" daemon [_thread_blocked, id=9537, stack(0x00007f2ce0b06000,0x00007f2ce0c06000)]
  0x00007f2cfc0ba200 JavaThread "Sweeper thread" daemon [_thread_blocked, id=9538, stack(0x00007f2ce0a05000,0x00007f2ce0b05000)]
  0x00007f2cfc0c5b90 JavaThread "Common-Cleaner" daemon [_thread_blocked, id=9539, stack(0x00007f2ce0904000,0x00007f2ce0a04000)]
  0x00007f2cfc16a110 JavaThread "Notification Thread" daemon [_thread_blocked, id=9541, stack(0x00007f2ce0803000,0x00007f2ce0903000)]
  0x00007f2cfd0bf6f0 JavaThread "Daemon health stats" [_thread_blocked, id=9546, stack(0x00007f2ce0500000,0x00007f2ce0600000)]
  0x00007f2cfd13aa40 JavaThread "Incoming local TCP Connector on port 38025" [_thread_in_native, id=9548, stack(0x00007f2ce0100000,0x00007f2ce0200000)]
  0x00007f2cfd163e60 JavaThread "Daemon periodic checks" [_thread_blocked, id=9549, stack(0x00007f2c86f00000,0x00007f2c87000000)]
  0x00007f2c74016ed0 JavaThread "Daemon" [_thread_blocked, id=9550, stack(0x00007f2c86b00000,0x00007f2c86c00000)]
  0x00007f2c7c0055e0 JavaThread "Handler for socket connection from /127.0.0.1:38025 to /127.0.0.1:60864" [_thread_in_native, id=9551, stack(0x00007f2c869ff000,0x00007f2c86aff000)]
  0x00007f2c7c0081a0 JavaThread "Cancel handler" [_thread_blocked, id=9552, stack(0x00007f2c868fe000,0x00007f2c869fe000)]
  0x00007f2c7c00d550 JavaThread "Daemon worker" [_thread_blocked, id=9553, stack(0x00007f2c867fd000,0x00007f2c868fd000)]
  0x00007f2cd0004da0 JavaThread "Asynchronous log dispatcher for DefaultDaemonConnection: socket connection from /127.0.0.1:38025 to /127.0.0.1:60864" [_thread_blocked, id=9555, stack(0x00007f2c866fc000,0x00007f2c867fc000)]
  0x00007f2cd0006420 JavaThread "Stdin handler" [_thread_blocked, id=9557, stack(0x00007f2c865fb000,0x00007f2c866fb000)]
  0x00007f2cd0009a20 JavaThread "Daemon client event forwarder" [_thread_blocked, id=9558, stack(0x00007f2c864fa000,0x00007f2c865fa000)]
  0x00007f2cd020d390 JavaThread "Cache worker for journal cache (/root/.gradle/caches/journal-1)" [_thread_blocked, id=9560, stack(0x00007f2c863f9000,0x00007f2c864f9000)]
  0x00007f2cd023f800 JavaThread "File lock request listener" [_thread_in_native, id=9561, stack(0x00007f2c862f8000,0x00007f2c863f8000)]
  0x00007f2cd040f570 JavaThread "Cache worker for file hash cache (/root/.gradle/caches/8.5/fileHashes)" [_thread_blocked, id=9563, stack(0x00007f2c861f7000,0x00007f2c862f7000)]
  0x00007f2cd06e8a60 JavaThread "Cache worker for checksums cache (/workspace/android/.gradle/8.5/checksums)" [_thread_blocked, id=9566, stack(0x00007f2c860f6000,0x00007f2c861f6000)]
  0x00007f2cd06fa040 JavaThread "Cache worker for file hash cache (/workspace/android/.gradle/8.5/fileHashes)" [_thread_blocked, id=9567, stack(0x00007f2c85ff5000,0x00007f2c860f5000)]
  0x00007f2cd0706850 JavaThread "Cache worker for cache directory md-supplier (/root/.gradle/caches/8.5/md-supplier)" [_thread_blocked, id=9568, stack(0x00007f2c85ef4000,0x00007f2c85ff4000)]
  0x00007f2cd0709b90 JavaThread "Cache worker for cache directory md-rule (/root/.gradle/caches/8.5/md-rule)" [_thread_blocked, id=9569, stack(0x00007f2c85df3000,0x00007f2c85ef3000)]
  0x00007f2cd0762680 JavaThread "Cache worker for file content cache (/root/.gradle/caches/8.5/fileContent)" [_thread_blocked, id=9570, stack(0x00007f2c85cf2000,0x00007f2c85df2000)]
  0x00007f2cd07c25e0 JavaThread "Cache worker for execution history cache (/root/.gradle/caches/8.5/executionHistory)" [_thread_blocked, id=9572, stack(0x00007f2c85bf1000,0x00007f2c85cf1000)]
  0x00007f2cd01d1f60 JavaThread "Cache worker for kotlin-dsl (/root/.gradle/caches/8.5/kotlin-dsl)" [_thread_blocked, id=9575, stack(0x00007f2c85af0000,0x00007f2c85bf0000)]
  0x00007f2cd0abdba0 JavaThread "jar transforms" [_thread_blocked, id=9577, stack(0x00007f2c859ef000,0x00007f2c85aef000)]
  0x00007f2cd0ac5cc0 JavaThread "jar transforms Thread 2" [_thread_blocked, id=9578, stack(0x00007f2c858ee000,0x00007f2c859ee000)]
  0x00007f2cd0caf240 JavaThread "Cache worker for dependencies-accessors (/workspace/android/.gradle/8.5/dependencies-accessors)" [_thread_blocked, id=9581, stack(0x00007f2c857ed000,0x00007f2c858ed000)]
  0x00007f2cd0e47560 JavaThread "Cache worker for Build Output Cleanup Cache (/workspace/android/.gradle/buildOutputCleanup)" [_thread_blocked, id=9583, stack(0x00007f2c856ec000,0x00007f2c857ec000)]
  0x00007f2cd0f3aa70 JavaThread "Unconstrained build operations" [_thread_blocked, id=9586, stack(0x00007f2c855eb000,0x00007f2c856eb000)]
  0x00007f2cd1605350 JavaThread "Memory manager" [_thread_blocked, id=9593, stack(0x00007f2c853e9000,0x00007f2c854e9000)]
  0x00007f2cd18cb100 JavaThread "build event listener" [_thread_blocked, id=9598, stack(0x00007f2c852e8000,0x00007f2c853e8000)]
  0x00007f2cd22ab2e0 JavaThread "included builds" [_thread_blocked, id=9614, stack(0x00007f2c851e7000,0x00007f2c852e7000)]
  0x0000556cc843fe70 JavaThread "Cache worker for execution history cache (/workspace/android/.gradle/8.5/executionHistory)" [_thread_blocked, id=9616, stack(0x00007f2c850e6000,0x00007f2c851e6000)]
  0x0000556cc87265e0 JavaThread "Unconstrained build operations Thread 2" [_thread_blocked, id=9618, stack(0x00007f2c84fe5000,0x00007f2c850e5000)]
  0x0000556cc8739fd0 JavaThread "Unconstrained build operations Thread 3" [_thread_blocked, id=9621, stack(0x00007f2c84ee4000,0x00007f2c84fe4000)]
  0x0000556cc873f500 JavaThread "Unconstrained build operations Thread 4" [_thread_blocked, id=9622, stack(0x00007f2c84de3000,0x00007f2c84ee3000)]
  0x0000556cc8744f90 JavaThread "Unconstrained build operations Thread 5" [_thread_blocked, id=9623, stack(0x00007f2c84ce2000,0x00007f2c84de2000)]
  0x0000556cc8742920 JavaThread "Unconstrained build operations Thread 6" [_thread_blocked, id=9625, stack(0x00007f2c84be1000,0x00007f2c84ce1000)]
  0x0000556cc8753930 JavaThread "Unconstrained build operations Thread 7" [_thread_blocked, id=9626, stack(0x00007f2c84ae0000,0x00007f2c84be0000)]
  0x0000556cc87569f0 JavaThread "Unconstrained build operations Thread 8" [_thread_blocked, id=9627, stack(0x00007f2c849df000,0x00007f2c84adf000)]
  0x0000556cc8757ce0 JavaThread "Unconstrained build operations Thread 9" [_thread_blocked, id=9628, stack(0x00007f2c848de000,0x00007f2c849de000)]
  0x0000556cc8748e50 JavaThread "Unconstrained build operations Thread 10" [_thread_blocked, id=9630, stack(0x00007f2c847dd000,0x00007f2c848dd000)]
  0x0000556cc87c72a0 JavaThread "WorkerExecutor Queue Thread 2" [_thread_blocked, id=9773, stack(0x00007f2c845db000,0x00007f2c846db000)]

Other Threads:
=>0x00007f2cfc0a7530 VMThread "VM Thread" [stack: 0x00007f2ce1264000,0x00007f2ce1364000] [id=9530]
  0x00007f2cfc01cae0 WatcherThread [stack: 0x00007f2ce0702000,0x00007f2ce0802000] [id=9542]
  0x00007f2cfc056d30 GCTaskThread "GC Thread#0" [stack: 0x00007f2d006c8000,0x00007f2d007c8000] [id=9525]
  0x00007f2c80004990 GCTaskThread "GC Thread#1" [stack: 0x00007f2ce0601000,0x00007f2ce0701000] [id=9543]
  0x00007f2cfc060310 ConcurrentGCThread "G1 Main Marker" [stack: 0x00007f2d005c7000,0x00007f2d006c7000] [id=9526]
  0x00007f2cfc061280 ConcurrentGCThread "G1 Conc#0" [stack: 0x00007f2d004c6000,0x00007f2d005c6000] [id=9527]
  0x00007f2cfc07feb0 ConcurrentGCThread "G1 Refine#0" [stack: 0x00007f2d001c3000,0x00007f2d002c3000] [id=9528]
  0x00007f2ccc0117a0 ConcurrentGCThread "G1 Refine#1" [stack: 0x00007f2c854ea000,0x00007f2c855ea000] [id=9589]
  0x00007f2cfc080db0 ConcurrentGCThread "G1 Service" [stack: 0x00007f2d000c2000,0x00007f2d001c2000] [id=9529]

Threads with active compile tasks:
C2 CompilerThread0  125520 39561       4       com.android.tools.r8.graph.A3::b (716 bytes)

VM state: at safepoint (normal execution)

VM Mutex/Monitor currently owned by a thread:  ([mutex/lock_event])
[0x00007f2cfc017560] Threads_lock - owner thread: 0x00007f2cfc0a7530
[0x00007f2cfc017d10] Heap_lock - owner thread: 0x00007f2cd22ab2e0

Heap address: 0x00000000c0000000, size: 1024 MB, Compressed Oops mode: 32-bit

CDS archive(s) mapped at: [0x00007f2c8b000000-0x00007f2c8bbca000-0x00007f2c8bbca000), size 12361728, SharedBaseAddress: 0x00007f2c8b000000, ArchiveRelocationMode: 1.
Compressed class space mapped at: 0x00007f2c8c000000-0x00007f2ccc000000, reserved size: 1073741824
Narrow klass base: 0x00007f2c8b000000, Narrow klass shift: 0, Narrow klass range: 0x100000000

GC Precious Log:
 CPUs: 2 total, 2 available
 Memory: 2048M
 Large Page Support: Disabled
 NUMA Support: Disabled
 Compressed Oops: Enabled (32-bit)
 Heap Region Size: 1M
 Heap Min Capacity: 8M
 Heap Initial Capacity: 32M
 Heap Max Capacity: 1G
 Pre-touch: Disabled
 Parallel Workers: 2
 Concurrent Workers: 1
 Concurrent Refinement Workers: 2
 Periodic GC: Disabled

Heap:
 garbage-first heap   total 402432K, used 324020K [0x00000000c0000000, 0x0000000100000000)
  region size 1024K, 5 young (5120K), 5 survivors (5120K)
 Metaspace       used 192306K, committed 193344K, reserved 1245184K
  class space    used 24387K, committed 24896K, reserved 1048576K

Heap Regions: E=young(eden), S=young(survivor), O=old, HS=humongous(starts), HC=humongous(continues), CS=collection set, F=free, OA=open archive, CA=closed archive, TAMS=top-at-mark-start (previous, next)
|   0|0x00000000c0000000, 0x00000000c0100000, 0x00000000c0100000|100%| O|  |TAMS 0x00000000c0100000, 0x00000000c0000000| Untracked 
|   1|0x00000000c0100000, 0x00000000c0200000, 0x00000000c0200000|100%| O|  |TAMS 0x00000000c0200000, 0x00000000c0100000| Untracked 
|   2|0x00000000c0200000, 0x00000000c0300000, 0x00000000c0300000|100%| O|  |TAMS 0x00000000c0300000, 0x00000000c0200000| Untracked 
|   3|0x00000000c0300000, 0x00000000c0400000, 0x00000000c0400000|100%|HS|  |TAMS 0x00000000c0400000, 0x00000000c0300000| Complete 
|   4|0x00000000c0400000, 0x00000000c0500000, 0x00000000c0500000|100%|HC|  |TAMS 0x00000000c0500000, 0x00000000c0400000| Complete 
|   5|0x00000000c0500000, 0x00000000c0600000, 0x00000000c0600000|100%|HC|  |TAMS 0x00000000c0600000, 0x00000000c0500000| Complete 
|   6|0x00000000c0600000, 0x00000000c0700000, 0x00000000c0700000|100%|HC|  |TAMS 0x00000000c0700000, 0x00000000c0600000| Complete 
|   7|0x00000000c0700000, 0x00000000c0800000, 0x00000000c0800000|100%| O|  |TAMS 0x00000000c0800000, 0x00000000c0700000| Untracked 
|   8|0x00000000c0800000, 0x00000000c0900000, 0x00000000c0900000|100%| O|  |TAMS 0x00000000c0900000, 0x00000000c0800000| Untracked 
|   9|0x00000000c0900000, 0x00000000c0a00000, 0x00000000c0a00000|100%| O|  |TAMS 0x00000000c0a00000, 0x00000000c0900000| Untracked 
|  10|0x00000000c0a00000, 0x00000000c0b00000, 0x00000000c0b00000|100%| O|  |TAMS 0x00000000c0b00000, 0x00000000c0a00000| Untracked 
|  11|0x00000000c0b00000, 0x00000000c0c00000, 0x00000000c0c00000|100%| O|  |TAMS 0x00000000c0c00000, 0x00000000c0b00000| Untracked 
|  12|0x00000000c0c00000, 0x00000000c0d00000, 0x00000000c0d00000|100%| O|  |TAMS 0x00000000c0d00000, 0x00000000c0c00000| Untracked 
|  13|0x00000000c0d00000, 0x00000000c0e00000, 0x00000000c0e00000|100%| O|  |TAMS 0x00000000c0e00000, 0x00000000c0d00000| Untracked 
|  14|0x00000000c0e00000, 0x00000000c0f00000, 0x00000000c0f00000|100%| O|  |TAMS 0x00000000c0f00000, 0x00000000c0e00000| Untracked 
|  15|0x00000000c0f00000, 0x00000000c1000000, 0x00000000c1000000|100%| O|  |TAMS 0x00000000c1000000, 0x00000000c0f00000| Untracked 
|  16|0x00000000c1000000, 0x00000000c1100000, 0x00000000c1100000|100%| O|  |TAMS 0x00000000c1100000, 0x00000000c1000000| Untracked 
|  17|0x00000000c1100000, 0x00000000c1200000, 0x00000000c1200000|100%| O|  |TAMS 0x00000000c1200000, 0x00000000c1100000| Untracked 
|  18|0x00000000c1200000, 0x00000000c1300000, 0x00000000c1300000|100%| O|  |TAMS 0x00000000c1300000, 0x00000000c1200000| Untracked 
|  19|0x00000000c1300000, 0x00000000c1400000, 0x00000000c1400000|100%| O|  |TAMS 0x00000000c1400000, 0x00000000c1300000| Untracked 
|  20|0x00000000c1400000, 0x00000000c1500000, 0x00000000c1500000|100%| O|  |TAMS 0x00000000c1500000, 0x00000000c1400000| Untracked 
|  21|0x00000000c1500000, 0x00000000c1600000, 0x00000000c1600000|100%| O|  |TAMS 0x00000000c1600000, 0x00000000c1500000| Untracked 
|  22|0x00000000c1600000, 0x00000000c1700000, 0x00000000c1700000|100%| O|  |TAMS 0x00000000c1700000, 0x00000000c1600000| Untracked 
|  23|0x00000000c1700000, 0x00000000c1800000, 0x00000000c1800000|100%| O|  |TAMS 0x00000000c1800000, 0x00000000c1700000| Untracked 
|  24|0x00000000c1800000, 0x00000000c1900000, 0x00000000c1900000|100%| O|  |TAMS 0x00000000c1900000, 0x00000000c1800000| Untracked 
|  25|0x00000000c1900000, 0x00000000c1a00000, 0x00000000c1a00000|100%| O|  |TAMS 0x00000000c1a00000, 0x00000000c1900000| Untracked 
|  26|0x00000000c1a00000, 0x00000000c1b00000, 0x00000000c1b00000|100%| O|  |TAMS 0x00000000c1a00000, 0x00000000c1a00000| Untracked 
|  27|0x00000000c1b00000, 0x00000000c1c00000, 0x00000000c1c00000|100%| O|  |TAMS 0x00000000c1b00000, 0x00000000c1b00000| Untracked 
|  28|0x00000000c1c00000, 0x00000000c1d00000, 0x00000000c1d00000|100%|HS|  |TAMS 0x00000000c1d00000, 0x00000000c1c00000| Complete 
|  29|0x00000000c1d00000, 0x00000000c1e00000, 0x00000000c1e00000|100%|HS|  |TAMS 0x00000000c1e00000, 0x00000000c1d00000| Complete 
|  30|0x00000000c1e00000, 0x00000000c1f00000, 0x00000000c1f00000|100%|HS|  |TAMS 0x00000000c1f00000, 0x00000000c1e00000| Complete 
|  31|0x00000000c1f00000, 0x00000000c2000000, 0x00000000c2000000|100%|HC|  |TAMS 0x00000000c2000000, 0x00000000c1f00000| Complete 
|  32|0x00000000c2000000, 0x00000000c2100000, 0x00000000c2100000|100%|HS|  |TAMS 0x00000000c2100000, 0x00000000c2000000| Complete 
|  33|0x00000000c2100000, 0x00000000c2200000, 0x00000000c2200000|100%|HC|  |TAMS 0x00000000c2200000, 0x00000000c2100000| Complete 
|  34|0x00000000c2200000, 0x00000000c2300000, 0x00000000c2300000|100%|HS|  |TAMS 0x00000000c2300000, 0x00000000c2200000| Complete 
|  35|0x00000000c2300000, 0x00000000c2400000, 0x00000000c2400000|100%|HS|  |TAMS 0x00000000c2400000, 0x00000000c2300000| Complete 
|  36|0x00000000c2400000, 0x00000000c2500000, 0x00000000c2500000|100%|HC|  |TAMS 0x00000000c2500000, 0x00000000c2400000| Complete 
|  37|0x00000000c2500000, 0x00000000c2600000, 0x00000000c2600000|100%|HC|  |TAMS 0x00000000c2600000, 0x00000000c2500000| Complete 
|  38|0x00000000c2600000, 0x00000000c2700000, 0x00000000c2700000|100%|HC|  |TAMS 0x00000000c2700000, 0x00000000c2600000| Complete 
|  39|0x00000000c2700000, 0x00000000c2800000, 0x00000000c2800000|100%| O|  |TAMS 0x00000000c2800000, 0x00000000c2700000| Untracked 
|  40|0x00000000c2800000, 0x00000000c2900000, 0x00000000c2900000|100%|HS|  |TAMS 0x00000000c2900000, 0x00000000c2800000| Complete 
|  41|0x00000000c2900000, 0x00000000c2a00000, 0x00000000c2a00000|100%| O|  |TAMS 0x00000000c2a00000, 0x00000000c2900000| Untracked 
|  42|0x00000000c2a00000, 0x00000000c2b00000, 0x00000000c2b00000|100%| O|  |TAMS 0x00000000c2b00000, 0x00000000c2a00000| Untracked 
|  43|0x00000000c2b00000, 0x00000000c2c00000, 0x00000000c2c00000|100%| O|  |TAMS 0x00000000c2c00000, 0x00000000c2b00000| Untracked 
|  44|0x00000000c2c00000, 0x00000000c2d00000, 0x00000000c2d00000|100%| O|  |TAMS 0x00000000c2d00000, 0x00000000c2c00000| Untracked 
|  45|0x00000000c2d00000, 0x00000000c2e00000, 0x00000000c2e00000|100%| O|  |TAMS 0x00000000c2e00000, 0x00000000c2d00000| Untracked 
|  46|0x00000000c2e00000, 0x00000000c2f00000, 0x00000000c2f00000|100%|HS|  |TAMS 0x00000000c2f00000, 0x00000000c2e00000| Complete 
|  47|0x00000000c2f00000, 0x00000000c3000000, 0x00000000c3000000|100%| O|  |TAMS 0x00000000c3000000, 0x00000000c2f00000| Untracked 
|  48|0x00000000c3000000, 0x00000000c3100000, 0x00000000c3100000|100%| O|  |TAMS 0x00000000c3100000, 0x00000000c3000000| Untracked 
|  49|0x00000000c3100000, 0x00000000c3200000, 0x00000000c3200000|100%| O|  |TAMS 0x00000000c3200000, 0x00000000c3100000| Untracked 
|  50|0x00000000c3200000, 0x00000000c3300000, 0x00000000c3300000|100%| O|  |TAMS 0x00000000c3300000, 0x00000000c3200000| Untracked 
|  51|0x00000000c3300000, 0x00000000c3400000, 0x00000000c3400000|100%| O|  |TAMS 0x00000000c3400000, 0x00000000c3300000| Untracked 
|  52|0x00000000c3400000, 0x00000000c3500000, 0x00000000c3500000|100%| O|  |TAMS 0x00000000c3500000, 0x00000000c3400000| Untracked 
|  53|0x00000000c3500000, 0x00000000c3600000, 0x00000000c3600000|100%| O|  |TAMS 0x00000000c3600000, 0x00000000c3500000| Untracked 
|  54|0x00000000c3600000, 0x00000000c3700000, 0x00000000c3700000|100%| O|  |TAMS 0x00000000c3700000, 0x00000000c3600000| Untracked 
|  55|0x00000000c3700000, 0x00000000c3800000, 0x00000000c3800000|100%| O|  |TAMS 0x00000000c3800000, 0x00000000c3700000| Untracked 
|  56|0x00000000c3800000, 0x00000000c3900000, 0x00000000c3900000|100%| O|  |TAMS 0x00000000c3900000, 0x00000000c3800000| Untracked 
|  57|0x00000000c3900000, 0x00000000c3a00000, 0x00000000c3a00000|100%| O|  |TAMS 0x00000000c3a00000, 0x00000000c3900000| Untracked 
|  58|0x00000000c3a00000, 0x00000000c3b00000, 0x00000000c3b00000|100%| O|  |TAMS 0x00000000c3b00000, 0x00000000c3a00000| Untracked 
|  59|0x00000000c3b00000, 0x00000000c3c00000, 0x00000000c3c00000|100%| O|  |TAMS 0x00000000c3c00000, 0x00000000c3b00000| Untracked 
|  60|0x00000000c3c00000, 0x00000000c3d00000, 0x00000000c3d00000|100%| O|  |TAMS 0x00000000c3d00000, 0x00000000c3c00000| Untracked 
|  61|0x00000000c3d00000, 0x00000000c3e00000, 0x00000000c3e00000|100%| O|  |TAMS 0x00000000c3e00000, 0x00000000c3d00000| Untracked 
|  62|0x00000000c3e00000, 0x00000000c3f00000, 0x00000000c3f00000|100%| O|  |TAMS 0x00000000c3f00000, 0x00000000c3e00000| Untracked 
|  63|0x00000000c3f00000, 0x00000000c4000000, 0x00000000c4000000|100%| O|  |TAMS 0x00000000c4000000, 0x00000000c3f00000| Untracked 
|  64|0x00000000c4000000, 0x00000000c4100000, 0x00000000c4100000|100%| O|  |TAMS 0x00000000c4100000, 0x00000000c4000000| Untracked 
|  65|0x00000000c4100000, 0x00000000c4200000, 0x00000000c4200000|100%|HS|  |TAMS 0x00000000c4200000, 0x00000000c4100000| Complete 
|  66|0x00000000c4200000, 0x00000000c4300000, 0x00000000c4300000|100%|HC|  |TAMS 0x00000000c4300000, 0x00000000c4200000| Complete 
|  67|0x00000000c4300000, 0x00000000c4400000, 0x00000000c4400000|100%|HC|  |TAMS 0x00000000c4400000, 0x00000000c4300000| Complete 
|  68|0x00000000c4400000, 0x00000000c4500000, 0x00000000c4500000|100%|HC|  |TAMS 0x00000000c4500000, 0x00000000c4400000| Complete 
|  69|0x00000000c4500000, 0x00000000c4600000, 0x00000000c4600000|100%| O|  |TAMS 0x00000000c4600000, 0x00000000c4500000| Untracked 
|  70|0x00000000c4600000, 0x00000000c4700000, 0x00000000c4700000|100%| O|  |TAMS 0x00000000c4700000, 0x00000000c4600000| Untracked 
|  71|0x00000000c4700000, 0x00000000c4800000, 0x00000000c4800000|100%| O|  |TAMS 0x00000000c4800000, 0x00000000c4700000| Untracked 
|  72|0x00000000c4800000, 0x00000000c4900000, 0x00000000c4900000|100%| O|  |TAMS 0x00000000c4900000, 0x00000000c4800000| Untracked 
|  73|0x00000000c4900000, 0x00000000c4a00000, 0x00000000c4a00000|100%| O|  |TAMS 0x00000000c4a00000, 0x00000000c4900000| Untracked 
|  74|0x00000000c4a00000, 0x00000000c4b00000, 0x00000000c4b00000|100%| O|  |TAMS 0x00000000c4b00000, 0x00000000c4a00000| Untracked 
|  75|0x00000000c4b00000, 0x00000000c4c00000, 0x00000000c4c00000|100%| O|  |TAMS 0x00000000c4c00000, 0x00000000c4b00000| Untracked 
|  76|0x00000000c4c00000, 0x00000000c4d00000, 0x00000000c4d00000|100%| O|  |TAMS 0x00000000c4d00000, 0x00000000c4c00000| Untracked 
|  77|0x00000000c4d00000, 0x00000000c4e00000, 0x00000000c4e00000|100%| O|  |TAMS 0x00000000c4e00000, 0x00000000c4d00000| Untracked 
|  78|0x00000000c4e00000, 0x00000000c4f00000, 0x00000000c4f00000|100%| O|  |TAMS 0x00000000c4f00000, 0x00000000c4e00000| Untracked 
|  79|0x00000000c4f00000, 0x00000000c5000000, 0x00000000c5000000|100%| O|  |TAMS 0x00000000c5000000, 0x00000000c4f00000| Untracked 
|  80|0x00000000c5000000, 0x00000000c5100000, 0x00000000c5100000|100%| O|  |TAMS 0x00000000c5100000, 0x00000000c5000000| Untracked 
|  81|0x00000000c5100000, 0x00000000c5200000, 0x00000000c5200000|100%| O|  |TAMS 0x00000000c5200000, 0x00000000c5100000| Untracked 
|  82|0x00000000c5200000, 0x00000000c5300000, 0x00000000c5300000|100%| O|  |TAMS 0x00000000c5300000, 0x00000000c5200000| Untracked 
|  83|0x00000000c5300000, 0x00000000c5400000, 0x00000000c5400000|100%| O|  |TAMS 0x00000000c5400000, 0x00000000c5300000| Untracked 
|  84|0x00000000c5400000, 0x00000000c5500000, 0x00000000c5500000|100%| O|  |TAMS 0x00000000c5500000, 0x00000000c5400000| Untracked 
|  85|0x00000000c5500000, 0x00000000c5600000, 0x00000000c5600000|100%| O|  |TAMS 0x00000000c5600000, 0x00000000c5500000| Untracked 
|  86|0x00000000c5600000, 0x00000000c5700000, 0x00000000c5700000|100%| O|  |TAMS 0x00000000c5700000, 0x00000000c5600000| Untracked 
|  87|0x00000000c5700000, 0x00000000c5800000, 0x00000000c5800000|100%| O|  |TAMS 0x00000000c5800000, 0x00000000c5700000| Untracked 
|  88|0x00000000c5800000, 0x00000000c5900000, 0x00000000c5900000|100%| O|  |TAMS 0x00000000c5900000, 0x00000000c5800000| Untracked 
|  89|0x00000000c5900000, 0x00000000c5a00000, 0x00000000c5a00000|100%| O|  |TAMS 0x00000000c5a00000, 0x00000000c5900000| Untracked 
|  90|0x00000000c5a00000, 0x00000000c5b00000, 0x00000000c5b00000|100%| O|  |TAMS 0x00000000c5b00000, 0x00000000c5a00000| Untracked 
|  91|0x00000000c5b00000, 0x00000000c5c00000, 0x00000000c5c00000|100%| O|  |TAMS 0x00000000c5c00000, 0x00000000c5b00000| Untracked 
|  92|0x00000000c5c00000, 0x00000000c5d00000, 0x00000000c5d00000|100%| O|  |TAMS 0x00000000c5d00000, 0x00000000c5c00000| Untracked 
|  93|0x00000000c5d00000, 0x00000000c5e00000, 0x00000000c5e00000|100%| O|  |TAMS 0x00000000c5e00000, 0x00000000c5d00000| Untracked 
|  94|0x00000000c5e00000, 0x00000000c5f00000, 0x00000000c5f00000|100%| O|  |TAMS 0x00000000c5f00000, 0x00000000c5e00000| Untracked 
|  95|0x00000000c5f00000, 0x00000000c6000000, 0x00000000c6000000|100%| O|  |TAMS 0x00000000c5f00000, 0x00000000c5f00000| Untracked 
|  96|0x00000000c6000000, 0x00000000c6100000, 0x00000000c6100000|100%| O|  |TAMS 0x00000000c6078000, 0x00000000c6000000| Untracked 
|  97|0x00000000c6100000, 0x00000000c6200000, 0x00000000c6200000|100%|HS|  |TAMS 0x00000000c6200000, 0x00000000c6100000| Complete 
|  98|0x00000000c6200000, 0x00000000c6300000, 0x00000000c6300000|100%|HC|  |TAMS 0x00000000c6300000, 0x00000000c6200000| Complete 
|  99|0x00000000c6300000, 0x00000000c6400000, 0x00000000c6400000|100%| O|  |TAMS 0x00000000c6400000, 0x00000000c6300000| Untracked 
| 100|0x00000000c6400000, 0x00000000c6500000, 0x00000000c6500000|100%| O|  |TAMS 0x00000000c6500000, 0x00000000c6400000| Untracked 
| 101|0x00000000c6500000, 0x00000000c6600000, 0x00000000c6600000|100%| O|  |TAMS 0x00000000c6600000, 0x00000000c6500000| Untracked 
| 102|0x00000000c6600000, 0x00000000c6700000, 0x00000000c6700000|100%| O|  |TAMS 0x00000000c6700000, 0x00000000c6600000| Untracked 
| 103|0x00000000c6700000, 0x00000000c6800000, 0x00000000c6800000|100%| O|  |TAMS 0x00000000c6800000, 0x00000000c6700000| Untracked 
| 104|0x00000000c6800000, 0x00000000c6900000, 0x00000000c6900000|100%|HS|  |TAMS 0x00000000c6900000, 0x00000000c6800000| Complete 
| 105|0x00000000c6900000, 0x00000000c6a00000, 0x00000000c6a00000|100%|HC|  |TAMS 0x00000000c6a00000, 0x00000000c6900000| Complete 
| 106|0x00000000c6a00000, 0x00000000c6b00000, 0x00000000c6b00000|100%|HC|  |TAMS 0x00000000c6b00000, 0x00000000c6a00000| Complete 
| 107|0x00000000c6b00000, 0x00000000c6c00000, 0x00000000c6c00000|100%| O|  |TAMS 0x00000000c6b00000, 0x00000000c6b00000| Untracked 
| 108|0x00000000c6c00000, 0x00000000c6d00000, 0x00000000c6d00000|100%| O|  |TAMS 0x00000000c6c00000, 0x00000000c6c00000| Untracked 
| 109|0x00000000c6d00000, 0x00000000c6e00000, 0x00000000c6e00000|100%|HS|  |TAMS 0x00000000c6d00000, 0x00000000c6d00000| Complete 
| 110|0x00000000c6e00000, 0x00000000c6f00000, 0x00000000c6f00000|100%|HC|  |TAMS 0x00000000c6e00000, 0x00000000c6e00000| Complete 
| 111|0x00000000c6f00000, 0x00000000c7000000, 0x00000000c7000000|100%| O|  |TAMS 0x00000000c6f00000, 0x00000000c6f00000| Untracked 
| 112|0x00000000c7000000, 0x00000000c7100000, 0x00000000c7100000|100%| O|  |TAMS 0x00000000c7000000, 0x00000000c7000000| Untracked 
| 113|0x00000000c7100000, 0x00000000c7200000, 0x00000000c7200000|100%| O|  |TAMS 0x00000000c7100000, 0x00000000c7100000| Untracked 
| 114|0x00000000c7200000, 0x00000000c7300000, 0x00000000c7300000|100%| O|  |TAMS 0x00000000c7200000, 0x00000000c7200000| Untracked 
| 115|0x00000000c7300000, 0x00000000c7400000, 0x00000000c7400000|100%| O|  |TAMS 0x00000000c7300000, 0x00000000c7300000| Untracked 
| 116|0x00000000c7400000, 0x00000000c7500000, 0x00000000c7500000|100%| O|  |TAMS 0x00000000c7400000, 0x00000000c7400000| Untracked 
| 117|0x00000000c7500000, 0x00000000c7600000, 0x00000000c7600000|100%| O|  |TAMS 0x00000000c7500000, 0x00000000c7500000| Untracked 
| 118|0x00000000c7600000, 0x00000000c7700000, 0x00000000c7700000|100%| O|  |TAMS 0x00000000c7600000, 0x00000000c7600000| Untracked 
| 119|0x00000000c7700000, 0x00000000c7800000, 0x00000000c7800000|100%| O|  |TAMS 0x00000000c7700000, 0x00000000c7700000| Untracked 
| 120|0x00000000c7800000, 0x00000000c7900000, 0x00000000c7900000|100%| O|  |TAMS 0x00000000c7800000, 0x00000000c7800000| Untracked 
| 121|0x00000000c7900000, 0x00000000c7a00000, 0x00000000c7a00000|100%| O|  |TAMS 0x00000000c7900000, 0x00000000c7900000| Untracked 
| 122|0x00000000c7a00000, 0x00000000c7b00000, 0x00000000c7b00000|100%| O|  |TAMS 0x00000000c7a00000, 0x00000000c7a00000| Untracked 
| 123|0x00000000c7b00000, 0x00000000c7c00000, 0x00000000c7c00000|100%| O|  |TAMS 0x00000000c7b00000, 0x00000000c7b00000| Untracked 
| 124|0x00000000c7c00000, 0x00000000c7d00000, 0x00000000c7d00000|100%| O|  |TAMS 0x00000000c7c00000, 0x00000000c7c00000| Untracked 
| 125|0x00000000c7d00000, 0x00000000c7e00000, 0x00000000c7e00000|100%| O|  |TAMS 0x00000000c7d00000, 0x00000000c7d00000| Untracked 
| 126|0x00000000c7e00000, 0x00000000c7f00000, 0x00000000c7f00000|100%|HS|  |TAMS 0x00000000c7e00000, 0x00000000c7e00000| Complete 
| 127|0x00000000c7f00000, 0x00000000c8000000, 0x00000000c8000000|100%|HC|  |TAMS 0x00000000c7f00000, 0x00000000c7f00000| Complete 
| 128|0x00000000c8000000, 0x00000000c8100000, 0x00000000c8100000|100%| O|  |TAMS 0x00000000c8000000, 0x00000000c8000000| Untracked 
| 129|0x00000000c8100000, 0x00000000c8200000, 0x00000000c8200000|100%| O|  |TAMS 0x00000000c8100000, 0x00000000c8100000| Untracked 
| 130|0x00000000c8200000, 0x00000000c8300000, 0x00000000c8300000|100%| O|  |TAMS 0x00000000c8200000, 0x00000000c8200000| Untracked 
| 131|0x00000000c8300000, 0x00000000c8400000, 0x00000000c8400000|100%| O|  |TAMS 0x00000000c8300000, 0x00000000c8300000| Untracked 
| 132|0x00000000c8400000, 0x00000000c8500000, 0x00000000c8500000|100%| O|  |TAMS 0x00000000c8400000, 0x00000000c8400000| Untracked 
| 133|0x00000000c8500000, 0x00000000c8600000, 0x00000000c8600000|100%| O|  |TAMS 0x00000000c8500000, 0x00000000c8500000| Untracked 
| 134|0x00000000c8600000, 0x00000000c8700000, 0x00000000c8700000|100%| O|  |TAMS 0x00000000c8600000, 0x00000000c8600000| Untracked 
| 135|0x00000000c8700000, 0x00000000c8800000, 0x00000000c8800000|100%| O|  |TAMS 0x00000000c8700000, 0x00000000c8700000| Untracked 
| 136|0x00000000c8800000, 0x00000000c8900000, 0x00000000c8900000|100%| O|  |TAMS 0x00000000c8800000, 0x00000000c8800000| Untracked 
| 137|0x00000000c8900000, 0x00000000c8a00000, 0x00000000c8a00000|100%| O|  |TAMS 0x00000000c8900000, 0x00000000c8900000| Untracked 
| 138|0x00000000c8a00000, 0x00000000c8b00000, 0x00000000c8b00000|100%| O|  |TAMS 0x00000000c8a00000, 0x00000000c8a00000| Untracked 
| 139|0x00000000c8b00000, 0x00000000c8c00000, 0x00000000c8c00000|100%|HS|  |TAMS 0x00000000c8b00000, 0x00000000c8b00000| Complete 
| 140|0x00000000c8c00000, 0x00000000c8d00000, 0x00000000c8d00000|100%|HC|  |TAMS 0x00000000c8c00000, 0x00000000c8c00000| Complete 
| 141|0x00000000c8d00000, 0x00000000c8e00000, 0x00000000c8e00000|100%| O|  |TAMS 0x00000000c8d00000, 0x00000000c8d00000| Untracked 
| 142|0x00000000c8e00000, 0x00000000c8f00000, 0x00000000c8f00000|100%| O|  |TAMS 0x00000000c8e00000, 0x00000000c8e00000| Untracked 
| 143|0x00000000c8f00000, 0x00000000c9000000, 0x00000000c9000000|100%| O|  |TAMS 0x00000000c8f00000, 0x00000000c8f00000| Untracked 
| 144|0x00000000c9000000, 0x00000000c9100000, 0x00000000c9100000|100%| O|  |TAMS 0x00000000c9000000, 0x00000000c9000000| Untracked 
| 145|0x00000000c9100000, 0x00000000c9200000, 0x00000000c9200000|100%| O|  |TAMS 0x00000000c9100000, 0x00000000c9100000| Untracked 
| 146|0x00000000c9200000, 0x00000000c9300000, 0x00000000c9300000|100%| O|  |TAMS 0x00000000c9200000, 0x00000000c9200000| Untracked 
| 147|0x00000000c9300000, 0x00000000c9400000, 0x00000000c9400000|100%| O|  |TAMS 0x00000000c9300000, 0x00000000c9300000| Untracked 
| 148|0x00000000c9400000, 0x00000000c9500000, 0x00000000c9500000|100%| O|  |TAMS 0x00000000c9400000, 0x00000000c9400000| Untracked 
| 149|0x00000000c9500000, 0x00000000c9600000, 0x00000000c9600000|100%| O|  |TAMS 0x00000000c9500000, 0x00000000c9500000| Untracked 
| 150|0x00000000c9600000, 0x00000000c9700000, 0x00000000c9700000|100%| O|  |TAMS 0x00000000c9600000, 0x00000000c9600000| Untracked 
| 151|0x00000000c9700000, 0x00000000c9800000, 0x00000000c9800000|100%| O|  |TAMS 0x00000000c9700000, 0x00000000c9700000| Untracked 
| 152|0x00000000c9800000, 0x00000000c9900000, 0x00000000c9900000|100%| O|  |TAMS 0x00000000c9800000, 0x00000000c9800000| Untracked 
| 153|0x00000000c9900000, 0x00000000c9a00000, 0x00000000c9a00000|100%| O|  |TAMS 0x00000000c9900000, 0x00000000c9900000| Untracked 
| 154|0x00000000c9a00000, 0x00000000c9b00000, 0x00000000c9b00000|100%| O|  |TAMS 0x00000000c9a00000, 0x00000000c9a00000| Untracked 
| 155|0x00000000c9b00000, 0x00000000c9c00000, 0x00000000c9c00000|100%| O|  |TAMS 0x00000000c9b00000, 0x00000000c9b00000| Untracked 
| 156|0x00000000c9c00000, 0x00000000c9d00000, 0x00000000c9d00000|100%| O|  |TAMS 0x00000000c9c00000, 0x00000000c9c00000| Untracked 
| 157|0x00000000c9d00000, 0x00000000c9e00000, 0x00000000c9e00000|100%| O|  |TAMS 0x00000000c9d00000, 0x00000000c9d00000| Untracked 
| 158|0x00000000c9e00000, 0x00000000c9f00000, 0x00000000c9f00000|100%| O|  |TAMS 0x00000000c9e00000, 0x00000000c9e00000| Untracked 
| 159|0x00000000c9f00000, 0x00000000ca000000, 0x00000000ca000000|100%| O|  |TAMS 0x00000000c9f00000, 0x00000000c9f00000| Untracked 
| 160|0x00000000ca000000, 0x00000000ca100000, 0x00000000ca100000|100%| O|  |TAMS 0x00000000ca000000, 0x00000000ca000000| Untracked 
| 161|0x00000000ca100000, 0x00000000ca200000, 0x00000000ca200000|100%| O|  |TAMS 0x00000000ca100000, 0x00000000ca100000| Untracked 
| 162|0x00000000ca200000, 0x00000000ca300000, 0x00000000ca300000|100%| O|  |TAMS 0x00000000ca200000, 0x00000000ca200000| Untracked 
| 163|0x00000000ca300000, 0x00000000ca400000, 0x00000000ca400000|100%| O|  |TAMS 0x00000000ca300000, 0x00000000ca300000| Untracked 
| 164|0x00000000ca400000, 0x00000000ca500000, 0x00000000ca500000|100%| O|  |TAMS 0x00000000ca400000, 0x00000000ca400000| Untracked 
| 165|0x00000000ca500000, 0x00000000ca600000, 0x00000000ca600000|100%| O|  |TAMS 0x00000000ca500000, 0x00000000ca500000| Untracked 
| 166|0x00000000ca600000, 0x00000000ca700000, 0x00000000ca700000|100%| O|  |TAMS 0x00000000ca600000, 0x00000000ca600000| Untracked 
| 167|0x00000000ca700000, 0x00000000ca800000, 0x00000000ca800000|100%| O|  |TAMS 0x00000000ca700000, 0x00000000ca700000| Untracked 
| 168|0x00000000ca800000, 0x00000000ca900000, 0x00000000ca900000|100%| O|  |TAMS 0x00000000ca800000, 0x00000000ca800000| Untracked 
| 169|0x00000000ca900000, 0x00000000caa00000, 0x00000000caa00000|100%| O|  |TAMS 0x00000000ca900000, 0x00000000ca900000| Untracked 
| 170|0x00000000caa00000, 0x00000000cab00000, 0x00000000cab00000|100%| O|  |TAMS 0x00000000caa00000, 0x00000000caa00000| Untracked 
| 171|0x00000000cab00000, 0x00000000cac00000, 0x00000000cac00000|100%| O|  |TAMS 0x00000000cab00000, 0x00000000cab00000| Untracked 
| 172|0x00000000cac00000, 0x00000000cad00000, 0x00000000cad00000|100%| O|  |TAMS 0x00000000cac00000, 0x00000000cac00000| Untracked 
| 173|0x00000000cad00000, 0x00000000cae00000, 0x00000000cae00000|100%| O|  |TAMS 0x00000000cad00000, 0x00000000cad00000| Untracked 
| 174|0x00000000cae00000, 0x00000000caf00000, 0x00000000caf00000|100%| O|  |TAMS 0x00000000cae00000, 0x00000000cae00000| Untracked 
| 175|0x00000000caf00000, 0x00000000cb000000, 0x00000000cb000000|100%| O|  |TAMS 0x00000000caf00000, 0x00000000caf00000| Untracked 
| 176|0x00000000cb000000, 0x00000000cb100000, 0x00000000cb100000|100%| O|  |TAMS 0x00000000cb000000, 0x00000000cb000000| Untracked 
| 177|0x00000000cb100000, 0x00000000cb200000, 0x00000000cb200000|100%| O|  |TAMS 0x00000000cb100000, 0x00000000cb100000| Untracked 
| 178|0x00000000cb200000, 0x00000000cb300000, 0x00000000cb300000|100%| O|  |TAMS 0x00000000cb200000, 0x00000000cb200000| Untracked 
| 179|0x00000000cb300000, 0x00000000cb400000, 0x00000000cb400000|100%| O|  |TAMS 0x00000000cb300000, 0x00000000cb300000| Untracked 
| 180|0x00000000cb400000, 0x00000000cb500000, 0x00000000cb500000|100%| O|  |TAMS 0x00000000cb400000, 0x00000000cb400000| Untracked 
| 181|0x00000000cb500000, 0x00000000cb600000, 0x00000000cb600000|100%| O|  |TAMS 0x00000000cb500000, 0x00000000cb500000| Untracked 
| 182|0x00000000cb600000, 0x00000000cb700000, 0x00000000cb700000|100%| O|  |TAMS 0x00000000cb600000, 0x00000000cb600000| Untracked 
| 183|0x00000000cb700000, 0x00000000cb800000, 0x00000000cb800000|100%| O|  |TAMS 0x00000000cb700000, 0x00000000cb700000| Untracked 
| 184|0x00000000cb800000, 0x00000000cb900000, 0x00000000cb900000|100%| O|  |TAMS 0x00000000cb800000, 0x00000000cb800000| Untracked 
| 185|0x00000000cb900000, 0x00000000cba00000, 0x00000000cba00000|100%| O|  |TAMS 0x00000000cb900000, 0x00000000cb900000| Untracked 
| 186|0x00000000cba00000, 0x00000000cbb00000, 0x00000000cbb00000|100%| O|  |TAMS 0x00000000cba00000, 0x00000000cba00000| Untracked 
| 187|0x00000000cbb00000, 0x00000000cbc00000, 0x00000000cbc00000|100%| O|  |TAMS 0x00000000cbb00000, 0x00000000cbb00000| Untracked 
| 188|0x00000000cbc00000, 0x00000000cbd00000, 0x00000000cbd00000|100%| O|  |TAMS 0x00000000cbc00000, 0x00000000cbc00000| Untracked 
| 189|0x00000000cbd00000, 0x00000000cbe00000, 0x00000000cbe00000|100%| O|  |TAMS 0x00000000cbd00000, 0x00000000cbd00000| Untracked 
| 190|0x00000000cbe00000, 0x00000000cbf00000, 0x00000000cbf00000|100%| O|  |TAMS 0x00000000cbe00000, 0x00000000cbe00000| Untracked 
| 191|0x00000000cbf00000, 0x00000000cc000000, 0x00000000cc000000|100%| O|  |TAMS 0x00000000cbf00000, 0x00000000cbf00000| Untracked 
| 192|0x00000000cc000000, 0x00000000cc100000, 0x00000000cc100000|100%| O|  |TAMS 0x00000000cc000000, 0x00000000cc000000| Untracked 
| 193|0x00000000cc100000, 0x00000000cc200000, 0x00000000cc200000|100%| O|  |TAMS 0x00000000cc100000, 0x00000000cc100000| Untracked 
| 194|0x00000000cc200000, 0x00000000cc300000, 0x00000000cc300000|100%| O|  |TAMS 0x00000000cc200000, 0x00000000cc200000| Untracked 
| 195|0x00000000cc300000, 0x00000000cc400000, 0x00000000cc400000|100%| O|  |TAMS 0x00000000cc300000, 0x00000000cc300000| Untracked 
| 196|0x00000000cc400000, 0x00000000cc500000, 0x00000000cc500000|100%| O|  |TAMS 0x00000000cc400000, 0x00000000cc400000| Untracked 
| 197|0x00000000cc500000, 0x00000000cc600000, 0x00000000cc600000|100%| O|  |TAMS 0x00000000cc500000, 0x00000000cc500000| Untracked 
| 198|0x00000000cc600000, 0x00000000cc700000, 0x00000000cc700000|100%| O|  |TAMS 0x00000000cc600000, 0x00000000cc600000| Untracked 
| 199|0x00000000cc700000, 0x00000000cc800000, 0x00000000cc800000|100%| O|  |TAMS 0x00000000cc700000, 0x00000000cc700000| Untracked 
| 200|0x00000000cc800000, 0x00000000cc900000, 0x00000000cc900000|100%| O|  |TAMS 0x00000000cc800000, 0x00000000cc800000| Untracked 
| 201|0x00000000cc900000, 0x00000000cca00000, 0x00000000cca00000|100%| O|  |TAMS 0x00000000cc900000, 0x00000000cc900000| Untracked 
| 202|0x00000000cca00000, 0x00000000ccb00000, 0x00000000ccb00000|100%| O|  |TAMS 0x00000000cca00000, 0x00000000cca00000| Untracked 
| 203|0x00000000ccb00000, 0x00000000ccc00000, 0x00000000ccc00000|100%| O|  |TAMS 0x00000000ccb00000, 0x00000000ccb00000| Untracked 
| 204|0x00000000ccc00000, 0x00000000ccd00000, 0x00000000ccd00000|100%| O|  |TAMS 0x00000000ccc00000, 0x00000000ccc00000| Untracked 
| 205|0x00000000ccd00000, 0x00000000cce00000, 0x00000000cce00000|100%| O|  |TAMS 0x00000000ccd00000, 0x00000000ccd00000| Untracked 
| 206|0x00000000cce00000, 0x00000000ccf00000, 0x00000000ccf00000|100%| O|  |TAMS 0x00000000cce00000, 0x00000000cce00000| Untracked 
| 207|0x00000000ccf00000, 0x00000000cd000000, 0x00000000cd000000|100%| O|  |TAMS 0x00000000ccf00000, 0x00000000ccf00000| Untracked 
| 208|0x00000000cd000000, 0x00000000cd100000, 0x00000000cd100000|100%| O|  |TAMS 0x00000000cd000000, 0x00000000cd000000| Untracked 
| 209|0x00000000cd100000, 0x00000000cd200000, 0x00000000cd200000|100%| O|  |TAMS 0x00000000cd100000, 0x00000000cd100000| Untracked 
| 210|0x00000000cd200000, 0x00000000cd300000, 0x00000000cd300000|100%| O|  |TAMS 0x00000000cd200000, 0x00000000cd200000| Untracked 
| 211|0x00000000cd300000, 0x00000000cd400000, 0x00000000cd400000|100%| O|  |TAMS 0x00000000cd300000, 0x00000000cd300000| Untracked 
| 212|0x00000000cd400000, 0x00000000cd500000, 0x00000000cd500000|100%| O|  |TAMS 0x00000000cd400000, 0x00000000cd400000| Untracked 
| 213|0x00000000cd500000, 0x00000000cd600000, 0x00000000cd600000|100%| O|  |TAMS 0x00000000cd500000, 0x00000000cd500000| Untracked 
| 214|0x00000000cd600000, 0x00000000cd700000, 0x00000000cd700000|100%| O|  |TAMS 0x00000000cd600000, 0x00000000cd600000| Untracked 
| 215|0x00000000cd700000, 0x00000000cd800000, 0x00000000cd800000|100%| O|  |TAMS 0x00000000cd700000, 0x00000000cd700000| Untracked 
| 216|0x00000000cd800000, 0x00000000cd900000, 0x00000000cd900000|100%| O|  |TAMS 0x00000000cd800000, 0x00000000cd800000| Untracked 
| 217|0x00000000cd900000, 0x00000000cda00000, 0x00000000cda00000|100%| O|  |TAMS 0x00000000cd900000, 0x00000000cd900000| Untracked 
| 218|0x00000000cda00000, 0x00000000cdb00000, 0x00000000cdb00000|100%| O|  |TAMS 0x00000000cda00000, 0x00000000cda00000| Untracked 
| 219|0x00000000cdb00000, 0x00000000cdc00000, 0x00000000cdc00000|100%| O|  |TAMS 0x00000000cdb00000, 0x00000000cdb00000| Untracked 
| 220|0x00000000cdc00000, 0x00000000cdd00000, 0x00000000cdd00000|100%| O|  |TAMS 0x00000000cdc00000, 0x00000000cdc00000| Untracked 
| 221|0x00000000cdd00000, 0x00000000cde00000, 0x00000000cde00000|100%| O|  |TAMS 0x00000000cdd00000, 0x00000000cdd00000| Untracked 
| 222|0x00000000cde00000, 0x00000000cdf00000, 0x00000000cdf00000|100%| O|  |TAMS 0x00000000cde00000, 0x00000000cde00000| Untracked 
| 223|0x00000000cdf00000, 0x00000000ce000000, 0x00000000ce000000|100%| O|  |TAMS 0x00000000cdf00000, 0x00000000cdf00000| Untracked 
| 224|0x00000000ce000000, 0x00000000ce100000, 0x00000000ce100000|100%| O|  |TAMS 0x00000000ce000000, 0x00000000ce000000| Untracked 
| 225|0x00000000ce100000, 0x00000000ce200000, 0x00000000ce200000|100%| O|  |TAMS 0x00000000ce100000, 0x00000000ce100000| Untracked 
| 226|0x00000000ce200000, 0x00000000ce300000, 0x00000000ce300000|100%| O|  |TAMS 0x00000000ce200000, 0x00000000ce200000| Untracked 
| 227|0x00000000ce300000, 0x00000000ce400000, 0x00000000ce400000|100%| O|  |TAMS 0x00000000ce300000, 0x00000000ce300000| Untracked 
| 228|0x00000000ce400000, 0x00000000ce500000, 0x00000000ce500000|100%| O|  |TAMS 0x00000000ce400000, 0x00000000ce400000| Untracked 
| 229|0x00000000ce500000, 0x00000000ce600000, 0x00000000ce600000|100%| O|  |TAMS 0x00000000ce500000, 0x00000000ce500000| Untracked 
| 230|0x00000000ce600000, 0x00000000ce700000, 0x00000000ce700000|100%| O|  |TAMS 0x00000000ce600000, 0x00000000ce600000| Untracked 
| 231|0x00000000ce700000, 0x00000000ce800000, 0x00000000ce800000|100%| O|  |TAMS 0x00000000ce700000, 0x00000000ce700000| Untracked 
| 232|0x00000000ce800000, 0x00000000ce900000, 0x00000000ce900000|100%| O|  |TAMS 0x00000000ce800000, 0x00000000ce800000| Untracked 
| 233|0x00000000ce900000, 0x00000000cea00000, 0x00000000cea00000|100%| O|  |TAMS 0x00000000ce900000, 0x00000000ce900000| Untracked 
| 234|0x00000000cea00000, 0x00000000ceb00000, 0x00000000ceb00000|100%| O|  |TAMS 0x00000000cea00000, 0x00000000cea00000| Untracked 
| 235|0x00000000ceb00000, 0x00000000cec00000, 0x00000000cec00000|100%| O|  |TAMS 0x00000000ceb00000, 0x00000000ceb00000| Untracked 
| 236|0x00000000cec00000, 0x00000000ced00000, 0x00000000ced00000|100%| O|  |TAMS 0x00000000cec00000, 0x00000000cec00000| Untracked 
| 237|0x00000000ced00000, 0x00000000cee00000, 0x00000000cee00000|100%| O|  |TAMS 0x00000000ced00000, 0x00000000ced00000| Untracked 
| 238|0x00000000cee00000, 0x00000000cef00000, 0x00000000cef00000|100%| O|  |TAMS 0x00000000cee00000, 0x00000000cee00000| Untracked 
| 239|0x00000000cef00000, 0x00000000cf000000, 0x00000000cf000000|100%| O|  |TAMS 0x00000000cef00000, 0x00000000cef00000| Untracked 
| 240|0x00000000cf000000, 0x00000000cf100000, 0x00000000cf100000|100%| O|  |TAMS 0x00000000cf000000, 0x00000000cf000000| Untracked 
| 241|0x00000000cf100000, 0x00000000cf200000, 0x00000000cf200000|100%| O|  |TAMS 0x00000000cf100000, 0x00000000cf100000| Untracked 
| 242|0x00000000cf200000, 0x00000000cf300000, 0x00000000cf300000|100%| O|  |TAMS 0x00000000cf200000, 0x00000000cf200000| Untracked 
| 243|0x00000000cf300000, 0x00000000cf400000, 0x00000000cf400000|100%| O|  |TAMS 0x00000000cf300000, 0x00000000cf300000| Untracked 
| 244|0x00000000cf400000, 0x00000000cf500000, 0x00000000cf500000|100%| O|  |TAMS 0x00000000cf400000, 0x00000000cf400000| Untracked 
| 245|0x00000000cf500000, 0x00000000cf600000, 0x00000000cf600000|100%| O|  |TAMS 0x00000000cf500000, 0x00000000cf500000| Untracked 
| 246|0x00000000cf600000, 0x00000000cf700000, 0x00000000cf700000|100%| O|  |TAMS 0x00000000cf600000, 0x00000000cf600000| Untracked 
| 247|0x00000000cf700000, 0x00000000cf800000, 0x00000000cf800000|100%| O|  |TAMS 0x00000000cf700000, 0x00000000cf700000| Untracked 
| 248|0x00000000cf800000, 0x00000000cf900000, 0x00000000cf900000|100%| O|  |TAMS 0x00000000cf800000, 0x00000000cf800000| Untracked 
| 249|0x00000000cf900000, 0x00000000cfa00000, 0x00000000cfa00000|100%| O|  |TAMS 0x00000000cf900000, 0x00000000cf900000| Untracked 
| 250|0x00000000cfa00000, 0x00000000cfb00000, 0x00000000cfb00000|100%| O|  |TAMS 0x00000000cfa00000, 0x00000000cfa00000| Untracked 
| 251|0x00000000cfb00000, 0x00000000cfc00000, 0x00000000cfc00000|100%| O|  |TAMS 0x00000000cfb00000, 0x00000000cfb00000| Untracked 
| 252|0x00000000cfc00000, 0x00000000cfd00000, 0x00000000cfd00000|100%| O|  |TAMS 0x00000000cfc00000, 0x00000000cfc00000| Untracked 
| 253|0x00000000cfd00000, 0x00000000cfe00000, 0x00000000cfe00000|100%| O|  |TAMS 0x00000000cfd00000, 0x00000000cfd00000| Untracked 
| 254|0x00000000cfe00000, 0x00000000cff00000, 0x00000000cff00000|100%| O|  |TAMS 0x00000000cfe00000, 0x00000000cfe00000| Untracked 
| 255|0x00000000cff00000, 0x00000000d0000000, 0x00000000d0000000|100%| O|  |TAMS 0x00000000cff00000, 0x00000000cff00000| Untracked 
| 256|0x00000000d0000000, 0x00000000d0100000, 0x00000000d0100000|100%| O|  |TAMS 0x00000000d0000000, 0x00000000d0000000| Untracked 
| 257|0x00000000d0100000, 0x00000000d0200000, 0x00000000d0200000|100%| O|  |TAMS 0x00000000d0100000, 0x00000000d0100000| Untracked 
| 258|0x00000000d0200000, 0x00000000d0300000, 0x00000000d0300000|100%| O|  |TAMS 0x00000000d0200000, 0x00000000d0200000| Untracked 
| 259|0x00000000d0300000, 0x00000000d0400000, 0x00000000d0400000|100%| O|  |TAMS 0x00000000d0300000, 0x00000000d0300000| Untracked 
| 260|0x00000000d0400000, 0x00000000d0500000, 0x00000000d0500000|100%| O|  |TAMS 0x00000000d0400000, 0x00000000d0400000| Untracked 
| 261|0x00000000d0500000, 0x00000000d0600000, 0x00000000d0600000|100%| O|  |TAMS 0x00000000d0500000, 0x00000000d0500000| Untracked 
| 262|0x00000000d0600000, 0x00000000d0700000, 0x00000000d0700000|100%| O|  |TAMS 0x00000000d0600000, 0x00000000d0600000| Untracked 
| 263|0x00000000d0700000, 0x00000000d0800000, 0x00000000d0800000|100%| O|  |TAMS 0x00000000d0700000, 0x00000000d0700000| Untracked 
| 264|0x00000000d0800000, 0x00000000d0900000, 0x00000000d0900000|100%| O|  |TAMS 0x00000000d0800000, 0x00000000d0800000| Untracked 
| 265|0x00000000d0900000, 0x00000000d0a00000, 0x00000000d0a00000|100%| O|  |TAMS 0x00000000d0900000, 0x00000000d0900000| Untracked 
| 266|0x00000000d0a00000, 0x00000000d0b00000, 0x00000000d0b00000|100%| O|  |TAMS 0x00000000d0a00000, 0x00000000d0a00000| Untracked 
| 267|0x00000000d0b00000, 0x00000000d0c00000, 0x00000000d0c00000|100%| O|  |TAMS 0x00000000d0b00000, 0x00000000d0b00000| Untracked 
| 268|0x00000000d0c00000, 0x00000000d0d00000, 0x00000000d0d00000|100%| O|  |TAMS 0x00000000d0c00000, 0x00000000d0c00000| Untracked 
| 269|0x00000000d0d00000, 0x00000000d0e00000, 0x00000000d0e00000|100%| O|  |TAMS 0x00000000d0d00000, 0x00000000d0d00000| Untracked 
| 270|0x00000000d0e00000, 0x00000000d0f00000, 0x00000000d0f00000|100%| O|  |TAMS 0x00000000d0e00000, 0x00000000d0e00000| Untracked 
| 271|0x00000000d0f00000, 0x00000000d1000000, 0x00000000d1000000|100%| O|  |TAMS 0x00000000d0f00000, 0x00000000d0f00000| Untracked 
| 272|0x00000000d1000000, 0x00000000d1100000, 0x00000000d1100000|100%| O|  |TAMS 0x00000000d1000000, 0x00000000d1000000| Untracked 
| 273|0x00000000d1100000, 0x00000000d1200000, 0x00000000d1200000|100%| O|  |TAMS 0x00000000d1100000, 0x00000000d1100000| Untracked 
| 274|0x00000000d1200000, 0x00000000d1300000, 0x00000000d1300000|100%| O|  |TAMS 0x00000000d1200000, 0x00000000d1200000| Untracked 
| 275|0x00000000d1300000, 0x00000000d1400000, 0x00000000d1400000|100%| O|  |TAMS 0x00000000d1300000, 0x00000000d1300000| Untracked 
| 276|0x00000000d1400000, 0x00000000d1500000, 0x00000000d1500000|100%| O|  |TAMS 0x00000000d1400000, 0x00000000d1400000| Untracked 
| 277|0x00000000d1500000, 0x00000000d1600000, 0x00000000d1600000|100%| O|  |TAMS 0x00000000d1500000, 0x00000000d1500000| Untracked 
| 278|0x00000000d1600000, 0x00000000d1700000, 0x00000000d1700000|100%| O|  |TAMS 0x00000000d1600000, 0x00000000d1600000| Untracked 
| 279|0x00000000d1700000, 0x00000000d1800000, 0x00000000d1800000|100%| O|  |TAMS 0x00000000d1700000, 0x00000000d1700000| Untracked 
| 280|0x00000000d1800000, 0x00000000d1900000, 0x00000000d1900000|100%| O|  |TAMS 0x00000000d1800000, 0x00000000d1800000| Untracked 
| 281|0x00000000d1900000, 0x00000000d1a00000, 0x00000000d1a00000|100%| O|  |TAMS 0x00000000d1900000, 0x00000000d1900000| Untracked 
| 282|0x00000000d1a00000, 0x00000000d1b00000, 0x00000000d1b00000|100%| O|  |TAMS 0x00000000d1a00000, 0x00000000d1a00000| Untracked 
| 283|0x00000000d1b00000, 0x00000000d1c00000, 0x00000000d1c00000|100%| O|  |TAMS 0x00000000d1b00000, 0x00000000d1b00000| Untracked 
| 284|0x00000000d1c00000, 0x00000000d1d00000, 0x00000000d1d00000|100%| O|  |TAMS 0x00000000d1c00000, 0x00000000d1c00000| Untracked 
| 285|0x00000000d1d00000, 0x00000000d1e00000, 0x00000000d1e00000|100%| O|  |TAMS 0x00000000d1d00000, 0x00000000d1d00000| Untracked 
| 286|0x00000000d1e00000, 0x00000000d1f00000, 0x00000000d1f00000|100%| O|  |TAMS 0x00000000d1e00000, 0x00000000d1e00000| Untracked 
| 287|0x00000000d1f00000, 0x00000000d2000000, 0x00000000d2000000|100%| O|  |TAMS 0x00000000d1f00000, 0x00000000d1f00000| Untracked 
| 288|0x00000000d2000000, 0x00000000d2100000, 0x00000000d2100000|100%| O|  |TAMS 0x00000000d2000000, 0x00000000d2000000| Untracked 
| 289|0x00000000d2100000, 0x00000000d2200000, 0x00000000d2200000|100%| O|  |TAMS 0x00000000d2100000, 0x00000000d2100000| Untracked 
| 290|0x00000000d2200000, 0x00000000d2300000, 0x00000000d2300000|100%| O|  |TAMS 0x00000000d2200000, 0x00000000d2200000| Untracked 
| 291|0x00000000d2300000, 0x00000000d2400000, 0x00000000d2400000|100%| O|  |TAMS 0x00000000d2300000, 0x00000000d2300000| Untracked 
| 292|0x00000000d2400000, 0x00000000d2500000, 0x00000000d2500000|100%| O|  |TAMS 0x00000000d2400000, 0x00000000d2400000| Untracked 
| 293|0x00000000d2500000, 0x00000000d2600000, 0x00000000d2600000|100%| O|  |TAMS 0x00000000d2500000, 0x00000000d2500000| Untracked 
| 294|0x00000000d2600000, 0x00000000d2700000, 0x00000000d2700000|100%| O|  |TAMS 0x00000000d2600000, 0x00000000d2600000| Untracked 
| 295|0x00000000d2700000, 0x00000000d2800000, 0x00000000d2800000|100%| O|  |TAMS 0x00000000d2700000, 0x00000000d2700000| Untracked 
| 296|0x00000000d2800000, 0x00000000d2900000, 0x00000000d2900000|100%| O|  |TAMS 0x00000000d2800000, 0x00000000d2800000| Untracked 
| 297|0x00000000d2900000, 0x00000000d2a00000, 0x00000000d2a00000|100%| O|  |TAMS 0x00000000d2900000, 0x00000000d2900000| Untracked 
| 298|0x00000000d2a00000, 0x00000000d2b00000, 0x00000000d2b00000|100%| O|  |TAMS 0x00000000d2a00000, 0x00000000d2a00000| Untracked 
| 299|0x00000000d2b00000, 0x00000000d2c00000, 0x00000000d2c00000|100%| O|  |TAMS 0x00000000d2b00000, 0x00000000d2b00000| Untracked 
| 300|0x00000000d2c00000, 0x00000000d2d00000, 0x00000000d2d00000|100%| O|  |TAMS 0x00000000d2c00000, 0x00000000d2c00000| Untracked 
| 301|0x00000000d2d00000, 0x00000000d2e00000, 0x00000000d2e00000|100%| O|  |TAMS 0x00000000d2d00000, 0x00000000d2d00000| Untracked 
| 302|0x00000000d2e00000, 0x00000000d2f00000, 0x00000000d2f00000|100%| O|  |TAMS 0x00000000d2e00000, 0x00000000d2e00000| Untracked 
| 303|0x00000000d2f00000, 0x00000000d3000000, 0x00000000d3000000|100%| O|  |TAMS 0x00000000d2f00000, 0x00000000d2f00000| Untracked 
| 304|0x00000000d3000000, 0x00000000d3100000, 0x00000000d3100000|100%| O|  |TAMS 0x00000000d3000000, 0x00000000d3000000| Untracked 
| 305|0x00000000d3100000, 0x00000000d3200000, 0x00000000d3200000|100%| O|  |TAMS 0x00000000d3100000, 0x00000000d3100000| Untracked 
| 306|0x00000000d3200000, 0x00000000d3300000, 0x00000000d3300000|100%| O|  |TAMS 0x00000000d3200000, 0x00000000d3200000| Untracked 
| 307|0x00000000d3300000, 0x00000000d3400000, 0x00000000d3400000|100%| O|  |TAMS 0x00000000d3300000, 0x00000000d3300000| Untracked 
| 308|0x00000000d3400000, 0x00000000d3500000, 0x00000000d3500000|100%| O|  |TAMS 0x00000000d3400000, 0x00000000d3400000| Untracked 
| 309|0x00000000d3500000, 0x00000000d3600000, 0x00000000d3600000|100%| O|  |TAMS 0x00000000d3500000, 0x00000000d3500000| Untracked 
| 310|0x00000000d3600000, 0x00000000d3680000, 0x00000000d3700000| 50%| O|  |TAMS 0x00000000d3600000, 0x00000000d3600000| Untracked 
| 311|0x00000000d3700000, 0x00000000d3700000, 0x00000000d3800000|  0%| F|  |TAMS 0x00000000d3700000, 0x00000000d3700000| Untracked 
| 312|0x00000000d3800000, 0x00000000d3800000, 0x00000000d3900000|  0%| F|  |TAMS 0x00000000d3800000, 0x00000000d3800000| Untracked 
| 313|0x00000000d3900000, 0x00000000d3900000, 0x00000000d3a00000|  0%| F|  |TAMS 0x00000000d3900000, 0x00000000d3900000| Untracked 
| 314|0x00000000d3a00000, 0x00000000d3a00000, 0x00000000d3b00000|  0%| F|  |TAMS 0x00000000d3a00000, 0x00000000d3a00000| Untracked 
| 315|0x00000000d3b00000, 0x00000000d3b00000, 0x00000000d3c00000|  0%| F|  |TAMS 0x00000000d3b00000, 0x00000000d3b00000| Untracked 
| 316|0x00000000d3c00000, 0x00000000d3c00000, 0x00000000d3d00000|  0%| F|  |TAMS 0x00000000d3c00000, 0x00000000d3c00000| Untracked 
| 317|0x00000000d3d00000, 0x00000000d3d00000, 0x00000000d3e00000|  0%| F|  |TAMS 0x00000000d3d00000, 0x00000000d3d00000| Untracked 
| 318|0x00000000d3e00000, 0x00000000d3e00000, 0x00000000d3f00000|  0%| F|  |TAMS 0x00000000d3e00000, 0x00000000d3e00000| Untracked 
| 319|0x00000000d3f00000, 0x00000000d3f00000, 0x00000000d4000000|  0%| F|  |TAMS 0x00000000d3f00000, 0x00000000d3f00000| Untracked 
| 320|0x00000000d4000000, 0x00000000d4000000, 0x00000000d4100000|  0%| F|  |TAMS 0x00000000d4000000, 0x00000000d4000000| Untracked 
| 321|0x00000000d4100000, 0x00000000d4100000, 0x00000000d4200000|  0%| F|  |TAMS 0x00000000d4100000, 0x00000000d4100000| Untracked 
| 322|0x00000000d4200000, 0x00000000d4200000, 0x00000000d4300000|  0%| F|  |TAMS 0x00000000d4200000, 0x00000000d4200000| Untracked 
| 323|0x00000000d4300000, 0x00000000d4300000, 0x00000000d4400000|  0%| F|  |TAMS 0x00000000d4300000, 0x00000000d4300000| Untracked 
| 324|0x00000000d4400000, 0x00000000d4400000, 0x00000000d4500000|  0%| F|  |TAMS 0x00000000d4400000, 0x00000000d4400000| Untracked 
| 325|0x00000000d4500000, 0x00000000d4500000, 0x00000000d4600000|  0%| F|  |TAMS 0x00000000d4500000, 0x00000000d4500000| Untracked 
| 326|0x00000000d4600000, 0x00000000d4600000, 0x00000000d4700000|  0%| F|  |TAMS 0x00000000d4600000, 0x00000000d4600000| Untracked 
| 327|0x00000000d4700000, 0x00000000d4700000, 0x00000000d4800000|  0%| F|  |TAMS 0x00000000d4700000, 0x00000000d4700000| Untracked 
| 328|0x00000000d4800000, 0x00000000d4800000, 0x00000000d4900000|  0%| F|  |TAMS 0x00000000d4800000, 0x00000000d4800000| Untracked 
| 329|0x00000000d4900000, 0x00000000d4900000, 0x00000000d4a00000|  0%| F|  |TAMS 0x00000000d4900000, 0x00000000d4900000| Untracked 
| 330|0x00000000d4a00000, 0x00000000d4a00000, 0x00000000d4b00000|  0%| F|  |TAMS 0x00000000d4a00000, 0x00000000d4a00000| Untracked 
| 331|0x00000000d4b00000, 0x00000000d4b00000, 0x00000000d4c00000|  0%| F|  |TAMS 0x00000000d4b00000, 0x00000000d4b00000| Untracked 
| 332|0x00000000d4c00000, 0x00000000d4c00000, 0x00000000d4d00000|  0%| F|  |TAMS 0x00000000d4c00000, 0x00000000d4c00000| Untracked 
| 333|0x00000000d4d00000, 0x00000000d4d00000, 0x00000000d4e00000|  0%| F|  |TAMS 0x00000000d4d00000, 0x00000000d4d00000| Untracked 
| 334|0x00000000d4e00000, 0x00000000d4e00000, 0x00000000d4f00000|  0%| F|  |TAMS 0x00000000d4e00000, 0x00000000d4e00000| Untracked 
| 335|0x00000000d4f00000, 0x00000000d4f00000, 0x00000000d5000000|  0%| F|  |TAMS 0x00000000d4f00000, 0x00000000d4f00000| Untracked 
| 336|0x00000000d5000000, 0x00000000d5000000, 0x00000000d5100000|  0%| F|  |TAMS 0x00000000d5000000, 0x00000000d5000000| Untracked 
| 337|0x00000000d5100000, 0x00000000d5100000, 0x00000000d5200000|  0%| F|  |TAMS 0x00000000d5100000, 0x00000000d5100000| Untracked 
| 338|0x00000000d5200000, 0x00000000d5200000, 0x00000000d5300000|  0%| F|  |TAMS 0x00000000d5200000, 0x00000000d5200000| Untracked 
| 339|0x00000000d5300000, 0x00000000d5300000, 0x00000000d5400000|  0%| F|  |TAMS 0x00000000d5300000, 0x00000000d5300000| Untracked 
| 340|0x00000000d5400000, 0x00000000d5400000, 0x00000000d5500000|  0%| F|  |TAMS 0x00000000d5400000, 0x00000000d5400000| Untracked 
| 341|0x00000000d5500000, 0x00000000d5500000, 0x00000000d5600000|  0%| F|  |TAMS 0x00000000d5500000, 0x00000000d5500000| Untracked 
| 342|0x00000000d5600000, 0x00000000d5600000, 0x00000000d5700000|  0%| F|  |TAMS 0x00000000d5600000, 0x00000000d5600000| Untracked 
| 343|0x00000000d5700000, 0x00000000d5700000, 0x00000000d5800000|  0%| F|  |TAMS 0x00000000d5700000, 0x00000000d5700000| Untracked 
| 344|0x00000000d5800000, 0x00000000d5800000, 0x00000000d5900000|  0%| F|  |TAMS 0x00000000d5800000, 0x00000000d5800000| Untracked 
| 345|0x00000000d5900000, 0x00000000d5900000, 0x00000000d5a00000|  0%| F|  |TAMS 0x00000000d5900000, 0x00000000d5900000| Untracked 
| 346|0x00000000d5a00000, 0x00000000d5a00000, 0x00000000d5b00000|  0%| F|  |TAMS 0x00000000d5a00000, 0x00000000d5a00000| Untracked 
| 347|0x00000000d5b00000, 0x00000000d5b00000, 0x00000000d5c00000|  0%| F|  |TAMS 0x00000000d5b00000, 0x00000000d5b00000| Untracked 
| 348|0x00000000d5c00000, 0x00000000d5c00000, 0x00000000d5d00000|  0%| F|  |TAMS 0x00000000d5c00000, 0x00000000d5c00000| Untracked 
| 349|0x00000000d5d00000, 0x00000000d5d00000, 0x00000000d5e00000|  0%| F|  |TAMS 0x00000000d5d00000, 0x00000000d5d00000| Untracked 
| 350|0x00000000d5e00000, 0x00000000d5e00000, 0x00000000d5f00000|  0%| F|  |TAMS 0x00000000d5e00000, 0x00000000d5e00000| Untracked 
| 351|0x00000000d5f00000, 0x00000000d5f00000, 0x00000000d6000000|  0%| F|  |TAMS 0x00000000d5f00000, 0x00000000d5f00000| Untracked 
| 352|0x00000000d6000000, 0x00000000d6000000, 0x00000000d6100000|  0%| F|  |TAMS 0x00000000d6000000, 0x00000000d6000000| Untracked 
| 353|0x00000000d6100000, 0x00000000d6100000, 0x00000000d6200000|  0%| F|  |TAMS 0x00000000d6100000, 0x00000000d6100000| Untracked 
| 354|0x00000000d6200000, 0x00000000d6200000, 0x00000000d6300000|  0%| F|  |TAMS 0x00000000d6200000, 0x00000000d6200000| Untracked 
| 355|0x00000000d6300000, 0x00000000d6300000, 0x00000000d6400000|  0%| F|  |TAMS 0x00000000d6300000, 0x00000000d6300000| Untracked 
| 356|0x00000000d6400000, 0x00000000d6400000, 0x00000000d6500000|  0%| F|  |TAMS 0x00000000d6400000, 0x00000000d6400000| Untracked 
| 357|0x00000000d6500000, 0x00000000d6600000, 0x00000000d6600000|100%| S|CS|TAMS 0x00000000d6500000, 0x00000000d6500000| Complete 
| 358|0x00000000d6600000, 0x00000000d6700000, 0x00000000d6700000|100%| S|CS|TAMS 0x00000000d6600000, 0x00000000d6600000| Complete 
| 359|0x00000000d6700000, 0x00000000d6800000, 0x00000000d6800000|100%| S|CS|TAMS 0x00000000d6700000, 0x00000000d6700000| Complete 
| 360|0x00000000d6800000, 0x00000000d6900000, 0x00000000d6900000|100%| S|CS|TAMS 0x00000000d6800000, 0x00000000d6800000| Complete 
| 361|0x00000000d6900000, 0x00000000d6a00000, 0x00000000d6a00000|100%| S|CS|TAMS 0x00000000d6900000, 0x00000000d6900000| Complete 
| 362|0x00000000d6a00000, 0x00000000d6a00000, 0x00000000d6b00000|  0%| F|  |TAMS 0x00000000d6a00000, 0x00000000d6a00000| Untracked 
| 363|0x00000000d6b00000, 0x00000000d6b00000, 0x00000000d6c00000|  0%| F|  |TAMS 0x00000000d6b00000, 0x00000000d6b00000| Untracked 
| 364|0x00000000d6c00000, 0x00000000d6c00000, 0x00000000d6d00000|  0%| F|  |TAMS 0x00000000d6c00000, 0x00000000d6c00000| Untracked 
| 365|0x00000000d6d00000, 0x00000000d6d00000, 0x00000000d6e00000|  0%| F|  |TAMS 0x00000000d6d00000, 0x00000000d6d00000| Untracked 
| 366|0x00000000d6e00000, 0x00000000d6e00000, 0x00000000d6f00000|  0%| F|  |TAMS 0x00000000d6e00000, 0x00000000d6e00000| Untracked 
| 367|0x00000000d6f00000, 0x00000000d6f00000, 0x00000000d7000000|  0%| F|  |TAMS 0x00000000d6f00000, 0x00000000d6f00000| Untracked 
| 368|0x00000000d7000000, 0x00000000d7000000, 0x00000000d7100000|  0%| F|  |TAMS 0x00000000d7000000, 0x00000000d7000000| Untracked 
| 369|0x00000000d7100000, 0x00000000d7100000, 0x00000000d7200000|  0%| F|  |TAMS 0x00000000d7100000, 0x00000000d7100000| Untracked 
| 370|0x00000000d7200000, 0x00000000d7200000, 0x00000000d7300000|  0%| F|  |TAMS 0x00000000d7200000, 0x00000000d7200000| Untracked 
| 371|0x00000000d7300000, 0x00000000d7300000, 0x00000000d7400000|  0%| F|  |TAMS 0x00000000d7300000, 0x00000000d7300000| Untracked 
| 372|0x00000000d7400000, 0x00000000d7400000, 0x00000000d7500000|  0%| F|  |TAMS 0x00000000d7400000, 0x00000000d7400000| Untracked 
| 373|0x00000000d7500000, 0x00000000d7500000, 0x00000000d7600000|  0%| F|  |TAMS 0x00000000d7500000, 0x00000000d7500000| Untracked 
| 374|0x00000000d7600000, 0x00000000d7600000, 0x00000000d7700000|  0%| F|  |TAMS 0x00000000d7600000, 0x00000000d7600000| Untracked 
| 375|0x00000000d7700000, 0x00000000d7700000, 0x00000000d7800000|  0%| F|  |TAMS 0x00000000d7700000, 0x00000000d7700000| Untracked 
| 376|0x00000000d7800000, 0x00000000d7800000, 0x00000000d7900000|  0%| F|  |TAMS 0x00000000d7800000, 0x00000000d7800000| Untracked 
| 377|0x00000000d7900000, 0x00000000d7900000, 0x00000000d7a00000|  0%| F|  |TAMS 0x00000000d7900000, 0x00000000d7900000| Untracked 
| 378|0x00000000d7a00000, 0x00000000d7a00000, 0x00000000d7b00000|  0%| F|  |TAMS 0x00000000d7a00000, 0x00000000d7a00000| Untracked 
| 379|0x00000000d7b00000, 0x00000000d7b00000, 0x00000000d7c00000|  0%| F|  |TAMS 0x00000000d7b00000, 0x00000000d7b00000| Untracked 
| 380|0x00000000d7c00000, 0x00000000d7c00000, 0x00000000d7d00000|  0%| F|  |TAMS 0x00000000d7c00000, 0x00000000d7c00000| Untracked 
| 381|0x00000000d7d00000, 0x00000000d7d00000, 0x00000000d7e00000|  0%| F|  |TAMS 0x00000000d7d00000, 0x00000000d7d00000| Untracked 
| 382|0x00000000d7e00000, 0x00000000d7e00000, 0x00000000d7f00000|  0%| F|  |TAMS 0x00000000d7e00000, 0x00000000d7e00000| Untracked 
| 383|0x00000000d7f00000, 0x00000000d7f00000, 0x00000000d8000000|  0%| F|  |TAMS 0x00000000d7f00000, 0x00000000d7f00000| Untracked 
| 384|0x00000000d8000000, 0x00000000d8000000, 0x00000000d8100000|  0%| F|  |TAMS 0x00000000d8000000, 0x00000000d8000000| Untracked 
| 385|0x00000000d8100000, 0x00000000d8100000, 0x00000000d8200000|  0%| F|  |TAMS 0x00000000d8100000, 0x00000000d8100000| Untracked 
| 386|0x00000000d8200000, 0x00000000d8200000, 0x00000000d8300000|  0%| F|  |TAMS 0x00000000d8200000, 0x00000000d8200000| Untracked 
| 387|0x00000000d8300000, 0x00000000d8300000, 0x00000000d8400000|  0%| F|  |TAMS 0x00000000d8300000, 0x00000000d8300000| Untracked 
| 388|0x00000000d8400000, 0x00000000d8400000, 0x00000000d8500000|  0%| F|  |TAMS 0x00000000d8400000, 0x00000000d8400000| Untracked 
| 389|0x00000000d8500000, 0x00000000d8500000, 0x00000000d8600000|  0%| F|  |TAMS 0x00000000d8500000, 0x00000000d8500000| Untracked 
| 390|0x00000000d8600000, 0x00000000d8600000, 0x00000000d8700000|  0%| F|  |TAMS 0x00000000d8600000, 0x00000000d8600000| Untracked 
|1022|0x00000000ffe00000, 0x00000000ffe75000, 0x00000000fff00000| 45%|OA|  |TAMS 0x00000000ffe75000, 0x00000000ffe00000| Untracked 
|1023|0x00000000fff00000, 0x00000000fff78000, 0x0000000100000000| 46%|CA|  |TAMS 0x00000000fff78000, 0x00000000fff00000| Untracked 

Card table byte_map: [0x00007f2d009eb000,0x00007f2d00beb000] _byte_map_base: 0x00007f2d003eb000

Marking Bits (Prev, Next): (CMBitMap*) 0x00007f2cfc057800, (CMBitMap*) 0x00007f2cfc0577c0
 Prev Bits: [0x00007f2ce3511000, 0x00007f2ce4511000)
 Next Bits: [0x00007f2ce4511000, 0x00007f2ce5511000)

Polling page: 0x00007f2d02bae000

Metaspace:

Usage:
  Non-class:    163.98 MB used.
      Class:     23.82 MB used.
       Both:    187.80 MB used.

Virtual space:
  Non-class space:      192.00 MB reserved,     164.50 MB ( 86%) committed,  3 nodes.
      Class space:        1.00 GB reserved,      24.31 MB (  2%) committed,  1 nodes.
             Both:        1.19 GB reserved,     188.81 MB ( 16%) committed. 

Chunk freelists:
   Non-Class:  11.22 MB
       Class:  7.64 MB
        Both:  18.86 MB

MaxMetaspaceSize: unlimited
CompressedClassSpaceSize: 1.00 GB
Initial GC threshold: 21.00 MB
Current GC threshold: 188.88 MB
CDS: on
MetaspaceReclaimPolicy: balanced
 - commit_granule_bytes: 65536.
 - commit_granule_words: 8192.
 - virtual_space_node_default_size: 8388608.
 - enlarge_chunks_in_place: 1.
 - new_chunks_are_fully_committed: 0.
 - uncommit_free_chunks: 1.
 - use_allocation_guard: 0.
 - handle_deallocations: 1.


Internal statistics:

num_allocs_failed_limit: 21.
num_arena_births: 1544.
num_arena_deaths: 0.
num_vsnodes_births: 4.
num_vsnodes_deaths: 0.
num_space_committed: 3018.
num_space_uncommitted: 0.
num_chunks_returned_to_freelist: 21.
num_chunks_taken_from_freelist: 8942.
num_chunk_merges: 21.
num_chunk_splits: 6568.
num_chunks_enlarged: 5073.
num_inconsistent_stats: 0.

CodeHeap 'non-profiled nmethods': size=120036Kb used=14620Kb max_used=14620Kb free=105415Kb
 bounds [0x00007f2cecfd8000, 0x00007f2cede28000, 0x00007f2cf4511000]
CodeHeap 'profiled nmethods': size=120032Kb used=69348Kb max_used=70067Kb free=50683Kb
 bounds [0x00007f2ce5511000, 0x00007f2ce99d1000, 0x00007f2ceca49000]
CodeHeap 'non-nmethods': size=5692Kb used=1896Kb max_used=2013Kb free=3795Kb
 bounds [0x00007f2ceca49000, 0x00007f2ceccb9000, 0x00007f2cecfd8000]
 total_blobs=29148 nmethods=28144 adapters=913
 compilation: enabled
              stopped_count=0, restarted_count=0
 full_count=0

Compilation events (20 events):
Event: 125.099 Thread 0x00007f2cfc0b8d90 39661       2       com.android.tools.r8.utils.X::a (102 bytes)
Event: 125.099 Thread 0x00007f2cfc0b8d90 nmethod 39661 0x00007f2ce917dc10 code [0x00007f2ce917de40, 0x00007f2ce917e440]
Event: 125.114 Thread 0x00007f2cfc0b7860 nmethod 39615 0x00007f2cedd03890 code [0x00007f2cedd03aa0, 0x00007f2cedd05128]
Event: 125.114 Thread 0x00007f2cfc0b7860 39561       4       com.android.tools.r8.graph.A3::b (716 bytes)
Event: 125.120 Thread 0x00007f2cfc0b8d90 39662       3       com.android.tools.r8.graph.K4$$Lambda$2388/0x00007f2c8d6f0d98::test (12 bytes)
Event: 125.121 Thread 0x00007f2cfc0b8d90 nmethod 39662 0x00007f2ce8dfd810 code [0x00007f2ce8dfda00, 0x00007f2ce8dfe1f0]
Event: 125.130 Thread 0x00007f2cfc0b8d90 39663       2       com.android.tools.r8.internal.C8::<init> (118 bytes)
Event: 125.130 Thread 0x00007f2cfc0b8d90 nmethod 39663 0x00007f2ce95ca190 code [0x00007f2ce95ca320, 0x00007f2ce95ca4d0]
Event: 125.135 Thread 0x00007f2cfc0b8d90 39664       2       com.android.tools.r8.internal.C8::a (330 bytes)
Event: 125.136 Thread 0x00007f2cfc0b8d90 nmethod 39664 0x00007f2ce9068210 code [0x00007f2ce9068560, 0x00007f2ce9069360]
Event: 125.142 Thread 0x00007f2cfc0b8d90 39665       2       com.android.tools.r8.internal.o1::<init> (5 bytes)
Event: 125.142 Thread 0x00007f2cfc0b8d90 nmethod 39665 0x00007f2ce9067f10 code [0x00007f2ce90680a0, 0x00007f2ce9068190]
Event: 125.203 Thread 0x00007f2cfc0b8d90 39666       1       com.android.tools.r8.internal.tI::D (2 bytes)
Event: 125.203 Thread 0x00007f2cfc0b8d90 nmethod 39666 0x00007f2cedd03590 code [0x00007f2cedd03720, 0x00007f2cedd037f0]
Event: 125.216 Thread 0x00007f2cfc0b8d90 39667       2       com.android.tools.r8.graph.j4::b (142 bytes)
Event: 125.216 Thread 0x00007f2cfc0b8d90 nmethod 39667 0x00007f2ce94a6790 code [0x00007f2ce94a69a0, 0x00007f2ce94a6d90]
Event: 125.305 Thread 0x00007f2cfc0b8d90 39668       2       com.android.tools.r8.internal.e7::<init> (34 bytes)
Event: 125.306 Thread 0x00007f2cfc0b8d90 nmethod 39668 0x00007f2ce9763210 code [0x00007f2ce97633a0, 0x00007f2ce97634f0]
Event: 125.405 Thread 0x00007f2cfc0b8d90 39669       2       com.android.tools.r8.internal.tI::z (2 bytes)
Event: 125.405 Thread 0x00007f2cfc0b8d90 nmethod 39669 0x00007f2ce9769310 code [0x00007f2ce97694a0, 0x00007f2ce97695b0]

GC Heap History (20 events):
Event: 120.046 GC heap after
{Heap after GC invocations=86 (full 0):
 garbage-first heap   total 402432K, used 286932K [0x00000000c0000000, 0x0000000100000000)
  region size 1024K, 1 young (1024K), 1 survivors (1024K)
 Metaspace       used 191866K, committed 192896K, reserved 1245184K
  class space    used 24337K, committed 24832K, reserved 1048576K
}
Event: 120.323 GC heap before
{Heap before GC invocations=86 (full 0):
 garbage-first heap   total 402432K, used 349396K [0x00000000c0000000, 0x0000000100000000)
  region size 1024K, 63 young (64512K), 1 survivors (1024K)
 Metaspace       used 191886K, committed 192896K, reserved 1245184K
  class space    used 24337K, committed 24832K, reserved 1048576K
}
Event: 120.326 GC heap after
{Heap after GC invocations=87 (full 0):
 garbage-first heap   total 402432K, used 286764K [0x00000000c0000000, 0x0000000100000000)
  region size 1024K, 1 young (1024K), 1 survivors (1024K)
 Metaspace       used 191886K, committed 192896K, reserved 1245184K
  class space    used 24337K, committed 24832K, reserved 1048576K
}
Event: 121.302 GC heap before
{Heap before GC invocations=87 (full 0):
 garbage-first heap   total 402432K, used 351276K [0x00000000c0000000, 0x0000000100000000)
  region size 1024K, 65 young (66560K), 1 survivors (1024K)
 Metaspace       used 192037K, committed 193088K, reserved 1245184K
  class space    used 24355K, committed 24896K, reserved 1048576K
}
Event: 121.311 GC heap after
{Heap after GC invocations=88 (full 0):
 garbage-first heap   total 402432K, used 289524K [0x00000000c0000000, 0x0000000100000000)
  region size 1024K, 3 young (3072K), 3 survivors (3072K)
 Metaspace       used 192037K, committed 193088K, reserved 1245184K
  class space    used 24355K, committed 24896K, reserved 1048576K
}
Event: 122.022 GC heap before
{Heap before GC invocations=88 (full 0):
 garbage-first heap   total 402432K, used 351988K [0x00000000c0000000, 0x0000000100000000)
  region size 1024K, 64 young (65536K), 3 survivors (3072K)
 Metaspace       used 192060K, committed 193152K, reserved 1245184K
  class space    used 24357K, committed 24896K, reserved 1048576K
}
Event: 122.031 GC heap after
{Heap after GC invocations=89 (full 0):
 garbage-first heap   total 402432K, used 289701K [0x00000000c0000000, 0x0000000100000000)
  region size 1024K, 3 young (3072K), 3 survivors (3072K)
 Metaspace       used 192060K, committed 193152K, reserved 1245184K
  class space    used 24357K, committed 24896K, reserved 1048576K
}
Event: 122.743 GC heap before
{Heap before GC invocations=89 (full 0):
 garbage-first heap   total 402432K, used 353189K [0x00000000c0000000, 0x0000000100000000)
  region size 1024K, 65 young (66560K), 3 survivors (3072K)
 Metaspace       used 192190K, committed 193216K, reserved 1245184K
  class space    used 24376K, committed 24896K, reserved 1048576K
}
Event: 122.800 GC heap after
{Heap after GC invocations=90 (full 0):
 garbage-first heap   total 402432K, used 289476K [0x00000000c0000000, 0x0000000100000000)
  region size 1024K, 3 young (3072K), 3 survivors (3072K)
 Metaspace       used 192190K, committed 193216K, reserved 1245184K
  class space    used 24376K, committed 24896K, reserved 1048576K
}
Event: 123.532 GC heap before
{Heap before GC invocations=90 (full 0):
 garbage-first heap   total 402432K, used 352964K [0x00000000c0000000, 0x0000000100000000)
  region size 1024K, 65 young (66560K), 3 survivors (3072K)
 Metaspace       used 192211K, committed 193216K, reserved 1245184K
  class space    used 24378K, committed 24896K, reserved 1048576K
}
Event: 123.547 GC heap after
{Heap after GC invocations=91 (full 0):
 garbage-first heap   total 402432K, used 289453K [0x00000000c0000000, 0x0000000100000000)
  region size 1024K, 3 young (3072K), 3 survivors (3072K)
 Metaspace       used 192211K, committed 193216K, reserved 1245184K
  class space    used 24378K, committed 24896K, reserved 1048576K
}
Event: 124.323 GC heap before
{Heap before GC invocations=91 (full 0):
 garbage-first heap   total 402432K, used 352941K [0x00000000c0000000, 0x0000000100000000)
  region size 1024K, 65 young (66560K), 3 survivors (3072K)
 Metaspace       used 192272K, committed 193280K, reserved 1245184K
  class space    used 24384K, committed 24896K, reserved 1048576K
}
Event: 124.329 GC heap after
{Heap after GC invocations=92 (full 0):
 garbage-first heap   total 402432K, used 288209K [0x00000000c0000000, 0x0000000100000000)
  region size 1024K, 2 young (2048K), 2 survivors (2048K)
 Metaspace       used 192272K, committed 193280K, reserved 1245184K
  class space    used 24384K, committed 24896K, reserved 1048576K
}
Event: 124.621 GC heap before
{Heap before GC invocations=92 (full 0):
 garbage-first heap   total 402432K, used 351697K [0x00000000c0000000, 0x0000000100000000)
  region size 1024K, 65 young (66560K), 2 survivors (2048K)
 Metaspace       used 192298K, committed 193344K, reserved 1245184K
  class space    used 24387K, committed 24896K, reserved 1048576K
}
Event: 124.640 GC heap after
{Heap after GC invocations=93 (full 0):
 garbage-first heap   total 402432K, used 300473K [0x00000000c0000000, 0x0000000100000000)
  region size 1024K, 9 young (9216K), 9 survivors (9216K)
 Metaspace       used 192298K, committed 193344K, reserved 1245184K
  class space    used 24387K, committed 24896K, reserved 1048576K
}
Event: 124.940 GC heap before
{Heap before GC invocations=93 (full 0):
 garbage-first heap   total 402432K, used 346553K [0x00000000c0000000, 0x0000000100000000)
  region size 1024K, 54 young (55296K), 9 survivors (9216K)
 Metaspace       used 192304K, committed 193344K, reserved 1245184K
  class space    used 24387K, committed 24896K, reserved 1048576K
}
Event: 125.035 GC heap after
{Heap after GC invocations=94 (full 0):
 garbage-first heap   total 402432K, used 308599K [0x00000000c0000000, 0x0000000100000000)
  region size 1024K, 7 young (7168K), 7 survivors (7168K)
 Metaspace       used 192304K, committed 193344K, reserved 1245184K
  class space    used 24387K, committed 24896K, reserved 1048576K
}
Event: 125.231 GC heap before
{Heap before GC invocations=94 (full 0):
 garbage-first heap   total 402432K, used 345463K [0x00000000c0000000, 0x0000000100000000)
  region size 1024K, 43 young (44032K), 7 survivors (7168K)
 Metaspace       used 192306K, committed 193344K, reserved 1245184K
  class space    used 24387K, committed 24896K, reserved 1048576K
}
Event: 125.303 GC heap after
{Heap after GC invocations=95 (full 0):
 garbage-first heap   total 402432K, used 316852K [0x00000000c0000000, 0x0000000100000000)
  region size 1024K, 6 young (6144K), 6 survivors (6144K)
 Metaspace       used 192306K, committed 193344K, reserved 1245184K
  class space    used 24387K, committed 24896K, reserved 1048576K
}
Event: 125.415 GC heap before
{Heap before GC invocations=95 (full 0):
 garbage-first heap   total 402432K, used 346548K [0x00000000c0000000, 0x0000000100000000)
  region size 1024K, 35 young (35840K), 6 survivors (6144K)
 Metaspace       used 192306K, committed 193344K, reserved 1245184K
  class space    used 24387K, committed 24896K, reserved 1048576K
}

Dll operation events (14 events):
Event: 0.005 Loaded shared library /usr/lib/jvm/java-17-openjdk-amd64/lib/libjava.so
Event: 0.031 Loaded shared library /usr/lib/jvm/java-17-openjdk-amd64/lib/libjsvml.so
Event: 0.129 Loaded shared library /usr/lib/jvm/java-17-openjdk-amd64/lib/libzip.so
Event: 0.130 Loaded shared library /usr/lib/jvm/java-17-openjdk-amd64/lib/libinstrument.so
Event: 0.131 Loaded shared library /usr/lib/jvm/java-17-openjdk-amd64/lib/libnio.so
Event: 0.135 Loaded shared library /usr/lib/jvm/java-17-openjdk-amd64/lib/libzip.so
Event: 0.299 Loaded shared library /usr/lib/jvm/java-17-openjdk-amd64/lib/libjimage.so
Event: 0.338 Loaded shared library /usr/lib/jvm/java-17-openjdk-amd64/lib/libverify.so
Event: 0.608 Loaded shared library /usr/lib/jvm/java-17-openjdk-amd64/lib/libnet.so
Event: 0.609 Loaded shared library /root/.gradle/native/c067742578af261105cb4f569cf0c3c89f3d7b1fecec35dd04571415982c5e48/linux-amd64/libnative-platform.so
Event: 0.611 Loaded shared library /root/.gradle/native/38dada09dfb8b06ba9b0570ebf7e218e3eb74d4ef43ca46872605cf95ebc2f47/linux-amd64/libnative-platform-file-events.so
Event: 1.633 Loaded shared library /usr/lib/jvm/java-17-openjdk-amd64/lib/libmanagement.so
Event: 1.635 Loaded shared library /usr/lib/jvm/java-17-openjdk-amd64/lib/libmanagement_ext.so
Event: 1.850 Loaded shared library /usr/lib/jvm/java-17-openjdk-amd64/lib/libextnet.so

Deoptimization events (20 events):
Event: 123.337 Thread 0x00007f2cd22ab2e0 DEOPT PACKING pc=0x00007f2ce8ee86c3 sp=0x00007f2c852da970
Event: 123.337 Thread 0x00007f2cd22ab2e0 DEOPT UNPACKING pc=0x00007f2cecaa364f sp=0x00007f2c852d9e28 mode 0
Event: 123.809 Thread 0x00007f2cd22ab2e0 DEOPT PACKING pc=0x00007f2ce8ed5c47 sp=0x00007f2c852da3f0
Event: 123.809 Thread 0x00007f2cd22ab2e0 DEOPT UNPACKING pc=0x00007f2cecaa364f sp=0x00007f2c852d9c70 mode 0
Event: 123.938 Thread 0x00007f2cd22ab2e0 DEOPT PACKING pc=0x00007f2ce8ee86c3 sp=0x00007f2c852da060
Event: 123.938 Thread 0x00007f2cd22ab2e0 DEOPT UNPACKING pc=0x00007f2cecaa364f sp=0x00007f2c852d9518 mode 0
Event: 124.120 Thread 0x00007f2cd22ab2e0 Uncommon trap: trap_request=0xffffff45 fr.pc=0x00007f2cedc7d434 relative=0x0000000000000194
Event: 124.120 Thread 0x00007f2cd22ab2e0 Uncommon trap: reason=unstable_if action=reinterpret pc=0x00007f2cedc7d434 method=java.util.IdentityHashMap.maskNull(Ljava/lang/Object;)Ljava/lang/Object; @ 1 c2
Event: 124.120 Thread 0x00007f2cd22ab2e0 DEOPT PACKING pc=0x00007f2cedc7d434 sp=0x00007f2c852dc6a0
Event: 124.120 Thread 0x00007f2cd22ab2e0 DEOPT UNPACKING pc=0x00007f2cecaa2b19 sp=0x00007f2c852dc5e8 mode 2
Event: 124.135 Thread 0x00007f2cd22ab2e0 DEOPT PACKING pc=0x00007f2ce98f4440 sp=0x00007f2c852dc350
Event: 124.135 Thread 0x00007f2cd22ab2e0 DEOPT UNPACKING pc=0x00007f2cecaa364f sp=0x00007f2c852db810 mode 0
Event: 124.208 Thread 0x00007f2cd22ab2e0 DEOPT PACKING pc=0x00007f2ce98f4440 sp=0x00007f2c852db3a0
Event: 124.208 Thread 0x00007f2cd22ab2e0 DEOPT UNPACKING pc=0x00007f2cecaa364f sp=0x00007f2c852da860 mode 0
Event: 124.511 Thread 0x00007f2cd22ab2e0 Uncommon trap: trap_request=0xffffff45 fr.pc=0x00007f2cedc43e48 relative=0x0000000000000928
Event: 124.511 Thread 0x00007f2cd22ab2e0 Uncommon trap: reason=unstable_if action=reinterpret pc=0x00007f2cedc43e48 method=com.android.tools.r8.graph.A3.e()V @ 132 c2
Event: 124.511 Thread 0x00007f2cd22ab2e0 DEOPT PACKING pc=0x00007f2cedc43e48 sp=0x00007f2c852daf90
Event: 124.511 Thread 0x00007f2cd22ab2e0 DEOPT UNPACKING pc=0x00007f2cecaa2b19 sp=0x00007f2c852daf78 mode 2
Event: 124.513 Thread 0x00007f2cd22ab2e0 DEOPT PACKING pc=0x00007f2ce8ccf2e0 sp=0x00007f2c852dba50
Event: 124.513 Thread 0x00007f2cd22ab2e0 DEOPT UNPACKING pc=0x00007f2cecaa364f sp=0x00007f2c852db398 mode 0

Classes loaded (20 events):
Event: 98.916 Loading class java/util/HashMap$UnsafeHolder
Event: 98.917 Loading class java/util/HashMap$UnsafeHolder done
Event: 99.233 Loading class java/nio/file/FileTreeIterator
Event: 99.233 Loading class java/nio/file/FileTreeIterator done
Event: 99.800 Loading class java/lang/reflect/GenericSignatureFormatError
Event: 99.800 Loading class java/lang/reflect/GenericSignatureFormatError done
Event: 102.310 Loading class java/util/PriorityQueue
Event: 102.310 Loading class java/util/PriorityQueue done
Event: 102.400 Loading class java/util/SortedSet$1
Event: 102.400 Loading class java/util/SortedSet$1 done
Event: 102.407 Loading class java/util/IdentityHashMap$ValueIterator
Event: 102.407 Loading class java/util/IdentityHashMap$ValueIterator done
Event: 117.710 Loading class java/util/IdentityHashMap$EntrySet
Event: 117.711 Loading class java/util/IdentityHashMap$EntrySet done
Event: 118.810 Loading class java/nio/ShortBuffer
Event: 118.811 Loading class java/nio/ShortBuffer done
Event: 118.830 Loading class java/nio/ByteBufferAsShortBufferL
Event: 118.830 Loading class java/nio/ByteBufferAsShortBufferL done
Event: 118.843 Loading class java/util/zip/Adler32
Event: 118.843 Loading class java/util/zip/Adler32 done

Classes unloaded (0 events):
No events

Classes redefined (0 events):
No events

Internal exceptions (20 events):
Event: 120.435 Thread 0x0000556cc84dfcb0 Exception <a 'sun/nio/fs/UnixException'{0x00000000d6ceb4d8}> (0x00000000d6ceb4d8) 
thrown [./src/hotspot/share/prims/jni.cpp, line 516]
Event: 120.436 Thread 0x0000556cc84dfcb0 Exception <a 'sun/nio/fs/UnixException'{0x00000000d6cf2dc0}> (0x00000000d6cf2dc0) 
thrown [./src/hotspot/share/prims/jni.cpp, line 516]
Event: 120.436 Thread 0x0000556cc84dfcb0 Exception <a 'sun/nio/fs/UnixException'{0x00000000d6cf9a48}> (0x00000000d6cf9a48) 
thrown [./src/hotspot/share/prims/jni.cpp, line 516]
Event: 120.437 Thread 0x0000556cc84dfcb0 Exception <a 'sun/nio/fs/UnixException'{0x00000000d69c0b70}> (0x00000000d69c0b70) 
thrown [./src/hotspot/share/prims/jni.cpp, line 516]
Event: 120.437 Thread 0x0000556cc84dfcb0 Exception <a 'sun/nio/fs/UnixException'{0x00000000d69c6ec0}> (0x00000000d69c6ec0) 
thrown [./src/hotspot/share/prims/jni.cpp, line 516]
Event: 120.438 Thread 0x0000556cc84dfcb0 Exception <a 'sun/nio/fs/UnixException'{0x00000000d69cde60}> (0x00000000d69cde60) 
thrown [./src/hotspot/share/prims/jni.cpp, line 516]
Event: 120.438 Thread 0x0000556cc84dfcb0 Exception <a 'sun/nio/fs/UnixException'{0x00000000d69d50f0}> (0x00000000d69d50f0) 
thrown [./src/hotspot/share/prims/jni.cpp, line 516]
Event: 120.439 Thread 0x0000556cc84dfcb0 Exception <a 'sun/nio/fs/UnixException'{0x00000000d69dcb58}> (0x00000000d69dcb58) 
thrown [./src/hotspot/share/prims/jni.cpp, line 516]
Event: 120.439 Thread 0x0000556cc84dfcb0 Exception <a 'sun/nio/fs/UnixException'{0x00000000d69e2868}> (0x00000000d69e2868) 
thrown [./src/hotspot/share/prims/jni.cpp, line 516]
Event: 120.440 Thread 0x0000556cc84dfcb0 Exception <a 'sun/nio/fs/UnixException'{0x00000000d69ec638}> (0x00000000d69ec638) 
thrown [./src/hotspot/share/prims/jni.cpp, line 516]
Event: 120.440 Thread 0x0000556cc84dfcb0 Exception <a 'sun/nio/fs/UnixException'{0x00000000d69f30d8}> (0x00000000d69f30d8) 
thrown [./src/hotspot/share/prims/jni.cpp, line 516]
Event: 120.441 Thread 0x0000556cc84dfcb0 Exception <a 'sun/nio/fs/UnixException'{0x00000000d69f9418}> (0x00000000d69f9418) 
thrown [./src/hotspot/share/prims/jni.cpp, line 516]
Event: 120.441 Thread 0x0000556cc84dfcb0 Exception <a 'sun/nio/fs/UnixException'{0x00000000d69ff598}> (0x00000000d69ff598) 
thrown [./src/hotspot/share/prims/jni.cpp, line 516]
Event: 120.442 Thread 0x0000556cc84dfcb0 Exception <a 'sun/nio/fs/UnixException'{0x00000000d66c5a40}> (0x00000000d66c5a40) 
thrown [./src/hotspot/share/prims/jni.cpp, line 516]
Event: 120.442 Thread 0x0000556cc84dfcb0 Exception <a 'sun/nio/fs/UnixException'{0x00000000d66cd078}> (0x00000000d66cd078) 
thrown [./src/hotspot/share/prims/jni.cpp, line 516]
Event: 122.501 Thread 0x00007f2cd22ab2e0 Exception <a 'sun/nio/fs/UnixException'{0x00000000d66a03c0}> (0x00000000d66a03c0) 
thrown [./src/hotspot/share/prims/jni.cpp, line 516]
Event: 123.124 Thread 0x00007f2cd22ab2e0 Exception <a 'sun/nio/fs/UnixException'{0x00000000d6b5d0d8}> (0x00000000d6b5d0d8) 
thrown [./src/hotspot/share/prims/jni.cpp, line 516]
Event: 124.120 Thread 0x00007f2cd22ab2e0 Implicit null exception at 0x00007f2cedc7d2cc to 0x00007f2cedc7d420
Event: 124.223 Thread 0x00007f2cd22ab2e0 Exception <a 'sun/nio/fs/UnixException'{0x00000000d5016148}> (0x00000000d5016148) 
thrown [./src/hotspot/share/prims/jni.cpp, line 516]
Event: 124.404 Thread 0x00007f2cd22ab2e0 Exception <a 'sun/nio/fs/UnixException'{0x00000000d8368a90}> (0x00000000d8368a90) 
thrown [./src/hotspot/share/prims/jni.cpp, line 516]

VM Operations (20 events):
Event: 122.031 Executing VM operation: G1CollectForAllocation done
Event: 122.713 Executing VM operation: ICBufferFull
Event: 122.714 Executing VM operation: ICBufferFull done
Event: 122.743 Executing VM operation: G1CollectForAllocation
Event: 122.800 Executing VM operation: G1CollectForAllocation done
Event: 123.013 Executing VM operation: HandshakeAllThreads
Event: 123.014 Executing VM operation: HandshakeAllThreads done
Event: 123.532 Executing VM operation: G1CollectForAllocation
Event: 123.547 Executing VM operation: G1CollectForAllocation done
Event: 123.631 Executing VM operation: HandshakeAllThreads
Event: 123.631 Executing VM operation: HandshakeAllThreads done
Event: 124.323 Executing VM operation: G1CollectForAllocation
Event: 124.329 Executing VM operation: G1CollectForAllocation done
Event: 124.621 Executing VM operation: G1CollectForAllocation
Event: 124.640 Executing VM operation: G1CollectForAllocation done
Event: 124.940 Executing VM operation: G1CollectForAllocation
Event: 125.035 Executing VM operation: G1CollectForAllocation done
Event: 125.231 Executing VM operation: G1CollectForAllocation
Event: 125.303 Executing VM operation: G1CollectForAllocation done
Event: 125.415 Executing VM operation: G1CollectForAllocation

Memory protections (20 events):
Event: 6.406 Protecting memory [0x00007f2c859ef000,0x00007f2c859f3000] with protection modes 0
Event: 6.414 Protecting memory [0x00007f2c858ee000,0x00007f2c858f2000] with protection modes 0
Event: 7.105 Protecting memory [0x00007f2c857ed000,0x00007f2c857f1000] with protection modes 0
Event: 7.818 Protecting memory [0x00007f2c856ec000,0x00007f2c856f0000] with protection modes 0
Event: 9.001 Protecting memory [0x00007f2c855eb000,0x00007f2c855ef000] with protection modes 0
Event: 11.497 Protecting memory [0x00007f2c853e9000,0x00007f2c853ed000] with protection modes 0
Event: 13.818 Protecting memory [0x00007f2c852e8000,0x00007f2c852ec000] with protection modes 0
Event: 21.835 Protecting memory [0x00007f2c851e7000,0x00007f2c851eb000] with protection modes 0
Event: 21.922 Protecting memory [0x00007f2c850e6000,0x00007f2c850ea000] with protection modes 0
Event: 22.697 Protecting memory [0x00007f2c84fe5000,0x00007f2c84fe9000] with protection modes 0
Event: 23.518 Protecting memory [0x00007f2c84ee4000,0x00007f2c84ee8000] with protection modes 0
Event: 23.841 Protecting memory [0x00007f2c84de3000,0x00007f2c84de7000] with protection modes 0
Event: 23.931 Protecting memory [0x00007f2c84ce2000,0x00007f2c84ce6000] with protection modes 0
Event: 24.103 Protecting memory [0x00007f2c84be1000,0x00007f2c84be5000] with protection modes 0
Event: 24.308 Protecting memory [0x00007f2c84ae0000,0x00007f2c84ae4000] with protection modes 0
Event: 24.317 Protecting memory [0x00007f2c849df000,0x00007f2c849e3000] with protection modes 0
Event: 24.447 Protecting memory [0x00007f2c848de000,0x00007f2c848e2000] with protection modes 0
Event: 24.727 Protecting memory [0x00007f2c847dd000,0x00007f2c847e1000] with protection modes 0
Event: 35.223 Protecting memory [0x00007f2c846dc000,0x00007f2c846e0000] with protection modes 0
Event: 99.127 Protecting memory [0x00007f2c845db000,0x00007f2c845df000] with protection modes 0

Nmethod flushes (20 events):
Event: 123.239 Thread 0x00007f2cfc0ba200 flushing  nmethod 0x00007f2ce97a7b10
Event: 123.239 Thread 0x00007f2cfc0ba200 flushing  nmethod 0x00007f2ce97a9890
Event: 123.239 Thread 0x00007f2cfc0ba200 flushing  nmethod 0x00007f2ce97a9d10
Event: 123.239 Thread 0x00007f2cfc0ba200 flushing  nmethod 0x00007f2ce97aa590
Event: 123.239 Thread 0x00007f2cfc0ba200 flushing  nmethod 0x00007f2ce97ab410
Event: 123.239 Thread 0x00007f2cfc0ba200 flushing  nmethod 0x00007f2ce97ab810
Event: 123.239 Thread 0x00007f2cfc0ba200 flushing  nmethod 0x00007f2ce97abf10
Event: 123.239 Thread 0x00007f2cfc0ba200 flushing  nmethod 0x00007f2ce97ac310
Event: 123.239 Thread 0x00007f2cfc0ba200 flushing  nmethod 0x00007f2ce97acf10
Event: 123.239 Thread 0x00007f2cfc0ba200 flushing  nmethod 0x00007f2ce97adb90
Event: 123.239 Thread 0x00007f2cfc0ba200 flushing  nmethod 0x00007f2ce97adf90
Event: 123.239 Thread 0x00007f2cfc0ba200 flushing  nmethod 0x00007f2ce97ae310
Event: 123.239 Thread 0x00007f2cfc0ba200 flushing  nmethod 0x00007f2ce97af990
Event: 123.239 Thread 0x00007f2cfc0ba200 flushing  nmethod 0x00007f2ce97b0210
Event: 123.239 Thread 0x00007f2cfc0ba200 flushing  nmethod 0x00007f2ce97b0690
Event: 123.239 Thread 0x00007f2cfc0ba200 flushing  nmethod 0x00007f2ce97b0c90
Event: 123.239 Thread 0x00007f2cfc0ba200 flushing  nmethod 0x00007f2ce97b1090
Event: 123.239 Thread 0x00007f2cfc0ba200 flushing  nmethod 0x00007f2ce97b3610
Event: 123.239 Thread 0x00007f2cfc0ba200 flushing  nmethod 0x00007f2ce97b4290
Event: 123.239 Thread 0x00007f2cfc0ba200 flushing  nmethod 0x00007f2ce97b9210

Events (20 events):
Event: 6.414 Thread 0x00007f2c7c00d550 Thread added: 0x00007f2cd0ac5cc0
Event: 7.042 Thread 0x00007f2c7c00d550 Thread added: 0x00007f2cd0caf240
Event: 7.812 Thread 0x00007f2c7c00d550 Thread added: 0x00007f2cd0e47560
Event: 9.000 Thread 0x00007f2c7c00d550 Thread added: 0x00007f2cd0f3aa70
Event: 11.440 Thread 0x00007f2c7c00d550 Thread added: 0x00007f2cd1605350
Event: 13.809 Thread 0x00007f2c7c00d550 Thread added: 0x00007f2cd18cb100
Event: 21.835 Thread 0x00007f2c7c00d550 Thread added: 0x00007f2cd22ab2e0
Event: 21.915 Thread 0x00007f2cd22ab2e0 Thread added: 0x0000556cc843fe70
Event: 22.641 Thread 0x00007f2cd22ab2e0 Thread added: 0x0000556cc87265e0
Event: 23.509 Thread 0x00007f2cd22ab2e0 Thread added: 0x0000556cc8739fd0
Event: 23.841 Thread 0x00007f2cd22ab2e0 Thread added: 0x0000556cc873f500
Event: 23.922 Thread 0x00007f2cd22ab2e0 Thread added: 0x0000556cc8744f90
Event: 24.103 Thread 0x00007f2cd22ab2e0 Thread added: 0x0000556cc8742920
Event: 24.299 Thread 0x00007f2cd22ab2e0 Thread added: 0x0000556cc8753930
Event: 24.314 Thread 0x00007f2cd22ab2e0 Thread added: 0x0000556cc87569f0
Event: 24.441 Thread 0x00007f2cd22ab2e0 Thread added: 0x0000556cc8757ce0
Event: 24.721 Thread 0x00007f2cd22ab2e0 Thread added: 0x0000556cc8748e50
Event: 35.222 Thread 0x00007f2cd22ab2e0 Thread added: 0x0000556cc84dfcb0
Event: 99.126 Thread 0x00007f2cd22ab2e0 Thread added: 0x0000556cc87c72a0
Event: 122.509 Thread 0x0000556cc84dfcb0 Thread exited: 0x0000556cc84dfcb0


Dynamic libraries:
c0000000-d8700000 rw-p 00000000 00:00 0 
e0600000-ffe00000 ---p 00000000 00:00 0 
ffe00000-ffe75000 rw-p 00c7a000 00:25 13853                              /usr/lib/jvm/java-17-openjdk-amd64/lib/server/classes.jsa
ffe75000-fff00000 rw-p 00000000 00:00 0 
fff00000-fff78000 rw-p 00c02000 00:25 13853                              /usr/lib/jvm/java-17-openjdk-amd64/lib/server/classes.jsa
fff78000-100000000 rw-p 00000000 00:00 0 
556cc66cf000-556cc66d0000 r--p 00000000 00:25 13495                      /usr/lib/jvm/java-17-openjdk-amd64/bin/java
556cc66d0000-556cc66d1000 r-xp 00001000 00:25 13495                      /usr/lib/jvm/java-17-openjdk-amd64/bin/java
556cc66d1000-556cc66d2000 r--p 00002000 00:25 13495                      /usr/lib/jvm/java-17-openjdk-amd64/bin/java
556cc66d2000-556cc66d3000 r--p 00002000 00:25 13495                      /usr/lib/jvm/java-17-openjdk-amd64/bin/java
556cc66d3000-556cc66d4000 rw-p 00003000 00:25 13495                      /usr/lib/jvm/java-17-openjdk-amd64/bin/java
556cc83fb000-556cc8923000 rw-p 00000000 00:00 0                          [heap]
7f2c50000000-7f2c517e0000 rw-p 00000000 00:00 0 
7f2c517e0000-7f2c51800000 rw-p 00000000 00:00 0 
7f2c51800000-7f2c51f80000 rw-p 00000000 00:00 0 
7f2c51f80000-7f2c51fb0000 rw-p 00000000 00:00 0 
7f2c51fb0000-7f2c52000000 ---p 00000000 00:00 0 
7f2c52000000-7f2c524d0000 rw-p 00000000 00:00 0 
7f2c524d0000-7f2c54000000 ---p 00000000 00:00 0 
7f2c54511000-7f2c5c000000 r--s 00000000 00:25 13844                      /usr/lib/jvm/java-17-openjdk-amd64/lib/modules
7f2c5c000000-7f2c5c100000 rw-p 00000000 00:00 0 
7f2c5c100000-7f2c5c200000 rw-p 00000000 00:00 0 
7f2c5c200000-7f2c5c500000 rw-p 00000000 00:00 0 
7f2c5c500000-7f2c5c600000 rw-p 00000000 00:00 0 
7f2c5c600000-7f2c5cbe0000 rw-p 00000000 00:00 0 
7f2c5cbe0000-7f2c5cd00000 rw-p 00000000 00:00 0 
7f2c5cd00000-7f2c5cf00000 rw-p 00000000 00:00 0 
7f2c5cf00000-7f2c5cf80000 rw-p 00000000 00:00 0 
7f2c5cf80000-7f2c5d000000 rw-p 00000000 00:00 0 
7f2c5d000000-7f2c5d320000 rw-p 00000000 00:00 0 
7f2c5d320000-7f2c5d500000 rw-p 00000000 00:00 0 
7f2c5d500000-7f2c5d600000 rw-p 00000000 00:00 0 
7f2c5d600000-7f2c5e460000 rw-p 00000000 00:00 0 
7f2c5e460000-7f2c5ed80000 rw-p 00000000 00:00 0 
7f2c5ed80000-7f2c5ee00000 rw-p 00000000 00:00 0 
7f2c5ee00000-7f2c60000000 rw-p 00000000 00:00 0 
7f2c60000000-7f2c6180d000 rw-p 00000000 00:00 0 
7f2c6180d000-7f2c64000000 ---p 00000000 00:00 0 
7f2c64000000-7f2c640cf000 rw-p 00000000 00:00 0 
7f2c640cf000-7f2c68000000 ---p 00000000 00:00 0 
7f2c68000000-7f2c68021000 rw-p 00000000 00:00 0 
7f2c68021000-7f2c6c000000 ---p 00000000 00:00 0 
7f2c6c000000-7f2c6f68b000 rw-p 00000000 00:00 0 
7f2c6f68b000-7f2c70000000 ---p 00000000 00:00 0 
7f2c70000000-7f2c70021000 rw-p 00000000 00:00 0 
7f2c70021000-7f2c74000000 ---p 00000000 00:00 0 
7f2c74000000-7f2c74054000 rw-p 00000000 00:00 0 
7f2c74054000-7f2c78000000 ---p 00000000 00:00 0 
7f2c78000000-7f2c78242000 rw-p 00000000 00:00 0 
7f2c78242000-7f2c7c000000 ---p 00000000 00:00 0 
7f2c7c000000-7f2c7c034000 rw-p 00000000 00:00 0 
7f2c7c034000-7f2c80000000 ---p 00000000 00:00 0 
7f2c80000000-7f2c804f1000 rw-p 00000000 00:00 0 
7f2c804f1000-7f2c84000000 ---p 00000000 00:00 0 
7f2c845da000-7f2c845db000 ---p 00000000 00:00 0 
7f2c845db000-7f2c845df000 ---p 00000000 00:00 0 
7f2c845df000-7f2c846db000 rw-p 00000000 00:00 0 
7f2c846db000-7f2c846dc000 ---p 00000000 00:00 0 
7f2c846dc000-7f2c846e0000 ---p 00000000 00:00 0 
7f2c846e0000-7f2c847dc000 rw-p 00000000 00:00 0 
7f2c847dc000-7f2c847dd000 ---p 00000000 00:00 0 
7f2c847dd000-7f2c847e1000 ---p 00000000 00:00 0 
7f2c847e1000-7f2c848dd000 rw-p 00000000 00:00 0 
7f2c848dd000-7f2c848de000 ---p 00000000 00:00 0 
7f2c848de000-7f2c848e2000 ---p 00000000 00:00 0 
7f2c848e2000-7f2c849de000 rw-p 00000000 00:00 0 
7f2c849de000-7f2c849df000 ---p 00000000 00:00 0 
7f2c849df000-7f2c849e3000 ---p 00000000 00:00 0 
7f2c849e3000-7f2c84adf000 rw-p 00000000 00:00 0 
7f2c84adf000-7f2c84ae0000 ---p 00000000 00:00 0 
7f2c84ae0000-7f2c84ae4000 ---p 00000000 00:00 0 
7f2c84ae4000-7f2c84be0000 rw-p 00000000 00:00 0 
7f2c84be0000-7f2c84be1000 ---p 00000000 00:00 0 
7f2c84be1000-7f2c84be5000 ---p 00000000 00:00 0 
7f2c84be5000-7f2c84ce1000 rw-p 00000000 00:00 0 
7f2c84ce1000-7f2c84ce2000 ---p 00000000 00:00 0 
7f2c84ce2000-7f2c84ce6000 ---p 00000000 00:00 0 
7f2c84ce6000-7f2c84de2000 rw-p 00000000 00:00 0 
7f2c84de2000-7f2c84de3000 ---p 00000000 00:00 0 
7f2c84de3000-7f2c84de7000 ---p 00000000 00:00 0 
7f2c84de7000-7f2c84ee3000 rw-p 00000000 00:00 0 
7f2c84ee3000-7f2c84ee4000 ---p 00000000 00:00 0 
7f2c84ee4000-7f2c84ee8000 ---p 00000000 00:00 0 
7f2c84ee8000-7f2c84fe4000 rw-p 00000000 00:00 0 
7f2c84fe4000-7f2c84fe5000 ---p 00000000 00:00 0 
7f2c84fe5000-7f2c84fe9000 ---p 00000000 00:00 0 
7f2c84fe9000-7f2c850e5000 rw-p 00000000 00:00 0 
7f2c850e5000-7f2c850e6000 ---p 00000000 00:00 0 
7f2c850e6000-7f2c850ea000 ---p 00000000 00:00 0 
7f2c850ea000-7f2c851e6000 rw-p 00000000 00:00 0 
7f2c851e6000-7f2c851e7000 ---p 00000000 00:00 0 
7f2c851e7000-7f2c851eb000 ---p 00000000 00:00 0 
7f2c851eb000-7f2c852e7000 rw-p 00000000 00:00 0 
7f2c852e7000-7f2c852e8000 ---p 00000000 00:00 0 
7f2c852e8000-7f2c852ec000 ---p 00000000 00:00 0 
7f2c852ec000-7f2c853e8000 rw-p 00000000 00:00 0 
7f2c853e8000-7f2c853e9000 ---p 00000000 00:00 0 
7f2c853e9000-7f2c853ed000 ---p 00000000 00:00 0 
7f2c853ed000-7f2c854e9000 rw-p 00000000 00:00 0 
7f2c854e9000-7f2c854ea000 ---p 00000000 00:00 0 
7f2c854ea000-7f2c855ea000 rw-p 00000000 00:00 0 
7f2c855ea000-7f2c855eb000 ---p 00000000 00:00 0 
7f2c855eb000-7f2c855ef000 ---p 00000000 00:00 0 
7f2c855ef000-7f2c856eb000 rw-p 00000000 00:00 0 
7f2c856eb000-7f2c856ec000 ---p 00000000 00:00 0 
7f2c856ec000-7f2c856f0000 ---p 00000000 00:00 0 
7f2c856f0000-7f2c857ec000 rw-p 00000000 00:00 0 
7f2c857ec000-7f2c857ed000 ---p 00000000 00:00 0 
7f2c857ed000-7f2c857f1000 ---p 00000000 00:00 0 
7f2c857f1000-7f2c858ed000 rw-p 00000000 00:00 0 
7f2c858ed000-7f2c858ee000 ---p 00000000 00:00 0 
7f2c858ee000-7f2c858f2000 ---p 00000000 00:00 0 
7f2c858f2000-7f2c859ee000 rw-p 00000000 00:00 0 
7f2c859ee000-7f2c859ef000 ---p 00000000 00:00 0 
7f2c859ef000-7f2c859f3000 ---p 00000000 00:00 0 
7f2c859f3000-7f2c85aef000 rw-p 00000000 00:00 0 
7f2c85aef000-7f2c85af0000 ---p 00000000 00:00 0 
7f2c85af0000-7f2c85af4000 ---p 00000000 00:00 0 
7f2c85af4000-7f2c85bf0000 rw-p 00000000 00:00 0 
7f2c85bf0000-7f2c85bf1000 ---p 00000000 00:00 0 
7f2c85bf1000-7f2c85bf5000 ---p 00000000 00:00 0 
7f2c85bf5000-7f2c85cf1000 rw-p 00000000 00:00 0 
7f2c85cf1000-7f2c85cf2000 ---p 00000000 00:00 0 
7f2c85cf2000-7f2c85cf6000 ---p 00000000 00:00 0 
7f2c85cf6000-7f2c85df2000 rw-p 00000000 00:00 0 
7f2c85df2000-7f2c85df3000 ---p 00000000 00:00 0 
7f2c85df3000-7f2c85df7000 ---p 00000000 00:00 0 
7f2c85df7000-7f2c85ef3000 rw-p 00000000 00:00 0 
7f2c85ef3000-7f2c85ef4000 ---p 00000000 00:00 0 
7f2c85ef4000-7f2c85ef8000 ---p 00000000 00:00 0 
7f2c85ef8000-7f2c85ff4000 rw-p 00000000 00:00 0 
7f2c85ff4000-7f2c85ff5000 ---p 00000000 00:00 0 
7f2c85ff5000-7f2c85ff9000 ---p 00000000 00:00 0 
7f2c85ff9000-7f2c860f5000 rw-p 00000000 00:00 0 
7f2c860f5000-7f2c860f6000 ---p 00000000 00:00 0 
7f2c860f6000-7f2c860fa000 ---p 00000000 00:00 0 
7f2c860fa000-7f2c861f6000 rw-p 00000000 00:00 0 
7f2c861f6000-7f2c861f7000 ---p 00000000 00:00 0 
7f2c861f7000-7f2c861fb000 ---p 00000000 00:00 0 
7f2c861fb000-7f2c862f7000 rw-p 00000000 00:00 0 
7f2c862f7000-7f2c862f8000 ---p 00000000 00:00 0 
7f2c862f8000-7f2c862fc000 ---p 00000000 00:00 0 
7f2c862fc000-7f2c863f8000 rw-p 00000000 00:00 0 
7f2c863f8000-7f2c863f9000 ---p 00000000 00:00 0 
7f2c863f9000-7f2c863fd000 ---p 00000000 00:00 0 
7f2c863fd000-7f2c864f9000 rw-p 00000000 00:00 0 
7f2c864f9000-7f2c864fa000 ---p 00000000 00:00 0 
7f2c864fa000-7f2c864fe000 ---p 00000000 00:00 0 
7f2c864fe000-7f2c865fa000 rw-p 00000000 00:00 0 
7f2c865fa000-7f2c865fb000 ---p 00000000 00:00 0 
7f2c865fb000-7f2c865ff000 ---p 00000000 00:00 0 
7f2c865ff000-7f2c866fb000 rw-p 00000000 00:00 0 
7f2c866fb000-7f2c866fc000 ---p 00000000 00:00 0 
7f2c866fc000-7f2c86700000 ---p 00000000 00:00 0 
7f2c86700000-7f2c867fc000 rw-p 00000000 00:00 0 
7f2c867fc000-7f2c867fd000 ---p 00000000 00:00 0 
7f2c867fd000-7f2c86801000 ---p 00000000 00:00 0 
7f2c86801000-7f2c868fd000 rw-p 00000000 00:00 0 
7f2c868fd000-7f2c868fe000 ---p 00000000 00:00 0 
7f2c868fe000-7f2c86902000 ---p 00000000 00:00 0 
7f2c86902000-7f2c869fe000 rw-p 00000000 00:00 0 
7f2c869fe000-7f2c869ff000 ---p 00000000 00:00 0 
7f2c869ff000-7f2c86a03000 ---p 00000000 00:00 0 
7f2c86a03000-7f2c86aff000 rw-p 00000000 00:00 0 
7f2c86aff000-7f2c86b00000 ---p 00000000 00:00 0 
7f2c86b00000-7f2c86b04000 ---p 00000000 00:00 0 
7f2c86b04000-7f2c86c00000 rw-p 00000000 00:00 0 
7f2c86c00000-7f2c86c53000 r-xp 00000000 fe:00 396867                     /root/.gradle/native/38dada09dfb8b06ba9b0570ebf7e218e3eb74d4ef43ca46872605cf95ebc2f47/linux-amd64/libnative-platform-file-events.so
7f2c86c53000-7f2c86e52000 ---p 00053000 fe:00 396867                     /root/.gradle/native/38dada09dfb8b06ba9b0570ebf7e218e3eb74d4ef43ca46872605cf95ebc2f47/linux-amd64/libnative-platform-file-events.so
7f2c86e52000-7f2c86e53000 r--p 00052000 fe:00 396867                     /root/.gradle/native/38dada09dfb8b06ba9b0570ebf7e218e3eb74d4ef43ca46872605cf95ebc2f47/linux-amd64/libnative-platform-file-events.so
7f2c86e53000-7f2c86e55000 rw-p 00053000 fe:00 396867                     /root/.gradle/native/38dada09dfb8b06ba9b0570ebf7e218e3eb74d4ef43ca46872605cf95ebc2f47/linux-amd64/libnative-platform-file-events.so
7f2c86eff000-7f2c86f00000 ---p 00000000 00:00 0 
7f2c86f00000-7f2c86f04000 ---p 00000000 00:00 0 
7f2c86f04000-7f2c87400000 rw-p 00000000 00:00 0 
7f2c87400000-7f2c87900000 rw-p 00000000 00:00 0 
7f2c87900000-7f2c87a00000 rw-p 00000000 00:00 0 
7f2c87a00000-7f2c88580000 rw-p 00000000 00:00 0 
7f2c88580000-7f2c88600000 rw-p 00000000 00:00 0 
7f2c88600000-7f2c886e0000 rw-p 00000000 00:00 0 
7f2c886e0000-7f2c88700000 rw-p 00000000 00:00 0 
7f2c88700000-7f2c88900000 rw-p 00000000 00:00 0 
7f2c88900000-7f2c88a00000 rw-p 00000000 00:00 0 
7f2c88a00000-7f2c89700000 rw-p 00000000 00:00 0 
7f2c89700000-7f2c89800000 rw-p 00000000 00:00 0 
7f2c89800000-7f2c89b00000 rw-p 00000000 00:00 0 
7f2c89b00000-7f2c89f00000 rw-p 00000000 00:00 0 
7f2c89f00000-7f2c8a000000 rw-p 00000000 00:00 0 
7f2c8a000000-7f2c8b000000 rw-p 00000000 00:00 0 
7f2c8b000000-7f2c8b455000 rw-p 00001000 00:25 13853                      /usr/lib/jvm/java-17-openjdk-amd64/lib/server/classes.jsa
7f2c8b455000-7f2c8bbca000 rw-p 00456000 00:25 13853                      /usr/lib/jvm/java-17-openjdk-amd64/lib/server/classes.jsa
7f2c8bbca000-7f2c8c000000 ---p 00000000 00:00 0 
7f2c8c000000-7f2c8c040000 rw-p 00000000 00:00 0 
7f2c8c040000-7f2c8c080000 rw-p 00000000 00:00 0 
7f2c8c080000-7f2c8c140000 rw-p 00000000 00:00 0 
7f2c8c140000-7f2c8c180000 rw-p 00000000 00:00 0 
7f2c8c180000-7f2c8c400000 rw-p 00000000 00:00 0 
7f2c8c400000-7f2c8c440000 rw-p 00000000 00:00 0 
7f2c8c440000-7f2c8c480000 rw-p 00000000 00:00 0 
7f2c8c480000-7f2c8c740000 rw-p 00000000 00:00 0 
7f2c8c740000-7f2c8c780000 rw-p 00000000 00:00 0 
7f2c8c780000-7f2c8cb00000 rw-p 00000000 00:00 0 
7f2c8cb00000-7f2c8ccc0000 rw-p 00000000 00:00 0 
7f2c8ccc0000-7f2c8cd40000 rw-p 00000000 00:00 0 
7f2c8cd40000-7f2c8cd70000 rw-p 00000000 00:00 0 
7f2c8cd70000-7f2c8cd80000 ---p 00000000 00:00 0 
7f2c8cd80000-7f2c8d860000 rw-p 00000000 00:00 0 
7f2c8d860000-7f2ccc000000 ---p 00000000 00:00 0 
7f2ccc000000-7f2ccdbf1000 rw-p 00000000 00:00 0 
7f2ccdbf1000-7f2cd0000000 ---p 00000000 00:00 0 
7f2cd0000000-7f2cd22b3000 rw-p 00000000 00:00 0 
7f2cd22b3000-7f2cd4000000 ---p 00000000 00:00 0 
7f2cd4000000-7f2cd4021000 rw-p 00000000 00:00 0 
7f2cd4021000-7f2cd8000000 ---p 00000000 00:00 0 
7f2cd8000000-7f2cd8052000 rw-p 00000000 00:00 0 
7f2cd8052000-7f2cdc000000 ---p 00000000 00:00 0 
7f2cdc000000-7f2cdc06f000 rw-p 00000000 00:00 0 
7f2cdc06f000-7f2ce0000000 ---p 00000000 00:00 0 
7f2ce00ff000-7f2ce0100000 ---p 00000000 00:00 0 
7f2ce0100000-7f2ce0104000 ---p 00000000 00:00 0 
7f2ce0104000-7f2ce0200000 rw-p 00000000 00:00 0 
7f2ce0200000-7f2ce0205000 r-xp 00000000 fe:00 396850                     /root/.gradle/native/c067742578af261105cb4f569cf0c3c89f3d7b1fecec35dd04571415982c5e48/linux-amd64/libnative-platform.so
7f2ce0205000-7f2ce0405000 ---p 00005000 fe:00 396850                     /root/.gradle/native/c067742578af261105cb4f569cf0c3c89f3d7b1fecec35dd04571415982c5e48/linux-amd64/libnative-platform.so
7f2ce0405000-7f2ce0406000 r--p 00005000 fe:00 396850                     /root/.gradle/native/c067742578af261105cb4f569cf0c3c89f3d7b1fecec35dd04571415982c5e48/linux-amd64/libnative-platform.so
7f2ce0406000-7f2ce0407000 rw-p 00006000 fe:00 396850                     /root/.gradle/native/c067742578af261105cb4f569cf0c3c89f3d7b1fecec35dd04571415982c5e48/linux-amd64/libnative-platform.so
7f2ce04ff000-7f2ce0500000 ---p 00000000 00:00 0 
7f2ce0500000-7f2ce0504000 ---p 00000000 00:00 0 
7f2ce0504000-7f2ce0600000 rw-p 00000000 00:00 0 
7f2ce0600000-7f2ce0601000 ---p 00000000 00:00 0 
7f2ce0601000-7f2ce0701000 rw-p 00000000 00:00 0 
7f2ce0701000-7f2ce0702000 ---p 00000000 00:00 0 
7f2ce0702000-7f2ce0802000 rw-p 00000000 00:00 0 
7f2ce0802000-7f2ce0803000 ---p 00000000 00:00 0 
7f2ce0803000-7f2ce0807000 ---p 00000000 00:00 0 
7f2ce0807000-7f2ce0903000 rw-p 00000000 00:00 0 
7f2ce0903000-7f2ce0904000 ---p 00000000 00:00 0 
7f2ce0904000-7f2ce0908000 ---p 00000000 00:00 0 
7f2ce0908000-7f2ce0a04000 rw-p 00000000 00:00 0 
7f2ce0a04000-7f2ce0a05000 ---p 00000000 00:00 0 
7f2ce0a05000-7f2ce0a09000 ---p 00000000 00:00 0 
7f2ce0a09000-7f2ce0b05000 rw-p 00000000 00:00 0 
7f2ce0b05000-7f2ce0b06000 ---p 00000000 00:00 0 
7f2ce0b06000-7f2ce0b0a000 ---p 00000000 00:00 0 
7f2ce0b0a000-7f2ce0c06000 rw-p 00000000 00:00 0 
7f2ce0c06000-7f2ce0c07000 ---p 00000000 00:00 0 
7f2ce0c07000-7f2ce0c0b000 ---p 00000000 00:00 0 
7f2ce0c0b000-7f2ce0d07000 rw-p 00000000 00:00 0 
7f2ce0d07000-7f2ce0d08000 ---p 00000000 00:00 0 
7f2ce0d08000-7f2ce0d0c000 ---p 00000000 00:00 0 
7f2ce0d0c000-7f2ce0e08000 rw-p 00000000 00:00 0 
7f2ce0e08000-7f2ce0e09000 ---p 00000000 00:00 0 
7f2ce0e09000-7f2ce0e0d000 ---p 00000000 00:00 0 
7f2ce0e0d000-7f2ce0f09000 rw-p 00000000 00:00 0 
7f2ce0f09000-7f2ce0f0a000 ---p 00000000 00:00 0 
7f2ce0f0a000-7f2ce0f0e000 ---p 00000000 00:00 0 
7f2ce0f0e000-7f2ce100a000 rw-p 00000000 00:00 0 
7f2ce100a000-7f2ce1061000 r--p 00000000 00:25 13893                      /usr/lib/locale/C.utf8/LC_CTYPE
7f2ce1061000-7f2ce1062000 ---p 00000000 00:00 0 
7f2ce1062000-7f2ce1066000 ---p 00000000 00:00 0 
7f2ce1066000-7f2ce1162000 rw-p 00000000 00:00 0 
7f2ce1162000-7f2ce1163000 ---p 00000000 00:00 0 
7f2ce1163000-7f2ce1167000 ---p 00000000 00:00 0 
7f2ce1167000-7f2ce1263000 rw-p 00000000 00:00 0 
7f2ce1263000-7f2ce1264000 ---p 00000000 00:00 0 
7f2ce1264000-7f2ce1364000 rw-p 00000000 00:00 0 
7f2ce1364000-7f2ce1369000 r--p 00000000 00:25 13828                      /usr/lib/jvm/java-17-openjdk-amd64/lib/libjsvml.so
7f2ce1369000-7f2ce13aa000 r-xp 00005000 00:25 13828                      /usr/lib/jvm/java-17-openjdk-amd64/lib/libjsvml.so
7f2ce13aa000-7f2ce1433000 r--p 00046000 00:25 13828                      /usr/lib/jvm/java-17-openjdk-amd64/lib/libjsvml.so
7f2ce1433000-7f2ce1434000 r--p 000ce000 00:25 13828                      /usr/lib/jvm/java-17-openjdk-amd64/lib/libjsvml.so
7f2ce1434000-7f2ce1435000 rw-p 000cf000 00:25 13828                      /usr/lib/jvm/java-17-openjdk-amd64/lib/libjsvml.so
7f2ce1435000-7f2ce3b2d000 rw-p 00000000 00:00 0 
7f2ce3b2d000-7f2ce4509000 ---p 00000000 00:00 0 
7f2ce4509000-7f2ce4b2d000 rw-p 00000000 00:00 0 
7f2ce4b2d000-7f2ce5509000 ---p 00000000 00:00 0 
7f2ce5509000-7f2ce5511000 rw-p 00000000 00:00 0 
7f2ce5511000-7f2ce99d1000 rwxp 00000000 00:00 0 
7f2ce99d1000-7f2ceca49000 ---p 00000000 00:00 0 
7f2ceca49000-7f2ceccb9000 rwxp 00000000 00:00 0 
7f2ceccb9000-7f2cecfd8000 ---p 00000000 00:00 0 
7f2cecfd8000-7f2cede28000 rwxp 00000000 00:00 0 
7f2cede28000-7f2cf4511000 ---p 00000000 00:00 0 
7f2cf4511000-7f2cfc000000 r--s 00000000 00:25 13844                      /usr/lib/jvm/java-17-openjdk-amd64/lib/modules
7f2cfc000000-7f2cfd192000 rw-p 00000000 00:00 0 
7f2cfd192000-7f2d00000000 ---p 00000000 00:00 0 
7f2d0000f000-7f2d00010000 r--p 00000000 00:25 13813                      /usr/lib/jvm/java-17-openjdk-amd64/lib/libextnet.so
7f2d00010000-7f2d00011000 r-xp 00001000 00:25 13813                      /usr/lib/jvm/java-17-openjdk-amd64/lib/libextnet.so
7f2d00011000-7f2d00012000 r--p 00002000 00:25 13813                      /usr/lib/jvm/java-17-openjdk-amd64/lib/libextnet.so
7f2d00012000-7f2d00013000 r--p 00002000 00:25 13813                      /usr/lib/jvm/java-17-openjdk-amd64/lib/libextnet.so
7f2d00013000-7f2d00014000 rw-p 00003000 00:25 13813                      /usr/lib/jvm/java-17-openjdk-amd64/lib/libextnet.so
7f2d00014000-7f2d00016000 r--p 00000000 00:25 13832                      /usr/lib/jvm/java-17-openjdk-amd64/lib/libmanagement_ext.so
7f2d00016000-7f2d00019000 r-xp 00002000 00:25 13832                      /usr/lib/jvm/java-17-openjdk-amd64/lib/libmanagement_ext.so
7f2d00019000-7f2d0001a000 r--p 00005000 00:25 13832                      /usr/lib/jvm/java-17-openjdk-amd64/lib/libmanagement_ext.so
7f2d0001a000-7f2d0001b000 r--p 00006000 00:25 13832                      /usr/lib/jvm/java-17-openjdk-amd64/lib/libmanagement_ext.so
7f2d0001b000-7f2d0001c000 rw-p 00007000 00:25 13832                      /usr/lib/jvm/java-17-openjdk-amd64/lib/libmanagement_ext.so
7f2d0001c000-7f2d0001d000 r--p 00000000 00:25 18162                      /usr/lib/x86_64-linux-gnu/libpthread.so.0
7f2d0001d000-7f2d0001e000 r-xp 00001000 00:25 18162                      /usr/lib/x86_64-linux-gnu/libpthread.so.0
7f2d0001e000-7f2d0001f000 r--p 00002000 00:25 18162                      /usr/lib/x86_64-linux-gnu/libpthread.so.0
7f2d0001f000-7f2d00020000 r--p 00002000 00:25 18162                      /usr/lib/x86_64-linux-gnu/libpthread.so.0
7f2d00020000-7f2d00021000 rw-p 00003000 00:25 18162                      /usr/lib/x86_64-linux-gnu/libpthread.so.0
7f2d00021000-7f2d00025000 r--p 00000000 00:25 13842                      /usr/lib/jvm/java-17-openjdk-amd64/lib/libverify.so
7f2d00025000-7f2d0002c000 r-xp 00004000 00:25 13842                      /usr/lib/jvm/java-17-openjdk-amd64/lib/libverify.so
7f2d0002c000-7f2d0002e000 r--p 0000b000 00:25 13842                      /usr/lib/jvm/java-17-openjdk-amd64/lib/libverify.so
7f2d0002e000-7f2d00030000 r--p 0000c000 00:25 13842                      /usr/lib/jvm/java-17-openjdk-amd64/lib/libverify.so
7f2d00030000-7f2d00031000 rw-p 0000e000 00:25 13842                      /usr/lib/jvm/java-17-openjdk-amd64/lib/libverify.so
7f2d00031000-7f2d00035000 r--p 00000000 00:25 13834                      /usr/lib/jvm/java-17-openjdk-amd64/lib/libnet.so
7f2d00035000-7f2d00043000 r-xp 00004000 00:25 13834                      /usr/lib/jvm/java-17-openjdk-amd64/lib/libnet.so
7f2d00043000-7f2d00047000 r--p 00012000 00:25 13834                      /usr/lib/jvm/java-17-openjdk-amd64/lib/libnet.so
7f2d00047000-7f2d00048000 r--p 00015000 00:25 13834                      /usr/lib/jvm/java-17-openjdk-amd64/lib/libnet.so
7f2d00048000-7f2d00049000 rw-p 00016000 00:25 13834                      /usr/lib/jvm/java-17-openjdk-amd64/lib/libnet.so
7f2d00049000-7f2d0008a000 rw-p 00000000 00:00 0 
7f2d0008d000-7f2d0008f000 r--p 00000000 00:25 13830                      /usr/lib/jvm/java-17-openjdk-amd64/lib/libmanagement.so
7f2d0008f000-7f2d00090000 r-xp 00002000 00:25 13830                      /usr/lib/jvm/java-17-openjdk-amd64/lib/libmanagement.so
7f2d00090000-7f2d00091000 r--p 00003000 00:25 13830                      /usr/lib/jvm/java-17-openjdk-amd64/lib/libmanagement.so
7f2d00091000-7f2d00092000 r--p 00003000 00:25 13830                      /usr/lib/jvm/java-17-openjdk-amd64/lib/libmanagement.so
7f2d00092000-7f2d00093000 rw-p 00004000 00:25 13830                      /usr/lib/jvm/java-17-openjdk-amd64/lib/libmanagement.so
7f2d00093000-7f2d0009a000 r--p 00000000 00:25 13835                      /usr/lib/jvm/java-17-openjdk-amd64/lib/libnio.so
7f2d0009a000-7f2d000a3000 r-xp 00007000 00:25 13835                      /usr/lib/jvm/java-17-openjdk-amd64/lib/libnio.so
7f2d000a3000-7f2d000a7000 r--p 00010000 00:25 13835                      /usr/lib/jvm/java-17-openjdk-amd64/lib/libnio.so
7f2d000a7000-7f2d000a8000 r--p 00014000 00:25 13835                      /usr/lib/jvm/java-17-openjdk-amd64/lib/libnio.so
7f2d000a8000-7f2d000a9000 rw-p 00015000 00:25 13835                      /usr/lib/jvm/java-17-openjdk-amd64/lib/libnio.so
7f2d000a9000-7f2d000ab000 r--p 00000000 00:25 13843                      /usr/lib/jvm/java-17-openjdk-amd64/lib/libzip.so
7f2d000ab000-7f2d000af000 r-xp 00002000 00:25 13843                      /usr/lib/jvm/java-17-openjdk-amd64/lib/libzip.so
7f2d000af000-7f2d000b1000 r--p 00006000 00:25 13843                      /usr/lib/jvm/java-17-openjdk-amd64/lib/libzip.so
7f2d000b1000-7f2d000b2000 r--p 00007000 00:25 13843                      /usr/lib/jvm/java-17-openjdk-amd64/lib/libzip.so
7f2d000b2000-7f2d000b3000 rw-p 00008000 00:25 13843                      /usr/lib/jvm/java-17-openjdk-amd64/lib/libzip.so
7f2d000b3000-7f2d000b4000 r--p 00000000 00:25 13899                      /usr/lib/locale/C.utf8/LC_NUMERIC
7f2d000b4000-7f2d000b5000 r--p 00000000 00:25 13902                      /usr/lib/locale/C.utf8/LC_TIME
7f2d000b5000-7f2d000b6000 r--p 00000000 00:25 13892                      /usr/lib/locale/C.utf8/LC_COLLATE
7f2d000b6000-7f2d000b7000 r--p 00000000 00:25 13897                      /usr/lib/locale/C.utf8/LC_MONETARY
7f2d000b7000-7f2d000b8000 r--p 00000000 00:25 13896                      /usr/lib/locale/C.utf8/LC_MESSAGES/SYS_LC_MESSAGES
7f2d000b8000-7f2d000b9000 r--p 00000000 00:25 13900                      /usr/lib/locale/C.utf8/LC_PAPER
7f2d000b9000-7f2d000ba000 r--p 00000000 00:25 13898                      /usr/lib/locale/C.utf8/LC_NAME
7f2d000ba000-7f2d000c1000 r--s 00000000 00:25 17585                      /usr/lib/x86_64-linux-gnu/gconv/gconv-modules.cache
7f2d000c1000-7f2d000c2000 ---p 00000000 00:00 0 
7f2d000c2000-7f2d001c2000 rw-p 00000000 00:00 0 
7f2d001c2000-7f2d001c3000 ---p 00000000 00:00 0 
7f2d001c3000-7f2d004c5000 rw-p 00000000 00:00 0 
7f2d004c5000-7f2d004c6000 ---p 00000000 00:00 0 
7f2d004c6000-7f2d005c6000 rw-p 00000000 00:00 0 
7f2d005c6000-7f2d005c7000 ---p 00000000 00:00 0 
7f2d005c7000-7f2d006c7000 rw-p 00000000 00:00 0 
7f2d006c7000-7f2d006c8000 ---p 00000000 00:00 0 
7f2d006c8000-7f2d008af000 rw-p 00000000 00:00 0 
7f2d008af000-7f2d009ea000 ---p 00000000 00:00 0 
7f2d009ea000-7f2d00aaf000 rw-p 00000000 00:00 0 
7f2d00aaf000-7f2d00bea000 ---p 00000000 00:00 0 
7f2d00bea000-7f2d00caf000 rw-p 00000000 00:00 0 
7f2d00caf000-7f2d00dea000 ---p 00000000 00:00 0 
7f2d00dea000-7f2d0100a000 rw-p 00000000 00:00 0 
7f2d0100a000-7f2d010d8000 ---p 00000000 00:00 0 
7f2d010d8000-7f2d01162000 rw-p 00000000 00:00 0 
7f2d01162000-7f2d011c3000 ---p 00000000 00:00 0 
7f2d011c3000-7f2d011c8000 rw-p 00000000 00:00 0 
7f2d011c8000-7f2d011cf000 ---p 00000000 00:00 0 
7f2d011cf000-7f2d011d7000 rw-s 00000000 fe:00 401868                     /tmp/hsperfdata_root/9520
7f2d011d7000-7f2d011e3000 r--p 00000000 00:25 13820                      /usr/lib/jvm/java-17-openjdk-amd64/lib/libjava.so
7f2d011e3000-7f2d011f4000 r-xp 0000c000 00:25 13820                      /usr/lib/jvm/java-17-openjdk-amd64/lib/libjava.so
7f2d011f4000-7f2d011fa000 r--p 0001d000 00:25 13820                      /usr/lib/jvm/java-17-openjdk-amd64/lib/libjava.so
7f2d011fa000-7f2d011fb000 r--p 00022000 00:25 13820                      /usr/lib/jvm/java-17-openjdk-amd64/lib/libjava.so
7f2d011fb000-7f2d011fc000 rw-p 00023000 00:25 13820                      /usr/lib/jvm/java-17-openjdk-amd64/lib/libjava.so
7f2d011fc000-7f2d011fd000 rw-p 00000000 00:00 0 
7f2d011fd000-7f2d011fe000 r--p 00000000 00:25 13815                      /usr/lib/jvm/java-17-openjdk-amd64/lib/libinstrument.so
7f2d011fe000-7f2d01204000 r-xp 00001000 00:25 13815                      /usr/lib/jvm/java-17-openjdk-amd64/lib/libinstrument.so
7f2d01204000-7f2d01207000 r--p 00007000 00:25 13815                      /usr/lib/jvm/java-17-openjdk-amd64/lib/libinstrument.so
7f2d01207000-7f2d01208000 r--p 00009000 00:25 13815                      /usr/lib/jvm/java-17-openjdk-amd64/lib/libinstrument.so
7f2d01208000-7f2d01209000 rw-p 0000a000 00:25 13815                      /usr/lib/jvm/java-17-openjdk-amd64/lib/libinstrument.so
7f2d01209000-7f2d0120b000 r--p 00000000 00:25 13824                      /usr/lib/jvm/java-17-openjdk-amd64/lib/libjimage.so
7f2d0120b000-7f2d0120e000 r-xp 00002000 00:25 13824                      /usr/lib/jvm/java-17-openjdk-amd64/lib/libjimage.so
7f2d0120e000-7f2d0120f000 r--p 00005000 00:25 13824                      /usr/lib/jvm/java-17-openjdk-amd64/lib/libjimage.so
7f2d0120f000-7f2d01210000 r--p 00006000 00:25 13824                      /usr/lib/jvm/java-17-openjdk-amd64/lib/libjimage.so
7f2d01210000-7f2d01211000 rw-p 00007000 00:25 13824                      /usr/lib/jvm/java-17-openjdk-amd64/lib/libjimage.so
7f2d01211000-7f2d01215000 ---p 00000000 00:00 0 
7f2d01215000-7f2d01311000 rw-p 00000000 00:00 0 
7f2d01311000-7f2d01314000 r--p 00000000 00:25 17971                      /usr/lib/x86_64-linux-gnu/libgcc_s.so.1
7f2d01314000-7f2d0132b000 r-xp 00003000 00:25 17971                      /usr/lib/x86_64-linux-gnu/libgcc_s.so.1
7f2d0132b000-7f2d0132f000 r--p 0001a000 00:25 17971                      /usr/lib/x86_64-linux-gnu/libgcc_s.so.1
7f2d0132f000-7f2d01330000 r--p 0001d000 00:25 17971                      /usr/lib/x86_64-linux-gnu/libgcc_s.so.1
7f2d01330000-7f2d01331000 rw-p 0001e000 00:25 17971                      /usr/lib/x86_64-linux-gnu/libgcc_s.so.1
7f2d01331000-7f2d01341000 r--p 00000000 00:25 18072                      /usr/lib/x86_64-linux-gnu/libm.so.6
7f2d01341000-7f2d013b5000 r-xp 00010000 00:25 18072                      /usr/lib/x86_64-linux-gnu/libm.so.6
7f2d013b5000-7f2d0140f000 r--p 00084000 00:25 18072                      /usr/lib/x86_64-linux-gnu/libm.so.6
7f2d0140f000-7f2d01410000 r--p 000dd000 00:25 18072                      /usr/lib/x86_64-linux-gnu/libm.so.6
7f2d01410000-7f2d01411000 rw-p 000de000 00:25 18072                      /usr/lib/x86_64-linux-gnu/libm.so.6
7f2d01411000-7f2d014aa000 r--p 00000000 00:25 18239                      /usr/lib/x86_64-linux-gnu/libstdc++.so.6.0.30
7f2d014aa000-7f2d015ab000 r-xp 00099000 00:25 18239                      /usr/lib/x86_64-linux-gnu/libstdc++.so.6.0.30
7f2d015ab000-7f2d0161a000 r--p 0019a000 00:25 18239                      /usr/lib/x86_64-linux-gnu/libstdc++.so.6.0.30
7f2d0161a000-7f2d01625000 r--p 00209000 00:25 18239                      /usr/lib/x86_64-linux-gnu/libstdc++.so.6.0.30
7f2d01625000-7f2d01628000 rw-p 00214000 00:25 18239                      /usr/lib/x86_64-linux-gnu/libstdc++.so.6.0.30
7f2d01628000-7f2d0162b000 rw-p 00000000 00:00 0 
7f2d0162b000-7f2d0187c000 r--p 00000000 00:25 13856                      /usr/lib/jvm/java-17-openjdk-amd64/lib/server/libjvm.so
7f2d0187c000-7f2d025ce000 r-xp 00251000 00:25 13856                      /usr/lib/jvm/java-17-openjdk-amd64/lib/server/libjvm.so
7f2d025ce000-7f2d02850000 r--p 00fa3000 00:25 13856                      /usr/lib/jvm/java-17-openjdk-amd64/lib/server/libjvm.so
7f2d02850000-7f2d02908000 r--p 01225000 00:25 13856                      /usr/lib/jvm/java-17-openjdk-amd64/lib/server/libjvm.so
7f2d02908000-7f2d0293d000 rw-p 012dd000 00:25 13856                      /usr/lib/jvm/java-17-openjdk-amd64/lib/server/libjvm.so
7f2d0293d000-7f2d02999000 rw-p 00000000 00:00 0 
7f2d02999000-7f2d029bf000 r--p 00000000 00:25 17860                      /usr/lib/x86_64-linux-gnu/libc.so.6
7f2d029bf000-7f2d02b15000 r-xp 00026000 00:25 17860                      /usr/lib/x86_64-linux-gnu/libc.so.6
7f2d02b15000-7f2d02b68000 r--p 0017c000 00:25 17860                      /usr/lib/x86_64-linux-gnu/libc.so.6
7f2d02b68000-7f2d02b6c000 r--p 001cf000 00:25 17860                      /usr/lib/x86_64-linux-gnu/libc.so.6
7f2d02b6c000-7f2d02b6e000 rw-p 001d3000 00:25 17860                      /usr/lib/x86_64-linux-gnu/libc.so.6
7f2d02b6e000-7f2d02b7b000 rw-p 00000000 00:00 0 
7f2d02b7b000-7f2d02b7d000 r--p 00000000 00:25 13825                      /usr/lib/jvm/java-17-openjdk-amd64/lib/libjli.so
7f2d02b7d000-7f2d02b86000 r-xp 00002000 00:25 13825                      /usr/lib/jvm/java-17-openjdk-amd64/lib/libjli.so
7f2d02b86000-7f2d02b89000 r--p 0000b000 00:25 13825                      /usr/lib/jvm/java-17-openjdk-amd64/lib/libjli.so
7f2d02b89000-7f2d02b8a000 r--p 0000d000 00:25 13825                      /usr/lib/jvm/java-17-openjdk-amd64/lib/libjli.so
7f2d02b8a000-7f2d02b8b000 rw-p 0000e000 00:25 13825                      /usr/lib/jvm/java-17-openjdk-amd64/lib/libjli.so
7f2d02b8b000-7f2d02b8e000 r--p 00000000 00:25 1006                       /usr/lib/x86_64-linux-gnu/libz.so.1.2.13
7f2d02b8e000-7f2d02ba1000 r-xp 00003000 00:25 1006                       /usr/lib/x86_64-linux-gnu/libz.so.1.2.13
7f2d02ba1000-7f2d02ba8000 r--p 00016000 00:25 1006                       /usr/lib/x86_64-linux-gnu/libz.so.1.2.13
7f2d02ba8000-7f2d02ba9000 r--p 0001c000 00:25 1006                       /usr/lib/x86_64-linux-gnu/libz.so.1.2.13
7f2d02ba9000-7f2d02baa000 rw-p 0001d000 00:25 1006                       /usr/lib/x86_64-linux-gnu/libz.so.1.2.13
7f2d02baa000-7f2d02bab000 r--p 00000000 00:25 13891                      /usr/lib/locale/C.utf8/LC_ADDRESS
7f2d02bab000-7f2d02bac000 r--p 00000000 00:25 13901                      /usr/lib/locale/C.utf8/LC_TELEPHONE
7f2d02bac000-7f2d02bad000 r--p 00000000 00:25 13895                      /usr/lib/locale/C.utf8/LC_MEASUREMENT
7f2d02bad000-7f2d02bae000 r--p 00000000 00:25 13894                      /usr/lib/locale/C.utf8/LC_IDENTIFICATION
7f2d02bae000-7f2d02baf000 ---p 00000000 00:00 0 
7f2d02baf000-7f2d02bb0000 r--p 00000000 00:00 0 
7f2d02bb0000-7f2d02bb1000 ---p 00000000 00:00 0 
7f2d02bb1000-7f2d02bb3000 rw-p 00000000 00:00 0 
7f2d02bb3000-7f2d02bb4000 r--p 00000000 00:25 17646                      /usr/lib/x86_64-linux-gnu/ld-linux-x86-64.so.2
7f2d02bb4000-7f2d02bda000 r-xp 00001000 00:25 17646                      /usr/lib/x86_64-linux-gnu/ld-linux-x86-64.so.2
7f2d02bda000-7f2d02be4000 r--p 00027000 00:25 17646                      /usr/lib/x86_64-linux-gnu/ld-linux-x86-64.so.2
7f2d02be4000-7f2d02be6000 r--p 00031000 00:25 17646                      /usr/lib/x86_64-linux-gnu/ld-linux-x86-64.so.2
7f2d02be6000-7f2d02be8000 rw-p 00033000 00:25 17646                      /usr/lib/x86_64-linux-gnu/ld-linux-x86-64.so.2
7fff16dca000-7fff16deb000 rw-p 00000000 00:00 0                          [stack]
7fff16deb000-7fff16dee000 r--p 00000000 00:00 0                          [vvar]
7fff16dee000-7fff16df0000 r-xp 00000000 00:00 0                          [vdso]
ffffffffff600000-ffffffffff601000 r-xp 00000000 00:00 0                  [vsyscall]


VM Arguments:
jvm_args: --add-opens=java.base/java.util=ALL-UNNAMED --add-opens=java.base/java.lang=ALL-UNNAMED --add-opens=java.base/java.lang.invoke=ALL-UNNAMED --add-opens=java.prefs/java.util.prefs=ALL-UNNAMED --add-opens=java.base/java.nio.charset=ALL-UNNAMED --add-opens=java.base/java.net=ALL-UNNAMED --add-opens=java.base/java.util.concurrent.atomic=ALL-UNNAMED -Xmx1024m -Dfile.encoding=UTF-8 -Duser.country -Duser.language=en -Duser.variant -javaagent:/root/.gradle/wrapper/dists/gradle-8.5-bin/5t9huq95ubn472n8rpzujfbqh/gradle-8.5/lib/agents/gradle-instrumentation-agent-8.5.jar 
java_command: org.gradle.launcher.daemon.bootstrap.GradleDaemon 8.5
java_class_path (initial): /root/.gradle/wrapper/dists/gradle-8.5-bin/5t9huq95ubn472n8rpzujfbqh/gradle-8.5/lib/gradle-launcher-8.5.jar
Launcher Type: SUN_STANDARD

[Global flags]
     intx CICompilerCount                          = 2                                         {product} {ergonomic}
     uint ConcGCThreads                            = 1                                         {product} {ergonomic}
     uint G1ConcRefinementThreads                  = 2                                         {product} {ergonomic}
   size_t G1HeapRegionSize                         = 1048576                                   {product} {ergonomic}
    uintx GCDrainStackTargetSize                   = 64                                        {product} {ergonomic}
   size_t InitialHeapSize                          = 33554432                                  {product} {ergonomic}
   size_t MarkStackSize                            = 4194304                                   {product} {ergonomic}
   size_t MaxHeapSize                              = 1073741824                                {product} {command line}
   size_t MaxNewSize                               = 643825664                                 {product} {ergonomic}
   size_t MinHeapDeltaBytes                        = 1048576                                   {product} {ergonomic}
   size_t MinHeapSize                              = 8388608                                   {product} {ergonomic}
    uintx NonNMethodCodeHeapSize                   = 5826188                                {pd product} {ergonomic}
    uintx NonProfiledCodeHeapSize                  = 122916026                              {pd product} {ergonomic}
    uintx ProfiledCodeHeapSize                     = 122916026                              {pd product} {ergonomic}
    uintx ReservedCodeCacheSize                    = 251658240                              {pd product} {ergonomic}
     bool SegmentedCodeCache                       = true                                      {product} {ergonomic}
   size_t SoftMaxHeapSize                          = 1073741824                             {manageable} {ergonomic}
     bool UseCompressedClassPointers               = true                           {product lp64_product} {ergonomic}
     bool UseCompressedOops                        = true                           {product lp64_product} {ergonomic}
     bool UseG1GC                                  = true                                      {product} {ergonomic}

Logging:
Log output configuration:
 #0: stdout all=warning uptime,level,tags
 #1: stderr all=off uptime,level,tags

Environment Variables:
PATH=/usr/local/sbin:/usr/local/bin:/usr/sbin:/usr/bin:/sbin:/bin
SHELL=/bin/bash
LANG=C.UTF-8
LC_ALL=C.UTF-8
TERM=tmux-256color

Active Locale:
LC_ALL=C.UTF-8
LC_COLLATE=C.UTF-8
LC_CTYPE=C.UTF-8
LC_MESSAGES=C.UTF-8
LC_MONETARY=C.UTF-8
LC_NUMERIC=C.UTF-8
LC_TIME=C.UTF-8

Signal Handlers:
   SIGSEGV: crash_handler in libjvm.so, mask=11100100010111111101111111111110, flags=SA_RESTART|SA_SIGINFO, unblocked
    SIGBUS: crash_handler in libjvm.so, mask=11100100010111111101111111111110, flags=SA_RESTART|SA_SIGINFO, unblocked
    SIGFPE: crash_handler in libjvm.so, mask=11100100010111111101111111111110, flags=SA_RESTART|SA_SIGINFO, unblocked
   SIGPIPE: javaSignalHandler in libjvm.so, mask=11100100010111111101111111111110, flags=SA_RESTART|SA_SIGINFO, unblocked
   SIGXFSZ: javaSignalHandler in libjvm.so, mask=11100100010111111101111111111110, flags=SA_RESTART|SA_SIGINFO, unblocked
    SIGILL: crash_handler in libjvm.so, mask=11100100010111111101111111111110, flags=SA_RESTART|SA_SIGINFO, unblocked
   SIGUSR2: SR_handler in libjvm.so, mask=00100000000000000000000000000000, flags=SA_RESTART|SA_SIGINFO, unblocked
    SIGHUP: UserHandler in libjvm.so, mask=11100100010111111101111111111110, flags=SA_RESTART|SA_SIGINFO, unblocked
    SIGINT: UserHandler in libjvm.so, mask=11100100010111111101111111111110, flags=SA_RESTART|SA_SIGINFO, unblocked
   SIGTERM: UserHandler in libjvm.so, mask=11100100010111111101111111111110, flags=SA_RESTART|SA_SIGINFO, unblocked
   SIGQUIT: UserHandler in libjvm.so, mask=11100100010111111101111111111110, flags=SA_RESTART|SA_SIGINFO, unblocked
   SIGTRAP: crash_handler in libjvm.so, mask=11100100010111111101111111111110, flags=SA_RESTART|SA_SIGINFO, unblocked


Periodic native trim disabled


---------------  S Y S T E M  ---------------

OS:
PRETTY_NAME="Debian GNU/Linux 12 (bookworm)"
NAME="Debian GNU/Linux"
VERSION_ID="12"
VERSION="12 (bookworm)"
VERSION_CODENAME=bookworm
ID=debian
HOME_URL="https://www.debian.org/"
SUPPORT_URL="https://www.debian.org/support"
BUG_REPORT_URL="https://bugs.debian.org/"
uname: Linux 4.19.91-c8dfc93.al7.x86_64 #1 SMP Tue Sep 26 10:25:51 UTC 2023 x86_64
OS uptime: 0 days 1:55 hours
libc: glibc 2.36 NPTL 2.36 
rlimit (soft/hard): STACK 8192k/infinity , CORE 0k/0k , NPROC 100000/100000 , NOFILE 100000/100000 , AS infinity/infinity , CPU infinity/infinity , DATA infinity/infinity , FSIZE infinity/infinity , MEMLOCK 64k/64k
load average: 2.47 1.23 0.63

/proc/meminfo:
MemTotal:        2152516 kB
MemFree:           28428 kB
MemAvailable:      43392 kB
Buffers:            1392 kB
Cached:            65084 kB
SwapCached:            0 kB
Active:          1996168 kB
Inactive:          42736 kB
Active(anon):    1972468 kB
Inactive(anon):       16 kB
Active(file):      23700 kB
Inactive(file):    42720 kB
Unevictable:           0 kB
Mlocked:               0 kB
SwapTotal:             0 kB
SwapFree:              0 kB
Dirty:              1084 kB
Writeback:             0 kB
AnonPages:       1971356 kB
Mapped:            16532 kB
Shmem:                36 kB
Slab:              34236 kB
SReclaimable:      20748 kB
SUnreclaim:        13488 kB
KernelStack:        3232 kB
PageTables:         5816 kB
NFS_Unstable:          0 kB
Bounce:                0 kB
WritebackTmp:          0 kB
CommitLimit:     1076256 kB
Committed_AS:    2211324 kB
VmallocTotal:   34359738367 kB
VmallocUsed:           0 kB
VmallocChunk:          0 kB
Percpu:              384 kB
AnonHugePages:    215040 kB
ShmemHugePages:        0 kB
ShmemPmdMapped:        0 kB
HugePages_Total:       0
HugePages_Free:        0
HugePages_Rsvd:        0
HugePages_Surp:        0
Hugepagesize:       2048 kB
Hugetlb:               0 kB
DirectMap4k:        8192 kB
DirectMap2M:     2523136 kB
DirectMap1G:           0 kB

/sys/kernel/mm/transparent_hugepage/enabled: [always] madvise never
/sys/kernel/mm/transparent_hugepage/hpage_pmd_size: 2097152
/sys/kernel/mm/transparent_hugepage/defrag (defrag/compaction efforts parameter): always defer defer+madvise madvise [never]

Process Memory:
Virtual Size: 3838580K (peak: 3983984K)
Resident Set Size: 881112K (peak: 881112K) (anon: 867892K, file: 13220K, shmem: 0K)
Swapped out: 0K
C-Heap outstanding allocations: 154547K, retained: 28532K
glibc malloc tunables: (default)

/proc/sys/kernel/threads-max (system-wide limit on the number of threads): 1129
/proc/sys/vm/max_map_count (maximum number of memory map areas a process may have): 65530
/proc/sys/vm/swappiness (control to define how aggressively the kernel swaps out anonymous memory): 60
/proc/sys/kernel/pid_max (system-wide limit on number of process identifiers): 32768

container (cgroup) information:
container_type: cgroupv1
cpu_cpuset_cpus: 0-1
cpu_memory_nodes: 0
active_processor_count: 2
cpu_quota: no quota
cpu_period: 100000
cpu_shares: 12288
memory_limit_in_bytes: 2097152 k
memory_and_swap_limit_in_bytes: unlimited
memory_soft_limit_in_bytes: unlimited
memory_usage_in_bytes: 2058212 k
memory_max_usage_in_bytes: 2059452 k
rss_usage_in_bytes: 1961960 k
cache_usage_in_bytes: 66112 k
kernel_memory_limit_in_bytes: unlimited
kernel_memory_usage_in_bytes: 29784 k
kernel_memory_max_usage_in_bytes: 103676 k
maximum number of tasks: unlimited
current number of tasks: 124

KVM virtualization detected
Steal ticks since vm start: 11745
Steal ticks percentage since vm start:  0.463

CPU: total 2 (initial active 2) (2 cores per cpu, 1 threads per core) family 6 model 85 stepping 7 microcode 0x1, cx8, cmov, fxsr, mmx, 3dnowpref, sse, sse2, sse3, ssse3, sse4.1, sse4.2, popcnt, lzcnt, tsc, tscinvbit, avx, avx2, aes, erms, clmul, bmi1, bmi2, adx, avx512f, avx512dq, avx512cd, avx512bw, avx512vl, fma, vzeroupper, avx512_vnni, clflush, clflushopt, clwb, hv
CPU Model and flags from /proc/cpuinfo:
model name	: Intel(R) Xeon(R) Processor @ 2.50GHz
flags		: fpu vme de pse tsc msr pae mce cx8 apic sep mtrr pge mca cmov pat pse36 clflush mmx fxsr sse sse2 ss ht syscall nx pdpe1gb rdtscp lm constant_tsc rep_good nopl xtopology nonstop_tsc cpuid tsc_known_freq pni pclmulqdq ssse3 fma cx16 pcid sse4_1 sse4_2 x2apic movbe popcnt tsc_deadline_timer aes xsave avx f16c rdrand hypervisor lahf_lm abm 3dnowprefetch cpuid_fault invpcid_single ssbd ibrs ibpb stibp ibrs_enhanced fsgsbase tsc_adjust bmi1 avx2 smep bmi2 erms invpcid mpx avx512f avx512dq rdseed adx smap clflushopt clwb avx512cd avx512bw avx512vl xsaveopt xsavec xgetbv1 xsaves umip avx512_vnni md_clear arch_capabilities

Online cpus: 0-1
Offline cpus: 
BIOS frequency limitation: <Not Available>
Frequency switch latency (ns): <Not Available>
Available cpu frequencies: <Not Available>
Current governor: <Not Available>
Core performance/turbo boost: <Not Available>

Memory: 4k page, physical 2097152k(38940k free), swap 0k(0k free)
Page Sizes: 4k

vm_info: OpenJDK 64-Bit Server VM (17.0.20+8-1-deb12u1-Debian) for linux-amd64 JRE (17.0.20+8-1-deb12u1-Debian), built on Jul 28 2026 07:08:51 by "buildd" with gcc 12.2.0

END.
