#
# There is insufficient memory for the Java Runtime Environment to continue.
# Native memory allocation (mmap) failed to map 95420416 bytes. Error detail: committing reserved memory.
# Possible reasons:
#   The system is out of physical RAM or swap space
#   This process is running with CompressedOops enabled, and the Java Heap may be blocking the growth of the native heap
# Possible solutions:
#   Reduce memory load on the system
#   Increase physical memory or swap space
#   Check if swap backing store is full
#   Decrease Java heap size (-Xmx/-Xms)
#   Decrease number of Java threads
#   Decrease Java thread stack sizes (-Xss)
#   Set larger code cache with -XX:ReservedCodeCacheSize=
#   JVM is running with Unscaled Compressed Oops mode in which the Java heap is
#     placed in the first 4GB address space. The Java Heap base address is the
#     maximum limit for the native heap growth. Please use -XX:HeapBaseMinAddress
#     to set the Java Heap base and to place the Java Heap above 4GB virtual address.
# This output file may be truncated or incomplete.
#
#  Out of Memory Error (os_linux.cpp:2834), pid=10147, tid=10157
#
# JRE version: OpenJDK Runtime Environment (17.0.20+8) (build 17.0.20+8-1-deb12u1-Debian)
# Java VM: OpenJDK 64-Bit Server VM (17.0.20+8-1-deb12u1-Debian, mixed mode, sharing, tiered, compressed oops, compressed class ptrs, g1 gc, linux-amd64)
# No core dump will be written. Core dumps have been disabled. To enable core dumping, try "ulimit -c unlimited" before starting Java again
#

---------------  S U M M A R Y ------------

Command Line: -XX:MaxMetaspaceSize=384m --add-opens=java.base/java.util=ALL-UNNAMED --add-opens=java.base/java.lang=ALL-UNNAMED --add-opens=java.base/java.lang.invoke=ALL-UNNAMED --add-opens=java.prefs/java.util.prefs=ALL-UNNAMED --add-opens=java.base/java.nio.charset=ALL-UNNAMED --add-opens=java.base/java.net=ALL-UNNAMED --add-opens=java.base/java.util.concurrent.atomic=ALL-UNNAMED -Xmx768m -Dfile.encoding=UTF-8 -Duser.country -Duser.language=en -Duser.variant -javaagent:/root/.gradle/wrapper/dists/gradle-8.5-bin/5t9huq95ubn472n8rpzujfbqh/gradle-8.5/lib/agents/gradle-instrumentation-agent-8.5.jar org.gradle.launcher.daemon.bootstrap.GradleDaemon 8.5

Host: Intel(R) Xeon(R) Processor @ 2.50GHz, 2 cores, 2G, Debian GNU/Linux 12 (bookworm)
Time: Tue Sep 29 19:34:09 2026 UTC elapsed time: 41.415906 seconds (0d 0h 0m 41s)

---------------  T H R E A D  ---------------

Current thread (0x00007f71d409c220):  VMThread "VM Thread" [stack: 0x00007f71d94e7000,0x00007f71d95e7000] [id=10157]

Stack: [0x00007f71d94e7000,0x00007f71d95e7000],  sp=0x00007f71d95e5020,  free space=1016k
Native frames: (J=compiled Java code, j=interpreted, Vv=VM code, C=native code)
V  [libjvm.so+0xf21211]  VMError::report_and_die(int, char const*, char const*, __va_list_tag*, Thread*, unsigned char*, void*, void*, char const*, int, unsigned long)+0x171
V  [libjvm.so+0xf21d7d]  VMError::report_and_die(Thread*, char const*, int, unsigned long, VMErrorType, char const*, __va_list_tag*)+0x2d
V  [libjvm.so+0x60378c]  report_vm_out_of_memory(char const*, int, unsigned long, VMErrorType, char const*, ...)+0xdc
V  [libjvm.so+0xc2a14b]  os::pd_commit_memory_or_exit(char*, unsigned long, unsigned long, bool, char const*)+0xeb
V  [libjvm.so+0xc23ffb]  os::commit_memory_or_exit(char*, unsigned long, unsigned long, bool, char const*)+0x1b
V  [libjvm.so+0x733436]  G1PageBasedVirtualSpace::commit(unsigned long, unsigned long)+0x66
V  [libjvm.so+0x7473e0]  G1RegionsLargerThanCommitSizeMapper::commit_regions(unsigned int, unsigned long, WorkGang*)+0x110
V  [libjvm.so+0x7dadc8]  HeapRegionManager::commit_regions(unsigned int, unsigned long, WorkGang*)+0x88
V  [libjvm.so+0x7dcc0b]  HeapRegionManager::expand(unsigned int, unsigned int, WorkGang*)+0x2b
V  [libjvm.so+0x7dce27]  HeapRegionManager::expand_by(unsigned int, WorkGang*)+0x77
V  [libjvm.so+0x6ebed8]  G1CollectedHeap::expand(unsigned long, WorkGang*, double*)+0xe8
V  [libjvm.so+0x6eea5d]  G1CollectedHeap::resize_heap_if_necessary()+0x3d
V  [libjvm.so+0x6fbd64]  G1ConcurrentMark::remark()+0x3d4
V  [libjvm.so+0x76b861]  VM_G1PauseConcurrent::doit()+0x181
V  [libjvm.so+0xf26715]  VM_Operation::evaluate()+0xe5
V  [libjvm.so+0xf28005]  VMThread::evaluate_operation(VM_Operation*)+0x105
V  [libjvm.so+0xf2857f]  VMThread::inner_execute(VM_Operation*)+0x28f
V  [libjvm.so+0xf2878f]  VMThread::run()+0xbf
V  [libjvm.so+0xea40a5]  Thread::call_run()+0xa5
V  [libjvm.so+0xc2c8f3]  thread_native_entry(Thread*)+0xe3

VM_Operation (0x00007f71d9e10bf0): G1PauseRemark, mode: safepoint, requested by thread 0x00007f71d4056d40


---------------  P R O C E S S  ---------------

Threads class SMR info:
_java_thread_list=0x00007f71d5246ab0, length=49, elements={
0x00007f71d401a7c0, 0x00007f71d40a0320, 0x00007f71d40a1700, 0x00007f71d40a7fd0,
0x00007f71d40a9380, 0x00007f71d40aa790, 0x00007f71d40ac140, 0x00007f71d40ad670,
0x00007f71d40aeae0, 0x00007f71d40d26b0, 0x00007f71d418e490, 0x00007f71d5114060,
0x00007f71d51b29e0, 0x00007f71d51ddfa0, 0x00007f7178017740, 0x00007f7180005d20,
0x00007f71800089b0, 0x00007f7180009fd0, 0x00007f71a0003ff0, 0x00007f71a000a630,
0x00007f71a000d840, 0x00007f71a018ee60, 0x00007f71a0199300, 0x00007f71a034ed90,
0x00007f71a0617f80, 0x00007f71a0629020, 0x00007f71a0635740, 0x00007f71a06387f0,
0x00007f71a0690e10, 0x00007f71a023a500, 0x00007f71a0acc5b0, 0x00007f71a0c04e90,
0x00007f71a0c0cfb0, 0x00007f71a0d31230, 0x00007f71a0f655b0, 0x00007f71a0211180,
0x00007f71a1537160, 0x00007f71a1857460, 0x00007f71a2281bf0, 0x00007f71d4ee3420,
0x00007f71d51f12a0, 0x00007f71d47eff50, 0x00007f71d522fd30, 0x00007f71d47fc760,
0x00007f71d5232c30, 0x00007f71d52343b0, 0x00007f71d5235cc0, 0x00007f71d5240e10,
0x00007f71d5245ea0
}

Java Threads: ( => current thread )
  0x00007f71d401a7c0 JavaThread "main" [_thread_blocked, id=10149, stack(0x00007f71dbfd3000,0x00007f71dc0d3000)]
  0x00007f71d40a0320 JavaThread "Reference Handler" daemon [_thread_blocked, id=10158, stack(0x00007f71d93e6000,0x00007f71d94e6000)]
  0x00007f71d40a1700 JavaThread "Finalizer" daemon [_thread_blocked, id=10159, stack(0x00007f71d92e5000,0x00007f71d93e5000)]
  0x00007f71d40a7fd0 JavaThread "Signal Dispatcher" daemon [_thread_blocked, id=10160, stack(0x00007f71d918d000,0x00007f71d928d000)]
  0x00007f71d40a9380 JavaThread "Service Thread" daemon [_thread_blocked, id=10161, stack(0x00007f71d908c000,0x00007f71d918c000)]
  0x00007f71d40aa790 JavaThread "Monitor Deflation Thread" daemon [_thread_blocked, id=10162, stack(0x00007f71d8f8b000,0x00007f71d908b000)]
  0x00007f71d40ac140 JavaThread "C2 CompilerThread0" daemon [_thread_blocked, id=10163, stack(0x00007f71d8e8a000,0x00007f71d8f8a000)]
  0x00007f71d40ad670 JavaThread "C1 CompilerThread0" daemon [_thread_blocked, id=10164, stack(0x00007f71d8d89000,0x00007f71d8e89000)]
  0x00007f71d40aeae0 JavaThread "Sweeper thread" daemon [_thread_blocked, id=10165, stack(0x00007f71d8c88000,0x00007f71d8d88000)]
  0x00007f71d40d26b0 JavaThread "Common-Cleaner" daemon [_thread_blocked, id=10166, stack(0x00007f71d8b87000,0x00007f71d8c87000)]
  0x00007f71d418e490 JavaThread "Notification Thread" daemon [_thread_blocked, id=10167, stack(0x00007f71d8a6e000,0x00007f71d8b6e000)]
  0x00007f71d5114060 JavaThread "Daemon health stats" [_thread_blocked, id=10174, stack(0x00007f71d8500000,0x00007f71d8600000)]
  0x00007f71d51b29e0 JavaThread "Incoming local TCP Connector on port 39319" [_thread_in_native, id=10175, stack(0x00007f71d8100000,0x00007f71d8200000)]
  0x00007f71d51ddfa0 JavaThread "Daemon periodic checks" [_thread_blocked, id=10176, stack(0x00007f71bd411000,0x00007f71bd511000)]
  0x00007f7178017740 JavaThread "Daemon" [_thread_blocked, id=10177, stack(0x00007f71bd310000,0x00007f71bd410000)]
  0x00007f7180005d20 JavaThread "Handler for socket connection from /127.0.0.1:39319 to /127.0.0.1:43992" [_thread_in_native, id=10178, stack(0x00007f71bd20f000,0x00007f71bd30f000)]
  0x00007f71800089b0 JavaThread "Cancel handler" [_thread_blocked, id=10180, stack(0x00007f71bd10e000,0x00007f71bd20e000)]
  0x00007f7180009fd0 JavaThread "Daemon worker" [_thread_blocked, id=10181, stack(0x00007f71bd00d000,0x00007f71bd10d000)]
  0x00007f71a0003ff0 JavaThread "Asynchronous log dispatcher for DefaultDaemonConnection: socket connection from /127.0.0.1:39319 to /127.0.0.1:43992" [_thread_blocked, id=10184, stack(0x00007f71bcf0c000,0x00007f71bd00c000)]
  0x00007f71a000a630 JavaThread "Stdin handler" [_thread_blocked, id=10185, stack(0x00007f71bce0b000,0x00007f71bcf0b000)]
  0x00007f71a000d840 JavaThread "Daemon client event forwarder" [_thread_blocked, id=10186, stack(0x00007f71bcd0a000,0x00007f71bce0a000)]
  0x00007f71a018ee60 JavaThread "Cache worker for journal cache (/root/.gradle/caches/journal-1)" [_thread_blocked, id=10188, stack(0x00007f71bcc09000,0x00007f71bcd09000)]
  0x00007f71a0199300 JavaThread "File lock request listener" [_thread_in_native, id=10189, stack(0x00007f71bcb08000,0x00007f71bcc08000)]
  0x00007f71a034ed90 JavaThread "Cache worker for file hash cache (/root/.gradle/caches/8.5/fileHashes)" [_thread_blocked, id=10191, stack(0x00007f71bca07000,0x00007f71bcb07000)]
  0x00007f71a0617f80 JavaThread "Cache worker for checksums cache (/workspace/android/.gradle/8.5/checksums)" [_thread_blocked, id=10194, stack(0x00007f71bc906000,0x00007f71bca06000)]
  0x00007f71a0629020 JavaThread "Cache worker for file hash cache (/workspace/android/.gradle/8.5/fileHashes)" [_thread_blocked, id=10195, stack(0x00007f71bc805000,0x00007f71bc905000)]
  0x00007f71a0635740 JavaThread "Cache worker for cache directory md-supplier (/root/.gradle/caches/8.5/md-supplier)" [_thread_blocked, id=10196, stack(0x00007f71bc704000,0x00007f71bc804000)]
  0x00007f71a06387f0 JavaThread "Cache worker for cache directory md-rule (/root/.gradle/caches/8.5/md-rule)" [_thread_blocked, id=10197, stack(0x00007f71bc603000,0x00007f71bc703000)]
  0x00007f71a0690e10 JavaThread "Cache worker for file content cache (/root/.gradle/caches/8.5/fileContent)" [_thread_blocked, id=10199, stack(0x00007f71bc502000,0x00007f71bc602000)]
  0x00007f71a023a500 JavaThread "Cache worker for execution history cache (/root/.gradle/caches/8.5/executionHistory)" [_thread_blocked, id=10200, stack(0x00007f71bc401000,0x00007f71bc501000)]
  0x00007f71a0acc5b0 JavaThread "Cache worker for kotlin-dsl (/root/.gradle/caches/8.5/kotlin-dsl)" [_thread_blocked, id=10204, stack(0x00007f71bc300000,0x00007f71bc400000)]
  0x00007f71a0c04e90 JavaThread "jar transforms" [_thread_blocked, id=10206, stack(0x00007f71bc1ff000,0x00007f71bc2ff000)]
  0x00007f71a0c0cfb0 JavaThread "jar transforms Thread 2" [_thread_blocked, id=10207, stack(0x00007f71bc0fe000,0x00007f71bc1fe000)]
  0x00007f71a0d31230 JavaThread "Cache worker for dependencies-accessors (/workspace/android/.gradle/8.5/dependencies-accessors)" [_thread_blocked, id=10209, stack(0x00007f71adf00000,0x00007f71ae000000)]
  0x00007f71a0f655b0 JavaThread "Cache worker for Build Output Cleanup Cache (/workspace/android/.gradle/buildOutputCleanup)" [_thread_blocked, id=10211, stack(0x00007f71addff000,0x00007f71adeff000)]
  0x00007f71a0211180 JavaThread "Unconstrained build operations" [_thread_blocked, id=10215, stack(0x00007f71adcfe000,0x00007f71addfe000)]
  0x00007f71a1537160 JavaThread "Memory manager" [_thread_blocked, id=10222, stack(0x00007f71adbfd000,0x00007f71adcfd000)]
  0x00007f71a1857460 JavaThread "build event listener" [_thread_blocked, id=10227, stack(0x00007f71adafc000,0x00007f71adbfc000)]
  0x00007f71a2281bf0 JavaThread "included builds" [_thread_blocked, id=10246, stack(0x00007f71ad9fb000,0x00007f71adafb000)]
  0x00007f71d4ee3420 JavaThread "Cache worker for execution history cache (/workspace/android/.gradle/8.5/executionHistory)" [_thread_blocked, id=10247, stack(0x00007f71ad8fa000,0x00007f71ad9fa000)]
  0x00007f71d51f12a0 JavaThread "Unconstrained build operations Thread 2" [_thread_blocked, id=10249, stack(0x00007f71ad7f9000,0x00007f71ad8f9000)]
  0x00007f71d47eff50 JavaThread "Unconstrained build operations Thread 3" [_thread_blocked, id=10253, stack(0x00007f71ad6f8000,0x00007f71ad7f8000)]
  0x00007f71d522fd30 JavaThread "Unconstrained build operations Thread 4" [_thread_blocked, id=10256, stack(0x00007f71ad5f7000,0x00007f71ad6f7000)]
  0x00007f71d47fc760 JavaThread "Unconstrained build operations Thread 5" [_thread_blocked, id=10257, stack(0x00007f71ad4f6000,0x00007f71ad5f6000)]
  0x00007f71d5232c30 JavaThread "Unconstrained build operations Thread 6" [_thread_blocked, id=10259, stack(0x00007f71ad3f5000,0x00007f71ad4f5000)]
  0x00007f71d52343b0 JavaThread "Unconstrained build operations Thread 7" [_thread_blocked, id=10260, stack(0x00007f71ad2f4000,0x00007f71ad3f4000)]
  0x00007f71d5235cc0 JavaThread "Unconstrained build operations Thread 8" [_thread_blocked, id=10261, stack(0x00007f71ad1f3000,0x00007f71ad2f3000)]
  0x00007f71d5240e10 JavaThread "Unconstrained build operations Thread 9" [_thread_blocked, id=10263, stack(0x00007f71ad0f2000,0x00007f71ad1f2000)]
  0x00007f71d5245ea0 JavaThread "Unconstrained build operations Thread 10" [_thread_blocked, id=10264, stack(0x00007f71acff1000,0x00007f71ad0f1000)]

Other Threads:
=>0x00007f71d409c220 VMThread "VM Thread" [stack: 0x00007f71d94e7000,0x00007f71d95e7000] [id=10157]
  0x00007f71d401cb30 WatcherThread [stack: 0x00007f71d896d000,0x00007f71d8a6d000] [id=10168]
  0x00007f71d404f760 GCTaskThread "GC Thread#0" [stack: 0x00007f71d9e13000,0x00007f71d9f13000] [id=10152]
  0x00007f7184004990 GCTaskThread "GC Thread#1" [stack: 0x00007f71d886c000,0x00007f71d896c000] [id=10169]
  0x00007f71d4056d40 ConcurrentGCThread "G1 Main Marker" [stack: 0x00007f71d9d12000,0x00007f71d9e12000] [id=10153]
  0x00007f71d4057cb0 ConcurrentGCThread "G1 Conc#0" [stack: 0x00007f71d9c11000,0x00007f71d9d11000] [id=10154]
  0x00007f71d40768e0 ConcurrentGCThread "G1 Refine#0" [stack: 0x00007f71d990e000,0x00007f71d9a0e000] [id=10155]
  0x00007f71a80127b0 ConcurrentGCThread "G1 Refine#1" [stack: 0x00007f71acef0000,0x00007f71acff0000] [id=10274]
  0x00007f71d40777e0 ConcurrentGCThread "G1 Service" [stack: 0x00007f71d980d000,0x00007f71d990d000] [id=10156]

Threads with active compile tasks:

VM state: at safepoint (normal execution)

VM Mutex/Monitor currently owned by a thread:  ([mutex/lock_event])
[0x00007f71d40175b0] Threads_lock - owner thread: 0x00007f71d409c220
[0x00007f71d4017d60] Heap_lock - owner thread: 0x00007f71d4056d40

Heap address: 0x00000000d0000000, size: 768 MB, Compressed Oops mode: 32-bit

CDS archive(s) mapped at: [0x00007f718b000000-0x00007f718bbca000-0x00007f718bbca000), size 12361728, SharedBaseAddress: 0x00007f718b000000, ArchiveRelocationMode: 1.
Compressed class space mapped at: 0x00007f718c000000-0x00007f71a0000000, reserved size: 335544320
Narrow klass base: 0x00007f718b000000, Narrow klass shift: 0, Narrow klass range: 0x100000000

GC Precious Log:
 CPUs: 2 total, 2 available
 Memory: 2048M
 Large Page Support: Disabled
 NUMA Support: Disabled
 Compressed Oops: Enabled (32-bit)
 Heap Region Size: 1M
 Heap Min Capacity: 8M
 Heap Initial Capacity: 32M
 Heap Max Capacity: 768M
 Pre-touch: Disabled
 Parallel Workers: 2
 Concurrent Workers: 1
 Concurrent Refinement Workers: 2
 Periodic GC: Disabled

Heap:
 garbage-first heap   total 693248K, used 505268K [0x00000000d0000000, 0x0000000100000000)
  region size 1024K, 22 young (22528K), 11 survivors (11264K)
 Metaspace       used 94428K, committed 95168K, reserved 458752K
  class space    used 13202K, committed 13568K, reserved 327680K

Heap Regions: E=young(eden), S=young(survivor), O=old, HS=humongous(starts), HC=humongous(continues), CS=collection set, F=free, OA=open archive, CA=closed archive, TAMS=top-at-mark-start (previous, next)
|   0|0x00000000d0000000, 0x00000000d0100000, 0x00000000d0100000|100%| O|  |TAMS 0x00000000d0100000, 0x00000000d0000000| Untracked 
|   1|0x00000000d0100000, 0x00000000d0200000, 0x00000000d0200000|100%| O|  |TAMS 0x00000000d0200000, 0x00000000d0100000| Untracked 
|   2|0x00000000d0200000, 0x00000000d0300000, 0x00000000d0300000|100%|HS|  |TAMS 0x00000000d0300000, 0x00000000d0200000| Complete 
|   3|0x00000000d0300000, 0x00000000d0400000, 0x00000000d0400000|100%|HC|  |TAMS 0x00000000d0400000, 0x00000000d0300000| Complete 
|   4|0x00000000d0400000, 0x00000000d0500000, 0x00000000d0500000|100%|HC|  |TAMS 0x00000000d0500000, 0x00000000d0400000| Complete 
|   5|0x00000000d0500000, 0x00000000d0600000, 0x00000000d0600000|100%|HC|  |TAMS 0x00000000d0600000, 0x00000000d0500000| Complete 
|   6|0x00000000d0600000, 0x00000000d0700000, 0x00000000d0700000|100%| O|  |TAMS 0x00000000d0700000, 0x00000000d0600000| Untracked 
|   7|0x00000000d0700000, 0x00000000d0800000, 0x00000000d0800000|100%| O|  |TAMS 0x00000000d0800000, 0x00000000d0700000| Untracked 
|   8|0x00000000d0800000, 0x00000000d0900000, 0x00000000d0900000|100%| O|  |TAMS 0x00000000d0900000, 0x00000000d0800000| Untracked 
|   9|0x00000000d0900000, 0x00000000d0a00000, 0x00000000d0a00000|100%| O|  |TAMS 0x00000000d0a00000, 0x00000000d0900000| Untracked 
|  10|0x00000000d0a00000, 0x00000000d0b00000, 0x00000000d0b00000|100%| O|  |TAMS 0x00000000d0b00000, 0x00000000d0a00000| Untracked 
|  11|0x00000000d0b00000, 0x00000000d0c00000, 0x00000000d0c00000|100%| O|  |TAMS 0x00000000d0c00000, 0x00000000d0b00000| Untracked 
|  12|0x00000000d0c00000, 0x00000000d0d00000, 0x00000000d0d00000|100%| O|  |TAMS 0x00000000d0d00000, 0x00000000d0c00000| Untracked 
|  13|0x00000000d0d00000, 0x00000000d0e00000, 0x00000000d0e00000|100%| O|  |TAMS 0x00000000d0e00000, 0x00000000d0d00000| Untracked 
|  14|0x00000000d0e00000, 0x00000000d0f00000, 0x00000000d0f00000|100%| O|  |TAMS 0x00000000d0f00000, 0x00000000d0e00000| Untracked 
|  15|0x00000000d0f00000, 0x00000000d1000000, 0x00000000d1000000|100%| O|  |TAMS 0x00000000d1000000, 0x00000000d0f00000| Untracked 
|  16|0x00000000d1000000, 0x00000000d1100000, 0x00000000d1100000|100%|HS|  |TAMS 0x00000000d1100000, 0x00000000d1000000| Complete 
|  17|0x00000000d1100000, 0x00000000d1200000, 0x00000000d1200000|100%| O|  |TAMS 0x00000000d1200000, 0x00000000d1100000| Untracked 
|  18|0x00000000d1200000, 0x00000000d1300000, 0x00000000d1300000|100%| O|  |TAMS 0x00000000d1300000, 0x00000000d1200000| Untracked 
|  19|0x00000000d1300000, 0x00000000d1400000, 0x00000000d1400000|100%| O|  |TAMS 0x00000000d1400000, 0x00000000d1300000| Untracked 
|  20|0x00000000d1400000, 0x00000000d1500000, 0x00000000d1500000|100%| O|  |TAMS 0x00000000d1500000, 0x00000000d1400000| Updating 
|  21|0x00000000d1500000, 0x00000000d1600000, 0x00000000d1600000|100%| O|  |TAMS 0x00000000d1600000, 0x00000000d1500000| Untracked 
|  22|0x00000000d1600000, 0x00000000d1700000, 0x00000000d1700000|100%| O|  |TAMS 0x00000000d1700000, 0x00000000d1600000| Untracked 
|  23|0x00000000d1700000, 0x00000000d1800000, 0x00000000d1800000|100%| O|  |TAMS 0x00000000d1800000, 0x00000000d1700000| Untracked 
|  24|0x00000000d1800000, 0x00000000d1900000, 0x00000000d1900000|100%| O|  |TAMS 0x00000000d1900000, 0x00000000d1800000| Untracked 
|  25|0x00000000d1900000, 0x00000000d1a00000, 0x00000000d1a00000|100%| O|  |TAMS 0x00000000d1a00000, 0x00000000d1900000| Untracked 
|  26|0x00000000d1a00000, 0x00000000d1b00000, 0x00000000d1b00000|100%| O|  |TAMS 0x00000000d1b00000, 0x00000000d1a00000| Untracked 
|  27|0x00000000d1b00000, 0x00000000d1c00000, 0x00000000d1c00000|100%| O|  |TAMS 0x00000000d1c00000, 0x00000000d1b00000| Untracked 
|  28|0x00000000d1c00000, 0x00000000d1d00000, 0x00000000d1d00000|100%| O|  |TAMS 0x00000000d1d00000, 0x00000000d1c00000| Untracked 
|  29|0x00000000d1d00000, 0x00000000d1e00000, 0x00000000d1e00000|100%| O|  |TAMS 0x00000000d1e00000, 0x00000000d1d00000| Updating 
|  30|0x00000000d1e00000, 0x00000000d1f00000, 0x00000000d1f00000|100%|HS|  |TAMS 0x00000000d1f00000, 0x00000000d1e00000| Complete 
|  31|0x00000000d1f00000, 0x00000000d2000000, 0x00000000d2000000|100%|HS|  |TAMS 0x00000000d2000000, 0x00000000d1f00000| Complete 
|  32|0x00000000d2000000, 0x00000000d2100000, 0x00000000d2100000|100%|HC|  |TAMS 0x00000000d2100000, 0x00000000d2000000| Complete 
|  33|0x00000000d2100000, 0x00000000d2200000, 0x00000000d2200000|100%|HS|  |TAMS 0x00000000d2200000, 0x00000000d2100000| Complete 
|  34|0x00000000d2200000, 0x00000000d2300000, 0x00000000d2300000|100%|HC|  |TAMS 0x00000000d2300000, 0x00000000d2200000| Complete 
|  35|0x00000000d2300000, 0x00000000d2400000, 0x00000000d2400000|100%|HS|  |TAMS 0x00000000d2400000, 0x00000000d2300000| Complete 
|  36|0x00000000d2400000, 0x00000000d2500000, 0x00000000d2500000|100%| O|  |TAMS 0x00000000d2500000, 0x00000000d2400000| Untracked 
|  37|0x00000000d2500000, 0x00000000d2600000, 0x00000000d2600000|100%| O|  |TAMS 0x00000000d2600000, 0x00000000d2500000| Untracked 
|  38|0x00000000d2600000, 0x00000000d2700000, 0x00000000d2700000|100%| O|  |TAMS 0x00000000d2700000, 0x00000000d2600000| Untracked 
|  39|0x00000000d2700000, 0x00000000d2800000, 0x00000000d2800000|100%|HS|  |TAMS 0x00000000d2800000, 0x00000000d2700000| Complete 
|  40|0x00000000d2800000, 0x00000000d2900000, 0x00000000d2900000|100%|HS|  |TAMS 0x00000000d2900000, 0x00000000d2800000| Complete 
|  41|0x00000000d2900000, 0x00000000d2a00000, 0x00000000d2a00000|100%| O|  |TAMS 0x00000000d2a00000, 0x00000000d2900000| Untracked 
|  42|0x00000000d2a00000, 0x00000000d2b00000, 0x00000000d2b00000|100%| O|  |TAMS 0x00000000d2b00000, 0x00000000d2a00000| Untracked 
|  43|0x00000000d2b00000, 0x00000000d2c00000, 0x00000000d2c00000|100%|HS|  |TAMS 0x00000000d2c00000, 0x00000000d2b00000| Complete 
|  44|0x00000000d2c00000, 0x00000000d2d00000, 0x00000000d2d00000|100%|HC|  |TAMS 0x00000000d2d00000, 0x00000000d2c00000| Complete 
|  45|0x00000000d2d00000, 0x00000000d2e00000, 0x00000000d2e00000|100%|HC|  |TAMS 0x00000000d2e00000, 0x00000000d2d00000| Complete 
|  46|0x00000000d2e00000, 0x00000000d2f00000, 0x00000000d2f00000|100%|HC|  |TAMS 0x00000000d2f00000, 0x00000000d2e00000| Complete 
|  47|0x00000000d2f00000, 0x00000000d3000000, 0x00000000d3000000|100%| O|  |TAMS 0x00000000d3000000, 0x00000000d2f00000| Untracked 
|  48|0x00000000d3000000, 0x00000000d3100000, 0x00000000d3100000|100%| O|  |TAMS 0x00000000d3100000, 0x00000000d3000000| Updating 
|  49|0x00000000d3100000, 0x00000000d3200000, 0x00000000d3200000|100%| O|  |TAMS 0x00000000d3200000, 0x00000000d3100000| Untracked 
|  50|0x00000000d3200000, 0x00000000d3300000, 0x00000000d3300000|100%| O|  |TAMS 0x00000000d3300000, 0x00000000d3200000| Updating 
|  51|0x00000000d3300000, 0x00000000d3400000, 0x00000000d3400000|100%| O|  |TAMS 0x00000000d3400000, 0x00000000d3300000| Untracked 
|  52|0x00000000d3400000, 0x00000000d3500000, 0x00000000d3500000|100%| O|  |TAMS 0x00000000d3500000, 0x00000000d3400000| Untracked 
|  53|0x00000000d3500000, 0x00000000d3600000, 0x00000000d3600000|100%| O|  |TAMS 0x00000000d3600000, 0x00000000d3500000| Untracked 
|  54|0x00000000d3600000, 0x00000000d3700000, 0x00000000d3700000|100%| O|  |TAMS 0x00000000d3700000, 0x00000000d3600000| Untracked 
|  55|0x00000000d3700000, 0x00000000d3800000, 0x00000000d3800000|100%| O|  |TAMS 0x00000000d3800000, 0x00000000d3700000| Untracked 
|  56|0x00000000d3800000, 0x00000000d3900000, 0x00000000d3900000|100%| O|  |TAMS 0x00000000d3900000, 0x00000000d3800000| Untracked 
|  57|0x00000000d3900000, 0x00000000d3a00000, 0x00000000d3a00000|100%| O|  |TAMS 0x00000000d3a00000, 0x00000000d3900000| Untracked 
|  58|0x00000000d3a00000, 0x00000000d3b00000, 0x00000000d3b00000|100%|HS|  |TAMS 0x00000000d3b00000, 0x00000000d3a00000| Complete 
|  59|0x00000000d3b00000, 0x00000000d3c00000, 0x00000000d3c00000|100%|HC|  |TAMS 0x00000000d3c00000, 0x00000000d3b00000| Complete 
|  60|0x00000000d3c00000, 0x00000000d3d00000, 0x00000000d3d00000|100%|HC|  |TAMS 0x00000000d3d00000, 0x00000000d3c00000| Complete 
|  61|0x00000000d3d00000, 0x00000000d3e00000, 0x00000000d3e00000|100%|HC|  |TAMS 0x00000000d3e00000, 0x00000000d3d00000| Complete 
|  62|0x00000000d3e00000, 0x00000000d3f00000, 0x00000000d3f00000|100%| O|  |TAMS 0x00000000d3f00000, 0x00000000d3e00000| Untracked 
|  63|0x00000000d3f00000, 0x00000000d4000000, 0x00000000d4000000|100%| O|  |TAMS 0x00000000d4000000, 0x00000000d3f00000| Updating 
|  64|0x00000000d4000000, 0x00000000d4100000, 0x00000000d4100000|100%| O|  |TAMS 0x00000000d4100000, 0x00000000d4000000| Untracked 
|  65|0x00000000d4100000, 0x00000000d4200000, 0x00000000d4200000|100%| O|  |TAMS 0x00000000d4200000, 0x00000000d4100000| Untracked 
|  66|0x00000000d4200000, 0x00000000d4300000, 0x00000000d4300000|100%| O|  |TAMS 0x00000000d4300000, 0x00000000d4200000| Updating 
|  67|0x00000000d4300000, 0x00000000d4400000, 0x00000000d4400000|100%| O|  |TAMS 0x00000000d4400000, 0x00000000d4300000| Untracked 
|  68|0x00000000d4400000, 0x00000000d4500000, 0x00000000d4500000|100%| O|  |TAMS 0x00000000d4500000, 0x00000000d4400000| Untracked 
|  69|0x00000000d4500000, 0x00000000d4600000, 0x00000000d4600000|100%| O|  |TAMS 0x00000000d4600000, 0x00000000d4500000| Untracked 
|  70|0x00000000d4600000, 0x00000000d4700000, 0x00000000d4700000|100%| O|  |TAMS 0x00000000d4700000, 0x00000000d4600000| Untracked 
|  71|0x00000000d4700000, 0x00000000d4800000, 0x00000000d4800000|100%| O|  |TAMS 0x00000000d4800000, 0x00000000d4700000| Untracked 
|  72|0x00000000d4800000, 0x00000000d4900000, 0x00000000d4900000|100%| O|  |TAMS 0x00000000d4900000, 0x00000000d4800000| Untracked 
|  73|0x00000000d4900000, 0x00000000d4a00000, 0x00000000d4a00000|100%| O|  |TAMS 0x00000000d4a00000, 0x00000000d4900000| Updating 
|  74|0x00000000d4a00000, 0x00000000d4b00000, 0x00000000d4b00000|100%| O|  |TAMS 0x00000000d4b00000, 0x00000000d4a00000| Untracked 
|  75|0x00000000d4b00000, 0x00000000d4c00000, 0x00000000d4c00000|100%| O|  |TAMS 0x00000000d4c00000, 0x00000000d4b00000| Updating 
|  76|0x00000000d4c00000, 0x00000000d4d00000, 0x00000000d4d00000|100%| O|  |TAMS 0x00000000d4d00000, 0x00000000d4c00000| Untracked 
|  77|0x00000000d4d00000, 0x00000000d4e00000, 0x00000000d4e00000|100%| O|  |TAMS 0x00000000d4e00000, 0x00000000d4d00000| Untracked 
|  78|0x00000000d4e00000, 0x00000000d4f00000, 0x00000000d4f00000|100%| O|  |TAMS 0x00000000d4f00000, 0x00000000d4e00000| Updating 
|  79|0x00000000d4f00000, 0x00000000d5000000, 0x00000000d5000000|100%| O|  |TAMS 0x00000000d5000000, 0x00000000d4f00000| Untracked 
|  80|0x00000000d5000000, 0x00000000d5100000, 0x00000000d5100000|100%| O|  |TAMS 0x00000000d5100000, 0x00000000d5000000| Updating 
|  81|0x00000000d5100000, 0x00000000d5200000, 0x00000000d5200000|100%| O|  |TAMS 0x00000000d5200000, 0x00000000d5100000| Untracked 
|  82|0x00000000d5200000, 0x00000000d5300000, 0x00000000d5300000|100%| O|  |TAMS 0x00000000d5300000, 0x00000000d5200000| Untracked 
|  83|0x00000000d5300000, 0x00000000d5400000, 0x00000000d5400000|100%| O|  |TAMS 0x00000000d5400000, 0x00000000d5300000| Untracked 
|  84|0x00000000d5400000, 0x00000000d5500000, 0x00000000d5500000|100%| O|  |TAMS 0x00000000d5500000, 0x00000000d5400000| Untracked 
|  85|0x00000000d5500000, 0x00000000d5600000, 0x00000000d5600000|100%| O|  |TAMS 0x00000000d5600000, 0x00000000d5500000| Updating 
|  86|0x00000000d5600000, 0x00000000d5700000, 0x00000000d5700000|100%| O|  |TAMS 0x00000000d5700000, 0x00000000d5600000| Untracked 
|  87|0x00000000d5700000, 0x00000000d5800000, 0x00000000d5800000|100%| O|  |TAMS 0x00000000d5800000, 0x00000000d5700000| Untracked 
|  88|0x00000000d5800000, 0x00000000d5900000, 0x00000000d5900000|100%| O|  |TAMS 0x00000000d5900000, 0x00000000d5800000| Untracked 
|  89|0x00000000d5900000, 0x00000000d5a00000, 0x00000000d5a00000|100%|HS|  |TAMS 0x00000000d5a00000, 0x00000000d5900000| Complete 
|  90|0x00000000d5a00000, 0x00000000d5b00000, 0x00000000d5b00000|100%|HC|  |TAMS 0x00000000d5b00000, 0x00000000d5a00000| Complete 
|  91|0x00000000d5b00000, 0x00000000d5c00000, 0x00000000d5c00000|100%| O|  |TAMS 0x00000000d5c00000, 0x00000000d5b00000| Untracked 
|  92|0x00000000d5c00000, 0x00000000d5d00000, 0x00000000d5d00000|100%| O|  |TAMS 0x00000000d5d00000, 0x00000000d5c00000| Untracked 
|  93|0x00000000d5d00000, 0x00000000d5e00000, 0x00000000d5e00000|100%| O|  |TAMS 0x00000000d5e00000, 0x00000000d5d00000| Untracked 
|  94|0x00000000d5e00000, 0x00000000d5f00000, 0x00000000d5f00000|100%| O|  |TAMS 0x00000000d5f00000, 0x00000000d5e00000| Untracked 
|  95|0x00000000d5f00000, 0x00000000d6000000, 0x00000000d6000000|100%| O|  |TAMS 0x00000000d6000000, 0x00000000d5f00000| Untracked 
|  96|0x00000000d6000000, 0x00000000d6100000, 0x00000000d6100000|100%| O|  |TAMS 0x00000000d6100000, 0x00000000d6000000| Untracked 
|  97|0x00000000d6100000, 0x00000000d6200000, 0x00000000d6200000|100%| O|  |TAMS 0x00000000d6200000, 0x00000000d6100000| Untracked 
|  98|0x00000000d6200000, 0x00000000d6300000, 0x00000000d6300000|100%| O|  |TAMS 0x00000000d6300000, 0x00000000d6200000| Untracked 
|  99|0x00000000d6300000, 0x00000000d6400000, 0x00000000d6400000|100%| O|  |TAMS 0x00000000d6400000, 0x00000000d6300000| Untracked 
| 100|0x00000000d6400000, 0x00000000d6500000, 0x00000000d6500000|100%| O|  |TAMS 0x00000000d6500000, 0x00000000d6400000| Updating 
| 101|0x00000000d6500000, 0x00000000d6600000, 0x00000000d6600000|100%| O|  |TAMS 0x00000000d6600000, 0x00000000d6500000| Untracked 
| 102|0x00000000d6600000, 0x00000000d6700000, 0x00000000d6700000|100%| O|  |TAMS 0x00000000d6700000, 0x00000000d6600000| Untracked 
| 103|0x00000000d6700000, 0x00000000d6800000, 0x00000000d6800000|100%| O|  |TAMS 0x00000000d6800000, 0x00000000d6700000| Untracked 
| 104|0x00000000d6800000, 0x00000000d6900000, 0x00000000d6900000|100%| O|  |TAMS 0x00000000d6900000, 0x00000000d6800000| Untracked 
| 105|0x00000000d6900000, 0x00000000d6a00000, 0x00000000d6a00000|100%| O|  |TAMS 0x00000000d6a00000, 0x00000000d6900000| Updating 
| 106|0x00000000d6a00000, 0x00000000d6b00000, 0x00000000d6b00000|100%| O|  |TAMS 0x00000000d6b00000, 0x00000000d6a00000| Untracked 
| 107|0x00000000d6b00000, 0x00000000d6c00000, 0x00000000d6c00000|100%| O|  |TAMS 0x00000000d6c00000, 0x00000000d6b00000| Untracked 
| 108|0x00000000d6c00000, 0x00000000d6d00000, 0x00000000d6d00000|100%| O|  |TAMS 0x00000000d6d00000, 0x00000000d6c00000| Untracked 
| 109|0x00000000d6d00000, 0x00000000d6e00000, 0x00000000d6e00000|100%| O|  |TAMS 0x00000000d6e00000, 0x00000000d6d00000| Untracked 
| 110|0x00000000d6e00000, 0x00000000d6f00000, 0x00000000d6f00000|100%| O|  |TAMS 0x00000000d6f00000, 0x00000000d6e00000| Untracked 
| 111|0x00000000d6f00000, 0x00000000d7000000, 0x00000000d7000000|100%| O|  |TAMS 0x00000000d7000000, 0x00000000d6f00000| Untracked 
| 112|0x00000000d7000000, 0x00000000d7100000, 0x00000000d7100000|100%| O|  |TAMS 0x00000000d7100000, 0x00000000d7000000| Untracked 
| 113|0x00000000d7100000, 0x00000000d7200000, 0x00000000d7200000|100%| O|  |TAMS 0x00000000d7200000, 0x00000000d7100000| Updating 
| 114|0x00000000d7200000, 0x00000000d7300000, 0x00000000d7300000|100%| O|  |TAMS 0x00000000d7300000, 0x00000000d7200000| Untracked 
| 115|0x00000000d7300000, 0x00000000d7400000, 0x00000000d7400000|100%| O|  |TAMS 0x00000000d7400000, 0x00000000d7300000| Untracked 
| 116|0x00000000d7400000, 0x00000000d7500000, 0x00000000d7500000|100%| O|  |TAMS 0x00000000d7500000, 0x00000000d7400000| Untracked 
| 117|0x00000000d7500000, 0x00000000d7600000, 0x00000000d7600000|100%| O|  |TAMS 0x00000000d7600000, 0x00000000d7500000| Untracked 
| 118|0x00000000d7600000, 0x00000000d7700000, 0x00000000d7700000|100%| O|  |TAMS 0x00000000d7700000, 0x00000000d7600000| Untracked 
| 119|0x00000000d7700000, 0x00000000d7800000, 0x00000000d7800000|100%| O|  |TAMS 0x00000000d7800000, 0x00000000d7700000| Untracked 
| 120|0x00000000d7800000, 0x00000000d7900000, 0x00000000d7900000|100%| O|  |TAMS 0x00000000d7900000, 0x00000000d7800000| Untracked 
| 121|0x00000000d7900000, 0x00000000d7a00000, 0x00000000d7a00000|100%| O|  |TAMS 0x00000000d7a00000, 0x00000000d7900000| Untracked 
| 122|0x00000000d7a00000, 0x00000000d7b00000, 0x00000000d7b00000|100%| O|  |TAMS 0x00000000d7b00000, 0x00000000d7a00000| Untracked 
| 123|0x00000000d7b00000, 0x00000000d7c00000, 0x00000000d7c00000|100%| O|  |TAMS 0x00000000d7c00000, 0x00000000d7b00000| Untracked 
| 124|0x00000000d7c00000, 0x00000000d7d00000, 0x00000000d7d00000|100%| O|  |TAMS 0x00000000d7d00000, 0x00000000d7c00000| Untracked 
| 125|0x00000000d7d00000, 0x00000000d7e00000, 0x00000000d7e00000|100%| O|  |TAMS 0x00000000d7e00000, 0x00000000d7d00000| Untracked 
| 126|0x00000000d7e00000, 0x00000000d7f00000, 0x00000000d7f00000|100%| O|  |TAMS 0x00000000d7f00000, 0x00000000d7e00000| Untracked 
| 127|0x00000000d7f00000, 0x00000000d8000000, 0x00000000d8000000|100%| O|  |TAMS 0x00000000d8000000, 0x00000000d7f00000| Untracked 
| 128|0x00000000d8000000, 0x00000000d8100000, 0x00000000d8100000|100%| O|  |TAMS 0x00000000d8100000, 0x00000000d8000000| Untracked 
| 129|0x00000000d8100000, 0x00000000d8200000, 0x00000000d8200000|100%| O|  |TAMS 0x00000000d8200000, 0x00000000d8100000| Untracked 
| 130|0x00000000d8200000, 0x00000000d8300000, 0x00000000d8300000|100%| O|  |TAMS 0x00000000d8300000, 0x00000000d8200000| Untracked 
| 131|0x00000000d8300000, 0x00000000d8400000, 0x00000000d8400000|100%| O|  |TAMS 0x00000000d8400000, 0x00000000d8300000| Untracked 
| 132|0x00000000d8400000, 0x00000000d8500000, 0x00000000d8500000|100%| O|  |TAMS 0x00000000d8500000, 0x00000000d8400000| Updating 
| 133|0x00000000d8500000, 0x00000000d8600000, 0x00000000d8600000|100%| O|  |TAMS 0x00000000d8600000, 0x00000000d8500000| Untracked 
| 134|0x00000000d8600000, 0x00000000d8700000, 0x00000000d8700000|100%| O|  |TAMS 0x00000000d8700000, 0x00000000d8600000| Untracked 
| 135|0x00000000d8700000, 0x00000000d8800000, 0x00000000d8800000|100%| O|  |TAMS 0x00000000d8800000, 0x00000000d8700000| Untracked 
| 136|0x00000000d8800000, 0x00000000d8900000, 0x00000000d8900000|100%| O|  |TAMS 0x00000000d8900000, 0x00000000d8800000| Untracked 
| 137|0x00000000d8900000, 0x00000000d8a00000, 0x00000000d8a00000|100%| O|  |TAMS 0x00000000d8a00000, 0x00000000d8900000| Untracked 
| 138|0x00000000d8a00000, 0x00000000d8b00000, 0x00000000d8b00000|100%| O|  |TAMS 0x00000000d8b00000, 0x00000000d8a00000| Untracked 
| 139|0x00000000d8b00000, 0x00000000d8c00000, 0x00000000d8c00000|100%| O|  |TAMS 0x00000000d8c00000, 0x00000000d8b00000| Untracked 
| 140|0x00000000d8c00000, 0x00000000d8d00000, 0x00000000d8d00000|100%| O|  |TAMS 0x00000000d8d00000, 0x00000000d8c00000| Untracked 
| 141|0x00000000d8d00000, 0x00000000d8e00000, 0x00000000d8e00000|100%| O|  |TAMS 0x00000000d8e00000, 0x00000000d8d00000| Untracked 
| 142|0x00000000d8e00000, 0x00000000d8f00000, 0x00000000d8f00000|100%| O|  |TAMS 0x00000000d8f00000, 0x00000000d8e00000| Untracked 
| 143|0x00000000d8f00000, 0x00000000d9000000, 0x00000000d9000000|100%| O|  |TAMS 0x00000000d9000000, 0x00000000d8f00000| Untracked 
| 144|0x00000000d9000000, 0x00000000d9100000, 0x00000000d9100000|100%| O|  |TAMS 0x00000000d9100000, 0x00000000d9000000| Untracked 
| 145|0x00000000d9100000, 0x00000000d9200000, 0x00000000d9200000|100%| O|  |TAMS 0x00000000d9200000, 0x00000000d9100000| Untracked 
| 146|0x00000000d9200000, 0x00000000d9300000, 0x00000000d9300000|100%| O|  |TAMS 0x00000000d9300000, 0x00000000d9200000| Untracked 
| 147|0x00000000d9300000, 0x00000000d9400000, 0x00000000d9400000|100%| O|  |TAMS 0x00000000d9400000, 0x00000000d9300000| Untracked 
| 148|0x00000000d9400000, 0x00000000d9500000, 0x00000000d9500000|100%| O|  |TAMS 0x00000000d9500000, 0x00000000d9400000| Untracked 
| 149|0x00000000d9500000, 0x00000000d9600000, 0x00000000d9600000|100%| O|  |TAMS 0x00000000d9600000, 0x00000000d9500000| Untracked 
| 150|0x00000000d9600000, 0x00000000d9700000, 0x00000000d9700000|100%| O|  |TAMS 0x00000000d9700000, 0x00000000d9600000| Untracked 
| 151|0x00000000d9700000, 0x00000000d9800000, 0x00000000d9800000|100%| O|  |TAMS 0x00000000d9800000, 0x00000000d9700000| Untracked 
| 152|0x00000000d9800000, 0x00000000d9900000, 0x00000000d9900000|100%| O|  |TAMS 0x00000000d9900000, 0x00000000d9800000| Untracked 
| 153|0x00000000d9900000, 0x00000000d9a00000, 0x00000000d9a00000|100%| O|  |TAMS 0x00000000d9a00000, 0x00000000d9900000| Untracked 
| 154|0x00000000d9a00000, 0x00000000d9b00000, 0x00000000d9b00000|100%| O|  |TAMS 0x00000000d9b00000, 0x00000000d9a00000| Untracked 
| 155|0x00000000d9b00000, 0x00000000d9c00000, 0x00000000d9c00000|100%| O|  |TAMS 0x00000000d9c00000, 0x00000000d9b00000| Untracked 
| 156|0x00000000d9c00000, 0x00000000d9d00000, 0x00000000d9d00000|100%| O|  |TAMS 0x00000000d9d00000, 0x00000000d9c00000| Untracked 
| 157|0x00000000d9d00000, 0x00000000d9e00000, 0x00000000d9e00000|100%| O|  |TAMS 0x00000000d9e00000, 0x00000000d9d00000| Untracked 
| 158|0x00000000d9e00000, 0x00000000d9f00000, 0x00000000d9f00000|100%| O|  |TAMS 0x00000000d9f00000, 0x00000000d9e00000| Untracked 
| 159|0x00000000d9f00000, 0x00000000da000000, 0x00000000da000000|100%| O|  |TAMS 0x00000000da000000, 0x00000000d9f00000| Untracked 
| 160|0x00000000da000000, 0x00000000da100000, 0x00000000da100000|100%| O|  |TAMS 0x00000000da100000, 0x00000000da000000| Untracked 
| 161|0x00000000da100000, 0x00000000da200000, 0x00000000da200000|100%| O|  |TAMS 0x00000000da200000, 0x00000000da100000| Untracked 
| 162|0x00000000da200000, 0x00000000da300000, 0x00000000da300000|100%| O|  |TAMS 0x00000000da300000, 0x00000000da200000| Untracked 
| 163|0x00000000da300000, 0x00000000da400000, 0x00000000da400000|100%| O|  |TAMS 0x00000000da400000, 0x00000000da300000| Untracked 
| 164|0x00000000da400000, 0x00000000da500000, 0x00000000da500000|100%| O|  |TAMS 0x00000000da500000, 0x00000000da400000| Untracked 
| 165|0x00000000da500000, 0x00000000da600000, 0x00000000da600000|100%| O|  |TAMS 0x00000000da600000, 0x00000000da500000| Untracked 
| 166|0x00000000da600000, 0x00000000da700000, 0x00000000da700000|100%| O|  |TAMS 0x00000000da700000, 0x00000000da600000| Untracked 
| 167|0x00000000da700000, 0x00000000da800000, 0x00000000da800000|100%| O|  |TAMS 0x00000000da800000, 0x00000000da700000| Untracked 
| 168|0x00000000da800000, 0x00000000da900000, 0x00000000da900000|100%| O|  |TAMS 0x00000000da900000, 0x00000000da800000| Untracked 
| 169|0x00000000da900000, 0x00000000daa00000, 0x00000000daa00000|100%| O|  |TAMS 0x00000000daa00000, 0x00000000da900000| Untracked 
| 170|0x00000000daa00000, 0x00000000dab00000, 0x00000000dab00000|100%| O|  |TAMS 0x00000000dab00000, 0x00000000daa00000| Untracked 
| 171|0x00000000dab00000, 0x00000000dac00000, 0x00000000dac00000|100%| O|  |TAMS 0x00000000dac00000, 0x00000000dab00000| Untracked 
| 172|0x00000000dac00000, 0x00000000dad00000, 0x00000000dad00000|100%| O|  |TAMS 0x00000000dad00000, 0x00000000dac00000| Untracked 
| 173|0x00000000dad00000, 0x00000000dae00000, 0x00000000dae00000|100%| O|  |TAMS 0x00000000dae00000, 0x00000000dad00000| Untracked 
| 174|0x00000000dae00000, 0x00000000daf00000, 0x00000000daf00000|100%| O|  |TAMS 0x00000000daf00000, 0x00000000dae00000| Updating 
| 175|0x00000000daf00000, 0x00000000db000000, 0x00000000db000000|100%| O|  |TAMS 0x00000000db000000, 0x00000000daf00000| Untracked 
| 176|0x00000000db000000, 0x00000000db100000, 0x00000000db100000|100%| O|  |TAMS 0x00000000db100000, 0x00000000db000000| Untracked 
| 177|0x00000000db100000, 0x00000000db200000, 0x00000000db200000|100%| O|  |TAMS 0x00000000db200000, 0x00000000db100000| Untracked 
| 178|0x00000000db200000, 0x00000000db300000, 0x00000000db300000|100%| O|  |TAMS 0x00000000db300000, 0x00000000db200000| Untracked 
| 179|0x00000000db300000, 0x00000000db400000, 0x00000000db400000|100%| O|  |TAMS 0x00000000db400000, 0x00000000db300000| Untracked 
| 180|0x00000000db400000, 0x00000000db500000, 0x00000000db500000|100%| O|  |TAMS 0x00000000db500000, 0x00000000db400000| Untracked 
| 181|0x00000000db500000, 0x00000000db600000, 0x00000000db600000|100%| O|  |TAMS 0x00000000db600000, 0x00000000db500000| Untracked 
| 182|0x00000000db600000, 0x00000000db700000, 0x00000000db700000|100%| O|  |TAMS 0x00000000db700000, 0x00000000db600000| Untracked 
| 183|0x00000000db700000, 0x00000000db800000, 0x00000000db800000|100%| O|  |TAMS 0x00000000db800000, 0x00000000db700000| Untracked 
| 184|0x00000000db800000, 0x00000000db900000, 0x00000000db900000|100%| O|  |TAMS 0x00000000db900000, 0x00000000db800000| Untracked 
| 185|0x00000000db900000, 0x00000000dba00000, 0x00000000dba00000|100%| O|  |TAMS 0x00000000dba00000, 0x00000000db900000| Untracked 
| 186|0x00000000dba00000, 0x00000000dbb00000, 0x00000000dbb00000|100%| O|  |TAMS 0x00000000dbb00000, 0x00000000dba00000| Untracked 
| 187|0x00000000dbb00000, 0x00000000dbc00000, 0x00000000dbc00000|100%| O|  |TAMS 0x00000000dbc00000, 0x00000000dbb00000| Untracked 
| 188|0x00000000dbc00000, 0x00000000dbd00000, 0x00000000dbd00000|100%| O|  |TAMS 0x00000000dbd00000, 0x00000000dbc00000| Updating 
| 189|0x00000000dbd00000, 0x00000000dbe00000, 0x00000000dbe00000|100%| O|  |TAMS 0x00000000dbe00000, 0x00000000dbd00000| Untracked 
| 190|0x00000000dbe00000, 0x00000000dbf00000, 0x00000000dbf00000|100%| O|  |TAMS 0x00000000dbf00000, 0x00000000dbe00000| Untracked 
| 191|0x00000000dbf00000, 0x00000000dc000000, 0x00000000dc000000|100%| O|  |TAMS 0x00000000dc000000, 0x00000000dbf00000| Untracked 
| 192|0x00000000dc000000, 0x00000000dc100000, 0x00000000dc100000|100%| O|  |TAMS 0x00000000dc100000, 0x00000000dc000000| Untracked 
| 193|0x00000000dc100000, 0x00000000dc200000, 0x00000000dc200000|100%| O|  |TAMS 0x00000000dc200000, 0x00000000dc100000| Untracked 
| 194|0x00000000dc200000, 0x00000000dc300000, 0x00000000dc300000|100%| O|  |TAMS 0x00000000dc300000, 0x00000000dc200000| Untracked 
| 195|0x00000000dc300000, 0x00000000dc400000, 0x00000000dc400000|100%| O|  |TAMS 0x00000000dc400000, 0x00000000dc300000| Untracked 
| 196|0x00000000dc400000, 0x00000000dc500000, 0x00000000dc500000|100%| O|  |TAMS 0x00000000dc500000, 0x00000000dc400000| Untracked 
| 197|0x00000000dc500000, 0x00000000dc600000, 0x00000000dc600000|100%| O|  |TAMS 0x00000000dc600000, 0x00000000dc500000| Updating 
| 198|0x00000000dc600000, 0x00000000dc700000, 0x00000000dc700000|100%| O|  |TAMS 0x00000000dc700000, 0x00000000dc600000| Updating 
| 199|0x00000000dc700000, 0x00000000dc800000, 0x00000000dc800000|100%| O|  |TAMS 0x00000000dc800000, 0x00000000dc700000| Untracked 
| 200|0x00000000dc800000, 0x00000000dc900000, 0x00000000dc900000|100%| O|  |TAMS 0x00000000dc900000, 0x00000000dc800000| Untracked 
| 201|0x00000000dc900000, 0x00000000dca00000, 0x00000000dca00000|100%| O|  |TAMS 0x00000000dca00000, 0x00000000dc900000| Untracked 
| 202|0x00000000dca00000, 0x00000000dcb00000, 0x00000000dcb00000|100%| O|  |TAMS 0x00000000dcb00000, 0x00000000dca00000| Untracked 
| 203|0x00000000dcb00000, 0x00000000dcc00000, 0x00000000dcc00000|100%| O|  |TAMS 0x00000000dcc00000, 0x00000000dcb00000| Untracked 
| 204|0x00000000dcc00000, 0x00000000dcd00000, 0x00000000dcd00000|100%| O|  |TAMS 0x00000000dcd00000, 0x00000000dcc00000| Untracked 
| 205|0x00000000dcd00000, 0x00000000dce00000, 0x00000000dce00000|100%| O|  |TAMS 0x00000000dce00000, 0x00000000dcd00000| Untracked 
| 206|0x00000000dce00000, 0x00000000dcf00000, 0x00000000dcf00000|100%| O|  |TAMS 0x00000000dcf00000, 0x00000000dce00000| Untracked 
| 207|0x00000000dcf00000, 0x00000000dd000000, 0x00000000dd000000|100%| O|  |TAMS 0x00000000dd000000, 0x00000000dcf00000| Untracked 
| 208|0x00000000dd000000, 0x00000000dd100000, 0x00000000dd100000|100%| O|  |TAMS 0x00000000dd100000, 0x00000000dd000000| Updating 
| 209|0x00000000dd100000, 0x00000000dd200000, 0x00000000dd200000|100%| O|  |TAMS 0x00000000dd200000, 0x00000000dd100000| Updating 
| 210|0x00000000dd200000, 0x00000000dd300000, 0x00000000dd300000|100%| O|  |TAMS 0x00000000dd300000, 0x00000000dd200000| Untracked 
| 211|0x00000000dd300000, 0x00000000dd400000, 0x00000000dd400000|100%| O|  |TAMS 0x00000000dd400000, 0x00000000dd300000| Untracked 
| 212|0x00000000dd400000, 0x00000000dd500000, 0x00000000dd500000|100%| O|  |TAMS 0x00000000dd500000, 0x00000000dd400000| Untracked 
| 213|0x00000000dd500000, 0x00000000dd600000, 0x00000000dd600000|100%| O|  |TAMS 0x00000000dd600000, 0x00000000dd500000| Untracked 
| 214|0x00000000dd600000, 0x00000000dd700000, 0x00000000dd700000|100%| O|  |TAMS 0x00000000dd700000, 0x00000000dd600000| Untracked 
| 215|0x00000000dd700000, 0x00000000dd800000, 0x00000000dd800000|100%| O|  |TAMS 0x00000000dd800000, 0x00000000dd700000| Untracked 
| 216|0x00000000dd800000, 0x00000000dd900000, 0x00000000dd900000|100%| O|  |TAMS 0x00000000dd900000, 0x00000000dd800000| Untracked 
| 217|0x00000000dd900000, 0x00000000dda00000, 0x00000000dda00000|100%| O|  |TAMS 0x00000000dda00000, 0x00000000dd900000| Untracked 
| 218|0x00000000dda00000, 0x00000000ddb00000, 0x00000000ddb00000|100%| O|  |TAMS 0x00000000ddb00000, 0x00000000dda00000| Untracked 
| 219|0x00000000ddb00000, 0x00000000ddc00000, 0x00000000ddc00000|100%| O|  |TAMS 0x00000000ddc00000, 0x00000000ddb00000| Untracked 
| 220|0x00000000ddc00000, 0x00000000ddd00000, 0x00000000ddd00000|100%| O|  |TAMS 0x00000000ddd00000, 0x00000000ddc00000| Untracked 
| 221|0x00000000ddd00000, 0x00000000dde00000, 0x00000000dde00000|100%| O|  |TAMS 0x00000000dde00000, 0x00000000ddd00000| Updating 
| 222|0x00000000dde00000, 0x00000000ddf00000, 0x00000000ddf00000|100%| O|  |TAMS 0x00000000ddf00000, 0x00000000dde00000| Untracked 
| 223|0x00000000ddf00000, 0x00000000de000000, 0x00000000de000000|100%| O|  |TAMS 0x00000000de000000, 0x00000000ddf00000| Untracked 
| 224|0x00000000de000000, 0x00000000de100000, 0x00000000de100000|100%| O|  |TAMS 0x00000000de100000, 0x00000000de000000| Untracked 
| 225|0x00000000de100000, 0x00000000de200000, 0x00000000de200000|100%| O|  |TAMS 0x00000000de200000, 0x00000000de100000| Untracked 
| 226|0x00000000de200000, 0x00000000de300000, 0x00000000de300000|100%| O|  |TAMS 0x00000000de300000, 0x00000000de200000| Untracked 
| 227|0x00000000de300000, 0x00000000de400000, 0x00000000de400000|100%| O|  |TAMS 0x00000000de400000, 0x00000000de300000| Untracked 
| 228|0x00000000de400000, 0x00000000de500000, 0x00000000de500000|100%| O|  |TAMS 0x00000000de500000, 0x00000000de400000| Untracked 
| 229|0x00000000de500000, 0x00000000de600000, 0x00000000de600000|100%| O|  |TAMS 0x00000000de600000, 0x00000000de500000| Untracked 
| 230|0x00000000de600000, 0x00000000de700000, 0x00000000de700000|100%| O|  |TAMS 0x00000000de700000, 0x00000000de600000| Untracked 
| 231|0x00000000de700000, 0x00000000de800000, 0x00000000de800000|100%| O|  |TAMS 0x00000000de800000, 0x00000000de700000| Untracked 
| 232|0x00000000de800000, 0x00000000de900000, 0x00000000de900000|100%| O|  |TAMS 0x00000000de900000, 0x00000000de800000| Updating 
| 233|0x00000000de900000, 0x00000000dea00000, 0x00000000dea00000|100%| O|  |TAMS 0x00000000dea00000, 0x00000000de900000| Updating 
| 234|0x00000000dea00000, 0x00000000deb00000, 0x00000000deb00000|100%| O|  |TAMS 0x00000000deb00000, 0x00000000dea00000| Updating 
| 235|0x00000000deb00000, 0x00000000dec00000, 0x00000000dec00000|100%| O|  |TAMS 0x00000000dec00000, 0x00000000deb00000| Untracked 
| 236|0x00000000dec00000, 0x00000000ded00000, 0x00000000ded00000|100%| O|  |TAMS 0x00000000ded00000, 0x00000000dec00000| Untracked 
| 237|0x00000000ded00000, 0x00000000dee00000, 0x00000000dee00000|100%| O|  |TAMS 0x00000000dee00000, 0x00000000ded00000| Untracked 
| 238|0x00000000dee00000, 0x00000000def00000, 0x00000000def00000|100%| O|  |TAMS 0x00000000def00000, 0x00000000dee00000| Untracked 
| 239|0x00000000def00000, 0x00000000df000000, 0x00000000df000000|100%| O|  |TAMS 0x00000000df000000, 0x00000000def00000| Untracked 
| 240|0x00000000df000000, 0x00000000df100000, 0x00000000df100000|100%| O|  |TAMS 0x00000000df100000, 0x00000000df000000| Untracked 
| 241|0x00000000df100000, 0x00000000df200000, 0x00000000df200000|100%| O|  |TAMS 0x00000000df200000, 0x00000000df100000| Untracked 
| 242|0x00000000df200000, 0x00000000df300000, 0x00000000df300000|100%| O|  |TAMS 0x00000000df300000, 0x00000000df200000| Untracked 
| 243|0x00000000df300000, 0x00000000df400000, 0x00000000df400000|100%| O|  |TAMS 0x00000000df400000, 0x00000000df300000| Untracked 
| 244|0x00000000df400000, 0x00000000df500000, 0x00000000df500000|100%| O|  |TAMS 0x00000000df500000, 0x00000000df400000| Untracked 
| 245|0x00000000df500000, 0x00000000df600000, 0x00000000df600000|100%| O|  |TAMS 0x00000000df600000, 0x00000000df500000| Untracked 
| 246|0x00000000df600000, 0x00000000df700000, 0x00000000df700000|100%| O|  |TAMS 0x00000000df700000, 0x00000000df600000| Untracked 
| 247|0x00000000df700000, 0x00000000df800000, 0x00000000df800000|100%| O|  |TAMS 0x00000000df800000, 0x00000000df700000| Untracked 
| 248|0x00000000df800000, 0x00000000df900000, 0x00000000df900000|100%| O|  |TAMS 0x00000000df900000, 0x00000000df800000| Untracked 
| 249|0x00000000df900000, 0x00000000dfa00000, 0x00000000dfa00000|100%| O|  |TAMS 0x00000000dfa00000, 0x00000000df900000| Untracked 
| 250|0x00000000dfa00000, 0x00000000dfb00000, 0x00000000dfb00000|100%| O|  |TAMS 0x00000000dfb00000, 0x00000000dfa00000| Untracked 
| 251|0x00000000dfb00000, 0x00000000dfc00000, 0x00000000dfc00000|100%| O|  |TAMS 0x00000000dfc00000, 0x00000000dfb00000| Untracked 
| 252|0x00000000dfc00000, 0x00000000dfd00000, 0x00000000dfd00000|100%| O|  |TAMS 0x00000000dfd00000, 0x00000000dfc00000| Untracked 
| 253|0x00000000dfd00000, 0x00000000dfe00000, 0x00000000dfe00000|100%| O|  |TAMS 0x00000000dfe00000, 0x00000000dfd00000| Untracked 
| 254|0x00000000dfe00000, 0x00000000dff00000, 0x00000000dff00000|100%| O|  |TAMS 0x00000000dff00000, 0x00000000dfe00000| Updating 
| 255|0x00000000dff00000, 0x00000000e0000000, 0x00000000e0000000|100%| O|  |TAMS 0x00000000e0000000, 0x00000000dff00000| Updating 
| 256|0x00000000e0000000, 0x00000000e0100000, 0x00000000e0100000|100%| O|  |TAMS 0x00000000e0100000, 0x00000000e0000000| Untracked 
| 257|0x00000000e0100000, 0x00000000e0200000, 0x00000000e0200000|100%| O|  |TAMS 0x00000000e0200000, 0x00000000e0100000| Untracked 
| 258|0x00000000e0200000, 0x00000000e0300000, 0x00000000e0300000|100%| O|  |TAMS 0x00000000e0300000, 0x00000000e0200000| Untracked 
| 259|0x00000000e0300000, 0x00000000e0400000, 0x00000000e0400000|100%| O|  |TAMS 0x00000000e0400000, 0x00000000e0300000| Untracked 
| 260|0x00000000e0400000, 0x00000000e0500000, 0x00000000e0500000|100%| O|  |TAMS 0x00000000e0500000, 0x00000000e0400000| Untracked 
| 261|0x00000000e0500000, 0x00000000e0600000, 0x00000000e0600000|100%| O|  |TAMS 0x00000000e0600000, 0x00000000e0500000| Updating 
| 262|0x00000000e0600000, 0x00000000e0700000, 0x00000000e0700000|100%| O|  |TAMS 0x00000000e0700000, 0x00000000e0600000| Untracked 
| 263|0x00000000e0700000, 0x00000000e0800000, 0x00000000e0800000|100%| O|  |TAMS 0x00000000e0800000, 0x00000000e0700000| Untracked 
| 264|0x00000000e0800000, 0x00000000e0900000, 0x00000000e0900000|100%| O|  |TAMS 0x00000000e0900000, 0x00000000e0800000| Untracked 
| 265|0x00000000e0900000, 0x00000000e0a00000, 0x00000000e0a00000|100%| O|  |TAMS 0x00000000e0a00000, 0x00000000e0900000| Untracked 
| 266|0x00000000e0a00000, 0x00000000e0b00000, 0x00000000e0b00000|100%| O|  |TAMS 0x00000000e0b00000, 0x00000000e0a00000| Untracked 
| 267|0x00000000e0b00000, 0x00000000e0c00000, 0x00000000e0c00000|100%| O|  |TAMS 0x00000000e0c00000, 0x00000000e0b00000| Untracked 
| 268|0x00000000e0c00000, 0x00000000e0d00000, 0x00000000e0d00000|100%| O|  |TAMS 0x00000000e0d00000, 0x00000000e0c00000| Untracked 
| 269|0x00000000e0d00000, 0x00000000e0e00000, 0x00000000e0e00000|100%| O|  |TAMS 0x00000000e0e00000, 0x00000000e0d00000| Untracked 
| 270|0x00000000e0e00000, 0x00000000e0f00000, 0x00000000e0f00000|100%| O|  |TAMS 0x00000000e0f00000, 0x00000000e0e00000| Untracked 
| 271|0x00000000e0f00000, 0x00000000e1000000, 0x00000000e1000000|100%| O|  |TAMS 0x00000000e1000000, 0x00000000e0f00000| Untracked 
| 272|0x00000000e1000000, 0x00000000e1100000, 0x00000000e1100000|100%| O|  |TAMS 0x00000000e1100000, 0x00000000e1000000| Untracked 
| 273|0x00000000e1100000, 0x00000000e1200000, 0x00000000e1200000|100%| O|  |TAMS 0x00000000e1200000, 0x00000000e1100000| Untracked 
| 274|0x00000000e1200000, 0x00000000e1300000, 0x00000000e1300000|100%| O|  |TAMS 0x00000000e1300000, 0x00000000e1200000| Untracked 
| 275|0x00000000e1300000, 0x00000000e1400000, 0x00000000e1400000|100%| O|  |TAMS 0x00000000e1400000, 0x00000000e1300000| Untracked 
| 276|0x00000000e1400000, 0x00000000e1500000, 0x00000000e1500000|100%| O|  |TAMS 0x00000000e1500000, 0x00000000e1400000| Untracked 
| 277|0x00000000e1500000, 0x00000000e1600000, 0x00000000e1600000|100%| O|  |TAMS 0x00000000e1600000, 0x00000000e1500000| Untracked 
| 278|0x00000000e1600000, 0x00000000e1700000, 0x00000000e1700000|100%| O|  |TAMS 0x00000000e1700000, 0x00000000e1600000| Untracked 
| 279|0x00000000e1700000, 0x00000000e1800000, 0x00000000e1800000|100%| O|  |TAMS 0x00000000e1800000, 0x00000000e1700000| Updating 
| 280|0x00000000e1800000, 0x00000000e1900000, 0x00000000e1900000|100%| O|  |TAMS 0x00000000e1900000, 0x00000000e1800000| Updating 
| 281|0x00000000e1900000, 0x00000000e1a00000, 0x00000000e1a00000|100%| O|  |TAMS 0x00000000e1a00000, 0x00000000e1900000| Untracked 
| 282|0x00000000e1a00000, 0x00000000e1b00000, 0x00000000e1b00000|100%| O|  |TAMS 0x00000000e1b00000, 0x00000000e1a00000| Untracked 
| 283|0x00000000e1b00000, 0x00000000e1c00000, 0x00000000e1c00000|100%| O|  |TAMS 0x00000000e1c00000, 0x00000000e1b00000| Untracked 
| 284|0x00000000e1c00000, 0x00000000e1d00000, 0x00000000e1d00000|100%| O|  |TAMS 0x00000000e1d00000, 0x00000000e1c00000| Untracked 
| 285|0x00000000e1d00000, 0x00000000e1e00000, 0x00000000e1e00000|100%| O|  |TAMS 0x00000000e1e00000, 0x00000000e1d00000| Untracked 
| 286|0x00000000e1e00000, 0x00000000e1f00000, 0x00000000e1f00000|100%| O|  |TAMS 0x00000000e1f00000, 0x00000000e1e00000| Untracked 
| 287|0x00000000e1f00000, 0x00000000e2000000, 0x00000000e2000000|100%| O|  |TAMS 0x00000000e2000000, 0x00000000e1f00000| Untracked 
| 288|0x00000000e2000000, 0x00000000e2100000, 0x00000000e2100000|100%| O|  |TAMS 0x00000000e2100000, 0x00000000e2000000| Untracked 
| 289|0x00000000e2100000, 0x00000000e2200000, 0x00000000e2200000|100%| O|  |TAMS 0x00000000e2200000, 0x00000000e2100000| Untracked 
| 290|0x00000000e2200000, 0x00000000e2300000, 0x00000000e2300000|100%| O|  |TAMS 0x00000000e2300000, 0x00000000e2200000| Untracked 
| 291|0x00000000e2300000, 0x00000000e2400000, 0x00000000e2400000|100%| O|  |TAMS 0x00000000e2400000, 0x00000000e2300000| Untracked 
| 292|0x00000000e2400000, 0x00000000e2500000, 0x00000000e2500000|100%| O|  |TAMS 0x00000000e2500000, 0x00000000e2400000| Untracked 
| 293|0x00000000e2500000, 0x00000000e2600000, 0x00000000e2600000|100%| O|  |TAMS 0x00000000e2600000, 0x00000000e2500000| Untracked 
| 294|0x00000000e2600000, 0x00000000e2700000, 0x00000000e2700000|100%| O|  |TAMS 0x00000000e2700000, 0x00000000e2600000| Untracked 
| 295|0x00000000e2700000, 0x00000000e2800000, 0x00000000e2800000|100%| O|  |TAMS 0x00000000e2800000, 0x00000000e2700000| Untracked 
| 296|0x00000000e2800000, 0x00000000e2900000, 0x00000000e2900000|100%| O|  |TAMS 0x00000000e2900000, 0x00000000e2800000| Untracked 
| 297|0x00000000e2900000, 0x00000000e2a00000, 0x00000000e2a00000|100%| O|  |TAMS 0x00000000e2a00000, 0x00000000e2900000| Updating 
| 298|0x00000000e2a00000, 0x00000000e2b00000, 0x00000000e2b00000|100%| O|  |TAMS 0x00000000e2b00000, 0x00000000e2a00000| Updating 
| 299|0x00000000e2b00000, 0x00000000e2c00000, 0x00000000e2c00000|100%|HS|  |TAMS 0x00000000e2c00000, 0x00000000e2b00000| Complete 
| 300|0x00000000e2c00000, 0x00000000e2d00000, 0x00000000e2d00000|100%| O|  |TAMS 0x00000000e2d00000, 0x00000000e2c00000| Untracked 
| 301|0x00000000e2d00000, 0x00000000e2e00000, 0x00000000e2e00000|100%| O|  |TAMS 0x00000000e2e00000, 0x00000000e2d00000| Untracked 
| 302|0x00000000e2e00000, 0x00000000e2f00000, 0x00000000e2f00000|100%| O|  |TAMS 0x00000000e2f00000, 0x00000000e2e00000| Untracked 
| 303|0x00000000e2f00000, 0x00000000e3000000, 0x00000000e3000000|100%| O|  |TAMS 0x00000000e3000000, 0x00000000e2f00000| Untracked 
| 304|0x00000000e3000000, 0x00000000e3100000, 0x00000000e3100000|100%| O|  |TAMS 0x00000000e3100000, 0x00000000e3000000| Untracked 
| 305|0x00000000e3100000, 0x00000000e3200000, 0x00000000e3200000|100%| O|  |TAMS 0x00000000e3200000, 0x00000000e3100000| Untracked 
| 306|0x00000000e3200000, 0x00000000e3300000, 0x00000000e3300000|100%| O|  |TAMS 0x00000000e3300000, 0x00000000e3200000| Untracked 
| 307|0x00000000e3300000, 0x00000000e3400000, 0x00000000e3400000|100%| O|  |TAMS 0x00000000e3400000, 0x00000000e3300000| Untracked 
| 308|0x00000000e3400000, 0x00000000e3500000, 0x00000000e3500000|100%| O|  |TAMS 0x00000000e3500000, 0x00000000e3400000| Untracked 
| 309|0x00000000e3500000, 0x00000000e3600000, 0x00000000e3600000|100%| O|  |TAMS 0x00000000e3600000, 0x00000000e3500000| Untracked 
| 310|0x00000000e3600000, 0x00000000e3700000, 0x00000000e3700000|100%| O|  |TAMS 0x00000000e3700000, 0x00000000e3600000| Untracked 
| 311|0x00000000e3700000, 0x00000000e3800000, 0x00000000e3800000|100%| O|  |TAMS 0x00000000e3800000, 0x00000000e3700000| Untracked 
| 312|0x00000000e3800000, 0x00000000e3900000, 0x00000000e3900000|100%| O|  |TAMS 0x00000000e3900000, 0x00000000e3800000| Untracked 
| 313|0x00000000e3900000, 0x00000000e3a00000, 0x00000000e3a00000|100%| O|  |TAMS 0x00000000e3a00000, 0x00000000e3900000| Untracked 
| 314|0x00000000e3a00000, 0x00000000e3b00000, 0x00000000e3b00000|100%| O|  |TAMS 0x00000000e3b00000, 0x00000000e3a00000| Untracked 
| 315|0x00000000e3b00000, 0x00000000e3c00000, 0x00000000e3c00000|100%| O|  |TAMS 0x00000000e3c00000, 0x00000000e3b00000| Untracked 
| 316|0x00000000e3c00000, 0x00000000e3d00000, 0x00000000e3d00000|100%| O|  |TAMS 0x00000000e3d00000, 0x00000000e3c00000| Untracked 
| 317|0x00000000e3d00000, 0x00000000e3e00000, 0x00000000e3e00000|100%| O|  |TAMS 0x00000000e3e00000, 0x00000000e3d00000| Updating 
| 318|0x00000000e3e00000, 0x00000000e3f00000, 0x00000000e3f00000|100%| O|  |TAMS 0x00000000e3f00000, 0x00000000e3e00000| Untracked 
| 319|0x00000000e3f00000, 0x00000000e4000000, 0x00000000e4000000|100%| O|  |TAMS 0x00000000e4000000, 0x00000000e3f00000| Untracked 
| 320|0x00000000e4000000, 0x00000000e4100000, 0x00000000e4100000|100%| O|  |TAMS 0x00000000e4100000, 0x00000000e4000000| Untracked 
| 321|0x00000000e4100000, 0x00000000e4200000, 0x00000000e4200000|100%| O|  |TAMS 0x00000000e4200000, 0x00000000e4100000| Untracked 
| 322|0x00000000e4200000, 0x00000000e4300000, 0x00000000e4300000|100%| O|  |TAMS 0x00000000e4300000, 0x00000000e4200000| Untracked 
| 323|0x00000000e4300000, 0x00000000e4400000, 0x00000000e4400000|100%| O|  |TAMS 0x00000000e4400000, 0x00000000e4300000| Untracked 
| 324|0x00000000e4400000, 0x00000000e4500000, 0x00000000e4500000|100%| O|  |TAMS 0x00000000e4500000, 0x00000000e4400000| Untracked 
| 325|0x00000000e4500000, 0x00000000e4600000, 0x00000000e4600000|100%| O|  |TAMS 0x00000000e4600000, 0x00000000e4500000| Untracked 
| 326|0x00000000e4600000, 0x00000000e4700000, 0x00000000e4700000|100%| O|  |TAMS 0x00000000e4700000, 0x00000000e4600000| Untracked 
| 327|0x00000000e4700000, 0x00000000e4800000, 0x00000000e4800000|100%| O|  |TAMS 0x00000000e4800000, 0x00000000e4700000| Untracked 
| 328|0x00000000e4800000, 0x00000000e4900000, 0x00000000e4900000|100%| O|  |TAMS 0x00000000e4900000, 0x00000000e4800000| Untracked 
| 329|0x00000000e4900000, 0x00000000e4a00000, 0x00000000e4a00000|100%| O|  |TAMS 0x00000000e4a00000, 0x00000000e4900000| Untracked 
| 330|0x00000000e4a00000, 0x00000000e4b00000, 0x00000000e4b00000|100%| O|  |TAMS 0x00000000e4b00000, 0x00000000e4a00000| Untracked 
| 331|0x00000000e4b00000, 0x00000000e4c00000, 0x00000000e4c00000|100%| O|  |TAMS 0x00000000e4c00000, 0x00000000e4b00000| Untracked 
| 332|0x00000000e4c00000, 0x00000000e4d00000, 0x00000000e4d00000|100%| O|  |TAMS 0x00000000e4d00000, 0x00000000e4c00000| Untracked 
| 333|0x00000000e4d00000, 0x00000000e4e00000, 0x00000000e4e00000|100%| O|  |TAMS 0x00000000e4e00000, 0x00000000e4d00000| Untracked 
| 334|0x00000000e4e00000, 0x00000000e4f00000, 0x00000000e4f00000|100%| O|  |TAMS 0x00000000e4f00000, 0x00000000e4e00000| Untracked 
| 335|0x00000000e4f00000, 0x00000000e5000000, 0x00000000e5000000|100%| O|  |TAMS 0x00000000e5000000, 0x00000000e4f00000| Untracked 
| 336|0x00000000e5000000, 0x00000000e5100000, 0x00000000e5100000|100%| O|  |TAMS 0x00000000e5100000, 0x00000000e5000000| Untracked 
| 337|0x00000000e5100000, 0x00000000e5200000, 0x00000000e5200000|100%| O|  |TAMS 0x00000000e5200000, 0x00000000e5100000| Updating 
| 338|0x00000000e5200000, 0x00000000e5300000, 0x00000000e5300000|100%| O|  |TAMS 0x00000000e5300000, 0x00000000e5200000| Untracked 
| 339|0x00000000e5300000, 0x00000000e5400000, 0x00000000e5400000|100%| O|  |TAMS 0x00000000e5400000, 0x00000000e5300000| Untracked 
| 340|0x00000000e5400000, 0x00000000e5500000, 0x00000000e5500000|100%| O|  |TAMS 0x00000000e5500000, 0x00000000e5400000| Untracked 
| 341|0x00000000e5500000, 0x00000000e5600000, 0x00000000e5600000|100%| O|  |TAMS 0x00000000e5600000, 0x00000000e5500000| Untracked 
| 342|0x00000000e5600000, 0x00000000e5700000, 0x00000000e5700000|100%| O|  |TAMS 0x00000000e5700000, 0x00000000e5600000| Untracked 
| 343|0x00000000e5700000, 0x00000000e5800000, 0x00000000e5800000|100%| O|  |TAMS 0x00000000e5800000, 0x00000000e5700000| Untracked 
| 344|0x00000000e5800000, 0x00000000e5900000, 0x00000000e5900000|100%| O|  |TAMS 0x00000000e5900000, 0x00000000e5800000| Untracked 
| 345|0x00000000e5900000, 0x00000000e5a00000, 0x00000000e5a00000|100%| O|  |TAMS 0x00000000e5a00000, 0x00000000e5900000| Untracked 
| 346|0x00000000e5a00000, 0x00000000e5b00000, 0x00000000e5b00000|100%| O|  |TAMS 0x00000000e5b00000, 0x00000000e5a00000| Untracked 
| 347|0x00000000e5b00000, 0x00000000e5c00000, 0x00000000e5c00000|100%| O|  |TAMS 0x00000000e5c00000, 0x00000000e5b00000| Untracked 
| 348|0x00000000e5c00000, 0x00000000e5d00000, 0x00000000e5d00000|100%| O|  |TAMS 0x00000000e5d00000, 0x00000000e5c00000| Untracked 
| 349|0x00000000e5d00000, 0x00000000e5e00000, 0x00000000e5e00000|100%| O|  |TAMS 0x00000000e5e00000, 0x00000000e5d00000| Untracked 
| 350|0x00000000e5e00000, 0x00000000e5f00000, 0x00000000e5f00000|100%| O|  |TAMS 0x00000000e5f00000, 0x00000000e5e00000| Untracked 
| 351|0x00000000e5f00000, 0x00000000e6000000, 0x00000000e6000000|100%| O|  |TAMS 0x00000000e6000000, 0x00000000e5f00000| Untracked 
| 352|0x00000000e6000000, 0x00000000e6100000, 0x00000000e6100000|100%| O|  |TAMS 0x00000000e6100000, 0x00000000e6000000| Untracked 
| 353|0x00000000e6100000, 0x00000000e6200000, 0x00000000e6200000|100%| O|  |TAMS 0x00000000e6200000, 0x00000000e6100000| Untracked 
| 354|0x00000000e6200000, 0x00000000e6300000, 0x00000000e6300000|100%| O|  |TAMS 0x00000000e6300000, 0x00000000e6200000| Untracked 
| 355|0x00000000e6300000, 0x00000000e6400000, 0x00000000e6400000|100%| O|  |TAMS 0x00000000e6400000, 0x00000000e6300000| Untracked 
| 356|0x00000000e6400000, 0x00000000e6500000, 0x00000000e6500000|100%| O|  |TAMS 0x00000000e6500000, 0x00000000e6400000| Untracked 
| 357|0x00000000e6500000, 0x00000000e6600000, 0x00000000e6600000|100%| O|  |TAMS 0x00000000e6600000, 0x00000000e6500000| Untracked 
| 358|0x00000000e6600000, 0x00000000e6700000, 0x00000000e6700000|100%| O|  |TAMS 0x00000000e6700000, 0x00000000e6600000| Untracked 
| 359|0x00000000e6700000, 0x00000000e6800000, 0x00000000e6800000|100%| O|  |TAMS 0x00000000e6800000, 0x00000000e6700000| Untracked 
| 360|0x00000000e6800000, 0x00000000e6900000, 0x00000000e6900000|100%| O|  |TAMS 0x00000000e6900000, 0x00000000e6800000| Untracked 
| 361|0x00000000e6900000, 0x00000000e6a00000, 0x00000000e6a00000|100%| O|  |TAMS 0x00000000e6a00000, 0x00000000e6900000| Updating 
| 362|0x00000000e6a00000, 0x00000000e6b00000, 0x00000000e6b00000|100%| O|  |TAMS 0x00000000e6b00000, 0x00000000e6a00000| Untracked 
| 363|0x00000000e6b00000, 0x00000000e6c00000, 0x00000000e6c00000|100%| O|  |TAMS 0x00000000e6c00000, 0x00000000e6b00000| Untracked 
| 364|0x00000000e6c00000, 0x00000000e6d00000, 0x00000000e6d00000|100%| O|  |TAMS 0x00000000e6d00000, 0x00000000e6c00000| Untracked 
| 365|0x00000000e6d00000, 0x00000000e6e00000, 0x00000000e6e00000|100%| O|  |TAMS 0x00000000e6e00000, 0x00000000e6d00000| Untracked 
| 366|0x00000000e6e00000, 0x00000000e6f00000, 0x00000000e6f00000|100%| O|  |TAMS 0x00000000e6f00000, 0x00000000e6e00000| Untracked 
| 367|0x00000000e6f00000, 0x00000000e7000000, 0x00000000e7000000|100%| O|  |TAMS 0x00000000e7000000, 0x00000000e6f00000| Untracked 
| 368|0x00000000e7000000, 0x00000000e7100000, 0x00000000e7100000|100%| O|  |TAMS 0x00000000e7100000, 0x00000000e7000000| Untracked 
| 369|0x00000000e7100000, 0x00000000e7200000, 0x00000000e7200000|100%| O|  |TAMS 0x00000000e7200000, 0x00000000e7100000| Untracked 
| 370|0x00000000e7200000, 0x00000000e7300000, 0x00000000e7300000|100%| O|  |TAMS 0x00000000e7300000, 0x00000000e7200000| Untracked 
| 371|0x00000000e7300000, 0x00000000e7400000, 0x00000000e7400000|100%| O|  |TAMS 0x00000000e7400000, 0x00000000e7300000| Untracked 
| 372|0x00000000e7400000, 0x00000000e7500000, 0x00000000e7500000|100%| O|  |TAMS 0x00000000e7500000, 0x00000000e7400000| Untracked 
| 373|0x00000000e7500000, 0x00000000e7600000, 0x00000000e7600000|100%| O|  |TAMS 0x00000000e7600000, 0x00000000e7500000| Untracked 
| 374|0x00000000e7600000, 0x00000000e7700000, 0x00000000e7700000|100%| O|  |TAMS 0x00000000e7700000, 0x00000000e7600000| Untracked 
| 375|0x00000000e7700000, 0x00000000e7800000, 0x00000000e7800000|100%| O|  |TAMS 0x00000000e7800000, 0x00000000e7700000| Untracked 
| 376|0x00000000e7800000, 0x00000000e7900000, 0x00000000e7900000|100%| O|  |TAMS 0x00000000e7900000, 0x00000000e7800000| Untracked 
| 377|0x00000000e7900000, 0x00000000e7a00000, 0x00000000e7a00000|100%| O|  |TAMS 0x00000000e7a00000, 0x00000000e7900000| Untracked 
| 378|0x00000000e7a00000, 0x00000000e7b00000, 0x00000000e7b00000|100%| O|  |TAMS 0x00000000e7b00000, 0x00000000e7a00000| Untracked 
| 379|0x00000000e7b00000, 0x00000000e7c00000, 0x00000000e7c00000|100%| O|  |TAMS 0x00000000e7c00000, 0x00000000e7b00000| Untracked 
| 380|0x00000000e7c00000, 0x00000000e7d00000, 0x00000000e7d00000|100%| O|  |TAMS 0x00000000e7d00000, 0x00000000e7c00000| Untracked 
| 381|0x00000000e7d00000, 0x00000000e7e00000, 0x00000000e7e00000|100%| O|  |TAMS 0x00000000e7e00000, 0x00000000e7d00000| Untracked 
| 382|0x00000000e7e00000, 0x00000000e7f00000, 0x00000000e7f00000|100%| O|  |TAMS 0x00000000e7f00000, 0x00000000e7e00000| Updating 
| 383|0x00000000e7f00000, 0x00000000e8000000, 0x00000000e8000000|100%| O|  |TAMS 0x00000000e7f00000, 0x00000000e7f00000| Untracked 
| 384|0x00000000e8000000, 0x00000000e8100000, 0x00000000e8100000|100%| O|  |TAMS 0x00000000e8000000, 0x00000000e8000000| Untracked 
| 385|0x00000000e8100000, 0x00000000e8200000, 0x00000000e8200000|100%| O|  |TAMS 0x00000000e8100000, 0x00000000e8100000| Untracked 
| 386|0x00000000e8200000, 0x00000000e8300000, 0x00000000e8300000|100%| O|  |TAMS 0x00000000e8200000, 0x00000000e8200000| Untracked 
| 387|0x00000000e8300000, 0x00000000e8400000, 0x00000000e8400000|100%| O|  |TAMS 0x00000000e8300000, 0x00000000e8300000| Untracked 
| 388|0x00000000e8400000, 0x00000000e8500000, 0x00000000e8500000|100%| O|  |TAMS 0x00000000e8400000, 0x00000000e8400000| Untracked 
| 389|0x00000000e8500000, 0x00000000e8600000, 0x00000000e8600000|100%| O|  |TAMS 0x00000000e8500000, 0x00000000e8500000| Untracked 
| 390|0x00000000e8600000, 0x00000000e8700000, 0x00000000e8700000|100%| O|  |TAMS 0x00000000e8600000, 0x00000000e8600000| Untracked 
| 391|0x00000000e8700000, 0x00000000e8800000, 0x00000000e8800000|100%| O|  |TAMS 0x00000000e8700000, 0x00000000e8700000| Untracked 
| 392|0x00000000e8800000, 0x00000000e8900000, 0x00000000e8900000|100%| O|  |TAMS 0x00000000e8800000, 0x00000000e8800000| Untracked 
| 393|0x00000000e8900000, 0x00000000e8a00000, 0x00000000e8a00000|100%| O|  |TAMS 0x00000000e8900000, 0x00000000e8900000| Untracked 
| 394|0x00000000e8a00000, 0x00000000e8b00000, 0x00000000e8b00000|100%| O|  |TAMS 0x00000000e8a00000, 0x00000000e8a00000| Untracked 
| 395|0x00000000e8b00000, 0x00000000e8c00000, 0x00000000e8c00000|100%| O|  |TAMS 0x00000000e8b00000, 0x00000000e8b00000| Untracked 
| 396|0x00000000e8c00000, 0x00000000e8d00000, 0x00000000e8d00000|100%| O|  |TAMS 0x00000000e8c00000, 0x00000000e8c00000| Untracked 
| 397|0x00000000e8d00000, 0x00000000e8e00000, 0x00000000e8e00000|100%| O|  |TAMS 0x00000000e8d00000, 0x00000000e8d00000| Untracked 
| 398|0x00000000e8e00000, 0x00000000e8f00000, 0x00000000e8f00000|100%| O|  |TAMS 0x00000000e8e00000, 0x00000000e8e00000| Untracked 
| 399|0x00000000e8f00000, 0x00000000e9000000, 0x00000000e9000000|100%| O|  |TAMS 0x00000000e8f00000, 0x00000000e8f00000| Untracked 
| 400|0x00000000e9000000, 0x00000000e9100000, 0x00000000e9100000|100%| O|  |TAMS 0x00000000e9000000, 0x00000000e9000000| Untracked 
| 401|0x00000000e9100000, 0x00000000e9200000, 0x00000000e9200000|100%| O|  |TAMS 0x00000000e9100000, 0x00000000e9100000| Untracked 
| 402|0x00000000e9200000, 0x00000000e9300000, 0x00000000e9300000|100%| O|  |TAMS 0x00000000e9200000, 0x00000000e9200000| Untracked 
| 403|0x00000000e9300000, 0x00000000e9400000, 0x00000000e9400000|100%| O|  |TAMS 0x00000000e9300000, 0x00000000e9300000| Untracked 
| 404|0x00000000e9400000, 0x00000000e9500000, 0x00000000e9500000|100%| O|  |TAMS 0x00000000e9400000, 0x00000000e9400000| Untracked 
| 405|0x00000000e9500000, 0x00000000e9600000, 0x00000000e9600000|100%| O|  |TAMS 0x00000000e9500000, 0x00000000e9500000| Untracked 
| 406|0x00000000e9600000, 0x00000000e9700000, 0x00000000e9700000|100%| O|  |TAMS 0x00000000e9600000, 0x00000000e9600000| Untracked 
| 407|0x00000000e9700000, 0x00000000e9800000, 0x00000000e9800000|100%| O|  |TAMS 0x00000000e9700000, 0x00000000e9700000| Untracked 
| 408|0x00000000e9800000, 0x00000000e9900000, 0x00000000e9900000|100%| O|  |TAMS 0x00000000e9800000, 0x00000000e9800000| Untracked 
| 409|0x00000000e9900000, 0x00000000e9a00000, 0x00000000e9a00000|100%| O|  |TAMS 0x00000000e9900000, 0x00000000e9900000| Untracked 
| 410|0x00000000e9a00000, 0x00000000e9b00000, 0x00000000e9b00000|100%| O|  |TAMS 0x00000000e9a00000, 0x00000000e9a00000| Untracked 
| 411|0x00000000e9b00000, 0x00000000e9c00000, 0x00000000e9c00000|100%| O|  |TAMS 0x00000000e9b00000, 0x00000000e9b00000| Untracked 
| 412|0x00000000e9c00000, 0x00000000e9d00000, 0x00000000e9d00000|100%| O|  |TAMS 0x00000000e9c00000, 0x00000000e9c00000| Untracked 
| 413|0x00000000e9d00000, 0x00000000e9e00000, 0x00000000e9e00000|100%| O|  |TAMS 0x00000000e9d00000, 0x00000000e9d00000| Untracked 
| 414|0x00000000e9e00000, 0x00000000e9f00000, 0x00000000e9f00000|100%| O|  |TAMS 0x00000000e9e00000, 0x00000000e9e00000| Untracked 
| 415|0x00000000e9f00000, 0x00000000ea000000, 0x00000000ea000000|100%| O|  |TAMS 0x00000000e9f00000, 0x00000000e9f00000| Untracked 
| 416|0x00000000ea000000, 0x00000000ea100000, 0x00000000ea100000|100%| O|  |TAMS 0x00000000ea000000, 0x00000000ea000000| Untracked 
| 417|0x00000000ea100000, 0x00000000ea200000, 0x00000000ea200000|100%| O|  |TAMS 0x00000000ea100000, 0x00000000ea100000| Untracked 
| 418|0x00000000ea200000, 0x00000000ea300000, 0x00000000ea300000|100%| O|  |TAMS 0x00000000ea200000, 0x00000000ea200000| Untracked 
| 419|0x00000000ea300000, 0x00000000ea400000, 0x00000000ea400000|100%| O|  |TAMS 0x00000000ea300000, 0x00000000ea300000| Untracked 
| 420|0x00000000ea400000, 0x00000000ea500000, 0x00000000ea500000|100%| O|  |TAMS 0x00000000ea400000, 0x00000000ea400000| Untracked 
| 421|0x00000000ea500000, 0x00000000ea600000, 0x00000000ea600000|100%| O|  |TAMS 0x00000000ea500000, 0x00000000ea500000| Untracked 
| 422|0x00000000ea600000, 0x00000000ea700000, 0x00000000ea700000|100%| O|  |TAMS 0x00000000ea600000, 0x00000000ea600000| Untracked 
| 423|0x00000000ea700000, 0x00000000ea800000, 0x00000000ea800000|100%| O|  |TAMS 0x00000000ea700000, 0x00000000ea700000| Untracked 
| 424|0x00000000ea800000, 0x00000000ea900000, 0x00000000ea900000|100%| O|  |TAMS 0x00000000ea800000, 0x00000000ea800000| Untracked 
| 425|0x00000000ea900000, 0x00000000eaa00000, 0x00000000eaa00000|100%| O|  |TAMS 0x00000000ea900000, 0x00000000ea900000| Untracked 
| 426|0x00000000eaa00000, 0x00000000eab00000, 0x00000000eab00000|100%| O|  |TAMS 0x00000000eaa00000, 0x00000000eaa00000| Untracked 
| 427|0x00000000eab00000, 0x00000000eac00000, 0x00000000eac00000|100%| O|  |TAMS 0x00000000eab00000, 0x00000000eab00000| Untracked 
| 428|0x00000000eac00000, 0x00000000ead00000, 0x00000000ead00000|100%| O|  |TAMS 0x00000000eac00000, 0x00000000eac00000| Untracked 
| 429|0x00000000ead00000, 0x00000000eae00000, 0x00000000eae00000|100%| O|  |TAMS 0x00000000ead00000, 0x00000000ead00000| Untracked 
| 430|0x00000000eae00000, 0x00000000eaf00000, 0x00000000eaf00000|100%| O|  |TAMS 0x00000000eae00000, 0x00000000eae00000| Untracked 
| 431|0x00000000eaf00000, 0x00000000eb000000, 0x00000000eb000000|100%| O|  |TAMS 0x00000000eaf00000, 0x00000000eaf00000| Untracked 
| 432|0x00000000eb000000, 0x00000000eb100000, 0x00000000eb100000|100%| O|  |TAMS 0x00000000eb000000, 0x00000000eb000000| Untracked 
| 433|0x00000000eb100000, 0x00000000eb200000, 0x00000000eb200000|100%| O|  |TAMS 0x00000000eb100000, 0x00000000eb100000| Untracked 
| 434|0x00000000eb200000, 0x00000000eb300000, 0x00000000eb300000|100%| O|  |TAMS 0x00000000eb200000, 0x00000000eb200000| Untracked 
| 435|0x00000000eb300000, 0x00000000eb400000, 0x00000000eb400000|100%| O|  |TAMS 0x00000000eb300000, 0x00000000eb300000| Untracked 
| 436|0x00000000eb400000, 0x00000000eb500000, 0x00000000eb500000|100%| O|  |TAMS 0x00000000eb400000, 0x00000000eb400000| Untracked 
| 437|0x00000000eb500000, 0x00000000eb600000, 0x00000000eb600000|100%| O|  |TAMS 0x00000000eb500000, 0x00000000eb500000| Untracked 
| 438|0x00000000eb600000, 0x00000000eb700000, 0x00000000eb700000|100%| O|  |TAMS 0x00000000eb600000, 0x00000000eb600000| Untracked 
| 439|0x00000000eb700000, 0x00000000eb800000, 0x00000000eb800000|100%| O|  |TAMS 0x00000000eb700000, 0x00000000eb700000| Untracked 
| 440|0x00000000eb800000, 0x00000000eb900000, 0x00000000eb900000|100%| O|  |TAMS 0x00000000eb800000, 0x00000000eb800000| Untracked 
| 441|0x00000000eb900000, 0x00000000eba00000, 0x00000000eba00000|100%| O|  |TAMS 0x00000000eb900000, 0x00000000eb900000| Untracked 
| 442|0x00000000eba00000, 0x00000000ebb00000, 0x00000000ebb00000|100%| O|  |TAMS 0x00000000eba00000, 0x00000000eba00000| Untracked 
| 443|0x00000000ebb00000, 0x00000000ebc00000, 0x00000000ebc00000|100%| O|  |TAMS 0x00000000ebb00000, 0x00000000ebb00000| Untracked 
| 444|0x00000000ebc00000, 0x00000000ebd00000, 0x00000000ebd00000|100%| O|  |TAMS 0x00000000ebc00000, 0x00000000ebc00000| Untracked 
| 445|0x00000000ebd00000, 0x00000000ebe00000, 0x00000000ebe00000|100%| O|  |TAMS 0x00000000ebd00000, 0x00000000ebd00000| Untracked 
| 446|0x00000000ebe00000, 0x00000000ebf00000, 0x00000000ebf00000|100%| O|  |TAMS 0x00000000ebe00000, 0x00000000ebe00000| Untracked 
| 447|0x00000000ebf00000, 0x00000000ec000000, 0x00000000ec000000|100%| O|  |TAMS 0x00000000ebf00000, 0x00000000ebf00000| Untracked 
| 448|0x00000000ec000000, 0x00000000ec100000, 0x00000000ec100000|100%| O|  |TAMS 0x00000000ec000000, 0x00000000ec000000| Untracked 
| 449|0x00000000ec100000, 0x00000000ec200000, 0x00000000ec200000|100%| O|  |TAMS 0x00000000ec100000, 0x00000000ec100000| Untracked 
| 450|0x00000000ec200000, 0x00000000ec300000, 0x00000000ec300000|100%| O|  |TAMS 0x00000000ec200000, 0x00000000ec200000| Untracked 
| 451|0x00000000ec300000, 0x00000000ec400000, 0x00000000ec400000|100%| O|  |TAMS 0x00000000ec300000, 0x00000000ec300000| Untracked 
| 452|0x00000000ec400000, 0x00000000ec500000, 0x00000000ec500000|100%| O|  |TAMS 0x00000000ec400000, 0x00000000ec400000| Untracked 
| 453|0x00000000ec500000, 0x00000000ec600000, 0x00000000ec600000|100%| O|  |TAMS 0x00000000ec500000, 0x00000000ec500000| Untracked 
| 454|0x00000000ec600000, 0x00000000ec700000, 0x00000000ec700000|100%| O|  |TAMS 0x00000000ec600000, 0x00000000ec600000| Untracked 
| 455|0x00000000ec700000, 0x00000000ec800000, 0x00000000ec800000|100%| O|  |TAMS 0x00000000ec700000, 0x00000000ec700000| Untracked 
| 456|0x00000000ec800000, 0x00000000ec900000, 0x00000000ec900000|100%| O|  |TAMS 0x00000000ec800000, 0x00000000ec800000| Untracked 
| 457|0x00000000ec900000, 0x00000000eca00000, 0x00000000eca00000|100%| O|  |TAMS 0x00000000ec900000, 0x00000000ec900000| Untracked 
| 458|0x00000000eca00000, 0x00000000ecb00000, 0x00000000ecb00000|100%| O|  |TAMS 0x00000000eca00000, 0x00000000eca00000| Untracked 
| 459|0x00000000ecb00000, 0x00000000ecc00000, 0x00000000ecc00000|100%| O|  |TAMS 0x00000000ecb00000, 0x00000000ecb00000| Untracked 
| 460|0x00000000ecc00000, 0x00000000ecd00000, 0x00000000ecd00000|100%| O|  |TAMS 0x00000000ecc00000, 0x00000000ecc00000| Untracked 
| 461|0x00000000ecd00000, 0x00000000ece00000, 0x00000000ece00000|100%| O|  |TAMS 0x00000000ecd00000, 0x00000000ecd00000| Untracked 
| 462|0x00000000ece00000, 0x00000000ecf00000, 0x00000000ecf00000|100%| O|  |TAMS 0x00000000ece00000, 0x00000000ece00000| Untracked 
| 463|0x00000000ecf00000, 0x00000000ed000000, 0x00000000ed000000|100%| O|  |TAMS 0x00000000ecf00000, 0x00000000ecf00000| Untracked 
| 464|0x00000000ed000000, 0x00000000ed100000, 0x00000000ed100000|100%| O|  |TAMS 0x00000000ed000000, 0x00000000ed000000| Untracked 
| 465|0x00000000ed100000, 0x00000000ed200000, 0x00000000ed200000|100%| O|  |TAMS 0x00000000ed100000, 0x00000000ed100000| Untracked 
| 466|0x00000000ed200000, 0x00000000ed300000, 0x00000000ed300000|100%| O|  |TAMS 0x00000000ed200000, 0x00000000ed200000| Untracked 
| 467|0x00000000ed300000, 0x00000000ed400000, 0x00000000ed400000|100%| O|  |TAMS 0x00000000ed300000, 0x00000000ed300000| Untracked 
| 468|0x00000000ed400000, 0x00000000ed500000, 0x00000000ed500000|100%| O|  |TAMS 0x00000000ed400000, 0x00000000ed400000| Untracked 
| 469|0x00000000ed500000, 0x00000000ed600000, 0x00000000ed600000|100%| O|  |TAMS 0x00000000ed500000, 0x00000000ed500000| Untracked 
| 470|0x00000000ed600000, 0x00000000ed700000, 0x00000000ed700000|100%| O|  |TAMS 0x00000000ed600000, 0x00000000ed600000| Untracked 
| 471|0x00000000ed700000, 0x00000000ed780000, 0x00000000ed800000| 50%| O|  |TAMS 0x00000000ed700000, 0x00000000ed700000| Updating 
| 472|0x00000000ed800000, 0x00000000ed800000, 0x00000000ed900000|  0%| F|  |TAMS 0x00000000ed800000, 0x00000000ed800000| Untracked 
| 473|0x00000000ed900000, 0x00000000ed900000, 0x00000000eda00000|  0%| F|  |TAMS 0x00000000ed900000, 0x00000000ed900000| Untracked 
| 474|0x00000000eda00000, 0x00000000eda00000, 0x00000000edb00000|  0%| F|  |TAMS 0x00000000eda00000, 0x00000000eda00000| Untracked 
| 475|0x00000000edb00000, 0x00000000edb00000, 0x00000000edc00000|  0%| F|  |TAMS 0x00000000edb00000, 0x00000000edb00000| Untracked 
| 476|0x00000000edc00000, 0x00000000edc00000, 0x00000000edd00000|  0%| F|  |TAMS 0x00000000edc00000, 0x00000000edc00000| Untracked 
| 477|0x00000000edd00000, 0x00000000edd00000, 0x00000000ede00000|  0%| F|  |TAMS 0x00000000edd00000, 0x00000000edd00000| Untracked 
| 478|0x00000000ede00000, 0x00000000ede00000, 0x00000000edf00000|  0%| F|  |TAMS 0x00000000ede00000, 0x00000000ede00000| Untracked 
| 479|0x00000000edf00000, 0x00000000edf00000, 0x00000000ee000000|  0%| F|  |TAMS 0x00000000edf00000, 0x00000000edf00000| Untracked 
| 480|0x00000000ee000000, 0x00000000ee000000, 0x00000000ee100000|  0%| F|  |TAMS 0x00000000ee000000, 0x00000000ee000000| Untracked 
| 481|0x00000000ee100000, 0x00000000ee100000, 0x00000000ee200000|  0%| F|  |TAMS 0x00000000ee100000, 0x00000000ee100000| Untracked 
| 482|0x00000000ee200000, 0x00000000ee200000, 0x00000000ee300000|  0%| F|  |TAMS 0x00000000ee200000, 0x00000000ee200000| Untracked 
| 483|0x00000000ee300000, 0x00000000ee300000, 0x00000000ee400000|  0%| F|  |TAMS 0x00000000ee300000, 0x00000000ee300000| Untracked 
| 484|0x00000000ee400000, 0x00000000ee400000, 0x00000000ee500000|  0%| F|  |TAMS 0x00000000ee400000, 0x00000000ee400000| Untracked 
| 485|0x00000000ee500000, 0x00000000ee500000, 0x00000000ee600000|  0%| F|  |TAMS 0x00000000ee500000, 0x00000000ee500000| Untracked 
| 486|0x00000000ee600000, 0x00000000ee600000, 0x00000000ee700000|  0%| F|  |TAMS 0x00000000ee600000, 0x00000000ee600000| Untracked 
| 487|0x00000000ee700000, 0x00000000ee700000, 0x00000000ee800000|  0%| F|  |TAMS 0x00000000ee700000, 0x00000000ee700000| Untracked 
| 488|0x00000000ee800000, 0x00000000ee800000, 0x00000000ee900000|  0%| F|  |TAMS 0x00000000ee800000, 0x00000000ee800000| Untracked 
| 489|0x00000000ee900000, 0x00000000ee900000, 0x00000000eea00000|  0%| F|  |TAMS 0x00000000ee900000, 0x00000000ee900000| Untracked 
| 490|0x00000000eea00000, 0x00000000eea00000, 0x00000000eeb00000|  0%| F|  |TAMS 0x00000000eea00000, 0x00000000eea00000| Untracked 
| 491|0x00000000eeb00000, 0x00000000eeb00000, 0x00000000eec00000|  0%| F|  |TAMS 0x00000000eeb00000, 0x00000000eeb00000| Untracked 
| 492|0x00000000eec00000, 0x00000000eec00000, 0x00000000eed00000|  0%| F|  |TAMS 0x00000000eec00000, 0x00000000eec00000| Untracked 
| 493|0x00000000eed00000, 0x00000000eed00000, 0x00000000eee00000|  0%| F|  |TAMS 0x00000000eed00000, 0x00000000eed00000| Untracked 
| 494|0x00000000eee00000, 0x00000000eee00000, 0x00000000eef00000|  0%| F|  |TAMS 0x00000000eee00000, 0x00000000eee00000| Untracked 
| 495|0x00000000eef00000, 0x00000000eef00000, 0x00000000ef000000|  0%| F|  |TAMS 0x00000000eef00000, 0x00000000eef00000| Untracked 
| 496|0x00000000ef000000, 0x00000000ef000000, 0x00000000ef100000|  0%| F|  |TAMS 0x00000000ef000000, 0x00000000ef000000| Untracked 
| 497|0x00000000ef100000, 0x00000000ef100000, 0x00000000ef200000|  0%| F|  |TAMS 0x00000000ef100000, 0x00000000ef100000| Untracked 
| 498|0x00000000ef200000, 0x00000000ef200000, 0x00000000ef300000|  0%| F|  |TAMS 0x00000000ef200000, 0x00000000ef200000| Untracked 
| 499|0x00000000ef300000, 0x00000000ef300000, 0x00000000ef400000|  0%| F|  |TAMS 0x00000000ef300000, 0x00000000ef300000| Untracked 
| 500|0x00000000ef400000, 0x00000000ef400000, 0x00000000ef500000|  0%| F|  |TAMS 0x00000000ef400000, 0x00000000ef400000| Untracked 
| 501|0x00000000ef500000, 0x00000000ef500000, 0x00000000ef600000|  0%| F|  |TAMS 0x00000000ef500000, 0x00000000ef500000| Untracked 
| 502|0x00000000ef600000, 0x00000000ef600000, 0x00000000ef700000|  0%| F|  |TAMS 0x00000000ef600000, 0x00000000ef600000| Untracked 
| 503|0x00000000ef700000, 0x00000000ef700000, 0x00000000ef800000|  0%| F|  |TAMS 0x00000000ef700000, 0x00000000ef700000| Untracked 
| 504|0x00000000ef800000, 0x00000000ef800000, 0x00000000ef900000|  0%| F|  |TAMS 0x00000000ef800000, 0x00000000ef800000| Untracked 
| 505|0x00000000ef900000, 0x00000000ef900000, 0x00000000efa00000|  0%| F|  |TAMS 0x00000000ef900000, 0x00000000ef900000| Untracked 
| 506|0x00000000efa00000, 0x00000000efa00000, 0x00000000efb00000|  0%| F|  |TAMS 0x00000000efa00000, 0x00000000efa00000| Untracked 
| 507|0x00000000efb00000, 0x00000000efb00000, 0x00000000efc00000|  0%| F|  |TAMS 0x00000000efb00000, 0x00000000efb00000| Untracked 
| 508|0x00000000efc00000, 0x00000000efc00000, 0x00000000efd00000|  0%| F|  |TAMS 0x00000000efc00000, 0x00000000efc00000| Untracked 
| 509|0x00000000efd00000, 0x00000000efd00000, 0x00000000efe00000|  0%| F|  |TAMS 0x00000000efd00000, 0x00000000efd00000| Untracked 
| 510|0x00000000efe00000, 0x00000000efe00000, 0x00000000eff00000|  0%| F|  |TAMS 0x00000000efe00000, 0x00000000efe00000| Untracked 
| 511|0x00000000eff00000, 0x00000000eff00000, 0x00000000f0000000|  0%| F|  |TAMS 0x00000000eff00000, 0x00000000eff00000| Untracked 
| 512|0x00000000f0000000, 0x00000000f0000000, 0x00000000f0100000|  0%| F|  |TAMS 0x00000000f0000000, 0x00000000f0000000| Untracked 
| 513|0x00000000f0100000, 0x00000000f0100000, 0x00000000f0200000|  0%| F|  |TAMS 0x00000000f0100000, 0x00000000f0100000| Untracked 
| 514|0x00000000f0200000, 0x00000000f0200000, 0x00000000f0300000|  0%| F|  |TAMS 0x00000000f0200000, 0x00000000f0200000| Untracked 
| 515|0x00000000f0300000, 0x00000000f0300000, 0x00000000f0400000|  0%| F|  |TAMS 0x00000000f0300000, 0x00000000f0300000| Untracked 
| 516|0x00000000f0400000, 0x00000000f0400000, 0x00000000f0500000|  0%| F|  |TAMS 0x00000000f0400000, 0x00000000f0400000| Untracked 
| 517|0x00000000f0500000, 0x00000000f0500000, 0x00000000f0600000|  0%| F|  |TAMS 0x00000000f0500000, 0x00000000f0500000| Untracked 
| 518|0x00000000f0600000, 0x00000000f0600000, 0x00000000f0700000|  0%| F|  |TAMS 0x00000000f0600000, 0x00000000f0600000| Untracked 
| 519|0x00000000f0700000, 0x00000000f0700000, 0x00000000f0800000|  0%| F|  |TAMS 0x00000000f0700000, 0x00000000f0700000| Untracked 
| 520|0x00000000f0800000, 0x00000000f0800000, 0x00000000f0900000|  0%| F|  |TAMS 0x00000000f0800000, 0x00000000f0800000| Untracked 
| 521|0x00000000f0900000, 0x00000000f0900000, 0x00000000f0a00000|  0%| F|  |TAMS 0x00000000f0900000, 0x00000000f0900000| Untracked 
| 522|0x00000000f0a00000, 0x00000000f0a00000, 0x00000000f0b00000|  0%| F|  |TAMS 0x00000000f0a00000, 0x00000000f0a00000| Untracked 
| 523|0x00000000f0b00000, 0x00000000f0b00000, 0x00000000f0c00000|  0%| F|  |TAMS 0x00000000f0b00000, 0x00000000f0b00000| Untracked 
| 524|0x00000000f0c00000, 0x00000000f0c00000, 0x00000000f0d00000|  0%| F|  |TAMS 0x00000000f0c00000, 0x00000000f0c00000| Untracked 
| 525|0x00000000f0d00000, 0x00000000f0d00000, 0x00000000f0e00000|  0%| F|  |TAMS 0x00000000f0d00000, 0x00000000f0d00000| Untracked 
| 526|0x00000000f0e00000, 0x00000000f0e00000, 0x00000000f0f00000|  0%| F|  |TAMS 0x00000000f0e00000, 0x00000000f0e00000| Untracked 
| 527|0x00000000f0f00000, 0x00000000f0f00000, 0x00000000f1000000|  0%| F|  |TAMS 0x00000000f0f00000, 0x00000000f0f00000| Untracked 
| 528|0x00000000f1000000, 0x00000000f1000000, 0x00000000f1100000|  0%| F|  |TAMS 0x00000000f1000000, 0x00000000f1000000| Untracked 
| 529|0x00000000f1100000, 0x00000000f1100000, 0x00000000f1200000|  0%| F|  |TAMS 0x00000000f1100000, 0x00000000f1100000| Untracked 
| 530|0x00000000f1200000, 0x00000000f1200000, 0x00000000f1300000|  0%| F|  |TAMS 0x00000000f1200000, 0x00000000f1200000| Untracked 
| 531|0x00000000f1300000, 0x00000000f1300000, 0x00000000f1400000|  0%| F|  |TAMS 0x00000000f1300000, 0x00000000f1300000| Untracked 
| 532|0x00000000f1400000, 0x00000000f1400000, 0x00000000f1500000|  0%| F|  |TAMS 0x00000000f1400000, 0x00000000f1400000| Untracked 
| 533|0x00000000f1500000, 0x00000000f1500000, 0x00000000f1600000|  0%| F|  |TAMS 0x00000000f1500000, 0x00000000f1500000| Untracked 
| 534|0x00000000f1600000, 0x00000000f1600000, 0x00000000f1700000|  0%| F|  |TAMS 0x00000000f1600000, 0x00000000f1600000| Untracked 
| 535|0x00000000f1700000, 0x00000000f1700000, 0x00000000f1800000|  0%| F|  |TAMS 0x00000000f1700000, 0x00000000f1700000| Untracked 
| 536|0x00000000f1800000, 0x00000000f1800000, 0x00000000f1900000|  0%| F|  |TAMS 0x00000000f1800000, 0x00000000f1800000| Untracked 
| 537|0x00000000f1900000, 0x00000000f1900000, 0x00000000f1a00000|  0%| F|  |TAMS 0x00000000f1900000, 0x00000000f1900000| Untracked 
| 538|0x00000000f1a00000, 0x00000000f1a00000, 0x00000000f1b00000|  0%| F|  |TAMS 0x00000000f1a00000, 0x00000000f1a00000| Untracked 
| 539|0x00000000f1b00000, 0x00000000f1b00000, 0x00000000f1c00000|  0%| F|  |TAMS 0x00000000f1b00000, 0x00000000f1b00000| Untracked 
| 540|0x00000000f1c00000, 0x00000000f1c00000, 0x00000000f1d00000|  0%| F|  |TAMS 0x00000000f1c00000, 0x00000000f1c00000| Untracked 
| 541|0x00000000f1d00000, 0x00000000f1d00000, 0x00000000f1e00000|  0%| F|  |TAMS 0x00000000f1d00000, 0x00000000f1d00000| Untracked 
| 542|0x00000000f1e00000, 0x00000000f1e00000, 0x00000000f1f00000|  0%| F|  |TAMS 0x00000000f1e00000, 0x00000000f1e00000| Untracked 
| 543|0x00000000f1f00000, 0x00000000f1f00000, 0x00000000f2000000|  0%| F|  |TAMS 0x00000000f1f00000, 0x00000000f1f00000| Untracked 
| 544|0x00000000f2000000, 0x00000000f2000000, 0x00000000f2100000|  0%| F|  |TAMS 0x00000000f2000000, 0x00000000f2000000| Untracked 
| 545|0x00000000f2100000, 0x00000000f2100000, 0x00000000f2200000|  0%| F|  |TAMS 0x00000000f2100000, 0x00000000f2100000| Untracked 
| 546|0x00000000f2200000, 0x00000000f2200000, 0x00000000f2300000|  0%| F|  |TAMS 0x00000000f2200000, 0x00000000f2200000| Untracked 
| 547|0x00000000f2300000, 0x00000000f2300000, 0x00000000f2400000|  0%| F|  |TAMS 0x00000000f2300000, 0x00000000f2300000| Untracked 
| 548|0x00000000f2400000, 0x00000000f2400000, 0x00000000f2500000|  0%| F|  |TAMS 0x00000000f2400000, 0x00000000f2400000| Untracked 
| 549|0x00000000f2500000, 0x00000000f2500000, 0x00000000f2600000|  0%| F|  |TAMS 0x00000000f2500000, 0x00000000f2500000| Untracked 
| 550|0x00000000f2600000, 0x00000000f2600000, 0x00000000f2700000|  0%| F|  |TAMS 0x00000000f2600000, 0x00000000f2600000| Untracked 
| 551|0x00000000f2700000, 0x00000000f2700000, 0x00000000f2800000|  0%| F|  |TAMS 0x00000000f2700000, 0x00000000f2700000| Untracked 
| 552|0x00000000f2800000, 0x00000000f2800000, 0x00000000f2900000|  0%| F|  |TAMS 0x00000000f2800000, 0x00000000f2800000| Untracked 
| 553|0x00000000f2900000, 0x00000000f2a00000, 0x00000000f2a00000|100%| S|CS|TAMS 0x00000000f2900000, 0x00000000f2900000| Complete 
| 554|0x00000000f2a00000, 0x00000000f2b00000, 0x00000000f2b00000|100%| S|CS|TAMS 0x00000000f2a00000, 0x00000000f2a00000| Complete 
| 555|0x00000000f2b00000, 0x00000000f2c00000, 0x00000000f2c00000|100%| S|CS|TAMS 0x00000000f2b00000, 0x00000000f2b00000| Complete 
| 556|0x00000000f2c00000, 0x00000000f2d00000, 0x00000000f2d00000|100%| S|CS|TAMS 0x00000000f2c00000, 0x00000000f2c00000| Complete 
| 557|0x00000000f2d00000, 0x00000000f2e00000, 0x00000000f2e00000|100%| S|CS|TAMS 0x00000000f2d00000, 0x00000000f2d00000| Complete 
| 558|0x00000000f2e00000, 0x00000000f2f00000, 0x00000000f2f00000|100%| S|CS|TAMS 0x00000000f2e00000, 0x00000000f2e00000| Complete 
| 559|0x00000000f2f00000, 0x00000000f3000000, 0x00000000f3000000|100%| S|CS|TAMS 0x00000000f2f00000, 0x00000000f2f00000| Complete 
| 560|0x00000000f3000000, 0x00000000f3100000, 0x00000000f3100000|100%| S|CS|TAMS 0x00000000f3000000, 0x00000000f3000000| Complete 
| 561|0x00000000f3100000, 0x00000000f3200000, 0x00000000f3200000|100%| S|CS|TAMS 0x00000000f3100000, 0x00000000f3100000| Complete 
| 562|0x00000000f3200000, 0x00000000f3300000, 0x00000000f3300000|100%| S|CS|TAMS 0x00000000f3200000, 0x00000000f3200000| Complete 
| 563|0x00000000f3300000, 0x00000000f3400000, 0x00000000f3400000|100%| S|CS|TAMS 0x00000000f3300000, 0x00000000f3300000| Complete 
| 564|0x00000000f3400000, 0x00000000f3400000, 0x00000000f3500000|  0%| F|  |TAMS 0x00000000f3400000, 0x00000000f3400000| Untracked 
| 565|0x00000000f3500000, 0x00000000f3500000, 0x00000000f3600000|  0%| F|  |TAMS 0x00000000f3500000, 0x00000000f3500000| Untracked 
| 566|0x00000000f3600000, 0x00000000f3600000, 0x00000000f3700000|  0%| F|  |TAMS 0x00000000f3600000, 0x00000000f3600000| Untracked 
| 567|0x00000000f3700000, 0x00000000f3700000, 0x00000000f3800000|  0%| F|  |TAMS 0x00000000f3700000, 0x00000000f3700000| Untracked 
| 568|0x00000000f3800000, 0x00000000f3800000, 0x00000000f3900000|  0%| F|  |TAMS 0x00000000f3800000, 0x00000000f3800000| Untracked 
| 569|0x00000000f3900000, 0x00000000f3900000, 0x00000000f3a00000|  0%| F|  |TAMS 0x00000000f3900000, 0x00000000f3900000| Untracked 
| 570|0x00000000f3a00000, 0x00000000f3a00000, 0x00000000f3b00000|  0%| F|  |TAMS 0x00000000f3a00000, 0x00000000f3a00000| Untracked 
| 571|0x00000000f3b00000, 0x00000000f3b00000, 0x00000000f3c00000|  0%| F|  |TAMS 0x00000000f3b00000, 0x00000000f3b00000| Untracked 
| 572|0x00000000f3c00000, 0x00000000f3c00000, 0x00000000f3d00000|  0%| F|  |TAMS 0x00000000f3c00000, 0x00000000f3c00000| Untracked 
| 573|0x00000000f3d00000, 0x00000000f3d00000, 0x00000000f3e00000|  0%| F|  |TAMS 0x00000000f3d00000, 0x00000000f3d00000| Untracked 
| 574|0x00000000f3e00000, 0x00000000f3e00000, 0x00000000f3f00000|  0%| F|  |TAMS 0x00000000f3e00000, 0x00000000f3e00000| Untracked 
| 575|0x00000000f3f00000, 0x00000000f3f00000, 0x00000000f4000000|  0%| F|  |TAMS 0x00000000f3f00000, 0x00000000f3f00000| Untracked 
| 576|0x00000000f4000000, 0x00000000f4000000, 0x00000000f4100000|  0%| F|  |TAMS 0x00000000f4000000, 0x00000000f4000000| Untracked 
| 577|0x00000000f4100000, 0x00000000f4100000, 0x00000000f4200000|  0%| F|  |TAMS 0x00000000f4100000, 0x00000000f4100000| Untracked 
| 578|0x00000000f4200000, 0x00000000f4200000, 0x00000000f4300000|  0%| F|  |TAMS 0x00000000f4200000, 0x00000000f4200000| Untracked 
| 579|0x00000000f4300000, 0x00000000f4300000, 0x00000000f4400000|  0%| F|  |TAMS 0x00000000f4300000, 0x00000000f4300000| Untracked 
| 580|0x00000000f4400000, 0x00000000f4400000, 0x00000000f4500000|  0%| F|  |TAMS 0x00000000f4400000, 0x00000000f4400000| Untracked 
| 581|0x00000000f4500000, 0x00000000f4500000, 0x00000000f4600000|  0%| F|  |TAMS 0x00000000f4500000, 0x00000000f4500000| Untracked 
| 582|0x00000000f4600000, 0x00000000f4600000, 0x00000000f4700000|  0%| F|  |TAMS 0x00000000f4600000, 0x00000000f4600000| Untracked 
| 583|0x00000000f4700000, 0x00000000f4700000, 0x00000000f4800000|  0%| F|  |TAMS 0x00000000f4700000, 0x00000000f4700000| Untracked 
| 584|0x00000000f4800000, 0x00000000f4800000, 0x00000000f4900000|  0%| F|  |TAMS 0x00000000f4800000, 0x00000000f4800000| Untracked 
| 585|0x00000000f4900000, 0x00000000f4900000, 0x00000000f4a00000|  0%| F|  |TAMS 0x00000000f4900000, 0x00000000f4900000| Untracked 
| 586|0x00000000f4a00000, 0x00000000f4a00000, 0x00000000f4b00000|  0%| F|  |TAMS 0x00000000f4a00000, 0x00000000f4a00000| Untracked 
| 587|0x00000000f4b00000, 0x00000000f4b00000, 0x00000000f4c00000|  0%| F|  |TAMS 0x00000000f4b00000, 0x00000000f4b00000| Untracked 
| 588|0x00000000f4c00000, 0x00000000f4c00000, 0x00000000f4d00000|  0%| F|  |TAMS 0x00000000f4c00000, 0x00000000f4c00000| Untracked 
| 589|0x00000000f4d00000, 0x00000000f4d00000, 0x00000000f4e00000|  0%| F|  |TAMS 0x00000000f4d00000, 0x00000000f4d00000| Untracked 
| 590|0x00000000f4e00000, 0x00000000f4e00000, 0x00000000f4f00000|  0%| F|  |TAMS 0x00000000f4e00000, 0x00000000f4e00000| Untracked 
| 591|0x00000000f4f00000, 0x00000000f4f00000, 0x00000000f5000000|  0%| F|  |TAMS 0x00000000f4f00000, 0x00000000f4f00000| Untracked 
| 592|0x00000000f5000000, 0x00000000f5000000, 0x00000000f5100000|  0%| F|  |TAMS 0x00000000f5000000, 0x00000000f5000000| Untracked 
| 593|0x00000000f5100000, 0x00000000f5100000, 0x00000000f5200000|  0%| F|  |TAMS 0x00000000f5100000, 0x00000000f5100000| Untracked 
| 594|0x00000000f5200000, 0x00000000f5200000, 0x00000000f5300000|  0%| F|  |TAMS 0x00000000f5200000, 0x00000000f5200000| Untracked 
| 595|0x00000000f5300000, 0x00000000f5300000, 0x00000000f5400000|  0%| F|  |TAMS 0x00000000f5300000, 0x00000000f5300000| Untracked 
| 596|0x00000000f5400000, 0x00000000f5400000, 0x00000000f5500000|  0%| F|  |TAMS 0x00000000f5400000, 0x00000000f5400000| Untracked 
| 597|0x00000000f5500000, 0x00000000f5500000, 0x00000000f5600000|  0%| F|  |TAMS 0x00000000f5500000, 0x00000000f5500000| Untracked 
| 598|0x00000000f5600000, 0x00000000f5600000, 0x00000000f5700000|  0%| F|  |TAMS 0x00000000f5600000, 0x00000000f5600000| Untracked 
| 599|0x00000000f5700000, 0x00000000f5700000, 0x00000000f5800000|  0%| F|  |TAMS 0x00000000f5700000, 0x00000000f5700000| Untracked 
| 600|0x00000000f5800000, 0x00000000f5800000, 0x00000000f5900000|  0%| F|  |TAMS 0x00000000f5800000, 0x00000000f5800000| Untracked 
| 601|0x00000000f5900000, 0x00000000f5900000, 0x00000000f5a00000|  0%| F|  |TAMS 0x00000000f5900000, 0x00000000f5900000| Untracked 
| 602|0x00000000f5a00000, 0x00000000f5a00000, 0x00000000f5b00000|  0%| F|  |TAMS 0x00000000f5a00000, 0x00000000f5a00000| Untracked 
| 603|0x00000000f5b00000, 0x00000000f5b00000, 0x00000000f5c00000|  0%| F|  |TAMS 0x00000000f5b00000, 0x00000000f5b00000| Untracked 
| 604|0x00000000f5c00000, 0x00000000f5c00000, 0x00000000f5d00000|  0%| F|  |TAMS 0x00000000f5c00000, 0x00000000f5c00000| Untracked 
| 605|0x00000000f5d00000, 0x00000000f5d00000, 0x00000000f5e00000|  0%| F|  |TAMS 0x00000000f5d00000, 0x00000000f5d00000| Untracked 
| 606|0x00000000f5e00000, 0x00000000f5e00000, 0x00000000f5f00000|  0%| F|  |TAMS 0x00000000f5e00000, 0x00000000f5e00000| Untracked 
| 607|0x00000000f5f00000, 0x00000000f5f00000, 0x00000000f6000000|  0%| F|  |TAMS 0x00000000f5f00000, 0x00000000f5f00000| Untracked 
| 608|0x00000000f6000000, 0x00000000f6000000, 0x00000000f6100000|  0%| F|  |TAMS 0x00000000f6000000, 0x00000000f6000000| Untracked 
| 609|0x00000000f6100000, 0x00000000f6100000, 0x00000000f6200000|  0%| F|  |TAMS 0x00000000f6100000, 0x00000000f6100000| Untracked 
| 610|0x00000000f6200000, 0x00000000f6200000, 0x00000000f6300000|  0%| F|  |TAMS 0x00000000f6200000, 0x00000000f6200000| Untracked 
| 611|0x00000000f6300000, 0x00000000f6300000, 0x00000000f6400000|  0%| F|  |TAMS 0x00000000f6300000, 0x00000000f6300000| Untracked 
| 612|0x00000000f6400000, 0x00000000f6400000, 0x00000000f6500000|  0%| F|  |TAMS 0x00000000f6400000, 0x00000000f6400000| Untracked 
| 613|0x00000000f6500000, 0x00000000f6500000, 0x00000000f6600000|  0%| F|  |TAMS 0x00000000f6500000, 0x00000000f6500000| Untracked 
| 614|0x00000000f6600000, 0x00000000f6600000, 0x00000000f6700000|  0%| F|  |TAMS 0x00000000f6600000, 0x00000000f6600000| Untracked 
| 615|0x00000000f6700000, 0x00000000f6700000, 0x00000000f6800000|  0%| F|  |TAMS 0x00000000f6700000, 0x00000000f6700000| Untracked 
| 616|0x00000000f6800000, 0x00000000f6800000, 0x00000000f6900000|  0%| F|  |TAMS 0x00000000f6800000, 0x00000000f6800000| Untracked 
| 617|0x00000000f6900000, 0x00000000f6900000, 0x00000000f6a00000|  0%| F|  |TAMS 0x00000000f6900000, 0x00000000f6900000| Untracked 
| 618|0x00000000f6a00000, 0x00000000f6a00000, 0x00000000f6b00000|  0%| F|  |TAMS 0x00000000f6a00000, 0x00000000f6a00000| Untracked 
| 619|0x00000000f6b00000, 0x00000000f6b00000, 0x00000000f6c00000|  0%| F|  |TAMS 0x00000000f6b00000, 0x00000000f6b00000| Untracked 
| 620|0x00000000f6c00000, 0x00000000f6c00000, 0x00000000f6d00000|  0%| F|  |TAMS 0x00000000f6c00000, 0x00000000f6c00000| Untracked 
| 621|0x00000000f6d00000, 0x00000000f6d00000, 0x00000000f6e00000|  0%| F|  |TAMS 0x00000000f6d00000, 0x00000000f6d00000| Untracked 
| 622|0x00000000f6e00000, 0x00000000f6e00000, 0x00000000f6f00000|  0%| F|  |TAMS 0x00000000f6e00000, 0x00000000f6e00000| Untracked 
| 623|0x00000000f6f00000, 0x00000000f6f00000, 0x00000000f7000000|  0%| F|  |TAMS 0x00000000f6f00000, 0x00000000f6f00000| Untracked 
| 624|0x00000000f7000000, 0x00000000f7000000, 0x00000000f7100000|  0%| F|  |TAMS 0x00000000f7000000, 0x00000000f7000000| Untracked 
| 625|0x00000000f7100000, 0x00000000f7100000, 0x00000000f7200000|  0%| F|  |TAMS 0x00000000f7100000, 0x00000000f7100000| Untracked 
| 626|0x00000000f7200000, 0x00000000f7200000, 0x00000000f7300000|  0%| F|  |TAMS 0x00000000f7200000, 0x00000000f7200000| Untracked 
| 627|0x00000000f7300000, 0x00000000f7300000, 0x00000000f7400000|  0%| F|  |TAMS 0x00000000f7300000, 0x00000000f7300000| Untracked 
| 628|0x00000000f7400000, 0x00000000f7400000, 0x00000000f7500000|  0%| F|  |TAMS 0x00000000f7400000, 0x00000000f7400000| Untracked 
| 629|0x00000000f7500000, 0x00000000f7500000, 0x00000000f7600000|  0%| F|  |TAMS 0x00000000f7500000, 0x00000000f7500000| Untracked 
| 630|0x00000000f7600000, 0x00000000f7600000, 0x00000000f7700000|  0%| F|  |TAMS 0x00000000f7600000, 0x00000000f7600000| Untracked 
| 631|0x00000000f7700000, 0x00000000f7700000, 0x00000000f7800000|  0%| F|  |TAMS 0x00000000f7700000, 0x00000000f7700000| Untracked 
| 632|0x00000000f7800000, 0x00000000f7800000, 0x00000000f7900000|  0%| F|  |TAMS 0x00000000f7800000, 0x00000000f7800000| Untracked 
| 633|0x00000000f7900000, 0x00000000f7900000, 0x00000000f7a00000|  0%| F|  |TAMS 0x00000000f7900000, 0x00000000f7900000| Untracked 
| 634|0x00000000f7a00000, 0x00000000f7a00000, 0x00000000f7b00000|  0%| F|  |TAMS 0x00000000f7a00000, 0x00000000f7a00000| Untracked 
| 635|0x00000000f7b00000, 0x00000000f7b00000, 0x00000000f7c00000|  0%| F|  |TAMS 0x00000000f7b00000, 0x00000000f7b00000| Untracked 
| 636|0x00000000f7c00000, 0x00000000f7c00000, 0x00000000f7d00000|  0%| F|  |TAMS 0x00000000f7c00000, 0x00000000f7c00000| Untracked 
| 637|0x00000000f7d00000, 0x00000000f7d00000, 0x00000000f7e00000|  0%| F|  |TAMS 0x00000000f7d00000, 0x00000000f7d00000| Untracked 
| 638|0x00000000f7e00000, 0x00000000f7e00000, 0x00000000f7f00000|  0%| F|  |TAMS 0x00000000f7e00000, 0x00000000f7e00000| Untracked 
| 639|0x00000000f7f00000, 0x00000000f7f00000, 0x00000000f8000000|  0%| F|  |TAMS 0x00000000f7f00000, 0x00000000f7f00000| Untracked 
| 640|0x00000000f8000000, 0x00000000f8000000, 0x00000000f8100000|  0%| F|  |TAMS 0x00000000f8000000, 0x00000000f8000000| Untracked 
| 641|0x00000000f8100000, 0x00000000f8100000, 0x00000000f8200000|  0%| F|  |TAMS 0x00000000f8100000, 0x00000000f8100000| Untracked 
| 642|0x00000000f8200000, 0x00000000f8200000, 0x00000000f8300000|  0%| F|  |TAMS 0x00000000f8200000, 0x00000000f8200000| Untracked 
| 643|0x00000000f8300000, 0x00000000f8300000, 0x00000000f8400000|  0%| F|  |TAMS 0x00000000f8300000, 0x00000000f8300000| Untracked 
| 644|0x00000000f8400000, 0x00000000f8400000, 0x00000000f8500000|  0%| F|  |TAMS 0x00000000f8400000, 0x00000000f8400000| Untracked 
| 645|0x00000000f8500000, 0x00000000f8500000, 0x00000000f8600000|  0%| F|  |TAMS 0x00000000f8500000, 0x00000000f8500000| Untracked 
| 646|0x00000000f8600000, 0x00000000f8600000, 0x00000000f8700000|  0%| F|  |TAMS 0x00000000f8600000, 0x00000000f8600000| Untracked 
| 647|0x00000000f8700000, 0x00000000f8700000, 0x00000000f8800000|  0%| F|  |TAMS 0x00000000f8700000, 0x00000000f8700000| Untracked 
| 648|0x00000000f8800000, 0x00000000f8800000, 0x00000000f8900000|  0%| F|  |TAMS 0x00000000f8800000, 0x00000000f8800000| Untracked 
| 649|0x00000000f8900000, 0x00000000f8900000, 0x00000000f8a00000|  0%| F|  |TAMS 0x00000000f8900000, 0x00000000f8900000| Untracked 
| 650|0x00000000f8a00000, 0x00000000f8a00000, 0x00000000f8b00000|  0%| F|  |TAMS 0x00000000f8a00000, 0x00000000f8a00000| Untracked 
| 651|0x00000000f8b00000, 0x00000000f8b00000, 0x00000000f8c00000|  0%| F|  |TAMS 0x00000000f8b00000, 0x00000000f8b00000| Untracked 
| 652|0x00000000f8c00000, 0x00000000f8c00000, 0x00000000f8d00000|  0%| F|  |TAMS 0x00000000f8c00000, 0x00000000f8c00000| Untracked 
| 653|0x00000000f8d00000, 0x00000000f8d00000, 0x00000000f8e00000|  0%| F|  |TAMS 0x00000000f8d00000, 0x00000000f8d00000| Untracked 
| 654|0x00000000f8e00000, 0x00000000f8e00000, 0x00000000f8f00000|  0%| F|  |TAMS 0x00000000f8e00000, 0x00000000f8e00000| Untracked 
| 655|0x00000000f8f00000, 0x00000000f8f00000, 0x00000000f9000000|  0%| F|  |TAMS 0x00000000f8f00000, 0x00000000f8f00000| Untracked 
| 656|0x00000000f9000000, 0x00000000f9000000, 0x00000000f9100000|  0%| F|  |TAMS 0x00000000f9000000, 0x00000000f9000000| Untracked 
| 657|0x00000000f9100000, 0x00000000f9100000, 0x00000000f9200000|  0%| F|  |TAMS 0x00000000f9100000, 0x00000000f9100000| Untracked 
| 658|0x00000000f9200000, 0x00000000f9200000, 0x00000000f9300000|  0%| F|  |TAMS 0x00000000f9200000, 0x00000000f9200000| Untracked 
| 659|0x00000000f9300000, 0x00000000f9300000, 0x00000000f9400000|  0%| F|  |TAMS 0x00000000f9300000, 0x00000000f9300000| Untracked 
| 660|0x00000000f9400000, 0x00000000f9400000, 0x00000000f9500000|  0%| F|  |TAMS 0x00000000f9400000, 0x00000000f9400000| Untracked 
| 661|0x00000000f9500000, 0x00000000f9500000, 0x00000000f9600000|  0%| F|  |TAMS 0x00000000f9500000, 0x00000000f9500000| Untracked 
| 662|0x00000000f9600000, 0x00000000f9600000, 0x00000000f9700000|  0%| F|  |TAMS 0x00000000f9600000, 0x00000000f9600000| Untracked 
| 663|0x00000000f9700000, 0x00000000f9700000, 0x00000000f9800000|  0%| F|  |TAMS 0x00000000f9700000, 0x00000000f9700000| Untracked 
| 664|0x00000000f9800000, 0x00000000f9880020, 0x00000000f9900000| 50%| E|  |TAMS 0x00000000f9800000, 0x00000000f9800000| Complete 
| 665|0x00000000f9900000, 0x00000000f9a00000, 0x00000000f9a00000|100%| E|CS|TAMS 0x00000000f9900000, 0x00000000f9900000| Complete 
| 666|0x00000000f9a00000, 0x00000000f9b00000, 0x00000000f9b00000|100%| E|CS|TAMS 0x00000000f9a00000, 0x00000000f9a00000| Complete 
| 667|0x00000000f9b00000, 0x00000000f9c00000, 0x00000000f9c00000|100%| E|CS|TAMS 0x00000000f9b00000, 0x00000000f9b00000| Complete 
| 668|0x00000000f9c00000, 0x00000000f9d00000, 0x00000000f9d00000|100%| E|CS|TAMS 0x00000000f9c00000, 0x00000000f9c00000| Complete 
| 669|0x00000000f9d00000, 0x00000000f9e00000, 0x00000000f9e00000|100%| E|CS|TAMS 0x00000000f9d00000, 0x00000000f9d00000| Complete 
| 670|0x00000000f9e00000, 0x00000000f9f00000, 0x00000000f9f00000|100%| E|CS|TAMS 0x00000000f9e00000, 0x00000000f9e00000| Complete 
| 671|0x00000000f9f00000, 0x00000000fa000000, 0x00000000fa000000|100%| E|CS|TAMS 0x00000000f9f00000, 0x00000000f9f00000| Complete 
| 672|0x00000000fa000000, 0x00000000fa100000, 0x00000000fa100000|100%| E|CS|TAMS 0x00000000fa000000, 0x00000000fa000000| Complete 
| 673|0x00000000fa100000, 0x00000000fa200000, 0x00000000fa200000|100%| E|CS|TAMS 0x00000000fa100000, 0x00000000fa100000| Complete 
| 674|0x00000000fa200000, 0x00000000fa300000, 0x00000000fa300000|100%| E|CS|TAMS 0x00000000fa200000, 0x00000000fa200000| Complete 
| 766|0x00000000ffe00000, 0x00000000ffe75000, 0x00000000fff00000| 45%|OA|  |TAMS 0x00000000ffe75000, 0x00000000ffe00000| Untracked 
| 767|0x00000000fff00000, 0x00000000fff78000, 0x0000000100000000| 46%|CA|  |TAMS 0x00000000fff78000, 0x00000000fff00000| Untracked 

Card table byte_map: [0x00007f71db8ad000,0x00007f71dba2d000] _byte_map_base: 0x00007f71db22d000

Marking Bits (Prev, Next): (CMBitMap*) 0x00007f71d40501f0, (CMBitMap*) 0x00007f71d4050230
 Prev Bits: [0x00007f71dab2d000, 0x00007f71db72d000)
 Next Bits: [0x00007f71d9f2d000, 0x00007f71dab2d000)

Polling page: 0x00007f71dd970000

Metaspace:

Usage:
  Non-class:     79.32 MB used.
      Class:     12.89 MB used.
       Both:     92.22 MB used.

Virtual space:
  Non-class space:      128.00 MB reserved,      79.69 MB ( 62%) committed,  2 nodes.
      Class space:      320.00 MB reserved,      13.25 MB (  4%) committed,  1 nodes.
             Both:      448.00 MB reserved,      92.94 MB ( 21%) committed. 

Chunk freelists:
   Non-Class:  176.00 KB
       Class:  2.67 MB
        Both:  2.84 MB

MaxMetaspaceSize: 384.00 MB
CompressedClassSpaceSize: 320.00 MB
Initial GC threshold: 21.00 MB
Current GC threshold: 151.25 MB
CDS: on
MetaspaceReclaimPolicy: balanced
 - commit_granule_bytes: 65536.
 - commit_granule_words: 8192.
 - virtual_space_node_default_size: 8388608.
 - enlarge_chunks_in_place: 1.
 - new_chunks_are_fully_committed: 0.
 - uncommit_free_chunks: 1.
 - use_allocation_guard: 0.
 - handle_deallocations: 1.


Internal statistics:

num_allocs_failed_limit: 9.
num_arena_births: 956.
num_arena_deaths: 0.
num_vsnodes_births: 3.
num_vsnodes_deaths: 0.
num_space_committed: 1487.
num_space_uncommitted: 0.
num_chunks_returned_to_freelist: 9.
num_chunks_taken_from_freelist: 4845.
num_chunk_merges: 9.
num_chunk_splits: 3248.
num_chunks_enlarged: 2211.
num_inconsistent_stats: 0.

CodeHeap 'non-profiled nmethods': size=120036Kb used=5722Kb max_used=5722Kb free=114313Kb
 bounds [0x00007f71c4fd8000, 0x00007f71c5578000, 0x00007f71cc511000]
CodeHeap 'profiled nmethods': size=120032Kb used=20270Kb max_used=20270Kb free=99762Kb
 bounds [0x00007f71bd511000, 0x00007f71be8e1000, 0x00007f71c4a49000]
CodeHeap 'non-nmethods': size=5692Kb used=1694Kb max_used=1767Kb free=3997Kb
 bounds [0x00007f71c4a49000, 0x00007f71c4cb9000, 0x00007f71c4fd8000]
 total_blobs=11601 nmethods=10827 adapters=687
 compilation: enabled
              stopped_count=0, restarted_count=0
 full_count=0

Compilation events (20 events):
Event: 39.703 Thread 0x00007f71d40ac140 12848       4       com.android.tools.r8.utils.f3$$Lambda$1647/0x00007f718cd35340::call (16 bytes)
Event: 39.718 Thread 0x00007f71d40ac140 nmethod 12848 0x00007f71c5567c90 code [0x00007f71c5567e80, 0x00007f71c55688e8]
Event: 39.718 Thread 0x00007f71d40ac140 12849       4       com.android.tools.r8.D8$$Lambda$1641/0x00007f718cd2f7e0::accept (12 bytes)
Event: 39.819 Thread 0x00007f71d40ac140 nmethod 12849 0x00007f71c5569010 code [0x00007f71c55691e0, 0x00007f71c5569ae8]
Event: 40.090 Thread 0x00007f71d40ad670 12850       3       java.util.HashMap$ValueSpliterator::characteristics (28 bytes)
Event: 40.090 Thread 0x00007f71d40ad670 nmethod 12850 0x00007f71be8dca10 code [0x00007f71be8dcbc0, 0x00007f71be8dcd70]
Event: 40.420 Thread 0x00007f71d40ac140 12851       4       com.android.tools.r8.internal.ua::a (859 bytes)
Event: 40.489 Thread 0x00007f71d40ac140 nmethod 12851 0x00007f71c556a010 code [0x00007f71c556a240, 0x00007f71c556af08]
Event: 40.489 Thread 0x00007f71d40ac140 12852       4       com.android.tools.r8.internal.L7$a::<init> (32 bytes)
Event: 40.490 Thread 0x00007f71d40ac140 nmethod 12852 0x00007f71c556b810 code [0x00007f71c556b9a0, 0x00007f71c556bbf8]
Event: 40.891 Thread 0x00007f71d40ac140 12853       4       com.android.tools.r8.internal.L7$a::a (101 bytes)
Event: 40.896 Thread 0x00007f71d40ac140 nmethod 12853 0x00007f71c556bc90 code [0x00007f71c556be60, 0x00007f71c556c348]
Event: 40.896 Thread 0x00007f71d40ac140 12854       4       com.android.tools.r8.internal.L7::<init> (61 bytes)
Event: 40.897 Thread 0x00007f71d40ac140 nmethod 12854 0x00007f71c556c690 code [0x00007f71c556c800, 0x00007f71c556ca58]
Event: 40.898 Thread 0x00007f71d40ac140 12855       4       com.android.tools.r8.internal.Hp::a (971 bytes)
Event: 40.908 Thread 0x00007f71d40ac140 nmethod 12855 0x00007f71c556cb10 code [0x00007f71c556cca0, 0x00007f71c556d178]
Event: 40.908 Thread 0x00007f71d40ac140 12856       4       com.android.tools.r8.graph.j4::a (118 bytes)
Event: 40.916 Thread 0x00007f71d40ac140 nmethod 12856 0x00007f71c556d290 code [0x00007f71c556d4c0, 0x00007f71c556dd90]
Event: 40.916 Thread 0x00007f71d40ac140 12857       4       com.android.tools.r8.internal.L7$a::a (47 bytes)
Event: 40.917 Thread 0x00007f71d40ac140 nmethod 12857 0x00007f71c556e610 code [0x00007f71c556e7a0, 0x00007f71c556e838]

GC Heap History (20 events):
Event: 38.118 GC heap before
{Heap before GC invocations=74 (full 0):
 garbage-first heap   total 515072K, used 409012K [0x00000000d0000000, 0x0000000100000000)
  region size 1024K, 118 young (120832K), 13 survivors (13312K)
 Metaspace       used 94286K, committed 94976K, reserved 458752K
  class space    used 13201K, committed 13568K, reserved 327680K
}
Event: 38.225 GC heap after
{Heap after GC invocations=75 (full 0):
 garbage-first heap   total 515072K, used 321972K [0x00000000d0000000, 0x0000000100000000)
  region size 1024K, 15 young (15360K), 15 survivors (15360K)
 Metaspace       used 94286K, committed 94976K, reserved 458752K
  class space    used 13201K, committed 13568K, reserved 327680K
}
Event: 38.534 GC heap before
{Heap before GC invocations=75 (full 0):
 garbage-first heap   total 515072K, used 418228K [0x00000000d0000000, 0x0000000100000000)
  region size 1024K, 108 young (110592K), 15 survivors (15360K)
 Metaspace       used 94286K, committed 94976K, reserved 458752K
  class space    used 13201K, committed 13568K, reserved 327680K
}
Event: 38.619 GC heap after
{Heap after GC invocations=76 (full 0):
 garbage-first heap   total 601088K, used 340916K [0x00000000d0000000, 0x0000000100000000)
  region size 1024K, 14 young (14336K), 14 survivors (14336K)
 Metaspace       used 94286K, committed 94976K, reserved 458752K
  class space    used 13201K, committed 13568K, reserved 327680K
}
Event: 38.995 GC heap before
{Heap before GC invocations=76 (full 0):
 garbage-first heap   total 601088K, used 478132K [0x00000000d0000000, 0x0000000100000000)
  region size 1024K, 148 young (151552K), 14 survivors (14336K)
 Metaspace       used 94286K, committed 94976K, reserved 458752K
  class space    used 13201K, committed 13568K, reserved 327680K
}
Event: 39.097 GC heap after
{Heap after GC invocations=77 (full 0):
 garbage-first heap   total 601088K, used 366516K [0x00000000d0000000, 0x0000000100000000)
  region size 1024K, 19 young (19456K), 19 survivors (19456K)
 Metaspace       used 94286K, committed 94976K, reserved 458752K
  class space    used 13201K, committed 13568K, reserved 327680K
}
Event: 39.267 GC heap before
{Heap before GC invocations=77 (full 0):
 garbage-first heap   total 601088K, used 486324K [0x00000000d0000000, 0x0000000100000000)
  region size 1024K, 136 young (139264K), 19 survivors (19456K)
 Metaspace       used 94286K, committed 94976K, reserved 458752K
  class space    used 13201K, committed 13568K, reserved 327680K
}
Event: 39.327 GC heap after
{Heap after GC invocations=78 (full 0):
 garbage-first heap   total 601088K, used 389044K [0x00000000d0000000, 0x0000000100000000)
  region size 1024K, 17 young (17408K), 17 survivors (17408K)
 Metaspace       used 94286K, committed 94976K, reserved 458752K
  class space    used 13201K, committed 13568K, reserved 327680K
}
Event: 39.499 GC heap before
{Heap before GC invocations=78 (full 0):
 garbage-first heap   total 601088K, used 493492K [0x00000000d0000000, 0x0000000100000000)
  region size 1024K, 119 young (121856K), 17 survivors (17408K)
 Metaspace       used 94286K, committed 94976K, reserved 458752K
  class space    used 13201K, committed 13568K, reserved 327680K
}
Event: 39.590 GC heap after
{Heap after GC invocations=79 (full 0):
 garbage-first heap   total 601088K, used 408500K [0x00000000d0000000, 0x0000000100000000)
  region size 1024K, 15 young (15360K), 15 survivors (15360K)
 Metaspace       used 94286K, committed 94976K, reserved 458752K
  class space    used 13201K, committed 13568K, reserved 327680K
}
Event: 39.719 GC heap before
{Heap before GC invocations=79 (full 0):
 garbage-first heap   total 601088K, used 499636K [0x00000000d0000000, 0x0000000100000000)
  region size 1024K, 104 young (106496K), 15 survivors (15360K)
 Metaspace       used 94286K, committed 94976K, reserved 458752K
  class space    used 13201K, committed 13568K, reserved 327680K
}
Event: 39.799 GC heap after
{Heap after GC invocations=80 (full 0):
 garbage-first heap   total 654336K, used 425396K [0x00000000d0000000, 0x0000000100000000)
  region size 1024K, 13 young (13312K), 13 survivors (13312K)
 Metaspace       used 94286K, committed 94976K, reserved 458752K
  class space    used 13201K, committed 13568K, reserved 327680K
}
Event: 40.303 GC heap before
{Heap before GC invocations=80 (full 0):
 garbage-first heap   total 654336K, used 538036K [0x00000000d0000000, 0x0000000100000000)
  region size 1024K, 123 young (125952K), 13 survivors (13312K)
 Metaspace       used 94286K, committed 94976K, reserved 458752K
  class space    used 13201K, committed 13568K, reserved 327680K
}
Event: 40.395 GC heap after
{Heap after GC invocations=81 (full 0):
 garbage-first heap   total 654336K, used 446388K [0x00000000d0000000, 0x0000000100000000)
  region size 1024K, 16 young (16384K), 16 survivors (16384K)
 Metaspace       used 94286K, committed 94976K, reserved 458752K
  class space    used 13201K, committed 13568K, reserved 327680K
}
Event: 40.688 GC heap before
{Heap before GC invocations=81 (full 0):
 garbage-first heap   total 654336K, used 544692K [0x00000000d0000000, 0x0000000100000000)
  region size 1024K, 113 young (115712K), 16 survivors (16384K)
 Metaspace       used 94428K, committed 95168K, reserved 458752K
  class space    used 13202K, committed 13568K, reserved 327680K
}
Event: 40.782 GC heap after
{Heap after GC invocations=82 (full 0):
 garbage-first heap   total 654336K, used 464820K [0x00000000d0000000, 0x0000000100000000)
  region size 1024K, 15 young (15360K), 15 survivors (15360K)
 Metaspace       used 94428K, committed 95168K, reserved 458752K
  class space    used 13202K, committed 13568K, reserved 327680K
}
Event: 41.016 GC heap before
{Heap before GC invocations=82 (full 0):
 garbage-first heap   total 654336K, used 550836K [0x00000000d0000000, 0x0000000100000000)
  region size 1024K, 99 young (101376K), 15 survivors (15360K)
 Metaspace       used 94428K, committed 95168K, reserved 458752K
  class space    used 13202K, committed 13568K, reserved 327680K
}
Event: 41.104 GC heap after
{Heap after GC invocations=83 (full 0):
 garbage-first heap   total 654336K, used 481204K [0x00000000d0000000, 0x0000000100000000)
  region size 1024K, 13 young (13312K), 13 survivors (13312K)
 Metaspace       used 94428K, committed 95168K, reserved 458752K
  class space    used 13202K, committed 13568K, reserved 327680K
}
Event: 41.297 GC heap before
{Heap before GC invocations=83 (full 0):
 garbage-first heap   total 654336K, used 555956K [0x00000000d0000000, 0x0000000100000000)
  region size 1024K, 86 young (88064K), 13 survivors (13312K)
 Metaspace       used 94428K, committed 95168K, reserved 458752K
  class space    used 13202K, committed 13568K, reserved 327680K
}
Event: 41.328 GC heap after
{Heap after GC invocations=84 (full 0):
 garbage-first heap   total 693248K, used 495028K [0x00000000d0000000, 0x0000000100000000)
  region size 1024K, 11 young (11264K), 11 survivors (11264K)
 Metaspace       used 94428K, committed 95168K, reserved 458752K
  class space    used 13202K, committed 13568K, reserved 327680K
}

Dll operation events (14 events):
Event: 0.014 Loaded shared library /usr/lib/jvm/java-17-openjdk-amd64/lib/libjava.so
Event: 0.034 Loaded shared library /usr/lib/jvm/java-17-openjdk-amd64/lib/libjsvml.so
Event: 0.121 Loaded shared library /usr/lib/jvm/java-17-openjdk-amd64/lib/libzip.so
Event: 0.122 Loaded shared library /usr/lib/jvm/java-17-openjdk-amd64/lib/libinstrument.so
Event: 0.124 Loaded shared library /usr/lib/jvm/java-17-openjdk-amd64/lib/libnio.so
Event: 0.127 Loaded shared library /usr/lib/jvm/java-17-openjdk-amd64/lib/libzip.so
Event: 0.293 Loaded shared library /usr/lib/jvm/java-17-openjdk-amd64/lib/libjimage.so
Event: 0.384 Loaded shared library /usr/lib/jvm/java-17-openjdk-amd64/lib/libverify.so
Event: 0.630 Loaded shared library /usr/lib/jvm/java-17-openjdk-amd64/lib/libnet.so
Event: 0.631 Loaded shared library /root/.gradle/native/c067742578af261105cb4f569cf0c3c89f3d7b1fecec35dd04571415982c5e48/linux-amd64/libnative-platform.so
Event: 0.690 Loaded shared library /root/.gradle/native/38dada09dfb8b06ba9b0570ebf7e218e3eb74d4ef43ca46872605cf95ebc2f47/linux-amd64/libnative-platform-file-events.so
Event: 2.011 Loaded shared library /usr/lib/jvm/java-17-openjdk-amd64/lib/libmanagement.so
Event: 2.012 Loaded shared library /usr/lib/jvm/java-17-openjdk-amd64/lib/libmanagement_ext.so
Event: 2.252 Loaded shared library /usr/lib/jvm/java-17-openjdk-amd64/lib/libextnet.so

Deoptimization events (20 events):
Event: 35.034 Thread 0x00007f71a2281bf0 Uncommon trap: trap_request=0xffffff45 fr.pc=0x00007f71c54a81bc relative=0x0000000000000fbc
Event: 35.034 Thread 0x00007f71a2281bf0 Uncommon trap: reason=unstable_if action=reinterpret pc=0x00007f71c54a81bc method=com.android.tools.r8.utils.u0.d(Ljava/lang/String;)I @ 34 c2
Event: 35.034 Thread 0x00007f71a2281bf0 DEOPT PACKING pc=0x00007f71c54a81bc sp=0x00007f71adaef2b0
Event: 35.034 Thread 0x00007f71a2281bf0 DEOPT UNPACKING pc=0x00007f71c4aa2b19 sp=0x00007f71adaef200 mode 2
Event: 35.034 Thread 0x00007f71a2281bf0 Uncommon trap: trap_request=0xffffff45 fr.pc=0x00007f71c54b3328 relative=0x0000000000000508
Event: 35.034 Thread 0x00007f71a2281bf0 Uncommon trap: reason=unstable_if action=reinterpret pc=0x00007f71c54b3328 method=com.android.tools.r8.utils.j1.d(I)Z @ 45 c2
Event: 35.034 Thread 0x00007f71a2281bf0 DEOPT PACKING pc=0x00007f71c54b3328 sp=0x00007f71adaef350
Event: 35.034 Thread 0x00007f71a2281bf0 DEOPT UNPACKING pc=0x00007f71c4aa2b19 sp=0x00007f71adaef2a0 mode 2
Event: 35.034 Thread 0x00007f71a2281bf0 Uncommon trap: trap_request=0xffffff45 fr.pc=0x00007f71c518da84 relative=0x00000000000004c4
Event: 35.034 Thread 0x00007f71a2281bf0 Uncommon trap: reason=unstable_if action=reinterpret pc=0x00007f71c518da84 method=com.android.tools.r8.utils.u0.d(Ljava/lang/String;)I @ 34 c2
Event: 35.034 Thread 0x00007f71a2281bf0 DEOPT PACKING pc=0x00007f71c518da84 sp=0x00007f71adaef240
Event: 35.034 Thread 0x00007f71a2281bf0 DEOPT UNPACKING pc=0x00007f71c4aa2b19 sp=0x00007f71adaef1f8 mode 2
Event: 35.034 Thread 0x00007f71a2281bf0 Uncommon trap: trap_request=0xffffff45 fr.pc=0x00007f71c518fb30 relative=0x0000000000000090
Event: 35.034 Thread 0x00007f71a2281bf0 Uncommon trap: reason=unstable_if action=reinterpret pc=0x00007f71c518fb30 method=com.android.tools.r8.utils.j1.d(I)Z @ 45 c2
Event: 35.034 Thread 0x00007f71a2281bf0 DEOPT PACKING pc=0x00007f71c518fb30 sp=0x00007f71adaef2e0
Event: 35.034 Thread 0x00007f71a2281bf0 DEOPT UNPACKING pc=0x00007f71c4aa2b19 sp=0x00007f71adaef298 mode 2
Event: 35.308 Thread 0x00007f71a2281bf0 DEOPT PACKING pc=0x00007f71bde4beda sp=0x00007f71adaef3c0
Event: 35.308 Thread 0x00007f71a2281bf0 DEOPT UNPACKING pc=0x00007f71c4aa364f sp=0x00007f71adaee898 mode 0
Event: 36.914 Thread 0x00007f71a2281bf0 DEOPT PACKING pc=0x00007f71bdd2e125 sp=0x00007f71adaef240
Event: 36.914 Thread 0x00007f71a2281bf0 DEOPT UNPACKING pc=0x00007f71c4aa364f sp=0x00007f71adaee718 mode 0

Classes loaded (20 events):
Event: 28.718 Loading class java/io/ObjectStreamClass$ExceptionInfo
Event: 28.718 Loading class java/io/ObjectStreamClass$ExceptionInfo done
Event: 28.719 Loading class jdk/internal/reflect/UnsafeQualifiedStaticLongFieldAccessorImpl
Event: 28.720 Loading class jdk/internal/reflect/UnsafeQualifiedStaticLongFieldAccessorImpl done
Event: 30.576 Loading class java/util/zip/ZipInputStream
Event: 30.576 Loading class java/util/zip/ZipInputStream done
Event: 31.636 Loading class java/io/UTFDataFormatException
Event: 31.636 Loading class java/io/UTFDataFormatException done
Event: 31.790 Loading class java/util/stream/Streams$RangeIntSpliterator
Event: 31.790 Loading class java/util/stream/Streams$RangeIntSpliterator done
Event: 31.791 Loading class java/util/stream/IntPipeline$1
Event: 31.791 Loading class java/util/stream/IntPipeline$1 done
Event: 31.791 Loading class java/util/stream/IntPipeline$1$1
Event: 31.792 Loading class java/util/stream/IntPipeline$1$1 done
Event: 31.808 Loading class java/util/concurrent/RejectedExecutionException
Event: 31.808 Loading class java/util/concurrent/RejectedExecutionException done
Event: 32.027 Loading class java/lang/reflect/GenericSignatureFormatError
Event: 32.028 Loading class java/lang/reflect/GenericSignatureFormatError done
Event: 34.505 Loading class java/util/concurrent/ConcurrentLinkedQueue$Itr
Event: 34.505 Loading class java/util/concurrent/ConcurrentLinkedQueue$Itr done

Classes unloaded (0 events):
No events

Classes redefined (0 events):
No events

Internal exceptions (20 events):
Event: 28.717 Thread 0x00007f71a2281bf0 Exception <a 'java/lang/NoSuchMethodError'{0x00000000daf17810}: static Lcom/android/build/gradle/internal/scope/InternalArtifactType;.<clinit>()V> (0x00000000daf17810) 
thrown [./src/hotspot/share/prims/jni.cpp, line 1112]
Event: 28.718 Thread 0x00007f71a2281bf0 Exception <a 'java/lang/NoSuchMethodError'{0x00000000daf1ad08}: static Lcom/android/build/api/artifact/Artifact$Single;.<clinit>()V> (0x00000000daf1ad08) 
thrown [./src/hotspot/share/prims/jni.cpp, line 1112]
Event: 28.718 Thread 0x00007f71a2281bf0 Exception <a 'java/lang/NoSuchMethodError'{0x00000000daf1d898}: static Ljava/lang/Object;.<clinit>()V> (0x00000000daf1d898) 
thrown [./src/hotspot/share/prims/jni.cpp, line 1112]
Event: 28.719 Thread 0x00007f71a2281bf0 Exception <a 'java/lang/NoSuchMethodError'{0x00000000daf3a1e8}: static Lcom/android/build/api/artifact/ArtifactKind;.<clinit>()V> (0x00000000daf3a1e8) 
thrown [./src/hotspot/share/prims/jni.cpp, line 1112]
Event: 28.719 Thread 0x00007f71a2281bf0 Exception <a 'java/lang/NoSuchMethodError'{0x00000000daf3b998}: static Lcom/android/build/api/artifact/ArtifactKind;.<clinit>()V> (0x00000000daf3b998) 
thrown [./src/hotspot/share/prims/jni.cpp, line 1112]
Event: 30.030 Thread 0x00007f71a2281bf0 Exception <a 'sun/nio/fs/UnixException'{0x00000000d829b2b0}> (0x00000000d829b2b0) 
thrown [./src/hotspot/share/prims/jni.cpp, line 516]
Event: 30.030 Thread 0x00007f71a2281bf0 Exception <a 'sun/nio/fs/UnixException'{0x00000000d829cfe8}> (0x00000000d829cfe8) 
thrown [./src/hotspot/share/prims/jni.cpp, line 516]
Event: 30.030 Thread 0x00007f71a2281bf0 Exception <a 'sun/nio/fs/UnixException'{0x00000000d829eb08}> (0x00000000d829eb08) 
thrown [./src/hotspot/share/prims/jni.cpp, line 516]
Event: 30.328 Thread 0x00007f71a2281bf0 Implicit null exception at 0x00007f71c52b64d1 to 0x00007f71c52b6f34
Event: 30.334 Thread 0x00007f71a2281bf0 Implicit null exception at 0x00007f71c52b64d1 to 0x00007f71c52b6f34
Event: 30.340 Thread 0x00007f71a2281bf0 Implicit null exception at 0x00007f71c52b64d1 to 0x00007f71c52b6f34
Event: 30.387 Thread 0x00007f71a2281bf0 Implicit null exception at 0x00007f71c52b64d1 to 0x00007f71c52b6f34
Event: 31.992 Thread 0x00007f71a2281bf0 Exception <a 'java/lang/NoSuchMethodError'{0x00000000e36789b0}: 'java.lang.Object java.lang.invoke.DirectMethodHandle$Holder.invokeStaticInit(java.lang.Object, java.lang.Object, java.lang.Object, java.lang.Object, java.lang.Object, java.lang.Object, java.lang.Object, java.lang.Object, java.lang.Object, java.lang.Object, java.lang.Object, java.lang.Object, java.lang.Object, java.lang.Object, java.lang.Object, java.lang.Object, java.lang.Object, java.lang.Object, java.lang.Object, java.lang.Object, int, java
Event: 32.031 Thread 0x00007f71a2281bf0 Exception <a 'java/lang/IncompatibleClassChangeError'{0x00000000e34ab2e0}: Found class java.lang.Object, but interface was expected> (0x00000000e34ab2e0) 
thrown [./src/hotspot/share/interpreter/linkResolver.cpp, line 826]
Event: 32.183 Thread 0x00007f71a2281bf0 Exception <a 'java/lang/NoSuchMethodError'{0x00000000e2e531f0}: 'long java.lang.invoke.DirectMethodHandle$Holder.invokeStaticInit(java.lang.Object, java.lang.Object)'> (0x00000000e2e531f0) 
thrown [./src/hotspot/share/interpreter/linkResolver.cpp, line 758]
Event: 34.899 Thread 0x00007f71a2281bf0 Exception <a 'java/lang/NoSuchMethodError'{0x00000000ebde8190}: 'void java.lang.invoke.DirectMethodHandle$Holder.invokeStatic(java.lang.Object, java.lang.Object, java.lang.Object, int)'> (0x00000000ebde8190) 
thrown [./src/hotspot/share/interpreter/linkResolver.cpp, line 758]
Event: 34.901 Thread 0x00007f71a2281bf0 Exception <a 'java/lang/IncompatibleClassChangeError'{0x00000000ebdffa90}: Found class java.lang.Object, but interface was expected> (0x00000000ebdffa90) 
thrown [./src/hotspot/share/interpreter/linkResolver.cpp, line 826]
Event: 34.901 Thread 0x00007f71a2281bf0 Exception <a 'java/lang/NoSuchMethodError'{0x00000000ebc0c818}: 'void java.lang.invoke.DirectMethodHandle$Holder.invokeInterface(java.lang.Object, java.lang.Object, java.lang.Object, int)'> (0x00000000ebc0c818) 
thrown [./src/hotspot/share/interpreter/linkResolver.cpp, line 758]
Event: 34.915 Thread 0x00007f71a2281bf0 Implicit null exception at 0x00007f71c54a66e4 to 0x00007f71c54a6a44
Event: 34.915 Thread 0x00007f71a2281bf0 Implicit null exception at 0x00007f71c54a66e4 to 0x00007f71c54a6a44

VM Operations (20 events):
Event: 38.225 Executing VM operation: G1CollectForAllocation done
Event: 38.534 Executing VM operation: G1CollectForAllocation
Event: 38.619 Executing VM operation: G1CollectForAllocation done
Event: 38.995 Executing VM operation: G1CollectForAllocation
Event: 39.097 Executing VM operation: G1CollectForAllocation done
Event: 39.267 Executing VM operation: G1CollectForAllocation
Event: 39.327 Executing VM operation: G1CollectForAllocation done
Event: 39.499 Executing VM operation: G1CollectForAllocation
Event: 39.590 Executing VM operation: G1CollectForAllocation done
Event: 39.719 Executing VM operation: G1CollectForAllocation
Event: 39.799 Executing VM operation: G1CollectForAllocation done
Event: 40.302 Executing VM operation: G1CollectForAllocation
Event: 40.395 Executing VM operation: G1CollectForAllocation done
Event: 40.688 Executing VM operation: G1CollectForAllocation
Event: 40.782 Executing VM operation: G1CollectForAllocation done
Event: 41.016 Executing VM operation: G1CollectForAllocation
Event: 41.104 Executing VM operation: G1CollectForAllocation done
Event: 41.297 Executing VM operation: G1CollectForAllocation
Event: 41.328 Executing VM operation: G1CollectForAllocation done
Event: 41.398 Executing VM operation: G1PauseRemark

Memory protections (20 events):
Event: 5.238 Protecting memory [0x00007f71bc401000,0x00007f71bc405000] with protection modes 0
Event: 6.813 Protecting memory [0x00007f71bc300000,0x00007f71bc304000] with protection modes 0
Event: 7.408 Protecting memory [0x00007f71bc1ff000,0x00007f71bc203000] with protection modes 0
Event: 7.414 Protecting memory [0x00007f71bc0fe000,0x00007f71bc102000] with protection modes 0
Event: 7.990 Protecting memory [0x00007f71adf00000,0x00007f71adf04000] with protection modes 0
Event: 8.628 Protecting memory [0x00007f71addff000,0x00007f71ade03000] with protection modes 0
Event: 10.195 Protecting memory [0x00007f71adcfe000,0x00007f71add02000] with protection modes 0
Event: 12.913 Protecting memory [0x00007f71adbfd000,0x00007f71adc01000] with protection modes 0
Event: 15.304 Protecting memory [0x00007f71adafc000,0x00007f71adb00000] with protection modes 0
Event: 24.484 Protecting memory [0x00007f71ad9fb000,0x00007f71ad9ff000] with protection modes 0
Event: 24.504 Protecting memory [0x00007f71ad8fa000,0x00007f71ad8fe000] with protection modes 0
Event: 25.388 Protecting memory [0x00007f71ad7f9000,0x00007f71ad7fd000] with protection modes 0
Event: 27.016 Protecting memory [0x00007f71ad6f8000,0x00007f71ad6fc000] with protection modes 0
Event: 27.721 Protecting memory [0x00007f71ad5f7000,0x00007f71ad5fb000] with protection modes 0
Event: 27.939 Protecting memory [0x00007f71ad4f6000,0x00007f71ad4fa000] with protection modes 0
Event: 28.224 Protecting memory [0x00007f71ad3f5000,0x00007f71ad3f9000] with protection modes 0
Event: 28.308 Protecting memory [0x00007f71ad2f4000,0x00007f71ad2f8000] with protection modes 0
Event: 28.536 Protecting memory [0x00007f71ad1f3000,0x00007f71ad1f7000] with protection modes 0
Event: 28.735 Protecting memory [0x00007f71ad0f2000,0x00007f71ad0f6000] with protection modes 0
Event: 28.792 Protecting memory [0x00007f71acff1000,0x00007f71acff5000] with protection modes 0

Nmethod flushes (20 events):
Event: 29.081 Thread 0x00007f71d40aeae0 flushing  nmethod 0x00007f71be504390
Event: 29.081 Thread 0x00007f71d40aeae0 flushing  nmethod 0x00007f71be50c310
Event: 29.081 Thread 0x00007f71d40aeae0 flushing  nmethod 0x00007f71be50d590
Event: 29.083 Thread 0x00007f71d40aeae0 flushing  nmethod 0x00007f71be55f690
Event: 29.083 Thread 0x00007f71d40aeae0 flushing  nmethod 0x00007f71be56a590
Event: 29.083 Thread 0x00007f71d40aeae0 flushing  nmethod 0x00007f71be5a5190
Event: 29.083 Thread 0x00007f71d40aeae0 flushing  nmethod 0x00007f71be5b9c10
Event: 29.084 Thread 0x00007f71d40aeae0 flushing  nmethod 0x00007f71be5f0d10
Event: 29.085 Thread 0x00007f71d40aeae0 flushing  nmethod 0x00007f71be657e10
Event: 29.085 Thread 0x00007f71d40aeae0 flushing  nmethod 0x00007f71be6bc310
Event: 29.086 Thread 0x00007f71d40aeae0 flushing  nmethod 0x00007f71be708b90
Event: 29.086 Thread 0x00007f71d40aeae0 flushing  nmethod 0x00007f71be713590
Event: 29.086 Thread 0x00007f71d40aeae0 flushing  nmethod 0x00007f71be788290
Event: 34.924 Thread 0x00007f71d40aeae0 flushing  nmethod 0x00007f71bdcdd910
Event: 34.925 Thread 0x00007f71d40aeae0 flushing  nmethod 0x00007f71bde15d90
Event: 34.925 Thread 0x00007f71d40aeae0 flushing  nmethod 0x00007f71bde35b10
Event: 34.929 Thread 0x00007f71d40aeae0 flushing  nmethod 0x00007f71be385290
Event: 34.929 Thread 0x00007f71d40aeae0 flushing  nmethod 0x00007f71be385610
Event: 34.930 Thread 0x00007f71d40aeae0 flushing  nmethod 0x00007f71be574790
Event: 34.931 Thread 0x00007f71d40aeae0 flushing  nmethod 0x00007f71be6b9110

Events (20 events):
Event: 5.238 Thread 0x00007f7180009fd0 Thread added: 0x00007f71a023a500
Event: 6.813 Thread 0x00007f7180009fd0 Thread added: 0x00007f71a0acc5b0
Event: 7.408 Thread 0x00007f7180009fd0 Thread added: 0x00007f71a0c04e90
Event: 7.414 Thread 0x00007f7180009fd0 Thread added: 0x00007f71a0c0cfb0
Event: 7.990 Thread 0x00007f7180009fd0 Thread added: 0x00007f71a0d31230
Event: 8.627 Thread 0x00007f7180009fd0 Thread added: 0x00007f71a0f655b0
Event: 10.195 Thread 0x00007f7180009fd0 Thread added: 0x00007f71a0211180
Event: 12.913 Thread 0x00007f7180009fd0 Thread added: 0x00007f71a1537160
Event: 15.300 Thread 0x00007f7180009fd0 Thread added: 0x00007f71a1857460
Event: 24.484 Thread 0x00007f7180009fd0 Thread added: 0x00007f71a2281bf0
Event: 24.503 Thread 0x00007f71a2281bf0 Thread added: 0x00007f71d4ee3420
Event: 25.387 Thread 0x00007f71a2281bf0 Thread added: 0x00007f71d51f12a0
Event: 27.013 Thread 0x00007f71a2281bf0 Thread added: 0x00007f71d47eff50
Event: 27.720 Thread 0x00007f71a2281bf0 Thread added: 0x00007f71d522fd30
Event: 27.934 Thread 0x00007f71a2281bf0 Thread added: 0x00007f71d47fc760
Event: 28.224 Thread 0x00007f71a2281bf0 Thread added: 0x00007f71d5232c30
Event: 28.298 Thread 0x00007f71a2281bf0 Thread added: 0x00007f71d52343b0
Event: 28.532 Thread 0x00007f71a2281bf0 Thread added: 0x00007f71d5235cc0
Event: 28.734 Thread 0x00007f71a2281bf0 Thread added: 0x00007f71d5240e10
Event: 28.790 Thread 0x00007f71a2281bf0 Thread added: 0x00007f71d5245ea0


Dynamic libraries:
d0000000-fa300000 rw-p 00000000 00:00 0 
ffe00000-ffe75000 rw-p 00c7a000 00:25 13853                              /usr/lib/jvm/java-17-openjdk-amd64/lib/server/classes.jsa
ffe75000-fff00000 rw-p 00000000 00:00 0 
fff00000-fff78000 rw-p 00c02000 00:25 13853                              /usr/lib/jvm/java-17-openjdk-amd64/lib/server/classes.jsa
fff78000-100000000 rw-p 00000000 00:00 0 
55910dafa000-55910dafb000 r--p 00000000 00:25 13495                      /usr/lib/jvm/java-17-openjdk-amd64/bin/java
55910dafb000-55910dafc000 r-xp 00001000 00:25 13495                      /usr/lib/jvm/java-17-openjdk-amd64/bin/java
55910dafc000-55910dafd000 r--p 00002000 00:25 13495                      /usr/lib/jvm/java-17-openjdk-amd64/bin/java
55910dafd000-55910dafe000 r--p 00002000 00:25 13495                      /usr/lib/jvm/java-17-openjdk-amd64/bin/java
55910dafe000-55910daff000 rw-p 00003000 00:25 13495                      /usr/lib/jvm/java-17-openjdk-amd64/bin/java
55910faea000-55910fb76000 rw-p 00000000 00:00 0                          [heap]
7f7160000000-7f71605c0000 rw-p 00000000 00:00 0 
7f71605c0000-7f7160780000 rw-p 00000000 00:00 0 
7f7160780000-7f71607d0000 rw-p 00000000 00:00 0 
7f71607d0000-7f7160800000 ---p 00000000 00:00 0 
7f7160800000-7f7160fe0000 rw-p 00000000 00:00 0 
7f7160fe0000-7f7164000000 ---p 00000000 00:00 0 
7f7164000000-7f7164a6e000 rw-p 00000000 00:00 0 
7f7164a6e000-7f7168000000 ---p 00000000 00:00 0 
7f7168000000-7f716803c000 rw-p 00000000 00:00 0 
7f716803c000-7f716c000000 ---p 00000000 00:00 0 
7f716c000000-7f716c021000 rw-p 00000000 00:00 0 
7f716c021000-7f7170000000 ---p 00000000 00:00 0 
7f7170000000-7f7171a87000 rw-p 00000000 00:00 0 
7f7171a87000-7f7174000000 ---p 00000000 00:00 0 
7f7174000000-7f7174021000 rw-p 00000000 00:00 0 
7f7174021000-7f7178000000 ---p 00000000 00:00 0 
7f7178000000-7f7178055000 rw-p 00000000 00:00 0 
7f7178055000-7f717c000000 ---p 00000000 00:00 0 
7f717c000000-7f717c026000 rw-p 00000000 00:00 0 
7f717c026000-7f7180000000 ---p 00000000 00:00 0 
7f7180000000-7f7180034000 rw-p 00000000 00:00 0 
7f7180034000-7f7184000000 ---p 00000000 00:00 0 
7f7184000000-7f718431d000 rw-p 00000000 00:00 0 
7f718431d000-7f7188000000 ---p 00000000 00:00 0 
7f718b000000-7f718b455000 rw-p 00001000 00:25 13853                      /usr/lib/jvm/java-17-openjdk-amd64/lib/server/classes.jsa
7f718b455000-7f718bbca000 rw-p 00456000 00:25 13853                      /usr/lib/jvm/java-17-openjdk-amd64/lib/server/classes.jsa
7f718bbca000-7f718c000000 ---p 00000000 00:00 0 
7f718c000000-7f718c040000 rw-p 00000000 00:00 0 
7f718c040000-7f718c080000 rw-p 00000000 00:00 0 
7f718c080000-7f718c140000 rw-p 00000000 00:00 0 
7f718c140000-7f718c180000 rw-p 00000000 00:00 0 
7f718c180000-7f718c400000 rw-p 00000000 00:00 0 
7f718c400000-7f718c440000 rw-p 00000000 00:00 0 
7f718c440000-7f718c480000 rw-p 00000000 00:00 0 
7f718c480000-7f718c740000 rw-p 00000000 00:00 0 
7f718c740000-7f718c780000 rw-p 00000000 00:00 0 
7f718c780000-7f718cbc0000 rw-p 00000000 00:00 0 
7f718cbc0000-7f718cbe0000 rw-p 00000000 00:00 0 
7f718cbe0000-7f718cc00000 ---p 00000000 00:00 0 
7f718cc00000-7f718cd60000 rw-p 00000000 00:00 0 
7f718cd60000-7f71a0000000 ---p 00000000 00:00 0 
7f71a0000000-7f71a2289000 rw-p 00000000 00:00 0 
7f71a2289000-7f71a4000000 ---p 00000000 00:00 0 
7f71a4000000-7f71a4400000 rw-p 00000000 00:00 0 
7f71a4400000-7f71a4900000 rw-p 00000000 00:00 0 
7f71a4900000-7f71a4a00000 rw-p 00000000 00:00 0 
7f71a4a00000-7f71a5580000 rw-p 00000000 00:00 0 
7f71a5580000-7f71a5600000 rw-p 00000000 00:00 0 
7f71a5600000-7f71a5700000 rw-p 00000000 00:00 0 
7f71a5700000-7f71a5900000 rw-p 00000000 00:00 0 
7f71a5900000-7f71a5a00000 rw-p 00000000 00:00 0 
7f71a5a00000-7f71a6700000 rw-p 00000000 00:00 0 
7f71a6700000-7f71a6800000 rw-p 00000000 00:00 0 
7f71a6800000-7f71a6b00000 rw-p 00000000 00:00 0 
7f71a6b00000-7f71a6f00000 rw-p 00000000 00:00 0 
7f71a6f00000-7f71a7000000 rw-p 00000000 00:00 0 
7f71a7000000-7f71a7f00000 rw-p 00000000 00:00 0 
7f71a7f00000-7f71a8000000 rw-p 00000000 00:00 0 
7f71a8000000-7f71a802b000 rw-p 00000000 00:00 0 
7f71a802b000-7f71ac000000 ---p 00000000 00:00 0 
7f71acc61000-7f71aceef000 rw-p 00000000 00:00 0 
7f71aceef000-7f71acef0000 ---p 00000000 00:00 0 
7f71acef0000-7f71acff0000 rw-p 00000000 00:00 0 
7f71acff0000-7f71acff1000 ---p 00000000 00:00 0 
7f71acff1000-7f71acff5000 ---p 00000000 00:00 0 
7f71acff5000-7f71ad0f1000 rw-p 00000000 00:00 0 
7f71ad0f1000-7f71ad0f2000 ---p 00000000 00:00 0 
7f71ad0f2000-7f71ad0f6000 ---p 00000000 00:00 0 
7f71ad0f6000-7f71ad1f2000 rw-p 00000000 00:00 0 
7f71ad1f2000-7f71ad1f3000 ---p 00000000 00:00 0 
7f71ad1f3000-7f71ad1f7000 ---p 00000000 00:00 0 
7f71ad1f7000-7f71ad2f3000 rw-p 00000000 00:00 0 
7f71ad2f3000-7f71ad2f4000 ---p 00000000 00:00 0 
7f71ad2f4000-7f71ad2f8000 ---p 00000000 00:00 0 
7f71ad2f8000-7f71ad3f4000 rw-p 00000000 00:00 0 
7f71ad3f4000-7f71ad3f5000 ---p 00000000 00:00 0 
7f71ad3f5000-7f71ad3f9000 ---p 00000000 00:00 0 
7f71ad3f9000-7f71ad4f5000 rw-p 00000000 00:00 0 
7f71ad4f5000-7f71ad4f6000 ---p 00000000 00:00 0 
7f71ad4f6000-7f71ad4fa000 ---p 00000000 00:00 0 
7f71ad4fa000-7f71ad5f6000 rw-p 00000000 00:00 0 
7f71ad5f6000-7f71ad5f7000 ---p 00000000 00:00 0 
7f71ad5f7000-7f71ad5fb000 ---p 00000000 00:00 0 
7f71ad5fb000-7f71ad6f7000 rw-p 00000000 00:00 0 
7f71ad6f7000-7f71ad6f8000 ---p 00000000 00:00 0 
7f71ad6f8000-7f71ad6fc000 ---p 00000000 00:00 0 
7f71ad6fc000-7f71ad7f8000 rw-p 00000000 00:00 0 
7f71ad7f8000-7f71ad7f9000 ---p 00000000 00:00 0 
7f71ad7f9000-7f71ad7fd000 ---p 00000000 00:00 0 
7f71ad7fd000-7f71ad8f9000 rw-p 00000000 00:00 0 
7f71ad8f9000-7f71ad8fa000 ---p 00000000 00:00 0 
7f71ad8fa000-7f71ad8fe000 ---p 00000000 00:00 0 
7f71ad8fe000-7f71ad9fa000 rw-p 00000000 00:00 0 
7f71ad9fa000-7f71ad9fb000 ---p 00000000 00:00 0 
7f71ad9fb000-7f71ad9ff000 ---p 00000000 00:00 0 
7f71ad9ff000-7f71adafb000 rw-p 00000000 00:00 0 
7f71adafb000-7f71adafc000 ---p 00000000 00:00 0 
7f71adafc000-7f71adb00000 ---p 00000000 00:00 0 
7f71adb00000-7f71adbfc000 rw-p 00000000 00:00 0 
7f71adbfc000-7f71adbfd000 ---p 00000000 00:00 0 
7f71adbfd000-7f71adc01000 ---p 00000000 00:00 0 
7f71adc01000-7f71adcfd000 rw-p 00000000 00:00 0 
7f71adcfd000-7f71adcfe000 ---p 00000000 00:00 0 
7f71adcfe000-7f71add02000 ---p 00000000 00:00 0 
7f71add02000-7f71addfe000 rw-p 00000000 00:00 0 
7f71addfe000-7f71addff000 ---p 00000000 00:00 0 
7f71addff000-7f71ade03000 ---p 00000000 00:00 0 
7f71ade03000-7f71adeff000 rw-p 00000000 00:00 0 
7f71adeff000-7f71adf00000 ---p 00000000 00:00 0 
7f71adf00000-7f71adf04000 ---p 00000000 00:00 0 
7f71adf04000-7f71b0000000 rw-p 00000000 00:00 0 
7f71b0000000-7f71b0021000 rw-p 00000000 00:00 0 
7f71b0021000-7f71b4000000 ---p 00000000 00:00 0 
7f71b4000000-7f71b405a000 rw-p 00000000 00:00 0 
7f71b405a000-7f71b8000000 ---p 00000000 00:00 0 
7f71b8000000-7f71b8076000 rw-p 00000000 00:00 0 
7f71b8076000-7f71bc000000 ---p 00000000 00:00 0 
7f71bc0fd000-7f71bc0fe000 ---p 00000000 00:00 0 
7f71bc0fe000-7f71bc102000 ---p 00000000 00:00 0 
7f71bc102000-7f71bc1fe000 rw-p 00000000 00:00 0 
7f71bc1fe000-7f71bc1ff000 ---p 00000000 00:00 0 
7f71bc1ff000-7f71bc203000 ---p 00000000 00:00 0 
7f71bc203000-7f71bc2ff000 rw-p 00000000 00:00 0 
7f71bc2ff000-7f71bc300000 ---p 00000000 00:00 0 
7f71bc300000-7f71bc304000 ---p 00000000 00:00 0 
7f71bc304000-7f71bc400000 rw-p 00000000 00:00 0 
7f71bc400000-7f71bc401000 ---p 00000000 00:00 0 
7f71bc401000-7f71bc405000 ---p 00000000 00:00 0 
7f71bc405000-7f71bc501000 rw-p 00000000 00:00 0 
7f71bc501000-7f71bc502000 ---p 00000000 00:00 0 
7f71bc502000-7f71bc506000 ---p 00000000 00:00 0 
7f71bc506000-7f71bc602000 rw-p 00000000 00:00 0 
7f71bc602000-7f71bc603000 ---p 00000000 00:00 0 
7f71bc603000-7f71bc607000 ---p 00000000 00:00 0 
7f71bc607000-7f71bc703000 rw-p 00000000 00:00 0 
7f71bc703000-7f71bc704000 ---p 00000000 00:00 0 
7f71bc704000-7f71bc708000 ---p 00000000 00:00 0 
7f71bc708000-7f71bc804000 rw-p 00000000 00:00 0 
7f71bc804000-7f71bc805000 ---p 00000000 00:00 0 
7f71bc805000-7f71bc809000 ---p 00000000 00:00 0 
7f71bc809000-7f71bc905000 rw-p 00000000 00:00 0 
7f71bc905000-7f71bc906000 ---p 00000000 00:00 0 
7f71bc906000-7f71bc90a000 ---p 00000000 00:00 0 
7f71bc90a000-7f71bca06000 rw-p 00000000 00:00 0 
7f71bca06000-7f71bca07000 ---p 00000000 00:00 0 
7f71bca07000-7f71bca0b000 ---p 00000000 00:00 0 
7f71bca0b000-7f71bcb07000 rw-p 00000000 00:00 0 
7f71bcb07000-7f71bcb08000 ---p 00000000 00:00 0 
7f71bcb08000-7f71bcb0c000 ---p 00000000 00:00 0 
7f71bcb0c000-7f71bcc08000 rw-p 00000000 00:00 0 
7f71bcc08000-7f71bcc09000 ---p 00000000 00:00 0 
7f71bcc09000-7f71bcc0d000 ---p 00000000 00:00 0 
7f71bcc0d000-7f71bcd09000 rw-p 00000000 00:00 0 
7f71bcd09000-7f71bcd0a000 ---p 00000000 00:00 0 
7f71bcd0a000-7f71bcd0e000 ---p 00000000 00:00 0 
7f71bcd0e000-7f71bce0a000 rw-p 00000000 00:00 0 
7f71bce0a000-7f71bce0b000 ---p 00000000 00:00 0 
7f71bce0b000-7f71bce0f000 ---p 00000000 00:00 0 
7f71bce0f000-7f71bcf0b000 rw-p 00000000 00:00 0 
7f71bcf0b000-7f71bcf0c000 ---p 00000000 00:00 0 
7f71bcf0c000-7f71bcf10000 ---p 00000000 00:00 0 
7f71bcf10000-7f71bd00c000 rw-p 00000000 00:00 0 
7f71bd00c000-7f71bd00d000 ---p 00000000 00:00 0 
7f71bd00d000-7f71bd011000 ---p 00000000 00:00 0 
7f71bd011000-7f71bd10d000 rw-p 00000000 00:00 0 
7f71bd10d000-7f71bd10e000 ---p 00000000 00:00 0 
7f71bd10e000-7f71bd112000 ---p 00000000 00:00 0 
7f71bd112000-7f71bd20e000 rw-p 00000000 00:00 0 
7f71bd20e000-7f71bd20f000 ---p 00000000 00:00 0 
7f71bd20f000-7f71bd213000 ---p 00000000 00:00 0 
7f71bd213000-7f71bd30f000 rw-p 00000000 00:00 0 
7f71bd30f000-7f71bd310000 ---p 00000000 00:00 0 
7f71bd310000-7f71bd314000 ---p 00000000 00:00 0 
7f71bd314000-7f71bd410000 rw-p 00000000 00:00 0 
7f71bd410000-7f71bd411000 ---p 00000000 00:00 0 
7f71bd411000-7f71bd415000 ---p 00000000 00:00 0 
7f71bd415000-7f71bd511000 rw-p 00000000 00:00 0 
7f71bd511000-7f71be8e1000 rwxp 00000000 00:00 0 
7f71be8e1000-7f71c4a49000 ---p 00000000 00:00 0 
7f71c4a49000-7f71c4cb9000 rwxp 00000000 00:00 0 
7f71c4cb9000-7f71c4fd8000 ---p 00000000 00:00 0 
7f71c4fd8000-7f71c5578000 rwxp 00000000 00:00 0 
7f71c5578000-7f71cc511000 ---p 00000000 00:00 0 
7f71cc511000-7f71d4000000 r--s 00000000 00:25 13844                      /usr/lib/jvm/java-17-openjdk-amd64/lib/modules
7f71d4000000-7f71d5463000 rw-p 00000000 00:00 0 
7f71d5463000-7f71d8000000 ---p 00000000 00:00 0 
7f71d80ff000-7f71d8100000 ---p 00000000 00:00 0 
7f71d8100000-7f71d8104000 ---p 00000000 00:00 0 
7f71d8104000-7f71d8200000 rw-p 00000000 00:00 0 
7f71d8200000-7f71d8253000 r-xp 00000000 fe:00 396867                     /root/.gradle/native/38dada09dfb8b06ba9b0570ebf7e218e3eb74d4ef43ca46872605cf95ebc2f47/linux-amd64/libnative-platform-file-events.so
7f71d8253000-7f71d8452000 ---p 00053000 fe:00 396867                     /root/.gradle/native/38dada09dfb8b06ba9b0570ebf7e218e3eb74d4ef43ca46872605cf95ebc2f47/linux-amd64/libnative-platform-file-events.so
7f71d8452000-7f71d8453000 r--p 00052000 fe:00 396867                     /root/.gradle/native/38dada09dfb8b06ba9b0570ebf7e218e3eb74d4ef43ca46872605cf95ebc2f47/linux-amd64/libnative-platform-file-events.so
7f71d8453000-7f71d8455000 rw-p 00053000 fe:00 396867                     /root/.gradle/native/38dada09dfb8b06ba9b0570ebf7e218e3eb74d4ef43ca46872605cf95ebc2f47/linux-amd64/libnative-platform-file-events.so
7f71d84ff000-7f71d8500000 ---p 00000000 00:00 0 
7f71d8500000-7f71d8504000 ---p 00000000 00:00 0 
7f71d8504000-7f71d8600000 rw-p 00000000 00:00 0 
7f71d8600000-7f71d8605000 r-xp 00000000 fe:00 396850                     /root/.gradle/native/c067742578af261105cb4f569cf0c3c89f3d7b1fecec35dd04571415982c5e48/linux-amd64/libnative-platform.so
7f71d8605000-7f71d8805000 ---p 00005000 fe:00 396850                     /root/.gradle/native/c067742578af261105cb4f569cf0c3c89f3d7b1fecec35dd04571415982c5e48/linux-amd64/libnative-platform.so
7f71d8805000-7f71d8806000 r--p 00005000 fe:00 396850                     /root/.gradle/native/c067742578af261105cb4f569cf0c3c89f3d7b1fecec35dd04571415982c5e48/linux-amd64/libnative-platform.so
7f71d8806000-7f71d8807000 rw-p 00006000 fe:00 396850                     /root/.gradle/native/c067742578af261105cb4f569cf0c3c89f3d7b1fecec35dd04571415982c5e48/linux-amd64/libnative-platform.so
7f71d8849000-7f71d884a000 r--p 00000000 00:25 13813                      /usr/lib/jvm/java-17-openjdk-amd64/lib/libextnet.so
7f71d884a000-7f71d884b000 r-xp 00001000 00:25 13813                      /usr/lib/jvm/java-17-openjdk-amd64/lib/libextnet.so
7f71d884b000-7f71d884c000 r--p 00002000 00:25 13813                      /usr/lib/jvm/java-17-openjdk-amd64/lib/libextnet.so
7f71d884c000-7f71d884d000 r--p 00002000 00:25 13813                      /usr/lib/jvm/java-17-openjdk-amd64/lib/libextnet.so
7f71d884d000-7f71d884e000 rw-p 00003000 00:25 13813                      /usr/lib/jvm/java-17-openjdk-amd64/lib/libextnet.so
7f71d884e000-7f71d8850000 r--p 00000000 00:25 13832                      /usr/lib/jvm/java-17-openjdk-amd64/lib/libmanagement_ext.so
7f71d8850000-7f71d8853000 r-xp 00002000 00:25 13832                      /usr/lib/jvm/java-17-openjdk-amd64/lib/libmanagement_ext.so
7f71d8853000-7f71d8854000 r--p 00005000 00:25 13832                      /usr/lib/jvm/java-17-openjdk-amd64/lib/libmanagement_ext.so
7f71d8854000-7f71d8855000 r--p 00006000 00:25 13832                      /usr/lib/jvm/java-17-openjdk-amd64/lib/libmanagement_ext.so
7f71d8855000-7f71d8856000 rw-p 00007000 00:25 13832                      /usr/lib/jvm/java-17-openjdk-amd64/lib/libmanagement_ext.so
7f71d8856000-7f71d8857000 r--p 00000000 00:25 18162                      /usr/lib/x86_64-linux-gnu/libpthread.so.0
7f71d8857000-7f71d8858000 r-xp 00001000 00:25 18162                      /usr/lib/x86_64-linux-gnu/libpthread.so.0
7f71d8858000-7f71d8859000 r--p 00002000 00:25 18162                      /usr/lib/x86_64-linux-gnu/libpthread.so.0
7f71d8859000-7f71d885a000 r--p 00002000 00:25 18162                      /usr/lib/x86_64-linux-gnu/libpthread.so.0
7f71d885a000-7f71d885b000 rw-p 00003000 00:25 18162                      /usr/lib/x86_64-linux-gnu/libpthread.so.0
7f71d885b000-7f71d885f000 r--p 00000000 00:25 13842                      /usr/lib/jvm/java-17-openjdk-amd64/lib/libverify.so
7f71d885f000-7f71d8866000 r-xp 00004000 00:25 13842                      /usr/lib/jvm/java-17-openjdk-amd64/lib/libverify.so
7f71d8866000-7f71d8868000 r--p 0000b000 00:25 13842                      /usr/lib/jvm/java-17-openjdk-amd64/lib/libverify.so
7f71d8868000-7f71d886a000 r--p 0000c000 00:25 13842                      /usr/lib/jvm/java-17-openjdk-amd64/lib/libverify.so
7f71d886a000-7f71d886b000 rw-p 0000e000 00:25 13842                      /usr/lib/jvm/java-17-openjdk-amd64/lib/libverify.so
7f71d886b000-7f71d886c000 ---p 00000000 00:00 0 
7f71d886c000-7f71d896c000 rw-p 00000000 00:00 0 
7f71d896c000-7f71d896d000 ---p 00000000 00:00 0 
7f71d896d000-7f71d8a6d000 rw-p 00000000 00:00 0 
7f71d8a6d000-7f71d8a6e000 ---p 00000000 00:00 0 
7f71d8a6e000-7f71d8a72000 ---p 00000000 00:00 0 
7f71d8a72000-7f71d8b6e000 rw-p 00000000 00:00 0 
7f71d8b6e000-7f71d8b72000 r--p 00000000 00:25 13834                      /usr/lib/jvm/java-17-openjdk-amd64/lib/libnet.so
7f71d8b72000-7f71d8b80000 r-xp 00004000 00:25 13834                      /usr/lib/jvm/java-17-openjdk-amd64/lib/libnet.so
7f71d8b80000-7f71d8b84000 r--p 00012000 00:25 13834                      /usr/lib/jvm/java-17-openjdk-amd64/lib/libnet.so
7f71d8b84000-7f71d8b85000 r--p 00015000 00:25 13834                      /usr/lib/jvm/java-17-openjdk-amd64/lib/libnet.so
7f71d8b85000-7f71d8b86000 rw-p 00016000 00:25 13834                      /usr/lib/jvm/java-17-openjdk-amd64/lib/libnet.so
7f71d8b86000-7f71d8b87000 ---p 00000000 00:00 0 
7f71d8b87000-7f71d8b8b000 ---p 00000000 00:00 0 
7f71d8b8b000-7f71d8c87000 rw-p 00000000 00:00 0 
7f71d8c87000-7f71d8c88000 ---p 00000000 00:00 0 
7f71d8c88000-7f71d8c8c000 ---p 00000000 00:00 0 
7f71d8c8c000-7f71d8d88000 rw-p 00000000 00:00 0 
7f71d8d88000-7f71d8d89000 ---p 00000000 00:00 0 
7f71d8d89000-7f71d8d8d000 ---p 00000000 00:00 0 
7f71d8d8d000-7f71d8e89000 rw-p 00000000 00:00 0 
7f71d8e89000-7f71d8e8a000 ---p 00000000 00:00 0 
7f71d8e8a000-7f71d8e8e000 ---p 00000000 00:00 0 
7f71d8e8e000-7f71d8f8a000 rw-p 00000000 00:00 0 
7f71d8f8a000-7f71d8f8b000 ---p 00000000 00:00 0 
7f71d8f8b000-7f71d8f8f000 ---p 00000000 00:00 0 
7f71d8f8f000-7f71d908b000 rw-p 00000000 00:00 0 
7f71d908b000-7f71d908c000 ---p 00000000 00:00 0 
7f71d908c000-7f71d9090000 ---p 00000000 00:00 0 
7f71d9090000-7f71d918c000 rw-p 00000000 00:00 0 
7f71d918c000-7f71d918d000 ---p 00000000 00:00 0 
7f71d918d000-7f71d9191000 ---p 00000000 00:00 0 
7f71d9191000-7f71d928d000 rw-p 00000000 00:00 0 
7f71d928d000-7f71d92e4000 r--p 00000000 00:25 13893                      /usr/lib/locale/C.utf8/LC_CTYPE
7f71d92e4000-7f71d92e5000 ---p 00000000 00:00 0 
7f71d92e5000-7f71d92e9000 ---p 00000000 00:00 0 
7f71d92e9000-7f71d93e5000 rw-p 00000000 00:00 0 
7f71d93e5000-7f71d93e6000 ---p 00000000 00:00 0 
7f71d93e6000-7f71d93ea000 ---p 00000000 00:00 0 
7f71d93ea000-7f71d94e6000 rw-p 00000000 00:00 0 
7f71d94e6000-7f71d94e7000 ---p 00000000 00:00 0 
7f71d94e7000-7f71d95e7000 rw-p 00000000 00:00 0 
7f71d95e7000-7f71d95ec000 r--p 00000000 00:25 13828                      /usr/lib/jvm/java-17-openjdk-amd64/lib/libjsvml.so
7f71d95ec000-7f71d962d000 r-xp 00005000 00:25 13828                      /usr/lib/jvm/java-17-openjdk-amd64/lib/libjsvml.so
7f71d962d000-7f71d96b6000 r--p 00046000 00:25 13828                      /usr/lib/jvm/java-17-openjdk-amd64/lib/libjsvml.so
7f71d96b6000-7f71d96b7000 r--p 000ce000 00:25 13828                      /usr/lib/jvm/java-17-openjdk-amd64/lib/libjsvml.so
7f71d96b7000-7f71d96b8000 rw-p 000cf000 00:25 13828                      /usr/lib/jvm/java-17-openjdk-amd64/lib/libjsvml.so
7f71d96b8000-7f71d97d5000 rw-p 00000000 00:00 0 
7f71d97d8000-7f71d97da000 r--p 00000000 00:25 13830                      /usr/lib/jvm/java-17-openjdk-amd64/lib/libmanagement.so
7f71d97da000-7f71d97db000 r-xp 00002000 00:25 13830                      /usr/lib/jvm/java-17-openjdk-amd64/lib/libmanagement.so
7f71d97db000-7f71d97dc000 r--p 00003000 00:25 13830                      /usr/lib/jvm/java-17-openjdk-amd64/lib/libmanagement.so
7f71d97dc000-7f71d97dd000 r--p 00003000 00:25 13830                      /usr/lib/jvm/java-17-openjdk-amd64/lib/libmanagement.so
7f71d97dd000-7f71d97de000 rw-p 00004000 00:25 13830                      /usr/lib/jvm/java-17-openjdk-amd64/lib/libmanagement.so
7f71d97de000-7f71d97e5000 r--p 00000000 00:25 13835                      /usr/lib/jvm/java-17-openjdk-amd64/lib/libnio.so
7f71d97e5000-7f71d97ee000 r-xp 00007000 00:25 13835                      /usr/lib/jvm/java-17-openjdk-amd64/lib/libnio.so
7f71d97ee000-7f71d97f2000 r--p 00010000 00:25 13835                      /usr/lib/jvm/java-17-openjdk-amd64/lib/libnio.so
7f71d97f2000-7f71d97f3000 r--p 00014000 00:25 13835                      /usr/lib/jvm/java-17-openjdk-amd64/lib/libnio.so
7f71d97f3000-7f71d97f4000 rw-p 00015000 00:25 13835                      /usr/lib/jvm/java-17-openjdk-amd64/lib/libnio.so
7f71d97f4000-7f71d97f6000 r--p 00000000 00:25 13843                      /usr/lib/jvm/java-17-openjdk-amd64/lib/libzip.so
7f71d97f6000-7f71d97fa000 r-xp 00002000 00:25 13843                      /usr/lib/jvm/java-17-openjdk-amd64/lib/libzip.so
7f71d97fa000-7f71d97fc000 r--p 00006000 00:25 13843                      /usr/lib/jvm/java-17-openjdk-amd64/lib/libzip.so
7f71d97fc000-7f71d97fd000 r--p 00007000 00:25 13843                      /usr/lib/jvm/java-17-openjdk-amd64/lib/libzip.so
7f71d97fd000-7f71d97fe000 rw-p 00008000 00:25 13843                      /usr/lib/jvm/java-17-openjdk-amd64/lib/libzip.so
7f71d97fe000-7f71d97ff000 r--p 00000000 00:25 13899                      /usr/lib/locale/C.utf8/LC_NUMERIC
7f71d97ff000-7f71d9800000 r--p 00000000 00:25 13902                      /usr/lib/locale/C.utf8/LC_TIME
7f71d9800000-7f71d9801000 r--p 00000000 00:25 13892                      /usr/lib/locale/C.utf8/LC_COLLATE
7f71d9801000-7f71d9802000 r--p 00000000 00:25 13897                      /usr/lib/locale/C.utf8/LC_MONETARY
7f71d9802000-7f71d9803000 r--p 00000000 00:25 13896                      /usr/lib/locale/C.utf8/LC_MESSAGES/SYS_LC_MESSAGES
7f71d9803000-7f71d9804000 r--p 00000000 00:25 13900                      /usr/lib/locale/C.utf8/LC_PAPER
7f71d9804000-7f71d9805000 r--p 00000000 00:25 13898                      /usr/lib/locale/C.utf8/LC_NAME
7f71d9805000-7f71d980c000 r--s 00000000 00:25 17585                      /usr/lib/x86_64-linux-gnu/gconv/gconv-modules.cache
7f71d980c000-7f71d980d000 ---p 00000000 00:00 0 
7f71d980d000-7f71d990d000 rw-p 00000000 00:00 0 
7f71d990d000-7f71d990e000 ---p 00000000 00:00 0 
7f71d990e000-7f71d9c10000 rw-p 00000000 00:00 0 
7f71d9c10000-7f71d9c11000 ---p 00000000 00:00 0 
7f71d9c11000-7f71d9d11000 rw-p 00000000 00:00 0 
7f71d9d11000-7f71d9d12000 ---p 00000000 00:00 0 
7f71d9d12000-7f71d9e12000 rw-p 00000000 00:00 0 
7f71d9e12000-7f71d9e13000 ---p 00000000 00:00 0 
7f71d9e13000-7f71da9b9000 rw-p 00000000 00:00 0 
7f71da9b9000-7f71dab25000 ---p 00000000 00:00 0 
7f71dab25000-7f71db5b9000 rw-p 00000000 00:00 0 
7f71db5b9000-7f71db725000 ---p 00000000 00:00 0 
7f71db725000-7f71db87f000 rw-p 00000000 00:00 0 
7f71db87f000-7f71db8ac000 ---p 00000000 00:00 0 
7f71db8ac000-7f71db9ff000 rw-p 00000000 00:00 0 
7f71db9ff000-7f71dba2c000 ---p 00000000 00:00 0 
7f71dba2c000-7f71dbb7f000 rw-p 00000000 00:00 0 
7f71dbb7f000-7f71dbbac000 ---p 00000000 00:00 0 
7f71dbbac000-7f71dbdbb000 rw-p 00000000 00:00 0 
7f71dbdbb000-7f71dbe9a000 ---p 00000000 00:00 0 
7f71dbe9a000-7f71dbec2000 rw-p 00000000 00:00 0 
7f71dbec2000-7f71dbf85000 ---p 00000000 00:00 0 
7f71dbf85000-7f71dbf8a000 rw-p 00000000 00:00 0 
7f71dbf8a000-7f71dbf91000 ---p 00000000 00:00 0 
7f71dbf91000-7f71dbf99000 rw-s 00000000 fe:00 402298                     /tmp/hsperfdata_root/10147
7f71dbf99000-7f71dbfa5000 r--p 00000000 00:25 13820                      /usr/lib/jvm/java-17-openjdk-amd64/lib/libjava.so
7f71dbfa5000-7f71dbfb6000 r-xp 0000c000 00:25 13820                      /usr/lib/jvm/java-17-openjdk-amd64/lib/libjava.so
7f71dbfb6000-7f71dbfbc000 r--p 0001d000 00:25 13820                      /usr/lib/jvm/java-17-openjdk-amd64/lib/libjava.so
7f71dbfbc000-7f71dbfbd000 r--p 00022000 00:25 13820                      /usr/lib/jvm/java-17-openjdk-amd64/lib/libjava.so
7f71dbfbd000-7f71dbfbe000 rw-p 00023000 00:25 13820                      /usr/lib/jvm/java-17-openjdk-amd64/lib/libjava.so
7f71dbfbe000-7f71dbfbf000 rw-p 00000000 00:00 0 
7f71dbfbf000-7f71dbfc0000 r--p 00000000 00:25 13815                      /usr/lib/jvm/java-17-openjdk-amd64/lib/libinstrument.so
7f71dbfc0000-7f71dbfc6000 r-xp 00001000 00:25 13815                      /usr/lib/jvm/java-17-openjdk-amd64/lib/libinstrument.so
7f71dbfc6000-7f71dbfc9000 r--p 00007000 00:25 13815                      /usr/lib/jvm/java-17-openjdk-amd64/lib/libinstrument.so
7f71dbfc9000-7f71dbfca000 r--p 00009000 00:25 13815                      /usr/lib/jvm/java-17-openjdk-amd64/lib/libinstrument.so
7f71dbfca000-7f71dbfcb000 rw-p 0000a000 00:25 13815                      /usr/lib/jvm/java-17-openjdk-amd64/lib/libinstrument.so
7f71dbfcb000-7f71dbfcd000 r--p 00000000 00:25 13824                      /usr/lib/jvm/java-17-openjdk-amd64/lib/libjimage.so
7f71dbfcd000-7f71dbfd0000 r-xp 00002000 00:25 13824                      /usr/lib/jvm/java-17-openjdk-amd64/lib/libjimage.so
7f71dbfd0000-7f71dbfd1000 r--p 00005000 00:25 13824                      /usr/lib/jvm/java-17-openjdk-amd64/lib/libjimage.so
7f71dbfd1000-7f71dbfd2000 r--p 00006000 00:25 13824                      /usr/lib/jvm/java-17-openjdk-amd64/lib/libjimage.so
7f71dbfd2000-7f71dbfd3000 rw-p 00007000 00:25 13824                      /usr/lib/jvm/java-17-openjdk-amd64/lib/libjimage.so
7f71dbfd3000-7f71dbfd7000 ---p 00000000 00:00 0 
7f71dbfd7000-7f71dc0d3000 rw-p 00000000 00:00 0 
7f71dc0d3000-7f71dc0d6000 r--p 00000000 00:25 17971                      /usr/lib/x86_64-linux-gnu/libgcc_s.so.1
7f71dc0d6000-7f71dc0ed000 r-xp 00003000 00:25 17971                      /usr/lib/x86_64-linux-gnu/libgcc_s.so.1
7f71dc0ed000-7f71dc0f1000 r--p 0001a000 00:25 17971                      /usr/lib/x86_64-linux-gnu/libgcc_s.so.1
7f71dc0f1000-7f71dc0f2000 r--p 0001d000 00:25 17971                      /usr/lib/x86_64-linux-gnu/libgcc_s.so.1
7f71dc0f2000-7f71dc0f3000 rw-p 0001e000 00:25 17971                      /usr/lib/x86_64-linux-gnu/libgcc_s.so.1
7f71dc0f3000-7f71dc103000 r--p 00000000 00:25 18072                      /usr/lib/x86_64-linux-gnu/libm.so.6
7f71dc103000-7f71dc177000 r-xp 00010000 00:25 18072                      /usr/lib/x86_64-linux-gnu/libm.so.6
7f71dc177000-7f71dc1d1000 r--p 00084000 00:25 18072                      /usr/lib/x86_64-linux-gnu/libm.so.6
7f71dc1d1000-7f71dc1d2000 r--p 000dd000 00:25 18072                      /usr/lib/x86_64-linux-gnu/libm.so.6
7f71dc1d2000-7f71dc1d3000 rw-p 000de000 00:25 18072                      /usr/lib/x86_64-linux-gnu/libm.so.6
7f71dc1d3000-7f71dc26c000 r--p 00000000 00:25 18239                      /usr/lib/x86_64-linux-gnu/libstdc++.so.6.0.30
7f71dc26c000-7f71dc36d000 r-xp 00099000 00:25 18239                      /usr/lib/x86_64-linux-gnu/libstdc++.so.6.0.30
7f71dc36d000-7f71dc3dc000 r--p 0019a000 00:25 18239                      /usr/lib/x86_64-linux-gnu/libstdc++.so.6.0.30
7f71dc3dc000-7f71dc3e7000 r--p 00209000 00:25 18239                      /usr/lib/x86_64-linux-gnu/libstdc++.so.6.0.30
7f71dc3e7000-7f71dc3ea000 rw-p 00214000 00:25 18239                      /usr/lib/x86_64-linux-gnu/libstdc++.so.6.0.30
7f71dc3ea000-7f71dc3ed000 rw-p 00000000 00:00 0 
7f71dc3ed000-7f71dc63e000 r--p 00000000 00:25 13856                      /usr/lib/jvm/java-17-openjdk-amd64/lib/server/libjvm.so
7f71dc63e000-7f71dd390000 r-xp 00251000 00:25 13856                      /usr/lib/jvm/java-17-openjdk-amd64/lib/server/libjvm.so
7f71dd390000-7f71dd612000 r--p 00fa3000 00:25 13856                      /usr/lib/jvm/java-17-openjdk-amd64/lib/server/libjvm.so
7f71dd612000-7f71dd6ca000 r--p 01225000 00:25 13856                      /usr/lib/jvm/java-17-openjdk-amd64/lib/server/libjvm.so
7f71dd6ca000-7f71dd6ff000 rw-p 012dd000 00:25 13856                      /usr/lib/jvm/java-17-openjdk-amd64/lib/server/libjvm.so
7f71dd6ff000-7f71dd75b000 rw-p 00000000 00:00 0 
7f71dd75b000-7f71dd781000 r--p 00000000 00:25 17860                      /usr/lib/x86_64-linux-gnu/libc.so.6
7f71dd781000-7f71dd8d7000 r-xp 00026000 00:25 17860                      /usr/lib/x86_64-linux-gnu/libc.so.6
7f71dd8d7000-7f71dd92a000 r--p 0017c000 00:25 17860                      /usr/lib/x86_64-linux-gnu/libc.so.6
7f71dd92a000-7f71dd92e000 r--p 001cf000 00:25 17860                      /usr/lib/x86_64-linux-gnu/libc.so.6
7f71dd92e000-7f71dd930000 rw-p 001d3000 00:25 17860                      /usr/lib/x86_64-linux-gnu/libc.so.6
7f71dd930000-7f71dd93d000 rw-p 00000000 00:00 0 
7f71dd93d000-7f71dd93f000 r--p 00000000 00:25 13825                      /usr/lib/jvm/java-17-openjdk-amd64/lib/libjli.so
7f71dd93f000-7f71dd948000 r-xp 00002000 00:25 13825                      /usr/lib/jvm/java-17-openjdk-amd64/lib/libjli.so
7f71dd948000-7f71dd94b000 r--p 0000b000 00:25 13825                      /usr/lib/jvm/java-17-openjdk-amd64/lib/libjli.so
7f71dd94b000-7f71dd94c000 r--p 0000d000 00:25 13825                      /usr/lib/jvm/java-17-openjdk-amd64/lib/libjli.so
7f71dd94c000-7f71dd94d000 rw-p 0000e000 00:25 13825                      /usr/lib/jvm/java-17-openjdk-amd64/lib/libjli.so
7f71dd94d000-7f71dd950000 r--p 00000000 00:25 1006                       /usr/lib/x86_64-linux-gnu/libz.so.1.2.13
7f71dd950000-7f71dd963000 r-xp 00003000 00:25 1006                       /usr/lib/x86_64-linux-gnu/libz.so.1.2.13
7f71dd963000-7f71dd96a000 r--p 00016000 00:25 1006                       /usr/lib/x86_64-linux-gnu/libz.so.1.2.13
7f71dd96a000-7f71dd96b000 r--p 0001c000 00:25 1006                       /usr/lib/x86_64-linux-gnu/libz.so.1.2.13
7f71dd96b000-7f71dd96c000 rw-p 0001d000 00:25 1006                       /usr/lib/x86_64-linux-gnu/libz.so.1.2.13
7f71dd96c000-7f71dd96d000 r--p 00000000 00:25 13891                      /usr/lib/locale/C.utf8/LC_ADDRESS
7f71dd96d000-7f71dd96e000 r--p 00000000 00:25 13901                      /usr/lib/locale/C.utf8/LC_TELEPHONE
7f71dd96e000-7f71dd96f000 r--p 00000000 00:25 13895                      /usr/lib/locale/C.utf8/LC_MEASUREMENT
7f71dd96f000-7f71dd970000 r--p 00000000 00:25 13894                      /usr/lib/locale/C.utf8/LC_IDENTIFICATION
7f71dd970000-7f71dd971000 ---p 00000000 00:00 0 
7f71dd971000-7f71dd972000 r--p 00000000 00:00 0 
7f71dd972000-7f71dd973000 ---p 00000000 00:00 0 
7f71dd973000-7f71dd975000 rw-p 00000000 00:00 0 
7f71dd975000-7f71dd976000 r--p 00000000 00:25 17646                      /usr/lib/x86_64-linux-gnu/ld-linux-x86-64.so.2
7f71dd976000-7f71dd99c000 r-xp 00001000 00:25 17646                      /usr/lib/x86_64-linux-gnu/ld-linux-x86-64.so.2
7f71dd99c000-7f71dd9a6000 r--p 00027000 00:25 17646                      /usr/lib/x86_64-linux-gnu/ld-linux-x86-64.so.2
7f71dd9a6000-7f71dd9a8000 r--p 00031000 00:25 17646                      /usr/lib/x86_64-linux-gnu/ld-linux-x86-64.so.2
7f71dd9a8000-7f71dd9aa000 rw-p 00033000 00:25 17646                      /usr/lib/x86_64-linux-gnu/ld-linux-x86-64.so.2
7fffd47f9000-7fffd481a000 rw-p 00000000 00:00 0                          [stack]
7fffd4957000-7fffd495a000 r--p 00000000 00:00 0                          [vvar]
7fffd495a000-7fffd495c000 r-xp 00000000 00:00 0                          [vdso]
ffffffffff600000-ffffffffff601000 r-xp 00000000 00:00 0                  [vsyscall]


VM Arguments:
jvm_args: -XX:MaxMetaspaceSize=384m --add-opens=java.base/java.util=ALL-UNNAMED --add-opens=java.base/java.lang=ALL-UNNAMED --add-opens=java.base/java.lang.invoke=ALL-UNNAMED --add-opens=java.prefs/java.util.prefs=ALL-UNNAMED --add-opens=java.base/java.nio.charset=ALL-UNNAMED --add-opens=java.base/java.net=ALL-UNNAMED --add-opens=java.base/java.util.concurrent.atomic=ALL-UNNAMED -Xmx768m -Dfile.encoding=UTF-8 -Duser.country -Duser.language=en -Duser.variant -javaagent:/root/.gradle/wrapper/dists/gradle-8.5-bin/5t9huq95ubn472n8rpzujfbqh/gradle-8.5/lib/agents/gradle-instrumentation-agent-8.5.jar 
java_command: org.gradle.launcher.daemon.bootstrap.GradleDaemon 8.5
java_class_path (initial): /root/.gradle/wrapper/dists/gradle-8.5-bin/5t9huq95ubn472n8rpzujfbqh/gradle-8.5/lib/gradle-launcher-8.5.jar
Launcher Type: SUN_STANDARD

[Global flags]
     intx CICompilerCount                          = 2                                         {product} {ergonomic}
   size_t CompressedClassSpaceSize                 = 335544320                                 {product} {ergonomic}
     uint ConcGCThreads                            = 1                                         {product} {ergonomic}
     uint G1ConcRefinementThreads                  = 2                                         {product} {ergonomic}
   size_t G1HeapRegionSize                         = 1048576                                   {product} {ergonomic}
    uintx GCDrainStackTargetSize                   = 64                                        {product} {ergonomic}
   size_t InitialHeapSize                          = 33554432                                  {product} {ergonomic}
   size_t MarkStackSize                            = 4194304                                   {product} {ergonomic}
   size_t MaxHeapSize                              = 805306368                                 {product} {command line}
   size_t MaxMetaspaceSize                         = 402653184                                 {product} {command line}
   size_t MaxNewSize                               = 482344960                                 {product} {ergonomic}
   size_t MinHeapDeltaBytes                        = 1048576                                   {product} {ergonomic}
   size_t MinHeapSize                              = 8388608                                   {product} {ergonomic}
    uintx NonNMethodCodeHeapSize                   = 5826188                                {pd product} {ergonomic}
    uintx NonProfiledCodeHeapSize                  = 122916026                              {pd product} {ergonomic}
    uintx ProfiledCodeHeapSize                     = 122916026                              {pd product} {ergonomic}
    uintx ReservedCodeCacheSize                    = 251658240                              {pd product} {ergonomic}
     bool SegmentedCodeCache                       = true                                      {product} {ergonomic}
   size_t SoftMaxHeapSize                          = 805306368                              {manageable} {ergonomic}
     bool UseCompressedClassPointers               = true                           {product lp64_product} {ergonomic}
     bool UseCompressedOops                        = true                           {product lp64_product} {ergonomic}
     bool UseG1GC                                  = true                                      {product} {ergonomic}

Logging:
Log output configuration:
 #0: stdout all=warning uptime,level,tags
 #1: stderr all=off uptime,level,tags

Environment Variables:
PATH=/usr/local/sbin:/usr/local/bin:/usr/sbin:/usr/bin:/sbin:/bin
SHELL=/bin/bash
LANG=C.UTF-8
LC_ALL=C.UTF-8
TERM=tmux-256color

Active Locale:
LC_ALL=C.UTF-8
LC_COLLATE=C.UTF-8
LC_CTYPE=C.UTF-8
LC_MESSAGES=C.UTF-8
LC_MONETARY=C.UTF-8
LC_NUMERIC=C.UTF-8
LC_TIME=C.UTF-8

Signal Handlers:
   SIGSEGV: crash_handler in libjvm.so, mask=11100100010111111101111111111110, flags=SA_RESTART|SA_SIGINFO, unblocked
    SIGBUS: crash_handler in libjvm.so, mask=11100100010111111101111111111110, flags=SA_RESTART|SA_SIGINFO, unblocked
    SIGFPE: crash_handler in libjvm.so, mask=11100100010111111101111111111110, flags=SA_RESTART|SA_SIGINFO, unblocked
   SIGPIPE: javaSignalHandler in libjvm.so, mask=11100100010111111101111111111110, flags=SA_RESTART|SA_SIGINFO, unblocked
   SIGXFSZ: javaSignalHandler in libjvm.so, mask=11100100010111111101111111111110, flags=SA_RESTART|SA_SIGINFO, unblocked
    SIGILL: crash_handler in libjvm.so, mask=11100100010111111101111111111110, flags=SA_RESTART|SA_SIGINFO, unblocked
   SIGUSR2: SR_handler in libjvm.so, mask=00100000000000000000000000000000, flags=SA_RESTART|SA_SIGINFO, unblocked
    SIGHUP: UserHandler in libjvm.so, mask=11100100010111111101111111111110, flags=SA_RESTART|SA_SIGINFO, unblocked
    SIGINT: UserHandler in libjvm.so, mask=11100100010111111101111111111110, flags=SA_RESTART|SA_SIGINFO, unblocked
   SIGTERM: UserHandler in libjvm.so, mask=11100100010111111101111111111110, flags=SA_RESTART|SA_SIGINFO, unblocked
   SIGQUIT: UserHandler in libjvm.so, mask=11100100010111111101111111111110, flags=SA_RESTART|SA_SIGINFO, unblocked
   SIGTRAP: crash_handler in libjvm.so, mask=11100100010111111101111111111110, flags=SA_RESTART|SA_SIGINFO, unblocked


Periodic native trim disabled


---------------  S Y S T E M  ---------------

OS:
PRETTY_NAME="Debian GNU/Linux 12 (bookworm)"
NAME="Debian GNU/Linux"
VERSION_ID="12"
VERSION="12 (bookworm)"
VERSION_CODENAME=bookworm
ID=debian
HOME_URL="https://www.debian.org/"
SUPPORT_URL="https://www.debian.org/support"
BUG_REPORT_URL="https://bugs.debian.org/"
uname: Linux 4.19.91-c8dfc93.al7.x86_64 #1 SMP Tue Sep 26 10:25:51 UTC 2023 x86_64
OS uptime: 0 days 1:57 hours
libc: glibc 2.36 NPTL 2.36 
rlimit (soft/hard): STACK 8192k/infinity , CORE 0k/0k , NPROC 100000/100000 , NOFILE 100000/100000 , AS infinity/infinity , CPU infinity/infinity , DATA infinity/infinity , FSIZE infinity/infinity , MEMLOCK 64k/64k
load average: 2.01 1.50 0.82

/proc/meminfo:
MemTotal:        2152516 kB
MemFree:           43808 kB
MemAvailable:      40408 kB
Buffers:             564 kB
Cached:            43684 kB
SwapCached:            0 kB
Active:          2000792 kB
Inactive:          27148 kB
Active(anon):    1983764 kB
Inactive(anon):       16 kB
Active(file):      17028 kB
Inactive(file):    27132 kB
Unevictable:           0 kB
Mlocked:               0 kB
SwapTotal:             0 kB
SwapFree:              0 kB
Dirty:               192 kB
Writeback:             0 kB
AnonPages:       1982652 kB
Mapped:            27876 kB
Shmem:                36 kB
Slab:              29876 kB
SReclaimable:      16500 kB
SUnreclaim:        13376 kB
KernelStack:        3216 kB
PageTables:         5808 kB
NFS_Unstable:          0 kB
Bounce:                0 kB
WritebackTmp:          0 kB
CommitLimit:     1076256 kB
Committed_AS:    2350108 kB
VmallocTotal:   34359738367 kB
VmallocUsed:           0 kB
VmallocChunk:          0 kB
Percpu:              384 kB
AnonHugePages:    215040 kB
ShmemHugePages:        0 kB
ShmemPmdMapped:        0 kB
HugePages_Total:       0
HugePages_Free:        0
HugePages_Rsvd:        0
HugePages_Surp:        0
Hugepagesize:       2048 kB
Hugetlb:               0 kB
DirectMap4k:        8192 kB
DirectMap2M:     2523136 kB
DirectMap1G:           0 kB

/sys/kernel/mm/transparent_hugepage/enabled: [always] madvise never
/sys/kernel/mm/transparent_hugepage/hpage_pmd_size: 2097152
/sys/kernel/mm/transparent_hugepage/defrag (defrag/compaction efforts parameter): always defer defer+madvise madvise [never]

Process Memory:
Virtual Size: 2687060K (peak: 2777628K)
Resident Set Size: 922856K (peak: 922856K) (anon: 900924K, file: 21932K, shmem: 0K)
Swapped out: 0K
C-Heap outstanding allocations: 73316K, retained: 29919K
glibc malloc tunables: (default)

/proc/sys/kernel/threads-max (system-wide limit on the number of threads): 1129
/proc/sys/vm/max_map_count (maximum number of memory map areas a process may have): 65530
/proc/sys/vm/swappiness (control to define how aggressively the kernel swaps out anonymous memory): 60
/proc/sys/kernel/pid_max (system-wide limit on number of process identifiers): 32768

container (cgroup) information:
container_type: cgroupv1
cpu_cpuset_cpus: 0-1
cpu_memory_nodes: 0
active_processor_count: 2
cpu_quota: no quota
cpu_period: 100000
cpu_shares: 12288
memory_limit_in_bytes: 2097152 k
memory_and_swap_limit_in_bytes: unlimited
memory_soft_limit_in_bytes: unlimited
memory_usage_in_bytes: 2042688 k
memory_max_usage_in_bytes: 2059500 k
rss_usage_in_bytes: 1973228 k
cache_usage_in_bytes: 43916 k
kernel_memory_limit_in_bytes: unlimited
kernel_memory_usage_in_bytes: 25292 k
kernel_memory_max_usage_in_bytes: 103676 k
maximum number of tasks: unlimited
current number of tasks: 123

KVM virtualization detected
Steal ticks since vm start: 3330
Steal ticks percentage since vm start:  0.390

CPU: total 2 (initial active 2) (2 cores per cpu, 1 threads per core) family 6 model 85 stepping 7 microcode 0x1, cx8, cmov, fxsr, mmx, 3dnowpref, sse, sse2, sse3, ssse3, sse4.1, sse4.2, popcnt, lzcnt, tsc, tscinvbit, avx, avx2, aes, erms, clmul, bmi1, bmi2, adx, avx512f, avx512dq, avx512cd, avx512bw, avx512vl, fma, vzeroupper, avx512_vnni, clflush, clflushopt, clwb, hv
CPU Model and flags from /proc/cpuinfo:
model name	: Intel(R) Xeon(R) Processor @ 2.50GHz
flags		: fpu vme de pse tsc msr pae mce cx8 apic sep mtrr pge mca cmov pat pse36 clflush mmx fxsr sse sse2 ss ht syscall nx pdpe1gb rdtscp lm constant_tsc rep_good nopl xtopology nonstop_tsc cpuid tsc_known_freq pni pclmulqdq ssse3 fma cx16 pcid sse4_1 sse4_2 x2apic movbe popcnt tsc_deadline_timer aes xsave avx f16c rdrand hypervisor lahf_lm abm 3dnowprefetch cpuid_fault invpcid_single ssbd ibrs ibpb stibp ibrs_enhanced fsgsbase tsc_adjust bmi1 avx2 smep bmi2 erms invpcid mpx avx512f avx512dq rdseed adx smap clflushopt clwb avx512cd avx512bw avx512vl xsaveopt xsavec xgetbv1 xsaves umip avx512_vnni md_clear arch_capabilities

Online cpus: 0-1
Offline cpus: 
BIOS frequency limitation: <Not Available>
Frequency switch latency (ns): <Not Available>
Available cpu frequencies: <Not Available>
Current governor: <Not Available>
Core performance/turbo boost: <Not Available>

Memory: 4k page, physical 2097152k(54464k free), swap 0k(0k free)
Page Sizes: 4k

vm_info: OpenJDK 64-Bit Server VM (17.0.20+8-1-deb12u1-Debian) for linux-amd64 JRE (17.0.20+8-1-deb12u1-Debian), built on Jul 28 2026 07:08:51 by "buildd" with gcc 12.2.0

END.
