#
# There is insufficient memory for the Java Runtime Environment to continue.
# Native memory allocation (mmap) failed to map 99614720 bytes. Error detail: committing reserved memory.
# Possible reasons:
#   The system is out of physical RAM or swap space
#   This process is running with CompressedOops enabled, and the Java Heap may be blocking the growth of the native heap
# Possible solutions:
#   Reduce memory load on the system
#   Increase physical memory or swap space
#   Check if swap backing store is full
#   Decrease Java heap size (-Xmx/-Xms)
#   Decrease number of Java threads
#   Decrease Java thread stack sizes (-Xss)
#   Set larger code cache with -XX:ReservedCodeCacheSize=
#   JVM is running with Unscaled Compressed Oops mode in which the Java heap is
#     placed in the first 4GB address space. The Java Heap base address is the
#     maximum limit for the native heap growth. Please use -XX:HeapBaseMinAddress
#     to set the Java Heap base and to place the Java Heap above 4GB virtual address.
# This output file may be truncated or incomplete.
#
#  Out of Memory Error (os_linux.cpp:2834), pid=24440, tid=24451
#
# JRE version: OpenJDK Runtime Environment (17.0.20+8) (build 17.0.20+8-1-deb12u1-Debian)
# Java VM: OpenJDK 64-Bit Server VM (17.0.20+8-1-deb12u1-Debian, mixed mode, sharing, tiered, compressed oops, compressed class ptrs, g1 gc, linux-amd64)
# No core dump will be written. Core dumps have been disabled. To enable core dumping, try "ulimit -c unlimited" before starting Java again
#

---------------  S U M M A R Y ------------

Command Line: -XX:MaxMetaspaceSize=384m --add-opens=java.base/java.util=ALL-UNNAMED --add-opens=java.base/java.lang=ALL-UNNAMED --add-opens=java.base/java.lang.invoke=ALL-UNNAMED --add-opens=java.prefs/java.util.prefs=ALL-UNNAMED --add-opens=java.base/java.nio.charset=ALL-UNNAMED --add-opens=java.base/java.net=ALL-UNNAMED --add-opens=java.base/java.util.concurrent.atomic=ALL-UNNAMED -Xmx768m -Dfile.encoding=UTF-8 -Duser.country -Duser.language=en -Duser.variant -javaagent:/root/.gradle/wrapper/dists/gradle-8.5-bin/5t9huq95ubn472n8rpzujfbqh/gradle-8.5/lib/agents/gradle-instrumentation-agent-8.5.jar org.gradle.launcher.daemon.bootstrap.GradleDaemon 8.5

Host: Intel(R) Xeon(R) Processor @ 2.50GHz, 2 cores, 2G, Debian GNU/Linux 12 (bookworm)
Time: Tue Sep 29 21:44:59 2026 UTC elapsed time: 59.204256 seconds (0d 0h 0m 59s)

---------------  T H R E A D  ---------------

Current thread (0x00007fc2ec09c220):  VMThread "VM Thread" [stack: 0x00007fc2f1104000,0x00007fc2f1204000] [id=24451]

Stack: [0x00007fc2f1104000,0x00007fc2f1204000],  sp=0x00007fc2f1201d70,  free space=1015k
Native frames: (J=compiled Java code, j=interpreted, Vv=VM code, C=native code)
V  [libjvm.so+0xf21211]  VMError::report_and_die(int, char const*, char const*, __va_list_tag*, Thread*, unsigned char*, void*, void*, char const*, int, unsigned long)+0x171
V  [libjvm.so+0xf21d7d]  VMError::report_and_die(Thread*, char const*, int, unsigned long, VMErrorType, char const*, __va_list_tag*)+0x2d
V  [libjvm.so+0x60378c]  report_vm_out_of_memory(char const*, int, unsigned long, VMErrorType, char const*, ...)+0xdc
V  [libjvm.so+0xc2a14b]  os::pd_commit_memory_or_exit(char*, unsigned long, unsigned long, bool, char const*)+0xeb
V  [libjvm.so+0xc23ffb]  os::commit_memory_or_exit(char*, unsigned long, unsigned long, bool, char const*)+0x1b
V  [libjvm.so+0x733436]  G1PageBasedVirtualSpace::commit(unsigned long, unsigned long)+0x66
V  [libjvm.so+0x7473e0]  G1RegionsLargerThanCommitSizeMapper::commit_regions(unsigned int, unsigned long, WorkGang*)+0x110
V  [libjvm.so+0x7dadc8]  HeapRegionManager::commit_regions(unsigned int, unsigned long, WorkGang*)+0x88
V  [libjvm.so+0x7dcc0b]  HeapRegionManager::expand(unsigned int, unsigned int, WorkGang*)+0x2b
V  [libjvm.so+0x7dce27]  HeapRegionManager::expand_by(unsigned int, WorkGang*)+0x77
V  [libjvm.so+0x6ebed8]  G1CollectedHeap::expand(unsigned long, WorkGang*, double*)+0xe8
V  [libjvm.so+0x6efb29]  G1CollectedHeap::do_collection_pause_at_safepoint_helper(double)+0x8a9
V  [libjvm.so+0x6efb8f]  G1CollectedHeap::do_collection_pause_at_safepoint(double)+0x2f
V  [libjvm.so+0x76b9d7]  VM_G1CollectForAllocation::doit()+0x47
V  [libjvm.so+0xf26715]  VM_Operation::evaluate()+0xe5
V  [libjvm.so+0xf28005]  VMThread::evaluate_operation(VM_Operation*)+0x105
V  [libjvm.so+0xf2857f]  VMThread::inner_execute(VM_Operation*)+0x28f
V  [libjvm.so+0xf2878f]  VMThread::run()+0xbf
V  [libjvm.so+0xea40a5]  Thread::call_run()+0xa5
V  [libjvm.so+0xc2c8f3]  thread_native_entry(Thread*)+0xe3

VM_Operation (0x00007fc2c47e5450): G1CollectForAllocation, mode: safepoint, requested by thread 0x00007fc2b9bb2660


---------------  P R O C E S S  ---------------

Threads class SMR info:
_java_thread_list=0x00007fc2b9bb32a0, length=53, elements={
0x00007fc2ec01a7c0, 0x00007fc2ec0a0320, 0x00007fc2ec0a1700, 0x00007fc2ec0a7fd0,
0x00007fc2ec0a9380, 0x00007fc2ec0aa790, 0x00007fc2ec0ac140, 0x00007fc2ec0ad670,
0x00007fc2ec0aeae0, 0x00007fc2ec0b9cb0, 0x00007fc2ec15e8f0, 0x00007fc2ed0fa520,
0x00007fc2ed150dc0, 0x00007fc2ed19f3a0, 0x00007fc290016f40, 0x00007fc2980052c0,
0x00007fc298007dd0, 0x00007fc2980093f0, 0x00007fc2b8003ff0, 0x00007fc2b800a650,
0x00007fc2b800d900, 0x00007fc2b8190d50, 0x00007fc2b819a470, 0x00007fc2b83e6730,
0x00007fc2b86ebe30, 0x00007fc2b86fce20, 0x00007fc2b8709630, 0x00007fc2b870ca50,
0x00007fc2b8767660, 0x00007fc2b87c7d80, 0x00007fc2b8a2bac0, 0x00007fc2b8b67970,
0x00007fc2b8b6fac0, 0x00007fc2b8c92060, 0x00007fc2b8dded60, 0x00007fc2b8ecf240,
0x00007fc2b9594760, 0x00007fc2b982d490, 0x00007fc2ba4658a0, 0x00007fc2ed1a2cc0,
0x00007fc2ed1dfb20, 0x00007fc2ed1ebcd0, 0x00007fc2ed1fd4c0, 0x00007fc2ed1f4510,
0x00007fc2ed1fbb30, 0x00007fc2ed2007c0, 0x00007fc2ed206420, 0x00007fc2ed20c550,
0x00007fc2ed212770, 0x00007fc2ed295af0, 0x00007fc2ed294120, 0x00007fc2b9bb1f60,
0x00007fc2b9bb2660
}

Java Threads: ( => current thread )
  0x00007fc2ec01a7c0 JavaThread "main" [_thread_blocked, id=24441, stack(0x00007fc2f3bf0000,0x00007fc2f3cf0000)]
  0x00007fc2ec0a0320 JavaThread "Reference Handler" daemon [_thread_blocked, id=24452, stack(0x00007fc2f1003000,0x00007fc2f1103000)]
  0x00007fc2ec0a1700 JavaThread "Finalizer" daemon [_thread_blocked, id=24453, stack(0x00007fc2f0f02000,0x00007fc2f1002000)]
  0x00007fc2ec0a7fd0 JavaThread "Signal Dispatcher" daemon [_thread_blocked, id=24454, stack(0x00007fc2f0daa000,0x00007fc2f0eaa000)]
  0x00007fc2ec0a9380 JavaThread "Service Thread" daemon [_thread_blocked, id=24455, stack(0x00007fc2f0ca9000,0x00007fc2f0da9000)]
  0x00007fc2ec0aa790 JavaThread "Monitor Deflation Thread" daemon [_thread_blocked, id=24456, stack(0x00007fc2f0ba8000,0x00007fc2f0ca8000)]
  0x00007fc2ec0ac140 JavaThread "C2 CompilerThread0" daemon [_thread_in_native, id=24457, stack(0x00007fc2f0aa7000,0x00007fc2f0ba7000)]
  0x00007fc2ec0ad670 JavaThread "C1 CompilerThread0" daemon [_thread_blocked, id=24458, stack(0x00007fc2f09a6000,0x00007fc2f0aa6000)]
  0x00007fc2ec0aeae0 JavaThread "Sweeper thread" daemon [_thread_blocked, id=24459, stack(0x00007fc2f08a5000,0x00007fc2f09a5000)]
  0x00007fc2ec0b9cb0 JavaThread "Common-Cleaner" daemon [_thread_blocked, id=24460, stack(0x00007fc2f07a4000,0x00007fc2f08a4000)]
  0x00007fc2ec15e8f0 JavaThread "Notification Thread" daemon [_thread_blocked, id=24461, stack(0x00007fc2f068b000,0x00007fc2f078b000)]
  0x00007fc2ed0fa520 JavaThread "Daemon health stats" [_thread_blocked, id=24467, stack(0x00007fc2f0100000,0x00007fc2f0200000)]
  0x00007fc2ed150dc0 JavaThread "Incoming local TCP Connector on port 38467" [_thread_in_native, id=24468, stack(0x00007fc2d5100000,0x00007fc2d5200000)]
  0x00007fc2ed19f3a0 JavaThread "Daemon periodic checks" [_thread_blocked, id=24470, stack(0x00007fc2d4fff000,0x00007fc2d50ff000)]
  0x00007fc290016f40 JavaThread "Daemon" [_thread_blocked, id=24471, stack(0x00007fc2d4efe000,0x00007fc2d4ffe000)]
  0x00007fc2980052c0 JavaThread "Handler for socket connection from /127.0.0.1:38467 to /127.0.0.1:57548" [_thread_in_native, id=24472, stack(0x00007fc2d4dfd000,0x00007fc2d4efd000)]
  0x00007fc298007dd0 JavaThread "Cancel handler" [_thread_blocked, id=24473, stack(0x00007fc2d4cfc000,0x00007fc2d4dfc000)]
  0x00007fc2980093f0 JavaThread "Daemon worker" [_thread_blocked, id=24474, stack(0x00007fc2d4bfb000,0x00007fc2d4cfb000)]
  0x00007fc2b8003ff0 JavaThread "Asynchronous log dispatcher for DefaultDaemonConnection: socket connection from /127.0.0.1:38467 to /127.0.0.1:57548" [_thread_blocked, id=24477, stack(0x00007fc2d4afa000,0x00007fc2d4bfa000)]
  0x00007fc2b800a650 JavaThread "Stdin handler" [_thread_blocked, id=24478, stack(0x00007fc2d49f9000,0x00007fc2d4af9000)]
  0x00007fc2b800d900 JavaThread "Daemon client event forwarder" [_thread_blocked, id=24479, stack(0x00007fc2d48f8000,0x00007fc2d49f8000)]
  0x00007fc2b8190d50 JavaThread "Cache worker for journal cache (/root/.gradle/caches/journal-1)" [_thread_blocked, id=24481, stack(0x00007fc2d47f7000,0x00007fc2d48f7000)]
  0x00007fc2b819a470 JavaThread "File lock request listener" [_thread_in_native, id=24482, stack(0x00007fc2d46f6000,0x00007fc2d47f6000)]
  0x00007fc2b83e6730 JavaThread "Cache worker for file hash cache (/root/.gradle/caches/8.5/fileHashes)" [_thread_blocked, id=24484, stack(0x00007fc2d42cb000,0x00007fc2d43cb000)]
  0x00007fc2b86ebe30 JavaThread "Cache worker for checksums cache (/workspace/android/.gradle/8.5/checksums)" [_thread_blocked, id=24487, stack(0x00007fc2d45f5000,0x00007fc2d46f5000)]
  0x00007fc2b86fce20 JavaThread "Cache worker for file hash cache (/workspace/android/.gradle/8.5/fileHashes)" [_thread_blocked, id=24488, stack(0x00007fc2d44f4000,0x00007fc2d45f4000)]
  0x00007fc2b8709630 JavaThread "Cache worker for cache directory md-supplier (/root/.gradle/caches/8.5/md-supplier)" [_thread_blocked, id=24489, stack(0x00007fc2d43f3000,0x00007fc2d44f3000)]
  0x00007fc2b870ca50 JavaThread "Cache worker for cache directory md-rule (/root/.gradle/caches/8.5/md-rule)" [_thread_blocked, id=24490, stack(0x00007fc2d41ca000,0x00007fc2d42ca000)]
  0x00007fc2b8767660 JavaThread "Cache worker for file content cache (/root/.gradle/caches/8.5/fileContent)" [_thread_blocked, id=24492, stack(0x00007fc2d40c9000,0x00007fc2d41c9000)]
  0x00007fc2b87c7d80 JavaThread "Cache worker for execution history cache (/root/.gradle/caches/8.5/executionHistory)" [_thread_blocked, id=24493, stack(0x00007fc2c5f00000,0x00007fc2c6000000)]
  0x00007fc2b8a2bac0 JavaThread "Cache worker for kotlin-dsl (/root/.gradle/caches/8.5/kotlin-dsl)" [_thread_blocked, id=24497, stack(0x00007fc2c5dff000,0x00007fc2c5eff000)]
  0x00007fc2b8b67970 JavaThread "jar transforms" [_thread_blocked, id=24499, stack(0x00007fc2c5cfe000,0x00007fc2c5dfe000)]
  0x00007fc2b8b6fac0 JavaThread "jar transforms Thread 2" [_thread_blocked, id=24500, stack(0x00007fc2c5bfd000,0x00007fc2c5cfd000)]
  0x00007fc2b8c92060 JavaThread "Cache worker for dependencies-accessors (/workspace/android/.gradle/8.5/dependencies-accessors)" [_thread_blocked, id=24502, stack(0x00007fc2c5afc000,0x00007fc2c5bfc000)]
  0x00007fc2b8dded60 JavaThread "Cache worker for Build Output Cleanup Cache (/workspace/android/.gradle/buildOutputCleanup)" [_thread_blocked, id=24505, stack(0x00007fc2c59fb000,0x00007fc2c5afb000)]
  0x00007fc2b8ecf240 JavaThread "Unconstrained build operations" [_thread_blocked, id=24508, stack(0x00007fc2c58fa000,0x00007fc2c59fa000)]
  0x00007fc2b9594760 JavaThread "Memory manager" [_thread_blocked, id=24515, stack(0x00007fc2c57f9000,0x00007fc2c58f9000)]
  0x00007fc2b982d490 JavaThread "build event listener" [_thread_blocked, id=24521, stack(0x00007fc2c56f8000,0x00007fc2c57f8000)]
  0x00007fc2ba4658a0 JavaThread "included builds" [_thread_blocked, id=24540, stack(0x00007fc2c55f7000,0x00007fc2c56f7000)]
  0x00007fc2ed1a2cc0 JavaThread "Cache worker for execution history cache (/workspace/android/.gradle/8.5/executionHistory)" [_thread_blocked, id=24541, stack(0x00007fc2c54f6000,0x00007fc2c55f6000)]
  0x00007fc2ed1dfb20 JavaThread "Unconstrained build operations Thread 2" [_thread_blocked, id=24544, stack(0x00007fc2c53f5000,0x00007fc2c54f5000)]
  0x00007fc2ed1ebcd0 JavaThread "Unconstrained build operations Thread 3" [_thread_blocked, id=24548, stack(0x00007fc2c52f4000,0x00007fc2c53f4000)]
  0x00007fc2ed1fd4c0 JavaThread "Unconstrained build operations Thread 4" [_thread_blocked, id=24549, stack(0x00007fc2c51f3000,0x00007fc2c52f3000)]
  0x00007fc2ed1f4510 JavaThread "Unconstrained build operations Thread 5" [_thread_blocked, id=24550, stack(0x00007fc2c50f2000,0x00007fc2c51f2000)]
  0x00007fc2ed1fbb30 JavaThread "Unconstrained build operations Thread 6" [_thread_blocked, id=24552, stack(0x00007fc2c4ff1000,0x00007fc2c50f1000)]
  0x00007fc2ed2007c0 JavaThread "Unconstrained build operations Thread 7" [_thread_blocked, id=24553, stack(0x00007fc2c4ef0000,0x00007fc2c4ff0000)]
  0x00007fc2ed206420 JavaThread "Unconstrained build operations Thread 8" [_thread_blocked, id=24554, stack(0x00007fc2c4def000,0x00007fc2c4eef000)]
  0x00007fc2ed20c550 JavaThread "Unconstrained build operations Thread 9" [_thread_blocked, id=24556, stack(0x00007fc2c4cee000,0x00007fc2c4dee000)]
  0x00007fc2ed212770 JavaThread "Unconstrained build operations Thread 10" [_thread_blocked, id=24558, stack(0x00007fc2c4bed000,0x00007fc2c4ced000)]
  0x00007fc2ed295af0 JavaThread "WorkerExecutor Queue" [_thread_blocked, id=24564, stack(0x00007fc2c4aec000,0x00007fc2c4bec000)]
  0x00007fc2ed294120 JavaThread "WorkerExecutor Queue Thread 2" [_thread_blocked, id=24565, stack(0x00007fc2c49eb000,0x00007fc2c4aeb000)]
  0x00007fc2b9bb1f60 JavaThread "ForkJoinPool-1-worker-1" daemon [_thread_blocked, id=24612, stack(0x00007fc2c47e9000,0x00007fc2c48e9000)]
  0x00007fc2b9bb2660 JavaThread "ForkJoinPool-1-worker-2" daemon [_thread_blocked, id=24613, stack(0x00007fc2c46e8000,0x00007fc2c47e8000)]

Other Threads:
=>0x00007fc2ec09c220 VMThread "VM Thread" [stack: 0x00007fc2f1104000,0x00007fc2f1204000] [id=24451]
  0x00007fc2ec01cb30 WatcherThread [stack: 0x00007fc2f058a000,0x00007fc2f068a000] [id=24462]
  0x00007fc2ec04f760 GCTaskThread "GC Thread#0" [stack: 0x00007fc2f1a30000,0x00007fc2f1b30000] [id=24443]
  0x00007fc29c0049b0 GCTaskThread "GC Thread#1" [stack: 0x00007fc2f0489000,0x00007fc2f0589000] [id=24463]
  0x00007fc2ec056d40 ConcurrentGCThread "G1 Main Marker" [stack: 0x00007fc2f192f000,0x00007fc2f1a2f000] [id=24445]
  0x00007fc2ec057cb0 ConcurrentGCThread "G1 Conc#0" [stack: 0x00007fc2f182e000,0x00007fc2f192e000] [id=24447]
  0x00007fc2ec0768e0 ConcurrentGCThread "G1 Refine#0" [stack: 0x00007fc2f152b000,0x00007fc2f162b000] [id=24448]
  0x00007fc2c0029ba0 ConcurrentGCThread "G1 Refine#1" [stack: 0x00007fc2c48ea000,0x00007fc2c49ea000] [id=24610]
  0x00007fc2ec0777e0 ConcurrentGCThread "G1 Service" [stack: 0x00007fc2f142a000,0x00007fc2f152a000] [id=24449]

Threads with active compile tasks:
C2 CompilerThread0  59266 19734 %     4       com.android.tools.r8.dex.C::a @ 292 (992 bytes)

VM state: at safepoint (normal execution)

VM Mutex/Monitor currently owned by a thread:  ([mutex/lock_event])
[0x00007fc2ec0175b0] Threads_lock - owner thread: 0x00007fc2ec09c220
[0x00007fc2ec017d60] Heap_lock - owner thread: 0x00007fc2b9bb2660

Heap address: 0x00000000d0000000, size: 768 MB, Compressed Oops mode: 32-bit

CDS archive(s) mapped at: [0x00007fc2a3000000-0x00007fc2a3bca000-0x00007fc2a3bca000), size 12361728, SharedBaseAddress: 0x00007fc2a3000000, ArchiveRelocationMode: 1.
Compressed class space mapped at: 0x00007fc2a4000000-0x00007fc2b8000000, reserved size: 335544320
Narrow klass base: 0x00007fc2a3000000, Narrow klass shift: 0, Narrow klass range: 0x100000000

GC Precious Log:
 CPUs: 2 total, 2 available
 Memory: 2048M
 Large Page Support: Disabled
 NUMA Support: Disabled
 Compressed Oops: Enabled (32-bit)
 Heap Region Size: 1M
 Heap Min Capacity: 8M
 Heap Initial Capacity: 32M
 Heap Max Capacity: 768M
 Pre-touch: Disabled
 Parallel Workers: 2
 Concurrent Workers: 1
 Concurrent Refinement Workers: 2
 Periodic GC: Disabled

Heap:
 garbage-first heap   total 536576K, used 413108K [0x00000000d0000000, 0x0000000100000000)
  region size 1024K, 4 young (4096K), 4 survivors (4096K)
 Metaspace       used 109866K, committed 110592K, reserved 458752K
  class space    used 15052K, committed 15424K, reserved 327680K

Heap Regions: E=young(eden), S=young(survivor), O=old, HS=humongous(starts), HC=humongous(continues), CS=collection set, F=free, OA=open archive, CA=closed archive, TAMS=top-at-mark-start (previous, next)
|   0|0x00000000d0000000, 0x00000000d0100000, 0x00000000d0100000|100%| O|  |TAMS 0x00000000d0100000, 0x00000000d0100000| Untracked 
|   1|0x00000000d0100000, 0x00000000d0200000, 0x00000000d0200000|100%| O|  |TAMS 0x00000000d0200000, 0x00000000d0200000| Untracked 
|   2|0x00000000d0200000, 0x00000000d0300000, 0x00000000d0300000|100%|HS|  |TAMS 0x00000000d0300000, 0x00000000d0300000| Complete 
|   3|0x00000000d0300000, 0x00000000d0400000, 0x00000000d0400000|100%|HC|  |TAMS 0x00000000d0400000, 0x00000000d0400000| Complete 
|   4|0x00000000d0400000, 0x00000000d0500000, 0x00000000d0500000|100%|HC|  |TAMS 0x00000000d0500000, 0x00000000d0500000| Complete 
|   5|0x00000000d0500000, 0x00000000d0600000, 0x00000000d0600000|100%|HC|  |TAMS 0x00000000d0600000, 0x00000000d0600000| Complete 
|   6|0x00000000d0600000, 0x00000000d0700000, 0x00000000d0700000|100%| O|  |TAMS 0x00000000d0700000, 0x00000000d0700000| Untracked 
|   7|0x00000000d0700000, 0x00000000d0800000, 0x00000000d0800000|100%| O|  |TAMS 0x00000000d0800000, 0x00000000d0800000| Untracked 
|   8|0x00000000d0800000, 0x00000000d0900000, 0x00000000d0900000|100%| O|  |TAMS 0x00000000d0900000, 0x00000000d0900000| Untracked 
|   9|0x00000000d0900000, 0x00000000d0a00000, 0x00000000d0a00000|100%| O|  |TAMS 0x00000000d0a00000, 0x00000000d0a00000| Untracked 
|  10|0x00000000d0a00000, 0x00000000d0b00000, 0x00000000d0b00000|100%| O|  |TAMS 0x00000000d0b00000, 0x00000000d0b00000| Untracked 
|  11|0x00000000d0b00000, 0x00000000d0c00000, 0x00000000d0c00000|100%| O|  |TAMS 0x00000000d0c00000, 0x00000000d0c00000| Untracked 
|  12|0x00000000d0c00000, 0x00000000d0d00000, 0x00000000d0d00000|100%| O|  |TAMS 0x00000000d0d00000, 0x00000000d0d00000| Untracked 
|  13|0x00000000d0d00000, 0x00000000d0e00000, 0x00000000d0e00000|100%| O|  |TAMS 0x00000000d0e00000, 0x00000000d0e00000| Untracked 
|  14|0x00000000d0e00000, 0x00000000d0f00000, 0x00000000d0f00000|100%| O|  |TAMS 0x00000000d0f00000, 0x00000000d0f00000| Untracked 
|  15|0x00000000d0f00000, 0x00000000d1000000, 0x00000000d1000000|100%| O|  |TAMS 0x00000000d1000000, 0x00000000d1000000| Untracked 
|  16|0x00000000d1000000, 0x00000000d1100000, 0x00000000d1100000|100%| O|  |TAMS 0x00000000d1100000, 0x00000000d1100000| Untracked 
|  17|0x00000000d1100000, 0x00000000d1200000, 0x00000000d1200000|100%| O|  |TAMS 0x00000000d1200000, 0x00000000d1200000| Untracked 
|  18|0x00000000d1200000, 0x00000000d1300000, 0x00000000d1300000|100%| O|  |TAMS 0x00000000d1300000, 0x00000000d1300000| Untracked 
|  19|0x00000000d1300000, 0x00000000d1400000, 0x00000000d1400000|100%| O|  |TAMS 0x00000000d1400000, 0x00000000d1400000| Untracked 
|  20|0x00000000d1400000, 0x00000000d1500000, 0x00000000d1500000|100%| O|  |TAMS 0x00000000d1500000, 0x00000000d1500000| Untracked 
|  21|0x00000000d1500000, 0x00000000d1600000, 0x00000000d1600000|100%| O|  |TAMS 0x00000000d1600000, 0x00000000d1600000| Untracked 
|  22|0x00000000d1600000, 0x00000000d1700000, 0x00000000d1700000|100%| O|  |TAMS 0x00000000d1700000, 0x00000000d1700000| Untracked 
|  23|0x00000000d1700000, 0x00000000d1800000, 0x00000000d1800000|100%| O|  |TAMS 0x00000000d1800000, 0x00000000d1800000| Untracked 
|  24|0x00000000d1800000, 0x00000000d1900000, 0x00000000d1900000|100%| O|  |TAMS 0x00000000d1900000, 0x00000000d1900000| Untracked 
|  25|0x00000000d1900000, 0x00000000d1a00000, 0x00000000d1a00000|100%| O|  |TAMS 0x00000000d1a00000, 0x00000000d1a00000| Untracked 
|  26|0x00000000d1a00000, 0x00000000d1b00000, 0x00000000d1b00000|100%| O|  |TAMS 0x00000000d1b00000, 0x00000000d1b00000| Untracked 
|  27|0x00000000d1b00000, 0x00000000d1c00000, 0x00000000d1c00000|100%|HS|  |TAMS 0x00000000d1c00000, 0x00000000d1c00000| Complete 
|  28|0x00000000d1c00000, 0x00000000d1d00000, 0x00000000d1d00000|100%|HS|  |TAMS 0x00000000d1d00000, 0x00000000d1d00000| Complete 
|  29|0x00000000d1d00000, 0x00000000d1e00000, 0x00000000d1e00000|100%|HS|  |TAMS 0x00000000d1e00000, 0x00000000d1e00000| Complete 
|  30|0x00000000d1e00000, 0x00000000d1f00000, 0x00000000d1f00000|100%|HC|  |TAMS 0x00000000d1f00000, 0x00000000d1f00000| Complete 
|  31|0x00000000d1f00000, 0x00000000d2000000, 0x00000000d2000000|100%|HS|  |TAMS 0x00000000d2000000, 0x00000000d2000000| Complete 
|  32|0x00000000d2000000, 0x00000000d2100000, 0x00000000d2100000|100%|HC|  |TAMS 0x00000000d2100000, 0x00000000d2100000| Complete 
|  33|0x00000000d2100000, 0x00000000d2200000, 0x00000000d2200000|100%|HS|  |TAMS 0x00000000d2200000, 0x00000000d2200000| Complete 
|  34|0x00000000d2200000, 0x00000000d2300000, 0x00000000d2300000|100%|HS|  |TAMS 0x00000000d2300000, 0x00000000d2300000| Complete 
|  35|0x00000000d2300000, 0x00000000d2400000, 0x00000000d2400000|100%|HC|  |TAMS 0x00000000d2400000, 0x00000000d2400000| Complete 
|  36|0x00000000d2400000, 0x00000000d2500000, 0x00000000d2500000|100%|HC|  |TAMS 0x00000000d2500000, 0x00000000d2500000| Complete 
|  37|0x00000000d2500000, 0x00000000d2600000, 0x00000000d2600000|100%|HC|  |TAMS 0x00000000d2600000, 0x00000000d2600000| Complete 
|  38|0x00000000d2600000, 0x00000000d2700000, 0x00000000d2700000|100%| O|  |TAMS 0x00000000d2700000, 0x00000000d2700000| Untracked 
|  39|0x00000000d2700000, 0x00000000d2800000, 0x00000000d2800000|100%| O|  |TAMS 0x00000000d2800000, 0x00000000d2800000| Untracked 
|  40|0x00000000d2800000, 0x00000000d2900000, 0x00000000d2900000|100%| O|  |TAMS 0x00000000d2900000, 0x00000000d2900000| Untracked 
|  41|0x00000000d2900000, 0x00000000d2a00000, 0x00000000d2a00000|100%| O|  |TAMS 0x00000000d2a00000, 0x00000000d2a00000| Untracked 
|  42|0x00000000d2a00000, 0x00000000d2b00000, 0x00000000d2b00000|100%| O|  |TAMS 0x00000000d2b00000, 0x00000000d2b00000| Untracked 
|  43|0x00000000d2b00000, 0x00000000d2c00000, 0x00000000d2c00000|100%|HS|  |TAMS 0x00000000d2c00000, 0x00000000d2c00000| Complete 
|  44|0x00000000d2c00000, 0x00000000d2d00000, 0x00000000d2d00000|100%|HS|  |TAMS 0x00000000d2d00000, 0x00000000d2d00000| Complete 
|  45|0x00000000d2d00000, 0x00000000d2e00000, 0x00000000d2e00000|100%| O|  |TAMS 0x00000000d2e00000, 0x00000000d2e00000| Untracked 
|  46|0x00000000d2e00000, 0x00000000d2f00000, 0x00000000d2f00000|100%| O|  |TAMS 0x00000000d2f00000, 0x00000000d2f00000| Untracked 
|  47|0x00000000d2f00000, 0x00000000d3000000, 0x00000000d3000000|100%| O|  |TAMS 0x00000000d3000000, 0x00000000d3000000| Untracked 
|  48|0x00000000d3000000, 0x00000000d3100000, 0x00000000d3100000|100%| O|  |TAMS 0x00000000d3100000, 0x00000000d3100000| Untracked 
|  49|0x00000000d3100000, 0x00000000d3200000, 0x00000000d3200000|100%| O|  |TAMS 0x00000000d3200000, 0x00000000d3200000| Untracked 
|  50|0x00000000d3200000, 0x00000000d3300000, 0x00000000d3300000|100%| O|  |TAMS 0x00000000d3300000, 0x00000000d3300000| Untracked 
|  51|0x00000000d3300000, 0x00000000d3400000, 0x00000000d3400000|100%| O|  |TAMS 0x00000000d3400000, 0x00000000d3400000| Untracked 
|  52|0x00000000d3400000, 0x00000000d3500000, 0x00000000d3500000|100%| O|  |TAMS 0x00000000d3500000, 0x00000000d3500000| Untracked 
|  53|0x00000000d3500000, 0x00000000d3600000, 0x00000000d3600000|100%|HS|  |TAMS 0x00000000d3600000, 0x00000000d3600000| Complete 
|  54|0x00000000d3600000, 0x00000000d3700000, 0x00000000d3700000|100%|HC|  |TAMS 0x00000000d3700000, 0x00000000d3700000| Complete 
|  55|0x00000000d3700000, 0x00000000d3800000, 0x00000000d3800000|100%|HC|  |TAMS 0x00000000d3800000, 0x00000000d3800000| Complete 
|  56|0x00000000d3800000, 0x00000000d3900000, 0x00000000d3900000|100%|HC|  |TAMS 0x00000000d3900000, 0x00000000d3900000| Complete 
|  57|0x00000000d3900000, 0x00000000d3a00000, 0x00000000d3a00000|100%| O|  |TAMS 0x00000000d3a00000, 0x00000000d3a00000| Untracked 
|  58|0x00000000d3a00000, 0x00000000d3b00000, 0x00000000d3b00000|100%| O|  |TAMS 0x00000000d3b00000, 0x00000000d3b00000| Untracked 
|  59|0x00000000d3b00000, 0x00000000d3c00000, 0x00000000d3c00000|100%| O|  |TAMS 0x00000000d3c00000, 0x00000000d3c00000| Untracked 
|  60|0x00000000d3c00000, 0x00000000d3d00000, 0x00000000d3d00000|100%| O|  |TAMS 0x00000000d3d00000, 0x00000000d3d00000| Untracked 
|  61|0x00000000d3d00000, 0x00000000d3e00000, 0x00000000d3e00000|100%| O|  |TAMS 0x00000000d3e00000, 0x00000000d3e00000| Untracked 
|  62|0x00000000d3e00000, 0x00000000d3f00000, 0x00000000d3f00000|100%| O|  |TAMS 0x00000000d3f00000, 0x00000000d3f00000| Untracked 
|  63|0x00000000d3f00000, 0x00000000d4000000, 0x00000000d4000000|100%| O|  |TAMS 0x00000000d4000000, 0x00000000d4000000| Untracked 
|  64|0x00000000d4000000, 0x00000000d4100000, 0x00000000d4100000|100%| O|  |TAMS 0x00000000d4100000, 0x00000000d4100000| Untracked 
|  65|0x00000000d4100000, 0x00000000d4200000, 0x00000000d4200000|100%| O|  |TAMS 0x00000000d4200000, 0x00000000d4200000| Untracked 
|  66|0x00000000d4200000, 0x00000000d4300000, 0x00000000d4300000|100%| O|  |TAMS 0x00000000d4300000, 0x00000000d4300000| Untracked 
|  67|0x00000000d4300000, 0x00000000d4400000, 0x00000000d4400000|100%| O|  |TAMS 0x00000000d4400000, 0x00000000d4400000| Untracked 
|  68|0x00000000d4400000, 0x00000000d4500000, 0x00000000d4500000|100%| O|  |TAMS 0x00000000d4500000, 0x00000000d4500000| Untracked 
|  69|0x00000000d4500000, 0x00000000d4600000, 0x00000000d4600000|100%| O|  |TAMS 0x00000000d4600000, 0x00000000d4600000| Untracked 
|  70|0x00000000d4600000, 0x00000000d4700000, 0x00000000d4700000|100%| O|  |TAMS 0x00000000d4700000, 0x00000000d4700000| Untracked 
|  71|0x00000000d4700000, 0x00000000d4800000, 0x00000000d4800000|100%| O|  |TAMS 0x00000000d4800000, 0x00000000d4800000| Untracked 
|  72|0x00000000d4800000, 0x00000000d4900000, 0x00000000d4900000|100%| O|  |TAMS 0x00000000d4900000, 0x00000000d4900000| Untracked 
|  73|0x00000000d4900000, 0x00000000d4a00000, 0x00000000d4a00000|100%| O|  |TAMS 0x00000000d4a00000, 0x00000000d4a00000| Untracked 
|  74|0x00000000d4a00000, 0x00000000d4b00000, 0x00000000d4b00000|100%| O|  |TAMS 0x00000000d4b00000, 0x00000000d4b00000| Untracked 
|  75|0x00000000d4b00000, 0x00000000d4c00000, 0x00000000d4c00000|100%| O|  |TAMS 0x00000000d4c00000, 0x00000000d4c00000| Untracked 
|  76|0x00000000d4c00000, 0x00000000d4d00000, 0x00000000d4d00000|100%| O|  |TAMS 0x00000000d4d00000, 0x00000000d4d00000| Untracked 
|  77|0x00000000d4d00000, 0x00000000d4e00000, 0x00000000d4e00000|100%| O|  |TAMS 0x00000000d4e00000, 0x00000000d4e00000| Untracked 
|  78|0x00000000d4e00000, 0x00000000d4f00000, 0x00000000d4f00000|100%| O|  |TAMS 0x00000000d4f00000, 0x00000000d4f00000| Untracked 
|  79|0x00000000d4f00000, 0x00000000d5000000, 0x00000000d5000000|100%| O|  |TAMS 0x00000000d5000000, 0x00000000d5000000| Untracked 
|  80|0x00000000d5000000, 0x00000000d5100000, 0x00000000d5100000|100%| O|  |TAMS 0x00000000d5100000, 0x00000000d5100000| Untracked 
|  81|0x00000000d5100000, 0x00000000d5200000, 0x00000000d5200000|100%| O|  |TAMS 0x00000000d5200000, 0x00000000d5200000| Untracked 
|  82|0x00000000d5200000, 0x00000000d5300000, 0x00000000d5300000|100%| O|  |TAMS 0x00000000d5300000, 0x00000000d5300000| Untracked 
|  83|0x00000000d5300000, 0x00000000d5400000, 0x00000000d5400000|100%| O|  |TAMS 0x00000000d5400000, 0x00000000d5400000| Untracked 
|  84|0x00000000d5400000, 0x00000000d5500000, 0x00000000d5500000|100%| O|  |TAMS 0x00000000d5500000, 0x00000000d5500000| Untracked 
|  85|0x00000000d5500000, 0x00000000d5600000, 0x00000000d5600000|100%| O|  |TAMS 0x00000000d5600000, 0x00000000d5600000| Untracked 
|  86|0x00000000d5600000, 0x00000000d5700000, 0x00000000d5700000|100%| O|  |TAMS 0x00000000d5700000, 0x00000000d5700000| Untracked 
|  87|0x00000000d5700000, 0x00000000d5800000, 0x00000000d5800000|100%| O|  |TAMS 0x00000000d5800000, 0x00000000d5800000| Untracked 
|  88|0x00000000d5800000, 0x00000000d5900000, 0x00000000d5900000|100%| O|  |TAMS 0x00000000d5900000, 0x00000000d5900000| Untracked 
|  89|0x00000000d5900000, 0x00000000d5a00000, 0x00000000d5a00000|100%| O|  |TAMS 0x00000000d5a00000, 0x00000000d5a00000| Untracked 
|  90|0x00000000d5a00000, 0x00000000d5b00000, 0x00000000d5b00000|100%| O|  |TAMS 0x00000000d5b00000, 0x00000000d5b00000| Untracked 
|  91|0x00000000d5b00000, 0x00000000d5c00000, 0x00000000d5c00000|100%| O|  |TAMS 0x00000000d5c00000, 0x00000000d5c00000| Untracked 
|  92|0x00000000d5c00000, 0x00000000d5d00000, 0x00000000d5d00000|100%| O|  |TAMS 0x00000000d5d00000, 0x00000000d5d00000| Untracked 
|  93|0x00000000d5d00000, 0x00000000d5e00000, 0x00000000d5e00000|100%| O|  |TAMS 0x00000000d5e00000, 0x00000000d5e00000| Untracked 
|  94|0x00000000d5e00000, 0x00000000d5f00000, 0x00000000d5f00000|100%| O|  |TAMS 0x00000000d5f00000, 0x00000000d5f00000| Untracked 
|  95|0x00000000d5f00000, 0x00000000d6000000, 0x00000000d6000000|100%| O|  |TAMS 0x00000000d6000000, 0x00000000d6000000| Untracked 
|  96|0x00000000d6000000, 0x00000000d6100000, 0x00000000d6100000|100%| O|  |TAMS 0x00000000d6100000, 0x00000000d6100000| Untracked 
|  97|0x00000000d6100000, 0x00000000d6200000, 0x00000000d6200000|100%| O|  |TAMS 0x00000000d6200000, 0x00000000d6200000| Untracked 
|  98|0x00000000d6200000, 0x00000000d6300000, 0x00000000d6300000|100%| O|  |TAMS 0x00000000d6200000, 0x00000000d6300000| Untracked 
|  99|0x00000000d6300000, 0x00000000d6400000, 0x00000000d6400000|100%| O|  |TAMS 0x00000000d6400000, 0x00000000d6400000| Untracked 
| 100|0x00000000d6400000, 0x00000000d6500000, 0x00000000d6500000|100%|HS|  |TAMS 0x00000000d6400000, 0x00000000d6500000| Complete 
| 101|0x00000000d6500000, 0x00000000d6600000, 0x00000000d6600000|100%|HC|  |TAMS 0x00000000d6500000, 0x00000000d6600000| Complete 
| 102|0x00000000d6600000, 0x00000000d6700000, 0x00000000d6700000|100%| O|  |TAMS 0x00000000d6700000, 0x00000000d6700000| Untracked 
| 103|0x00000000d6700000, 0x00000000d6800000, 0x00000000d6800000|100%| O|  |TAMS 0x00000000d6800000, 0x00000000d6800000| Untracked 
| 104|0x00000000d6800000, 0x00000000d6900000, 0x00000000d6900000|100%| O|  |TAMS 0x00000000d6900000, 0x00000000d6900000| Untracked 
| 105|0x00000000d6900000, 0x00000000d6a00000, 0x00000000d6a00000|100%| O|  |TAMS 0x00000000d6a00000, 0x00000000d6a00000| Untracked 
| 106|0x00000000d6a00000, 0x00000000d6b00000, 0x00000000d6b00000|100%|HS|  |TAMS 0x00000000d6a00000, 0x00000000d6b00000| Complete 
| 107|0x00000000d6b00000, 0x00000000d6c00000, 0x00000000d6c00000|100%|HS|  |TAMS 0x00000000d6b00000, 0x00000000d6c00000| Complete 
| 108|0x00000000d6c00000, 0x00000000d6d00000, 0x00000000d6d00000|100%|HC|  |TAMS 0x00000000d6c00000, 0x00000000d6d00000| Complete 
| 109|0x00000000d6d00000, 0x00000000d6e00000, 0x00000000d6e00000|100%| O|  |TAMS 0x00000000d6d00000, 0x00000000d6e00000| Untracked 
| 110|0x00000000d6e00000, 0x00000000d6f00000, 0x00000000d6f00000|100%| O|  |TAMS 0x00000000d6e00000, 0x00000000d6f00000| Untracked 
| 111|0x00000000d6f00000, 0x00000000d7000000, 0x00000000d7000000|100%| O|  |TAMS 0x00000000d7000000, 0x00000000d7000000| Untracked 
| 112|0x00000000d7000000, 0x00000000d7100000, 0x00000000d7100000|100%| O|  |TAMS 0x00000000d7000000, 0x00000000d7100000| Untracked 
| 113|0x00000000d7100000, 0x00000000d7200000, 0x00000000d7200000|100%| O|  |TAMS 0x00000000d7100000, 0x00000000d7200000| Untracked 
| 114|0x00000000d7200000, 0x00000000d7300000, 0x00000000d7300000|100%| O|  |TAMS 0x00000000d7300000, 0x00000000d7300000| Untracked 
| 115|0x00000000d7300000, 0x00000000d7400000, 0x00000000d7400000|100%| O|  |TAMS 0x00000000d7400000, 0x00000000d7400000| Untracked 
| 116|0x00000000d7400000, 0x00000000d7500000, 0x00000000d7500000|100%| O|  |TAMS 0x00000000d7400000, 0x00000000d7500000| Untracked 
| 117|0x00000000d7500000, 0x00000000d7600000, 0x00000000d7600000|100%| O|  |TAMS 0x00000000d7600000, 0x00000000d7600000| Untracked 
| 118|0x00000000d7600000, 0x00000000d7700000, 0x00000000d7700000|100%| O|  |TAMS 0x00000000d7600000, 0x00000000d7700000| Untracked 
| 119|0x00000000d7700000, 0x00000000d7800000, 0x00000000d7800000|100%| O|  |TAMS 0x00000000d7700000, 0x00000000d7800000| Untracked 
| 120|0x00000000d7800000, 0x00000000d7900000, 0x00000000d7900000|100%| O|  |TAMS 0x00000000d7800000, 0x00000000d7900000| Untracked 
| 121|0x00000000d7900000, 0x00000000d7a00000, 0x00000000d7a00000|100%|HS|  |TAMS 0x00000000d7900000, 0x00000000d7a00000| Complete 
| 122|0x00000000d7a00000, 0x00000000d7b00000, 0x00000000d7b00000|100%| O|  |TAMS 0x00000000d7b00000, 0x00000000d7b00000| Untracked 
| 123|0x00000000d7b00000, 0x00000000d7c00000, 0x00000000d7c00000|100%| O|  |TAMS 0x00000000d7c00000, 0x00000000d7c00000| Untracked 
| 124|0x00000000d7c00000, 0x00000000d7d00000, 0x00000000d7d00000|100%| O|  |TAMS 0x00000000d7d00000, 0x00000000d7d00000| Untracked 
| 125|0x00000000d7d00000, 0x00000000d7e00000, 0x00000000d7e00000|100%| O|  |TAMS 0x00000000d7e00000, 0x00000000d7e00000| Untracked 
| 126|0x00000000d7e00000, 0x00000000d7f00000, 0x00000000d7f00000|100%| O|  |TAMS 0x00000000d7f00000, 0x00000000d7f00000| Untracked 
| 127|0x00000000d7f00000, 0x00000000d8000000, 0x00000000d8000000|100%| O|  |TAMS 0x00000000d8000000, 0x00000000d8000000| Untracked 
| 128|0x00000000d8000000, 0x00000000d8100000, 0x00000000d8100000|100%| O|  |TAMS 0x00000000d8100000, 0x00000000d8100000| Untracked 
| 129|0x00000000d8100000, 0x00000000d8200000, 0x00000000d8200000|100%| O|  |TAMS 0x00000000d818b000, 0x00000000d8200000| Untracked 
| 130|0x00000000d8200000, 0x00000000d8300000, 0x00000000d8300000|100%|HS|  |TAMS 0x00000000d8300000, 0x00000000d8300000| Complete 
| 131|0x00000000d8300000, 0x00000000d8400000, 0x00000000d8400000|100%|HC|  |TAMS 0x00000000d8400000, 0x00000000d8400000| Complete 
| 132|0x00000000d8400000, 0x00000000d8500000, 0x00000000d8500000|100%|HC|  |TAMS 0x00000000d8500000, 0x00000000d8500000| Complete 
| 133|0x00000000d8500000, 0x00000000d8600000, 0x00000000d8600000|100%|HC|  |TAMS 0x00000000d8600000, 0x00000000d8600000| Complete 
| 134|0x00000000d8600000, 0x00000000d8700000, 0x00000000d8700000|100%|HC|  |TAMS 0x00000000d8700000, 0x00000000d8700000| Complete 
| 135|0x00000000d8700000, 0x00000000d8800000, 0x00000000d8800000|100%|HC|  |TAMS 0x00000000d8800000, 0x00000000d8800000| Complete 
| 136|0x00000000d8800000, 0x00000000d8900000, 0x00000000d8900000|100%|HC|  |TAMS 0x00000000d8900000, 0x00000000d8900000| Complete 
| 137|0x00000000d8900000, 0x00000000d8a00000, 0x00000000d8a00000|100%|HC|  |TAMS 0x00000000d8a00000, 0x00000000d8a00000| Complete 
| 138|0x00000000d8a00000, 0x00000000d8b00000, 0x00000000d8b00000|100%|HC|  |TAMS 0x00000000d8b00000, 0x00000000d8b00000| Complete 
| 139|0x00000000d8b00000, 0x00000000d8c00000, 0x00000000d8c00000|100%|HC|  |TAMS 0x00000000d8c00000, 0x00000000d8c00000| Complete 
| 140|0x00000000d8c00000, 0x00000000d8d00000, 0x00000000d8d00000|100%|HC|  |TAMS 0x00000000d8d00000, 0x00000000d8d00000| Complete 
| 141|0x00000000d8d00000, 0x00000000d8e00000, 0x00000000d8e00000|100%|HC|  |TAMS 0x00000000d8e00000, 0x00000000d8e00000| Complete 
| 142|0x00000000d8e00000, 0x00000000d8f00000, 0x00000000d8f00000|100%|HC|  |TAMS 0x00000000d8f00000, 0x00000000d8f00000| Complete 
| 143|0x00000000d8f00000, 0x00000000d9000000, 0x00000000d9000000|100%|HC|  |TAMS 0x00000000d9000000, 0x00000000d9000000| Complete 
| 144|0x00000000d9000000, 0x00000000d9100000, 0x00000000d9100000|100%|HC|  |TAMS 0x00000000d9100000, 0x00000000d9100000| Complete 
| 145|0x00000000d9100000, 0x00000000d9200000, 0x00000000d9200000|100%|HC|  |TAMS 0x00000000d9200000, 0x00000000d9200000| Complete 
| 146|0x00000000d9200000, 0x00000000d9300000, 0x00000000d9300000|100%|HC|  |TAMS 0x00000000d9300000, 0x00000000d9300000| Complete 
| 147|0x00000000d9300000, 0x00000000d9400000, 0x00000000d9400000|100%|HC|  |TAMS 0x00000000d9400000, 0x00000000d9400000| Complete 
| 148|0x00000000d9400000, 0x00000000d9500000, 0x00000000d9500000|100%|HC|  |TAMS 0x00000000d9500000, 0x00000000d9500000| Complete 
| 149|0x00000000d9500000, 0x00000000d9600000, 0x00000000d9600000|100%|HC|  |TAMS 0x00000000d9600000, 0x00000000d9600000| Complete 
| 150|0x00000000d9600000, 0x00000000d9700000, 0x00000000d9700000|100%|HC|  |TAMS 0x00000000d9700000, 0x00000000d9700000| Complete 
| 151|0x00000000d9700000, 0x00000000d9800000, 0x00000000d9800000|100%|HC|  |TAMS 0x00000000d9800000, 0x00000000d9800000| Complete 
| 152|0x00000000d9800000, 0x00000000d9900000, 0x00000000d9900000|100%|HC|  |TAMS 0x00000000d9900000, 0x00000000d9900000| Complete 
| 153|0x00000000d9900000, 0x00000000d9a00000, 0x00000000d9a00000|100%|HC|  |TAMS 0x00000000d9a00000, 0x00000000d9a00000| Complete 
| 154|0x00000000d9a00000, 0x00000000d9b00000, 0x00000000d9b00000|100%|HC|  |TAMS 0x00000000d9b00000, 0x00000000d9b00000| Complete 
| 155|0x00000000d9b00000, 0x00000000d9c00000, 0x00000000d9c00000|100%|HC|  |TAMS 0x00000000d9c00000, 0x00000000d9c00000| Complete 
| 156|0x00000000d9c00000, 0x00000000d9d00000, 0x00000000d9d00000|100%|HC|  |TAMS 0x00000000d9d00000, 0x00000000d9d00000| Complete 
| 157|0x00000000d9d00000, 0x00000000d9e00000, 0x00000000d9e00000|100%|HC|  |TAMS 0x00000000d9e00000, 0x00000000d9e00000| Complete 
| 158|0x00000000d9e00000, 0x00000000d9f00000, 0x00000000d9f00000|100%|HC|  |TAMS 0x00000000d9f00000, 0x00000000d9f00000| Complete 
| 159|0x00000000d9f00000, 0x00000000da000000, 0x00000000da000000|100%|HC|  |TAMS 0x00000000da000000, 0x00000000da000000| Complete 
| 160|0x00000000da000000, 0x00000000da100000, 0x00000000da100000|100%|HC|  |TAMS 0x00000000da100000, 0x00000000da100000| Complete 
| 161|0x00000000da100000, 0x00000000da200000, 0x00000000da200000|100%|HS|  |TAMS 0x00000000da200000, 0x00000000da200000| Complete 
| 162|0x00000000da200000, 0x00000000da300000, 0x00000000da300000|100%|HC|  |TAMS 0x00000000da300000, 0x00000000da300000| Complete 
| 163|0x00000000da300000, 0x00000000da400000, 0x00000000da400000|100%|HC|  |TAMS 0x00000000da400000, 0x00000000da400000| Complete 
| 164|0x00000000da400000, 0x00000000da500000, 0x00000000da500000|100%|HC|  |TAMS 0x00000000da500000, 0x00000000da500000| Complete 
| 165|0x00000000da500000, 0x00000000da600000, 0x00000000da600000|100%|HC|  |TAMS 0x00000000da600000, 0x00000000da600000| Complete 
| 166|0x00000000da600000, 0x00000000da700000, 0x00000000da700000|100%|HC|  |TAMS 0x00000000da700000, 0x00000000da700000| Complete 
| 167|0x00000000da700000, 0x00000000da800000, 0x00000000da800000|100%|HC|  |TAMS 0x00000000da800000, 0x00000000da800000| Complete 
| 168|0x00000000da800000, 0x00000000da900000, 0x00000000da900000|100%|HC|  |TAMS 0x00000000da900000, 0x00000000da900000| Complete 
| 169|0x00000000da900000, 0x00000000daa00000, 0x00000000daa00000|100%|HC|  |TAMS 0x00000000daa00000, 0x00000000daa00000| Complete 
| 170|0x00000000daa00000, 0x00000000dab00000, 0x00000000dab00000|100%|HS|  |TAMS 0x00000000daa00000, 0x00000000dab00000| Complete 
| 171|0x00000000dab00000, 0x00000000dac00000, 0x00000000dac00000|100%|HC|  |TAMS 0x00000000dab00000, 0x00000000dac00000| Complete 
| 172|0x00000000dac00000, 0x00000000dad00000, 0x00000000dad00000|100%|HC|  |TAMS 0x00000000dac00000, 0x00000000dad00000| Complete 
| 173|0x00000000dad00000, 0x00000000dae00000, 0x00000000dae00000|100%| O|  |TAMS 0x00000000dad00000, 0x00000000dae00000| Untracked 
| 174|0x00000000dae00000, 0x00000000daf00000, 0x00000000daf00000|100%| O|  |TAMS 0x00000000dae00000, 0x00000000daf00000| Untracked 
| 175|0x00000000daf00000, 0x00000000db000000, 0x00000000db000000|100%| O|  |TAMS 0x00000000daf00000, 0x00000000db000000| Untracked 
| 176|0x00000000db000000, 0x00000000db100000, 0x00000000db100000|100%| O|  |TAMS 0x00000000db000000, 0x00000000db100000| Untracked 
| 177|0x00000000db100000, 0x00000000db200000, 0x00000000db200000|100%| O|  |TAMS 0x00000000db100000, 0x00000000db200000| Untracked 
| 178|0x00000000db200000, 0x00000000db300000, 0x00000000db300000|100%| O|  |TAMS 0x00000000db200000, 0x00000000db300000| Untracked 
| 179|0x00000000db300000, 0x00000000db400000, 0x00000000db400000|100%| O|  |TAMS 0x00000000db300000, 0x00000000db400000| Untracked 
| 180|0x00000000db400000, 0x00000000db500000, 0x00000000db500000|100%| O|  |TAMS 0x00000000db400000, 0x00000000db500000| Untracked 
| 181|0x00000000db500000, 0x00000000db600000, 0x00000000db600000|100%| O|  |TAMS 0x00000000db500000, 0x00000000db600000| Untracked 
| 182|0x00000000db600000, 0x00000000db700000, 0x00000000db700000|100%| O|  |TAMS 0x00000000db600000, 0x00000000db700000| Untracked 
| 183|0x00000000db700000, 0x00000000db800000, 0x00000000db800000|100%| O|  |TAMS 0x00000000db700000, 0x00000000db800000| Untracked 
| 184|0x00000000db800000, 0x00000000db900000, 0x00000000db900000|100%| O|  |TAMS 0x00000000db800000, 0x00000000db900000| Untracked 
| 185|0x00000000db900000, 0x00000000dba00000, 0x00000000dba00000|100%| O|  |TAMS 0x00000000db900000, 0x00000000dba00000| Untracked 
| 186|0x00000000dba00000, 0x00000000dbb00000, 0x00000000dbb00000|100%| O|  |TAMS 0x00000000dba00000, 0x00000000dbb00000| Untracked 
| 187|0x00000000dbb00000, 0x00000000dbc00000, 0x00000000dbc00000|100%| O|  |TAMS 0x00000000dbb00000, 0x00000000dbc00000| Untracked 
| 188|0x00000000dbc00000, 0x00000000dbd00000, 0x00000000dbd00000|100%| O|  |TAMS 0x00000000dbc00000, 0x00000000dbd00000| Untracked 
| 189|0x00000000dbd00000, 0x00000000dbe00000, 0x00000000dbe00000|100%| O|  |TAMS 0x00000000dbd00000, 0x00000000dbe00000| Untracked 
| 190|0x00000000dbe00000, 0x00000000dbf00000, 0x00000000dbf00000|100%| O|  |TAMS 0x00000000dbe00000, 0x00000000dbf00000| Untracked 
| 191|0x00000000dbf00000, 0x00000000dc000000, 0x00000000dc000000|100%| O|  |TAMS 0x00000000dbf00000, 0x00000000dc000000| Untracked 
| 192|0x00000000dc000000, 0x00000000dc100000, 0x00000000dc100000|100%| O|  |TAMS 0x00000000dc000000, 0x00000000dc100000| Untracked 
| 193|0x00000000dc100000, 0x00000000dc200000, 0x00000000dc200000|100%| O|  |TAMS 0x00000000dc100000, 0x00000000dc200000| Untracked 
| 194|0x00000000dc200000, 0x00000000dc300000, 0x00000000dc300000|100%| O|  |TAMS 0x00000000dc200000, 0x00000000dc300000| Untracked 
| 195|0x00000000dc300000, 0x00000000dc400000, 0x00000000dc400000|100%| O|  |TAMS 0x00000000dc300000, 0x00000000dc400000| Untracked 
| 196|0x00000000dc400000, 0x00000000dc500000, 0x00000000dc500000|100%| O|  |TAMS 0x00000000dc400000, 0x00000000dc500000| Untracked 
| 197|0x00000000dc500000, 0x00000000dc600000, 0x00000000dc600000|100%| O|  |TAMS 0x00000000dc500000, 0x00000000dc600000| Untracked 
| 198|0x00000000dc600000, 0x00000000dc700000, 0x00000000dc700000|100%| O|  |TAMS 0x00000000dc600000, 0x00000000dc700000| Untracked 
| 199|0x00000000dc700000, 0x00000000dc800000, 0x00000000dc800000|100%| O|  |TAMS 0x00000000dc700000, 0x00000000dc800000| Untracked 
| 200|0x00000000dc800000, 0x00000000dc900000, 0x00000000dc900000|100%| O|  |TAMS 0x00000000dc800000, 0x00000000dc900000| Untracked 
| 201|0x00000000dc900000, 0x00000000dca00000, 0x00000000dca00000|100%| O|  |TAMS 0x00000000dc900000, 0x00000000dca00000| Untracked 
| 202|0x00000000dca00000, 0x00000000dcb00000, 0x00000000dcb00000|100%| O|  |TAMS 0x00000000dca00000, 0x00000000dcb00000| Untracked 
| 203|0x00000000dcb00000, 0x00000000dcc00000, 0x00000000dcc00000|100%| O|  |TAMS 0x00000000dcb00000, 0x00000000dcc00000| Untracked 
| 204|0x00000000dcc00000, 0x00000000dcd00000, 0x00000000dcd00000|100%| O|  |TAMS 0x00000000dcc00000, 0x00000000dcd00000| Untracked 
| 205|0x00000000dcd00000, 0x00000000dce00000, 0x00000000dce00000|100%| O|  |TAMS 0x00000000dcd00000, 0x00000000dce00000| Untracked 
| 206|0x00000000dce00000, 0x00000000dcf00000, 0x00000000dcf00000|100%| O|  |TAMS 0x00000000dce00000, 0x00000000dcf00000| Untracked 
| 207|0x00000000dcf00000, 0x00000000dd000000, 0x00000000dd000000|100%| O|  |TAMS 0x00000000dcf00000, 0x00000000dd000000| Untracked 
| 208|0x00000000dd000000, 0x00000000dd100000, 0x00000000dd100000|100%| O|  |TAMS 0x00000000dd000000, 0x00000000dd100000| Untracked 
| 209|0x00000000dd100000, 0x00000000dd200000, 0x00000000dd200000|100%| O|  |TAMS 0x00000000dd100000, 0x00000000dd200000| Untracked 
| 210|0x00000000dd200000, 0x00000000dd300000, 0x00000000dd300000|100%|HS|  |TAMS 0x00000000dd200000, 0x00000000dd300000| Complete 
| 211|0x00000000dd300000, 0x00000000dd400000, 0x00000000dd400000|100%|HC|  |TAMS 0x00000000dd300000, 0x00000000dd400000| Complete 
| 212|0x00000000dd400000, 0x00000000dd500000, 0x00000000dd500000|100%|HC|  |TAMS 0x00000000dd400000, 0x00000000dd500000| Complete 
| 213|0x00000000dd500000, 0x00000000dd600000, 0x00000000dd600000|100%|HC|  |TAMS 0x00000000dd500000, 0x00000000dd600000| Complete 
| 214|0x00000000dd600000, 0x00000000dd700000, 0x00000000dd700000|100%|HC|  |TAMS 0x00000000dd600000, 0x00000000dd700000| Complete 
| 215|0x00000000dd700000, 0x00000000dd800000, 0x00000000dd800000|100%|HC|  |TAMS 0x00000000dd700000, 0x00000000dd800000| Complete 
| 216|0x00000000dd800000, 0x00000000dd900000, 0x00000000dd900000|100%|HC|  |TAMS 0x00000000dd800000, 0x00000000dd900000| Complete 
| 217|0x00000000dd900000, 0x00000000dda00000, 0x00000000dda00000|100%|HC|  |TAMS 0x00000000dd900000, 0x00000000dda00000| Complete 
| 218|0x00000000dda00000, 0x00000000ddb00000, 0x00000000ddb00000|100%|HC|  |TAMS 0x00000000dda00000, 0x00000000ddb00000| Complete 
| 219|0x00000000ddb00000, 0x00000000ddc00000, 0x00000000ddc00000|100%|HC|  |TAMS 0x00000000ddb00000, 0x00000000ddc00000| Complete 
| 220|0x00000000ddc00000, 0x00000000ddd00000, 0x00000000ddd00000|100%|HC|  |TAMS 0x00000000ddc00000, 0x00000000ddd00000| Complete 
| 221|0x00000000ddd00000, 0x00000000dde00000, 0x00000000dde00000|100%|HC|  |TAMS 0x00000000ddd00000, 0x00000000dde00000| Complete 
| 222|0x00000000dde00000, 0x00000000ddf00000, 0x00000000ddf00000|100%|HC|  |TAMS 0x00000000dde00000, 0x00000000ddf00000| Complete 
| 223|0x00000000ddf00000, 0x00000000de000000, 0x00000000de000000|100%|HC|  |TAMS 0x00000000ddf00000, 0x00000000de000000| Complete 
| 224|0x00000000de000000, 0x00000000de100000, 0x00000000de100000|100%|HC|  |TAMS 0x00000000de000000, 0x00000000de100000| Complete 
| 225|0x00000000de100000, 0x00000000de200000, 0x00000000de200000|100%|HC|  |TAMS 0x00000000de100000, 0x00000000de200000| Complete 
| 226|0x00000000de200000, 0x00000000de300000, 0x00000000de300000|100%|HC|  |TAMS 0x00000000de200000, 0x00000000de300000| Complete 
| 227|0x00000000de300000, 0x00000000de400000, 0x00000000de400000|100%|HC|  |TAMS 0x00000000de300000, 0x00000000de400000| Complete 
| 228|0x00000000de400000, 0x00000000de500000, 0x00000000de500000|100%|HC|  |TAMS 0x00000000de400000, 0x00000000de500000| Complete 
| 229|0x00000000de500000, 0x00000000de600000, 0x00000000de600000|100%|HC|  |TAMS 0x00000000de500000, 0x00000000de600000| Complete 
| 230|0x00000000de600000, 0x00000000de700000, 0x00000000de700000|100%|HC|  |TAMS 0x00000000de600000, 0x00000000de700000| Complete 
| 231|0x00000000de700000, 0x00000000de800000, 0x00000000de800000|100%|HC|  |TAMS 0x00000000de700000, 0x00000000de800000| Complete 
| 232|0x00000000de800000, 0x00000000de900000, 0x00000000de900000|100%|HC|  |TAMS 0x00000000de800000, 0x00000000de900000| Complete 
| 233|0x00000000de900000, 0x00000000dea00000, 0x00000000dea00000|100%|HC|  |TAMS 0x00000000de900000, 0x00000000dea00000| Complete 
| 234|0x00000000dea00000, 0x00000000deb00000, 0x00000000deb00000|100%|HC|  |TAMS 0x00000000dea00000, 0x00000000deb00000| Complete 
| 235|0x00000000deb00000, 0x00000000dec00000, 0x00000000dec00000|100%|HC|  |TAMS 0x00000000deb00000, 0x00000000dec00000| Complete 
| 236|0x00000000dec00000, 0x00000000ded00000, 0x00000000ded00000|100%|HC|  |TAMS 0x00000000dec00000, 0x00000000ded00000| Complete 
| 237|0x00000000ded00000, 0x00000000dee00000, 0x00000000dee00000|100%|HC|  |TAMS 0x00000000ded00000, 0x00000000dee00000| Complete 
| 238|0x00000000dee00000, 0x00000000def00000, 0x00000000def00000|100%|HC|  |TAMS 0x00000000dee00000, 0x00000000def00000| Complete 
| 239|0x00000000def00000, 0x00000000df000000, 0x00000000df000000|100%|HC|  |TAMS 0x00000000def00000, 0x00000000df000000| Complete 
| 240|0x00000000df000000, 0x00000000df100000, 0x00000000df100000|100%|HC|  |TAMS 0x00000000df000000, 0x00000000df100000| Complete 
| 241|0x00000000df100000, 0x00000000df200000, 0x00000000df200000|100%| O|  |TAMS 0x00000000df100000, 0x00000000df200000| Untracked 
| 242|0x00000000df200000, 0x00000000df300000, 0x00000000df300000|100%| O|  |TAMS 0x00000000df200000, 0x00000000df300000| Untracked 
| 243|0x00000000df300000, 0x00000000df400000, 0x00000000df400000|100%| O|  |TAMS 0x00000000df300000, 0x00000000df400000| Untracked 
| 244|0x00000000df400000, 0x00000000df500000, 0x00000000df500000|100%| O|  |TAMS 0x00000000df400000, 0x00000000df500000| Untracked 
| 245|0x00000000df500000, 0x00000000df600000, 0x00000000df600000|100%| O|  |TAMS 0x00000000df500000, 0x00000000df600000| Untracked 
| 246|0x00000000df600000, 0x00000000df700000, 0x00000000df700000|100%| O|  |TAMS 0x00000000df600000, 0x00000000df700000| Untracked 
| 247|0x00000000df700000, 0x00000000df800000, 0x00000000df800000|100%| O|  |TAMS 0x00000000df700000, 0x00000000df800000| Untracked 
| 248|0x00000000df800000, 0x00000000df900000, 0x00000000df900000|100%| O|  |TAMS 0x00000000df800000, 0x00000000df900000| Untracked 
| 249|0x00000000df900000, 0x00000000dfa00000, 0x00000000dfa00000|100%| O|  |TAMS 0x00000000df900000, 0x00000000dfa00000| Untracked 
| 250|0x00000000dfa00000, 0x00000000dfb00000, 0x00000000dfb00000|100%| O|  |TAMS 0x00000000dfa00000, 0x00000000dfb00000| Untracked 
| 251|0x00000000dfb00000, 0x00000000dfc00000, 0x00000000dfc00000|100%| O|  |TAMS 0x00000000dfb00000, 0x00000000dfc00000| Untracked 
| 252|0x00000000dfc00000, 0x00000000dfd00000, 0x00000000dfd00000|100%| O|  |TAMS 0x00000000dfc00000, 0x00000000dfd00000| Untracked 
| 253|0x00000000dfd00000, 0x00000000dfe00000, 0x00000000dfe00000|100%| O|  |TAMS 0x00000000dfd00000, 0x00000000dfe00000| Untracked 
| 254|0x00000000dfe00000, 0x00000000dff00000, 0x00000000dff00000|100%| O|  |TAMS 0x00000000dfe00000, 0x00000000dff00000| Untracked 
| 255|0x00000000dff00000, 0x00000000e0000000, 0x00000000e0000000|100%|HS|  |TAMS 0x00000000dff00000, 0x00000000e0000000| Complete 
| 256|0x00000000e0000000, 0x00000000e0100000, 0x00000000e0100000|100%|HC|  |TAMS 0x00000000e0000000, 0x00000000e0100000| Complete 
| 257|0x00000000e0100000, 0x00000000e0200000, 0x00000000e0200000|100%|HC|  |TAMS 0x00000000e0100000, 0x00000000e0200000| Complete 
| 258|0x00000000e0200000, 0x00000000e0300000, 0x00000000e0300000|100%|HC|  |TAMS 0x00000000e0200000, 0x00000000e0300000| Complete 
| 259|0x00000000e0300000, 0x00000000e0400000, 0x00000000e0400000|100%|HC|  |TAMS 0x00000000e0300000, 0x00000000e0400000| Complete 
| 260|0x00000000e0400000, 0x00000000e0500000, 0x00000000e0500000|100%|HC|  |TAMS 0x00000000e0400000, 0x00000000e0500000| Complete 
| 261|0x00000000e0500000, 0x00000000e0600000, 0x00000000e0600000|100%|HC|  |TAMS 0x00000000e0500000, 0x00000000e0600000| Complete 
| 262|0x00000000e0600000, 0x00000000e0700000, 0x00000000e0700000|100%|HC|  |TAMS 0x00000000e0600000, 0x00000000e0700000| Complete 
| 263|0x00000000e0700000, 0x00000000e0800000, 0x00000000e0800000|100%|HC|  |TAMS 0x00000000e0700000, 0x00000000e0800000| Complete 
| 264|0x00000000e0800000, 0x00000000e0900000, 0x00000000e0900000|100%| O|  |TAMS 0x00000000e0800000, 0x00000000e0900000| Untracked 
| 265|0x00000000e0900000, 0x00000000e0a00000, 0x00000000e0a00000|100%| O|  |TAMS 0x00000000e0900000, 0x00000000e0a00000| Untracked 
| 266|0x00000000e0a00000, 0x00000000e0b00000, 0x00000000e0b00000|100%| O|  |TAMS 0x00000000e0a00000, 0x00000000e0b00000| Untracked 
| 267|0x00000000e0b00000, 0x00000000e0c00000, 0x00000000e0c00000|100%| O|  |TAMS 0x00000000e0b00000, 0x00000000e0c00000| Untracked 
| 268|0x00000000e0c00000, 0x00000000e0d00000, 0x00000000e0d00000|100%| O|  |TAMS 0x00000000e0c00000, 0x00000000e0d00000| Untracked 
| 269|0x00000000e0d00000, 0x00000000e0e00000, 0x00000000e0e00000|100%|HS|  |TAMS 0x00000000e0d00000, 0x00000000e0e00000| Complete 
| 270|0x00000000e0e00000, 0x00000000e0f00000, 0x00000000e0f00000|100%|HC|  |TAMS 0x00000000e0e00000, 0x00000000e0f00000| Complete 
| 271|0x00000000e0f00000, 0x00000000e1000000, 0x00000000e1000000|100%|HC|  |TAMS 0x00000000e0f00000, 0x00000000e1000000| Complete 
| 272|0x00000000e1000000, 0x00000000e1100000, 0x00000000e1100000|100%|HS|  |TAMS 0x00000000e1000000, 0x00000000e1100000| Complete 
| 273|0x00000000e1100000, 0x00000000e1200000, 0x00000000e1200000|100%| O|  |TAMS 0x00000000e1100000, 0x00000000e1200000| Untracked 
| 274|0x00000000e1200000, 0x00000000e1300000, 0x00000000e1300000|100%| O|  |TAMS 0x00000000e1200000, 0x00000000e1300000| Untracked 
| 275|0x00000000e1300000, 0x00000000e1400000, 0x00000000e1400000|100%| O|  |TAMS 0x00000000e1300000, 0x00000000e1400000| Untracked 
| 276|0x00000000e1400000, 0x00000000e1500000, 0x00000000e1500000|100%| O|  |TAMS 0x00000000e1400000, 0x00000000e1500000| Untracked 
| 277|0x00000000e1500000, 0x00000000e1600000, 0x00000000e1600000|100%| O|  |TAMS 0x00000000e1500000, 0x00000000e1600000| Untracked 
| 278|0x00000000e1600000, 0x00000000e1700000, 0x00000000e1700000|100%| O|  |TAMS 0x00000000e1600000, 0x00000000e1700000| Untracked 
| 279|0x00000000e1700000, 0x00000000e1800000, 0x00000000e1800000|100%| O|  |TAMS 0x00000000e1700000, 0x00000000e1800000| Untracked 
| 280|0x00000000e1800000, 0x00000000e1900000, 0x00000000e1900000|100%| O|  |TAMS 0x00000000e1800000, 0x00000000e1900000| Untracked 
| 281|0x00000000e1900000, 0x00000000e1a00000, 0x00000000e1a00000|100%| O|  |TAMS 0x00000000e1900000, 0x00000000e1a00000| Untracked 
| 282|0x00000000e1a00000, 0x00000000e1b00000, 0x00000000e1b00000|100%| O|  |TAMS 0x00000000e1a00000, 0x00000000e1b00000| Untracked 
| 283|0x00000000e1b00000, 0x00000000e1c00000, 0x00000000e1c00000|100%| O|  |TAMS 0x00000000e1b00000, 0x00000000e1c00000| Untracked 
| 284|0x00000000e1c00000, 0x00000000e1d00000, 0x00000000e1d00000|100%| O|  |TAMS 0x00000000e1c00000, 0x00000000e1d00000| Untracked 
| 285|0x00000000e1d00000, 0x00000000e1e00000, 0x00000000e1e00000|100%| O|  |TAMS 0x00000000e1d00000, 0x00000000e1e00000| Untracked 
| 286|0x00000000e1e00000, 0x00000000e1f00000, 0x00000000e1f00000|100%| O|  |TAMS 0x00000000e1e00000, 0x00000000e1f00000| Untracked 
| 287|0x00000000e1f00000, 0x00000000e2000000, 0x00000000e2000000|100%| O|  |TAMS 0x00000000e1f00000, 0x00000000e2000000| Untracked 
| 288|0x00000000e2000000, 0x00000000e2100000, 0x00000000e2100000|100%| O|  |TAMS 0x00000000e2000000, 0x00000000e2100000| Untracked 
| 289|0x00000000e2100000, 0x00000000e2200000, 0x00000000e2200000|100%| O|  |TAMS 0x00000000e2100000, 0x00000000e2200000| Untracked 
| 290|0x00000000e2200000, 0x00000000e2300000, 0x00000000e2300000|100%| O|  |TAMS 0x00000000e2200000, 0x00000000e2300000| Untracked 
| 291|0x00000000e2300000, 0x00000000e2400000, 0x00000000e2400000|100%| O|  |TAMS 0x00000000e2300000, 0x00000000e2400000| Untracked 
| 292|0x00000000e2400000, 0x00000000e2500000, 0x00000000e2500000|100%| O|  |TAMS 0x00000000e2400000, 0x00000000e2500000| Untracked 
| 293|0x00000000e2500000, 0x00000000e2600000, 0x00000000e2600000|100%| O|  |TAMS 0x00000000e2500000, 0x00000000e2600000| Untracked 
| 294|0x00000000e2600000, 0x00000000e2700000, 0x00000000e2700000|100%| O|  |TAMS 0x00000000e2600000, 0x00000000e2700000| Untracked 
| 295|0x00000000e2700000, 0x00000000e2800000, 0x00000000e2800000|100%| O|  |TAMS 0x00000000e2700000, 0x00000000e2800000| Untracked 
| 296|0x00000000e2800000, 0x00000000e2900000, 0x00000000e2900000|100%| O|  |TAMS 0x00000000e2800000, 0x00000000e2900000| Untracked 
| 297|0x00000000e2900000, 0x00000000e2a00000, 0x00000000e2a00000|100%| O|  |TAMS 0x00000000e2900000, 0x00000000e2a00000| Untracked 
| 298|0x00000000e2a00000, 0x00000000e2b00000, 0x00000000e2b00000|100%| O|  |TAMS 0x00000000e2a00000, 0x00000000e2b00000| Untracked 
| 299|0x00000000e2b00000, 0x00000000e2c00000, 0x00000000e2c00000|100%| O|  |TAMS 0x00000000e2b00000, 0x00000000e2c00000| Untracked 
| 300|0x00000000e2c00000, 0x00000000e2d00000, 0x00000000e2d00000|100%| O|  |TAMS 0x00000000e2c00000, 0x00000000e2d00000| Untracked 
| 301|0x00000000e2d00000, 0x00000000e2e00000, 0x00000000e2e00000|100%| O|  |TAMS 0x00000000e2d00000, 0x00000000e2e00000| Untracked 
| 302|0x00000000e2e00000, 0x00000000e2f00000, 0x00000000e2f00000|100%| O|  |TAMS 0x00000000e2e00000, 0x00000000e2f00000| Untracked 
| 303|0x00000000e2f00000, 0x00000000e3000000, 0x00000000e3000000|100%| O|  |TAMS 0x00000000e2f00000, 0x00000000e3000000| Untracked 
| 304|0x00000000e3000000, 0x00000000e3100000, 0x00000000e3100000|100%| O|  |TAMS 0x00000000e3000000, 0x00000000e3100000| Untracked 
| 305|0x00000000e3100000, 0x00000000e3200000, 0x00000000e3200000|100%| O|  |TAMS 0x00000000e3100000, 0x00000000e3200000| Untracked 
| 306|0x00000000e3200000, 0x00000000e3300000, 0x00000000e3300000|100%| O|  |TAMS 0x00000000e3200000, 0x00000000e3300000| Untracked 
| 307|0x00000000e3300000, 0x00000000e3400000, 0x00000000e3400000|100%| O|  |TAMS 0x00000000e3300000, 0x00000000e3400000| Untracked 
| 308|0x00000000e3400000, 0x00000000e3500000, 0x00000000e3500000|100%| O|  |TAMS 0x00000000e3400000, 0x00000000e3500000| Untracked 
| 309|0x00000000e3500000, 0x00000000e3600000, 0x00000000e3600000|100%|HS|  |TAMS 0x00000000e3500000, 0x00000000e3600000| Complete 
| 310|0x00000000e3600000, 0x00000000e3700000, 0x00000000e3700000|100%|HS|  |TAMS 0x00000000e3600000, 0x00000000e3700000| Complete 
| 311|0x00000000e3700000, 0x00000000e3800000, 0x00000000e3800000|100%| O|  |TAMS 0x00000000e3700000, 0x00000000e3800000| Untracked 
| 312|0x00000000e3800000, 0x00000000e3900000, 0x00000000e3900000|100%| O|  |TAMS 0x00000000e3800000, 0x00000000e3900000| Untracked 
| 313|0x00000000e3900000, 0x00000000e3a00000, 0x00000000e3a00000|100%| O|  |TAMS 0x00000000e3900000, 0x00000000e3a00000| Untracked 
| 314|0x00000000e3a00000, 0x00000000e3b00000, 0x00000000e3b00000|100%| O|  |TAMS 0x00000000e3a00000, 0x00000000e3b00000| Untracked 
| 315|0x00000000e3b00000, 0x00000000e3c00000, 0x00000000e3c00000|100%| O|  |TAMS 0x00000000e3b00000, 0x00000000e3c00000| Untracked 
| 316|0x00000000e3c00000, 0x00000000e3d00000, 0x00000000e3d00000|100%| O|  |TAMS 0x00000000e3c00000, 0x00000000e3d00000| Untracked 
| 317|0x00000000e3d00000, 0x00000000e3e00000, 0x00000000e3e00000|100%| O|  |TAMS 0x00000000e3d00000, 0x00000000e3e00000| Untracked 
| 318|0x00000000e3e00000, 0x00000000e3f00000, 0x00000000e3f00000|100%| O|  |TAMS 0x00000000e3e00000, 0x00000000e3f00000| Untracked 
| 319|0x00000000e3f00000, 0x00000000e4000000, 0x00000000e4000000|100%| O|  |TAMS 0x00000000e3f00000, 0x00000000e4000000| Untracked 
| 320|0x00000000e4000000, 0x00000000e4100000, 0x00000000e4100000|100%| O|  |TAMS 0x00000000e4000000, 0x00000000e4100000| Untracked 
| 321|0x00000000e4100000, 0x00000000e4200000, 0x00000000e4200000|100%| O|  |TAMS 0x00000000e4100000, 0x00000000e4200000| Untracked 
| 322|0x00000000e4200000, 0x00000000e4300000, 0x00000000e4300000|100%| O|  |TAMS 0x00000000e4200000, 0x00000000e4300000| Untracked 
| 323|0x00000000e4300000, 0x00000000e4400000, 0x00000000e4400000|100%| O|  |TAMS 0x00000000e4300000, 0x00000000e4400000| Untracked 
| 324|0x00000000e4400000, 0x00000000e4500000, 0x00000000e4500000|100%| O|  |TAMS 0x00000000e4400000, 0x00000000e4500000| Untracked 
| 325|0x00000000e4500000, 0x00000000e4600000, 0x00000000e4600000|100%| O|  |TAMS 0x00000000e4500000, 0x00000000e4600000| Untracked 
| 326|0x00000000e4600000, 0x00000000e4700000, 0x00000000e4700000|100%| O|  |TAMS 0x00000000e4600000, 0x00000000e4700000| Untracked 
| 327|0x00000000e4700000, 0x00000000e4800000, 0x00000000e4800000|100%| O|  |TAMS 0x00000000e4700000, 0x00000000e4800000| Untracked 
| 328|0x00000000e4800000, 0x00000000e4900000, 0x00000000e4900000|100%| O|  |TAMS 0x00000000e4800000, 0x00000000e4900000| Untracked 
| 329|0x00000000e4900000, 0x00000000e4a00000, 0x00000000e4a00000|100%| O|  |TAMS 0x00000000e4900000, 0x00000000e4a00000| Untracked 
| 330|0x00000000e4a00000, 0x00000000e4b00000, 0x00000000e4b00000|100%| O|  |TAMS 0x00000000e4a00000, 0x00000000e4b00000| Untracked 
| 331|0x00000000e4b00000, 0x00000000e4c00000, 0x00000000e4c00000|100%| O|  |TAMS 0x00000000e4b00000, 0x00000000e4c00000| Untracked 
| 332|0x00000000e4c00000, 0x00000000e4d00000, 0x00000000e4d00000|100%| O|  |TAMS 0x00000000e4c00000, 0x00000000e4d00000| Untracked 
| 333|0x00000000e4d00000, 0x00000000e4e00000, 0x00000000e4e00000|100%| O|  |TAMS 0x00000000e4d00000, 0x00000000e4e00000| Untracked 
| 334|0x00000000e4e00000, 0x00000000e4f00000, 0x00000000e4f00000|100%| O|  |TAMS 0x00000000e4e00000, 0x00000000e4f00000| Untracked 
| 335|0x00000000e4f00000, 0x00000000e5000000, 0x00000000e5000000|100%| O|  |TAMS 0x00000000e4f00000, 0x00000000e5000000| Untracked 
| 336|0x00000000e5000000, 0x00000000e5100000, 0x00000000e5100000|100%| O|  |TAMS 0x00000000e5000000, 0x00000000e5100000| Untracked 
| 337|0x00000000e5100000, 0x00000000e5200000, 0x00000000e5200000|100%| O|  |TAMS 0x00000000e5100000, 0x00000000e5200000| Untracked 
| 338|0x00000000e5200000, 0x00000000e5300000, 0x00000000e5300000|100%| O|  |TAMS 0x00000000e5200000, 0x00000000e5300000| Untracked 
| 339|0x00000000e5300000, 0x00000000e5400000, 0x00000000e5400000|100%| O|  |TAMS 0x00000000e5300000, 0x00000000e5400000| Untracked 
| 340|0x00000000e5400000, 0x00000000e5500000, 0x00000000e5500000|100%| O|  |TAMS 0x00000000e5400000, 0x00000000e5500000| Untracked 
| 341|0x00000000e5500000, 0x00000000e5600000, 0x00000000e5600000|100%| O|  |TAMS 0x00000000e5500000, 0x00000000e5600000| Untracked 
| 342|0x00000000e5600000, 0x00000000e5700000, 0x00000000e5700000|100%| O|  |TAMS 0x00000000e5600000, 0x00000000e5700000| Untracked 
| 343|0x00000000e5700000, 0x00000000e5800000, 0x00000000e5800000|100%| O|  |TAMS 0x00000000e5700000, 0x00000000e5780000| Untracked 
| 344|0x00000000e5800000, 0x00000000e5900000, 0x00000000e5900000|100%| O|  |TAMS 0x00000000e5800000, 0x00000000e5800000| Untracked 
| 345|0x00000000e5900000, 0x00000000e5a00000, 0x00000000e5a00000|100%| O|  |TAMS 0x00000000e5900000, 0x00000000e5900000| Untracked 
| 346|0x00000000e5a00000, 0x00000000e5b00000, 0x00000000e5b00000|100%| O|  |TAMS 0x00000000e5a00000, 0x00000000e5a00000| Untracked 
| 347|0x00000000e5b00000, 0x00000000e5c00000, 0x00000000e5c00000|100%| O|  |TAMS 0x00000000e5b00000, 0x00000000e5b00000| Untracked 
| 348|0x00000000e5c00000, 0x00000000e5d00000, 0x00000000e5d00000|100%| O|  |TAMS 0x00000000e5c00000, 0x00000000e5c00000| Untracked 
| 349|0x00000000e5d00000, 0x00000000e5e00000, 0x00000000e5e00000|100%| O|  |TAMS 0x00000000e5d00000, 0x00000000e5d00000| Untracked 
| 350|0x00000000e5e00000, 0x00000000e5f00000, 0x00000000e5f00000|100%| O|  |TAMS 0x00000000e5e00000, 0x00000000e5e00000| Untracked 
| 351|0x00000000e5f00000, 0x00000000e6000000, 0x00000000e6000000|100%| O|  |TAMS 0x00000000e5f00000, 0x00000000e5f00000| Untracked 
| 352|0x00000000e6000000, 0x00000000e6100000, 0x00000000e6100000|100%| O|  |TAMS 0x00000000e6000000, 0x00000000e6000000| Untracked 
| 353|0x00000000e6100000, 0x00000000e6200000, 0x00000000e6200000|100%| O|  |TAMS 0x00000000e6100000, 0x00000000e6100000| Untracked 
| 354|0x00000000e6200000, 0x00000000e6300000, 0x00000000e6300000|100%| O|  |TAMS 0x00000000e6200000, 0x00000000e6200000| Untracked 
| 355|0x00000000e6300000, 0x00000000e6400000, 0x00000000e6400000|100%| O|  |TAMS 0x00000000e6300000, 0x00000000e6300000| Untracked 
| 356|0x00000000e6400000, 0x00000000e6500000, 0x00000000e6500000|100%| O|  |TAMS 0x00000000e6400000, 0x00000000e6400000| Untracked 
| 357|0x00000000e6500000, 0x00000000e6600000, 0x00000000e6600000|100%| O|  |TAMS 0x00000000e6500000, 0x00000000e6500000| Untracked 
| 358|0x00000000e6600000, 0x00000000e6700000, 0x00000000e6700000|100%| O|  |TAMS 0x00000000e6600000, 0x00000000e6600000| Untracked 
| 359|0x00000000e6700000, 0x00000000e6800000, 0x00000000e6800000|100%| O|  |TAMS 0x00000000e6700000, 0x00000000e6700000| Untracked 
| 360|0x00000000e6800000, 0x00000000e6900000, 0x00000000e6900000|100%| O|  |TAMS 0x00000000e6800000, 0x00000000e6800000| Untracked 
| 361|0x00000000e6900000, 0x00000000e6a00000, 0x00000000e6a00000|100%| O|  |TAMS 0x00000000e6900000, 0x00000000e6900000| Untracked 
| 362|0x00000000e6a00000, 0x00000000e6b00000, 0x00000000e6b00000|100%| O|  |TAMS 0x00000000e6a00000, 0x00000000e6a00000| Untracked 
| 363|0x00000000e6b00000, 0x00000000e6c00000, 0x00000000e6c00000|100%| O|  |TAMS 0x00000000e6b00000, 0x00000000e6b00000| Untracked 
| 364|0x00000000e6c00000, 0x00000000e6d00000, 0x00000000e6d00000|100%| O|  |TAMS 0x00000000e6c00000, 0x00000000e6c00000| Untracked 
| 365|0x00000000e6d00000, 0x00000000e6e00000, 0x00000000e6e00000|100%| O|  |TAMS 0x00000000e6d00000, 0x00000000e6d00000| Untracked 
| 366|0x00000000e6e00000, 0x00000000e6f00000, 0x00000000e6f00000|100%| O|  |TAMS 0x00000000e6e00000, 0x00000000e6e00000| Untracked 
| 367|0x00000000e6f00000, 0x00000000e7000000, 0x00000000e7000000|100%| O|  |TAMS 0x00000000e6f00000, 0x00000000e6f00000| Untracked 
| 368|0x00000000e7000000, 0x00000000e7100000, 0x00000000e7100000|100%| O|  |TAMS 0x00000000e7000000, 0x00000000e7000000| Untracked 
| 369|0x00000000e7100000, 0x00000000e7200000, 0x00000000e7200000|100%| O|  |TAMS 0x00000000e7100000, 0x00000000e7100000| Untracked 
| 370|0x00000000e7200000, 0x00000000e7300000, 0x00000000e7300000|100%| O|  |TAMS 0x00000000e7200000, 0x00000000e7200000| Untracked 
| 371|0x00000000e7300000, 0x00000000e7400000, 0x00000000e7400000|100%| O|  |TAMS 0x00000000e7300000, 0x00000000e7300000| Untracked 
| 372|0x00000000e7400000, 0x00000000e7500000, 0x00000000e7500000|100%|HS|  |TAMS 0x00000000e7400000, 0x00000000e7400000| Complete 
| 373|0x00000000e7500000, 0x00000000e7600000, 0x00000000e7600000|100%|HS|  |TAMS 0x00000000e7500000, 0x00000000e7500000| Complete 
| 374|0x00000000e7600000, 0x00000000e7700000, 0x00000000e7700000|100%| O|  |TAMS 0x00000000e7600000, 0x00000000e7600000| Untracked 
| 375|0x00000000e7700000, 0x00000000e7800000, 0x00000000e7800000|100%| O|  |TAMS 0x00000000e7700000, 0x00000000e7700000| Untracked 
| 376|0x00000000e7800000, 0x00000000e7900000, 0x00000000e7900000|100%| O|  |TAMS 0x00000000e7800000, 0x00000000e7800000| Untracked 
| 377|0x00000000e7900000, 0x00000000e7a00000, 0x00000000e7a00000|100%| O|  |TAMS 0x00000000e7900000, 0x00000000e7900000| Untracked 
| 378|0x00000000e7a00000, 0x00000000e7b00000, 0x00000000e7b00000|100%| O|  |TAMS 0x00000000e7a00000, 0x00000000e7a00000| Untracked 
| 379|0x00000000e7b00000, 0x00000000e7c00000, 0x00000000e7c00000|100%| O|  |TAMS 0x00000000e7b00000, 0x00000000e7b00000| Untracked 
| 380|0x00000000e7c00000, 0x00000000e7d00000, 0x00000000e7d00000|100%| O|  |TAMS 0x00000000e7c00000, 0x00000000e7c00000| Untracked 
| 381|0x00000000e7d00000, 0x00000000e7e00000, 0x00000000e7e00000|100%| O|  |TAMS 0x00000000e7d00000, 0x00000000e7d00000| Untracked 
| 382|0x00000000e7e00000, 0x00000000e7f00000, 0x00000000e7f00000|100%| O|  |TAMS 0x00000000e7e00000, 0x00000000e7e00000| Untracked 
| 383|0x00000000e7f00000, 0x00000000e8000000, 0x00000000e8000000|100%| O|  |TAMS 0x00000000e7f00000, 0x00000000e7f00000| Untracked 
| 384|0x00000000e8000000, 0x00000000e8100000, 0x00000000e8100000|100%| O|  |TAMS 0x00000000e8000000, 0x00000000e8000000| Untracked 
| 385|0x00000000e8100000, 0x00000000e8200000, 0x00000000e8200000|100%| O|  |TAMS 0x00000000e8100000, 0x00000000e8100000| Untracked 
| 386|0x00000000e8200000, 0x00000000e8280000, 0x00000000e8300000| 50%| O|  |TAMS 0x00000000e8200000, 0x00000000e8200000| Untracked 
| 387|0x00000000e8300000, 0x00000000e8300000, 0x00000000e8400000|  0%| F|  |TAMS 0x00000000e8300000, 0x00000000e8300000| Untracked 
| 388|0x00000000e8400000, 0x00000000e8400000, 0x00000000e8500000|  0%| F|  |TAMS 0x00000000e8400000, 0x00000000e8400000| Untracked 
| 389|0x00000000e8500000, 0x00000000e8500000, 0x00000000e8600000|  0%| F|  |TAMS 0x00000000e8500000, 0x00000000e8500000| Untracked 
| 390|0x00000000e8600000, 0x00000000e8600000, 0x00000000e8700000|  0%| F|  |TAMS 0x00000000e8600000, 0x00000000e8600000| Untracked 
| 391|0x00000000e8700000, 0x00000000e8700000, 0x00000000e8800000|  0%| F|  |TAMS 0x00000000e8700000, 0x00000000e8700000| Untracked 
| 392|0x00000000e8800000, 0x00000000e8800000, 0x00000000e8900000|  0%| F|  |TAMS 0x00000000e8800000, 0x00000000e8800000| Untracked 
| 393|0x00000000e8900000, 0x00000000e8900000, 0x00000000e8a00000|  0%| F|  |TAMS 0x00000000e8900000, 0x00000000e8900000| Untracked 
| 394|0x00000000e8a00000, 0x00000000e8a00000, 0x00000000e8b00000|  0%| F|  |TAMS 0x00000000e8a00000, 0x00000000e8a00000| Untracked 
| 395|0x00000000e8b00000, 0x00000000e8b00000, 0x00000000e8c00000|  0%| F|  |TAMS 0x00000000e8b00000, 0x00000000e8b00000| Untracked 
| 396|0x00000000e8c00000, 0x00000000e8c00000, 0x00000000e8d00000|  0%| F|  |TAMS 0x00000000e8c00000, 0x00000000e8c00000| Untracked 
| 397|0x00000000e8d00000, 0x00000000e8d00000, 0x00000000e8e00000|  0%| F|  |TAMS 0x00000000e8d00000, 0x00000000e8d00000| Untracked 
| 398|0x00000000e8e00000, 0x00000000e8e00000, 0x00000000e8f00000|  0%| F|  |TAMS 0x00000000e8e00000, 0x00000000e8e00000| Untracked 
| 399|0x00000000e8f00000, 0x00000000e8f00000, 0x00000000e9000000|  0%| F|  |TAMS 0x00000000e8f00000, 0x00000000e8f00000| Untracked 
| 400|0x00000000e9000000, 0x00000000e9000000, 0x00000000e9100000|  0%| F|  |TAMS 0x00000000e9000000, 0x00000000e9000000| Untracked 
| 401|0x00000000e9100000, 0x00000000e9100000, 0x00000000e9200000|  0%| F|  |TAMS 0x00000000e9100000, 0x00000000e9100000| Untracked 
| 402|0x00000000e9200000, 0x00000000e9200000, 0x00000000e9300000|  0%| F|  |TAMS 0x00000000e9200000, 0x00000000e9200000| Untracked 
| 403|0x00000000e9300000, 0x00000000e9300000, 0x00000000e9400000|  0%| F|  |TAMS 0x00000000e9300000, 0x00000000e9300000| Untracked 
| 404|0x00000000e9400000, 0x00000000e9400000, 0x00000000e9500000|  0%| F|  |TAMS 0x00000000e9400000, 0x00000000e9400000| Untracked 
| 405|0x00000000e9500000, 0x00000000e9500000, 0x00000000e9600000|  0%| F|  |TAMS 0x00000000e9500000, 0x00000000e9500000| Untracked 
| 406|0x00000000e9600000, 0x00000000e9600000, 0x00000000e9700000|  0%| F|  |TAMS 0x00000000e9600000, 0x00000000e9600000| Untracked 
| 407|0x00000000e9700000, 0x00000000e9700000, 0x00000000e9800000|  0%| F|  |TAMS 0x00000000e9700000, 0x00000000e9700000| Untracked 
| 408|0x00000000e9800000, 0x00000000e9800000, 0x00000000e9900000|  0%| F|  |TAMS 0x00000000e9800000, 0x00000000e9800000| Untracked 
| 409|0x00000000e9900000, 0x00000000e9900000, 0x00000000e9a00000|  0%| F|  |TAMS 0x00000000e9900000, 0x00000000e9900000| Untracked 
| 410|0x00000000e9a00000, 0x00000000e9a00000, 0x00000000e9b00000|  0%| F|  |TAMS 0x00000000e9a00000, 0x00000000e9a00000| Untracked 
| 411|0x00000000e9b00000, 0x00000000e9b00000, 0x00000000e9c00000|  0%| F|  |TAMS 0x00000000e9b00000, 0x00000000e9b00000| Untracked 
| 412|0x00000000e9c00000, 0x00000000e9c00000, 0x00000000e9d00000|  0%| F|  |TAMS 0x00000000e9c00000, 0x00000000e9c00000| Untracked 
| 413|0x00000000e9d00000, 0x00000000e9d00000, 0x00000000e9e00000|  0%| F|  |TAMS 0x00000000e9d00000, 0x00000000e9d00000| Untracked 
| 414|0x00000000e9e00000, 0x00000000e9e00000, 0x00000000e9f00000|  0%| F|  |TAMS 0x00000000e9e00000, 0x00000000e9e00000| Untracked 
| 415|0x00000000e9f00000, 0x00000000e9f00000, 0x00000000ea000000|  0%| F|  |TAMS 0x00000000e9f00000, 0x00000000e9f00000| Untracked 
| 416|0x00000000ea000000, 0x00000000ea000000, 0x00000000ea100000|  0%| F|  |TAMS 0x00000000ea000000, 0x00000000ea000000| Untracked 
| 417|0x00000000ea100000, 0x00000000ea100000, 0x00000000ea200000|  0%| F|  |TAMS 0x00000000ea100000, 0x00000000ea100000| Untracked 
| 418|0x00000000ea200000, 0x00000000ea200000, 0x00000000ea300000|  0%| F|  |TAMS 0x00000000ea200000, 0x00000000ea200000| Untracked 
| 419|0x00000000ea300000, 0x00000000ea300000, 0x00000000ea400000|  0%| F|  |TAMS 0x00000000ea300000, 0x00000000ea300000| Untracked 
| 420|0x00000000ea400000, 0x00000000ea400000, 0x00000000ea500000|  0%| F|  |TAMS 0x00000000ea400000, 0x00000000ea400000| Untracked 
| 421|0x00000000ea500000, 0x00000000ea500000, 0x00000000ea600000|  0%| F|  |TAMS 0x00000000ea500000, 0x00000000ea500000| Untracked 
| 422|0x00000000ea600000, 0x00000000ea600000, 0x00000000ea700000|  0%| F|  |TAMS 0x00000000ea600000, 0x00000000ea600000| Untracked 
| 423|0x00000000ea700000, 0x00000000ea700000, 0x00000000ea800000|  0%| F|  |TAMS 0x00000000ea700000, 0x00000000ea700000| Untracked 
| 424|0x00000000ea800000, 0x00000000ea800000, 0x00000000ea900000|  0%| F|  |TAMS 0x00000000ea800000, 0x00000000ea800000| Untracked 
| 425|0x00000000ea900000, 0x00000000ea900000, 0x00000000eaa00000|  0%| F|  |TAMS 0x00000000ea900000, 0x00000000ea900000| Untracked 
| 426|0x00000000eaa00000, 0x00000000eaa00000, 0x00000000eab00000|  0%| F|  |TAMS 0x00000000eaa00000, 0x00000000eaa00000| Untracked 
| 427|0x00000000eab00000, 0x00000000eab00000, 0x00000000eac00000|  0%| F|  |TAMS 0x00000000eab00000, 0x00000000eab00000| Untracked 
| 428|0x00000000eac00000, 0x00000000eac00000, 0x00000000ead00000|  0%| F|  |TAMS 0x00000000eac00000, 0x00000000eac00000| Untracked 
| 429|0x00000000ead00000, 0x00000000ead00000, 0x00000000eae00000|  0%| F|  |TAMS 0x00000000ead00000, 0x00000000ead00000| Untracked 
| 430|0x00000000eae00000, 0x00000000eae00000, 0x00000000eaf00000|  0%| F|  |TAMS 0x00000000eae00000, 0x00000000eae00000| Untracked 
| 431|0x00000000eaf00000, 0x00000000eaf00000, 0x00000000eb000000|  0%| F|  |TAMS 0x00000000eaf00000, 0x00000000eaf00000| Untracked 
| 432|0x00000000eb000000, 0x00000000eb000000, 0x00000000eb100000|  0%| F|  |TAMS 0x00000000eb000000, 0x00000000eb000000| Untracked 
| 433|0x00000000eb100000, 0x00000000eb100000, 0x00000000eb200000|  0%| F|  |TAMS 0x00000000eb100000, 0x00000000eb100000| Untracked 
| 434|0x00000000eb200000, 0x00000000eb200000, 0x00000000eb300000|  0%| F|  |TAMS 0x00000000eb200000, 0x00000000eb200000| Untracked 
| 435|0x00000000eb300000, 0x00000000eb300000, 0x00000000eb400000|  0%| F|  |TAMS 0x00000000eb300000, 0x00000000eb300000| Untracked 
| 436|0x00000000eb400000, 0x00000000eb400000, 0x00000000eb500000|  0%| F|  |TAMS 0x00000000eb400000, 0x00000000eb400000| Untracked 
| 437|0x00000000eb500000, 0x00000000eb500000, 0x00000000eb600000|  0%| F|  |TAMS 0x00000000eb500000, 0x00000000eb500000| Untracked 
| 438|0x00000000eb600000, 0x00000000eb600000, 0x00000000eb700000|  0%| F|  |TAMS 0x00000000eb600000, 0x00000000eb600000| Untracked 
| 439|0x00000000eb700000, 0x00000000eb700000, 0x00000000eb800000|  0%| F|  |TAMS 0x00000000eb700000, 0x00000000eb700000| Untracked 
| 440|0x00000000eb800000, 0x00000000eb800000, 0x00000000eb900000|  0%| F|  |TAMS 0x00000000eb800000, 0x00000000eb800000| Untracked 
| 441|0x00000000eb900000, 0x00000000eb900000, 0x00000000eba00000|  0%| F|  |TAMS 0x00000000eb900000, 0x00000000eb900000| Untracked 
| 442|0x00000000eba00000, 0x00000000eba00000, 0x00000000ebb00000|  0%| F|  |TAMS 0x00000000eba00000, 0x00000000eba00000| Untracked 
| 443|0x00000000ebb00000, 0x00000000ebb00000, 0x00000000ebc00000|  0%| F|  |TAMS 0x00000000ebb00000, 0x00000000ebb00000| Untracked 
| 444|0x00000000ebc00000, 0x00000000ebc00000, 0x00000000ebd00000|  0%| F|  |TAMS 0x00000000ebc00000, 0x00000000ebc00000| Untracked 
| 445|0x00000000ebd00000, 0x00000000ebd00000, 0x00000000ebe00000|  0%| F|  |TAMS 0x00000000ebd00000, 0x00000000ebd00000| Untracked 
| 446|0x00000000ebe00000, 0x00000000ebe00000, 0x00000000ebf00000|  0%| F|  |TAMS 0x00000000ebe00000, 0x00000000ebe00000| Untracked 
| 447|0x00000000ebf00000, 0x00000000ebf00000, 0x00000000ec000000|  0%| F|  |TAMS 0x00000000ebf00000, 0x00000000ebf00000| Untracked 
| 448|0x00000000ec000000, 0x00000000ec000000, 0x00000000ec100000|  0%| F|  |TAMS 0x00000000ec000000, 0x00000000ec000000| Untracked 
| 449|0x00000000ec100000, 0x00000000ec100000, 0x00000000ec200000|  0%| F|  |TAMS 0x00000000ec100000, 0x00000000ec100000| Untracked 
| 450|0x00000000ec200000, 0x00000000ec200000, 0x00000000ec300000|  0%| F|  |TAMS 0x00000000ec200000, 0x00000000ec200000| Untracked 
| 451|0x00000000ec300000, 0x00000000ec300000, 0x00000000ec400000|  0%| F|  |TAMS 0x00000000ec300000, 0x00000000ec300000| Untracked 
| 452|0x00000000ec400000, 0x00000000ec400000, 0x00000000ec500000|  0%| F|  |TAMS 0x00000000ec400000, 0x00000000ec400000| Untracked 
| 453|0x00000000ec500000, 0x00000000ec500000, 0x00000000ec600000|  0%| F|  |TAMS 0x00000000ec500000, 0x00000000ec500000| Untracked 
| 454|0x00000000ec600000, 0x00000000ec600000, 0x00000000ec700000|  0%| F|  |TAMS 0x00000000ec600000, 0x00000000ec600000| Untracked 
| 455|0x00000000ec700000, 0x00000000ec700000, 0x00000000ec800000|  0%| F|  |TAMS 0x00000000ec700000, 0x00000000ec700000| Untracked 
| 456|0x00000000ec800000, 0x00000000ec800000, 0x00000000ec900000|  0%| F|  |TAMS 0x00000000ec800000, 0x00000000ec800000| Untracked 
| 457|0x00000000ec900000, 0x00000000ec900000, 0x00000000eca00000|  0%| F|  |TAMS 0x00000000ec900000, 0x00000000ec900000| Untracked 
| 458|0x00000000eca00000, 0x00000000eca00000, 0x00000000ecb00000|  0%| F|  |TAMS 0x00000000eca00000, 0x00000000eca00000| Untracked 
| 459|0x00000000ecb00000, 0x00000000ecb00000, 0x00000000ecc00000|  0%| F|  |TAMS 0x00000000ecb00000, 0x00000000ecb00000| Untracked 
| 460|0x00000000ecc00000, 0x00000000ecc00000, 0x00000000ecd00000|  0%| F|  |TAMS 0x00000000ecc00000, 0x00000000ecc00000| Untracked 
| 461|0x00000000ecd00000, 0x00000000ecd00000, 0x00000000ece00000|  0%| F|  |TAMS 0x00000000ecd00000, 0x00000000ecd00000| Untracked 
| 462|0x00000000ece00000, 0x00000000ece00000, 0x00000000ecf00000|  0%| F|  |TAMS 0x00000000ece00000, 0x00000000ece00000| Untracked 
| 463|0x00000000ecf00000, 0x00000000ecf00000, 0x00000000ed000000|  0%| F|  |TAMS 0x00000000ecf00000, 0x00000000ecf00000| Untracked 
| 464|0x00000000ed000000, 0x00000000ed000000, 0x00000000ed100000|  0%| F|  |TAMS 0x00000000ed000000, 0x00000000ed000000| Untracked 
| 465|0x00000000ed100000, 0x00000000ed100000, 0x00000000ed200000|  0%| F|  |TAMS 0x00000000ed100000, 0x00000000ed100000| Untracked 
| 466|0x00000000ed200000, 0x00000000ed200000, 0x00000000ed300000|  0%| F|  |TAMS 0x00000000ed200000, 0x00000000ed200000| Untracked 
| 467|0x00000000ed300000, 0x00000000ed300000, 0x00000000ed400000|  0%| F|  |TAMS 0x00000000ed300000, 0x00000000ed300000| Untracked 
| 468|0x00000000ed400000, 0x00000000ed400000, 0x00000000ed500000|  0%| F|  |TAMS 0x00000000ed400000, 0x00000000ed400000| Untracked 
| 469|0x00000000ed500000, 0x00000000ed500000, 0x00000000ed600000|  0%| F|  |TAMS 0x00000000ed500000, 0x00000000ed500000| Untracked 
| 470|0x00000000ed600000, 0x00000000ed600000, 0x00000000ed700000|  0%| F|  |TAMS 0x00000000ed600000, 0x00000000ed600000| Untracked 
| 471|0x00000000ed700000, 0x00000000ed700000, 0x00000000ed800000|  0%| F|  |TAMS 0x00000000ed700000, 0x00000000ed700000| Untracked 
| 472|0x00000000ed800000, 0x00000000ed800000, 0x00000000ed900000|  0%| F|  |TAMS 0x00000000ed800000, 0x00000000ed800000| Untracked 
| 473|0x00000000ed900000, 0x00000000ed900000, 0x00000000eda00000|  0%| F|  |TAMS 0x00000000ed900000, 0x00000000ed900000| Untracked 
| 474|0x00000000eda00000, 0x00000000eda00000, 0x00000000edb00000|  0%| F|  |TAMS 0x00000000eda00000, 0x00000000eda00000| Untracked 
| 475|0x00000000edb00000, 0x00000000edb00000, 0x00000000edc00000|  0%| F|  |TAMS 0x00000000edb00000, 0x00000000edb00000| Untracked 
| 476|0x00000000edc00000, 0x00000000edc00000, 0x00000000edd00000|  0%| F|  |TAMS 0x00000000edc00000, 0x00000000edc00000| Untracked 
| 477|0x00000000edd00000, 0x00000000edd00000, 0x00000000ede00000|  0%| F|  |TAMS 0x00000000edd00000, 0x00000000edd00000| Untracked 
| 478|0x00000000ede00000, 0x00000000ede00000, 0x00000000edf00000|  0%| F|  |TAMS 0x00000000ede00000, 0x00000000ede00000| Untracked 
| 479|0x00000000edf00000, 0x00000000edf00000, 0x00000000ee000000|  0%| F|  |TAMS 0x00000000edf00000, 0x00000000edf00000| Untracked 
| 480|0x00000000ee000000, 0x00000000ee000000, 0x00000000ee100000|  0%| F|  |TAMS 0x00000000ee000000, 0x00000000ee000000| Untracked 
| 481|0x00000000ee100000, 0x00000000ee100000, 0x00000000ee200000|  0%| F|  |TAMS 0x00000000ee100000, 0x00000000ee100000| Untracked 
| 482|0x00000000ee200000, 0x00000000ee200000, 0x00000000ee300000|  0%| F|  |TAMS 0x00000000ee200000, 0x00000000ee200000| Untracked 
| 483|0x00000000ee300000, 0x00000000ee300000, 0x00000000ee400000|  0%| F|  |TAMS 0x00000000ee300000, 0x00000000ee300000| Untracked 
| 484|0x00000000ee400000, 0x00000000ee500000, 0x00000000ee500000|100%| S|CS|TAMS 0x00000000ee400000, 0x00000000ee400000| Complete 
| 485|0x00000000ee500000, 0x00000000ee600000, 0x00000000ee600000|100%| S|CS|TAMS 0x00000000ee500000, 0x00000000ee500000| Complete 
| 486|0x00000000ee600000, 0x00000000ee700000, 0x00000000ee700000|100%| S|CS|TAMS 0x00000000ee600000, 0x00000000ee600000| Complete 
| 487|0x00000000ee700000, 0x00000000ee800000, 0x00000000ee800000|100%| S|CS|TAMS 0x00000000ee700000, 0x00000000ee700000| Complete 
| 488|0x00000000ee800000, 0x00000000ee800000, 0x00000000ee900000|  0%| F|  |TAMS 0x00000000ee800000, 0x00000000ee800000| Untracked 
| 489|0x00000000ee900000, 0x00000000ee900000, 0x00000000eea00000|  0%| F|  |TAMS 0x00000000ee900000, 0x00000000ee900000| Untracked 
| 490|0x00000000eea00000, 0x00000000eea00000, 0x00000000eeb00000|  0%| F|  |TAMS 0x00000000eea00000, 0x00000000eea00000| Untracked 
| 491|0x00000000eeb00000, 0x00000000eeb00000, 0x00000000eec00000|  0%| F|  |TAMS 0x00000000eeb00000, 0x00000000eeb00000| Untracked 
| 492|0x00000000eec00000, 0x00000000eec00000, 0x00000000eed00000|  0%| F|  |TAMS 0x00000000eec00000, 0x00000000eec00000| Untracked 
| 493|0x00000000eed00000, 0x00000000eed00000, 0x00000000eee00000|  0%| F|  |TAMS 0x00000000eed00000, 0x00000000eed00000| Untracked 
| 494|0x00000000eee00000, 0x00000000eee00000, 0x00000000eef00000|  0%| F|  |TAMS 0x00000000eee00000, 0x00000000eee00000| Untracked 
| 495|0x00000000eef00000, 0x00000000eef00000, 0x00000000ef000000|  0%| F|  |TAMS 0x00000000eef00000, 0x00000000eef00000| Untracked 
| 496|0x00000000ef000000, 0x00000000ef000000, 0x00000000ef100000|  0%| F|  |TAMS 0x00000000ef000000, 0x00000000ef000000| Untracked 
| 497|0x00000000ef100000, 0x00000000ef100000, 0x00000000ef200000|  0%| F|  |TAMS 0x00000000ef100000, 0x00000000ef100000| Untracked 
| 498|0x00000000ef200000, 0x00000000ef200000, 0x00000000ef300000|  0%| F|  |TAMS 0x00000000ef200000, 0x00000000ef200000| Untracked 
| 499|0x00000000ef300000, 0x00000000ef300000, 0x00000000ef400000|  0%| F|  |TAMS 0x00000000ef300000, 0x00000000ef300000| Untracked 
| 500|0x00000000ef400000, 0x00000000ef400000, 0x00000000ef500000|  0%| F|  |TAMS 0x00000000ef400000, 0x00000000ef400000| Untracked 
| 501|0x00000000ef500000, 0x00000000ef500000, 0x00000000ef600000|  0%| F|  |TAMS 0x00000000ef500000, 0x00000000ef500000| Untracked 
| 502|0x00000000ef600000, 0x00000000ef600000, 0x00000000ef700000|  0%| F|  |TAMS 0x00000000ef600000, 0x00000000ef600000| Untracked 
| 503|0x00000000ef700000, 0x00000000ef700000, 0x00000000ef800000|  0%| F|  |TAMS 0x00000000ef700000, 0x00000000ef700000| Untracked 
| 504|0x00000000ef800000, 0x00000000ef800000, 0x00000000ef900000|  0%| F|  |TAMS 0x00000000ef800000, 0x00000000ef800000| Untracked 
| 505|0x00000000ef900000, 0x00000000ef900000, 0x00000000efa00000|  0%| F|  |TAMS 0x00000000ef900000, 0x00000000ef900000| Untracked 
| 506|0x00000000efa00000, 0x00000000efa00000, 0x00000000efb00000|  0%| F|  |TAMS 0x00000000efa00000, 0x00000000efa00000| Untracked 
| 507|0x00000000efb00000, 0x00000000efb00000, 0x00000000efc00000|  0%| F|  |TAMS 0x00000000efb00000, 0x00000000efb00000| Untracked 
| 508|0x00000000efc00000, 0x00000000efc00000, 0x00000000efd00000|  0%| F|  |TAMS 0x00000000efc00000, 0x00000000efc00000| Untracked 
| 509|0x00000000efd00000, 0x00000000efd00000, 0x00000000efe00000|  0%| F|  |TAMS 0x00000000efd00000, 0x00000000efd00000| Untracked 
| 754|0x00000000ff200000, 0x00000000ff300000, 0x00000000ff300000|100%| O|  |TAMS 0x00000000ff200000, 0x00000000ff300000| Untracked 
| 755|0x00000000ff300000, 0x00000000ff400000, 0x00000000ff400000|100%| O|  |TAMS 0x00000000ff300000, 0x00000000ff400000| Untracked 
| 756|0x00000000ff400000, 0x00000000ff500000, 0x00000000ff500000|100%| O|  |TAMS 0x00000000ff400000, 0x00000000ff500000| Untracked 
| 757|0x00000000ff500000, 0x00000000ff600000, 0x00000000ff600000|100%| O|  |TAMS 0x00000000ff500000, 0x00000000ff600000| Untracked 
| 758|0x00000000ff600000, 0x00000000ff700000, 0x00000000ff700000|100%| O|  |TAMS 0x00000000ff600000, 0x00000000ff700000| Untracked 
| 759|0x00000000ff700000, 0x00000000ff800000, 0x00000000ff800000|100%| O|  |TAMS 0x00000000ff700000, 0x00000000ff800000| Untracked 
| 760|0x00000000ff800000, 0x00000000ff900000, 0x00000000ff900000|100%| O|  |TAMS 0x00000000ff800000, 0x00000000ff900000| Untracked 
| 761|0x00000000ff900000, 0x00000000ffa00000, 0x00000000ffa00000|100%| O|  |TAMS 0x00000000ffa00000, 0x00000000ffa00000| Untracked 
| 762|0x00000000ffa00000, 0x00000000ffb00000, 0x00000000ffb00000|100%| O|  |TAMS 0x00000000ffb00000, 0x00000000ffb00000| Untracked 
| 763|0x00000000ffb00000, 0x00000000ffc00000, 0x00000000ffc00000|100%| O|  |TAMS 0x00000000ffc00000, 0x00000000ffc00000| Untracked 
| 764|0x00000000ffc00000, 0x00000000ffd00000, 0x00000000ffd00000|100%| O|  |TAMS 0x00000000ffd00000, 0x00000000ffd00000| Untracked 
| 765|0x00000000ffd00000, 0x00000000ffe00000, 0x00000000ffe00000|100%| O|  |TAMS 0x00000000ffe00000, 0x00000000ffe00000| Untracked 
| 766|0x00000000ffe00000, 0x00000000ffe75000, 0x00000000fff00000| 45%|OA|  |TAMS 0x00000000ffe75000, 0x00000000ffe75000| Untracked 
| 767|0x00000000fff00000, 0x00000000fff78000, 0x0000000100000000| 46%|CA|  |TAMS 0x00000000fff78000, 0x00000000fff78000| Untracked 

Card table byte_map: [0x00007fc2f34ca000,0x00007fc2f364a000] _byte_map_base: 0x00007fc2f2e4a000

Marking Bits (Prev, Next): (CMBitMap*) 0x00007fc2ec050230, (CMBitMap*) 0x00007fc2ec0501f0
 Prev Bits: [0x00007fc2f1b4a000, 0x00007fc2f274a000)
 Next Bits: [0x00007fc2f274a000, 0x00007fc2f334a000)

Polling page: 0x00007fc2f558d000

Metaspace:

Usage:
  Non-class:     92.59 MB used.
      Class:     14.70 MB used.
       Both:    107.29 MB used.

Virtual space:
  Non-class space:      128.00 MB reserved,      92.94 MB ( 73%) committed,  2 nodes.
      Class space:      320.00 MB reserved,      15.06 MB (  5%) committed,  1 nodes.
             Both:      448.00 MB reserved,     108.00 MB ( 24%) committed. 

Chunk freelists:
   Non-Class:  2.22 MB
       Class:  832.00 KB
        Both:  3.03 MB

MaxMetaspaceSize: 384.00 MB
CompressedClassSpaceSize: 320.00 MB
Initial GC threshold: 21.00 MB
Current GC threshold: 179.31 MB
CDS: on
MetaspaceReclaimPolicy: balanced
 - commit_granule_bytes: 65536.
 - commit_granule_words: 8192.
 - virtual_space_node_default_size: 8388608.
 - enlarge_chunks_in_place: 1.
 - new_chunks_are_fully_committed: 0.
 - uncommit_free_chunks: 1.
 - use_allocation_guard: 0.
 - handle_deallocations: 1.


Internal statistics:

num_allocs_failed_limit: 3.
num_arena_births: 1100.
num_arena_deaths: 0.
num_vsnodes_births: 3.
num_vsnodes_deaths: 0.
num_space_committed: 1727.
num_space_uncommitted: 0.
num_chunks_returned_to_freelist: 3.
num_chunks_taken_from_freelist: 5643.
num_chunk_merges: 0.
num_chunk_splits: 3788.
num_chunks_enlarged: 2653.
num_inconsistent_stats: 0.

CodeHeap 'non-profiled nmethods': size=120036Kb used=7050Kb max_used=7084Kb free=112985Kb
 bounds [0x00007fc2dcfd8000, 0x00007fc2dd6d8000, 0x00007fc2e4511000]
CodeHeap 'profiled nmethods': size=120032Kb used=34036Kb max_used=34784Kb free=85995Kb
 bounds [0x00007fc2d5511000, 0x00007fc2d7711000, 0x00007fc2dca49000]
CodeHeap 'non-nmethods': size=5692Kb used=1731Kb max_used=1830Kb free=3960Kb
 bounds [0x00007fc2dca49000, 0x00007fc2dccb9000, 0x00007fc2dcfd8000]
 total_blobs=15838 nmethods=15026 adapters=721
 compilation: enabled
              stopped_count=0, restarted_count=0
 full_count=0

Compilation events (20 events):
Event: 58.167 Thread 0x00007fc2ec0ad670 19730       3       com.android.tools.r8.dex.code.B1::H (5 bytes)
Event: 58.167 Thread 0x00007fc2ec0ad670 nmethod 19730 0x00007fc2d71d3c10 code [0x00007fc2d71d3dc0, 0x00007fc2d71d3fd0]
Event: 58.171 Thread 0x00007fc2ec0ad670 19731       2       com.android.tools.r8.dex.code.n2::<init> (6 bytes)
Event: 58.467 Thread 0x00007fc2ec0ad670 nmethod 19731 0x00007fc2d6c4d310 code [0x00007fc2d6c4d4c0, 0x00007fc2d6c4d5e0]
Event: 58.499 Thread 0x00007fc2ec0ad670 19733       2       com.android.tools.r8.dex.code.r::<init> (7 bytes)
Event: 58.500 Thread 0x00007fc2ec0ad670 nmethod 19733 0x00007fc2d6c4cf90 code [0x00007fc2d6c4d140, 0x00007fc2d6c4d260]
Event: 58.503 Thread 0x00007fc2ec0ac140 nmethod 19675% 0x00007fc2dd6c3190 code [0x00007fc2dd6c36e0, 0x00007fc2dd6cdc00]
Event: 58.504 Thread 0x00007fc2ec0ac140 19673       4       com.android.tools.r8.internal.lr::a (71 bytes)
Event: 58.566 Thread 0x00007fc2ec0ac140 nmethod 19673 0x00007fc2dd191790 code [0x00007fc2dd191920, 0x00007fc2dd191ab8]
Event: 58.566 Thread 0x00007fc2ec0ac140 19734 %     4       com.android.tools.r8.dex.C::a @ 292 (992 bytes)
Event: 58.588 Thread 0x00007fc2ec0ad670 19735       3       com.android.tools.r8.graph.U3::a (16 bytes)
Event: 58.588 Thread 0x00007fc2ec0ad670 nmethod 19735 0x00007fc2d6c4cb90 code [0x00007fc2d6c4cd40, 0x00007fc2d6c4cee0]
Event: 58.668 Thread 0x00007fc2ec0ad670 19736       2       com.android.tools.r8.dex.code.K3::<init> (7 bytes)
Event: 58.669 Thread 0x00007fc2ec0ad670 nmethod 19736 0x00007fc2d6c4c810 code [0x00007fc2d6c4c9c0, 0x00007fc2d6c4cae0]
Event: 58.868 Thread 0x00007fc2ec0ad670 19738       2       com.android.tools.r8.graph.g::d (24 bytes)
Event: 58.868 Thread 0x00007fc2ec0ad670 nmethod 19738 0x00007fc2d6c4c490 code [0x00007fc2d6c4c620, 0x00007fc2d6c4c730]
Event: 58.874 Thread 0x00007fc2ec0ad670 19739       2       com.android.tools.r8.dex.code.t::<init> (7 bytes)
Event: 58.874 Thread 0x00007fc2ec0ad670 nmethod 19739 0x00007fc2d75a1310 code [0x00007fc2d75a14c0, 0x00007fc2d75a15e0]
Event: 58.876 Thread 0x00007fc2ec0ad670 19740       2       com.android.tools.r8.graph.j3::a (136 bytes)
Event: 58.877 Thread 0x00007fc2ec0ad670 nmethod 19740 0x00007fc2d75a0710 code [0x00007fc2d75a0940, 0x00007fc2d75a0f70]

GC Heap History (20 events):
Event: 52.697 GC heap after
{Heap after GC invocations=70 (full 0):
 garbage-first heap   total 356352K, used 144173K [0x00000000d0000000, 0x0000000100000000)
  region size 1024K, 6 young (6144K), 6 survivors (6144K)
 Metaspace       used 108980K, committed 109760K, reserved 458752K
  class space    used 14945K, committed 15360K, reserved 327680K
}
Event: 52.865 GC heap before
{Heap before GC invocations=70 (full 0):
 garbage-first heap   total 356352K, used 175917K [0x00000000d0000000, 0x0000000100000000)
  region size 1024K, 7 young (7168K), 6 survivors (6144K)
 Metaspace       used 108983K, committed 109760K, reserved 458752K
  class space    used 14946K, committed 15360K, reserved 327680K
}
Event: 52.877 GC heap after
{Heap after GC invocations=71 (full 0):
 garbage-first heap   total 356352K, used 175584K [0x00000000d0000000, 0x0000000100000000)
  region size 1024K, 5 young (5120K), 5 survivors (5120K)
 Metaspace       used 108983K, committed 109760K, reserved 458752K
  class space    used 14946K, committed 15360K, reserved 327680K
}
Event: 52.900 GC heap before
{Heap before GC invocations=71 (full 0):
 garbage-first heap   total 356352K, used 184800K [0x00000000d0000000, 0x0000000100000000)
  region size 1024K, 6 young (6144K), 5 survivors (5120K)
 Metaspace       used 108983K, committed 109760K, reserved 458752K
  class space    used 14946K, committed 15360K, reserved 327680K
}
Event: 52.907 GC heap after
{Heap after GC invocations=72 (full 0):
 garbage-first heap   total 356352K, used 184719K [0x00000000d0000000, 0x0000000100000000)
  region size 1024K, 5 young (5120K), 5 survivors (5120K)
 Metaspace       used 108983K, committed 109760K, reserved 458752K
  class space    used 14946K, committed 15360K, reserved 327680K
}
Event: 54.873 GC heap before
{Heap before GC invocations=73 (full 0):
 garbage-first heap   total 445440K, used 407951K [0x00000000d0000000, 0x0000000100000000)
  region size 1024K, 121 young (123904K), 5 survivors (5120K)
 Metaspace       used 109438K, committed 110208K, reserved 458752K
  class space    used 15021K, committed 15424K, reserved 327680K
}
Event: 54.992 GC heap after
{Heap after GC invocations=74 (full 0):
 garbage-first heap   total 452608K, used 263057K [0x00000000d0000000, 0x0000000100000000)
  region size 1024K, 16 young (16384K), 16 survivors (16384K)
 Metaspace       used 109438K, committed 110208K, reserved 458752K
  class space    used 15021K, committed 15424K, reserved 327680K
}
Event: 55.102 GC heap before
{Heap before GC invocations=74 (full 0):
 garbage-first heap   total 452608K, used 271249K [0x00000000d0000000, 0x0000000100000000)
  region size 1024K, 22 young (22528K), 16 survivors (16384K)
 Metaspace       used 109438K, committed 110208K, reserved 458752K
  class space    used 15021K, committed 15424K, reserved 327680K
}
Event: 55.259 GC heap after
{Heap after GC invocations=75 (full 0):
 garbage-first heap   total 452608K, used 261556K [0x00000000d0000000, 0x0000000100000000)
  region size 1024K, 3 young (3072K), 3 survivors (3072K)
 Metaspace       used 109438K, committed 110208K, reserved 458752K
  class space    used 15021K, committed 15424K, reserved 327680K
}
Event: 56.586 GC heap before
{Heap before GC invocations=75 (full 0):
 garbage-first heap   total 452608K, used 367028K [0x00000000d0000000, 0x0000000100000000)
  region size 1024K, 103 young (105472K), 3 survivors (3072K)
 Metaspace       used 109850K, committed 110592K, reserved 458752K
  class space    used 15052K, committed 15424K, reserved 327680K
}
Event: 56.781 GC heap after
{Heap after GC invocations=76 (full 0):
 garbage-first heap   total 452608K, used 318388K [0x00000000d0000000, 0x0000000100000000)
  region size 1024K, 13 young (13312K), 13 survivors (13312K)
 Metaspace       used 109850K, committed 110592K, reserved 458752K
  class space    used 15052K, committed 15424K, reserved 327680K
}
Event: 57.084 GC heap before
{Heap before GC invocations=76 (full 0):
 garbage-first heap   total 452608K, used 345012K [0x00000000d0000000, 0x0000000100000000)
  region size 1024K, 40 young (40960K), 13 survivors (13312K)
 Metaspace       used 109859K, committed 110592K, reserved 458752K
  class space    used 15052K, committed 15424K, reserved 327680K
}
Event: 57.192 GC heap after
{Heap after GC invocations=77 (full 0):
 garbage-first heap   total 536576K, used 334260K [0x00000000d0000000, 0x0000000100000000)
  region size 1024K, 5 young (5120K), 5 survivors (5120K)
 Metaspace       used 109859K, committed 110592K, reserved 458752K
  class space    used 15052K, committed 15424K, reserved 327680K
}
Event: 57.875 GC heap before
{Heap before GC invocations=77 (full 0):
 garbage-first heap   total 536576K, used 405940K [0x00000000d0000000, 0x0000000100000000)
  region size 1024K, 74 young (75776K), 5 survivors (5120K)
 Metaspace       used 109863K, committed 110592K, reserved 458752K
  class space    used 15052K, committed 15424K, reserved 327680K
}
Event: 58.004 GC heap after
{Heap after GC invocations=78 (full 0):
 garbage-first heap   total 536576K, used 375220K [0x00000000d0000000, 0x0000000100000000)
  region size 1024K, 10 young (10240K), 10 survivors (10240K)
 Metaspace       used 109863K, committed 110592K, reserved 458752K
  class space    used 15052K, committed 15424K, reserved 327680K
}
Event: 58.171 GC heap before
{Heap before GC invocations=78 (full 0):
 garbage-first heap   total 536576K, used 391604K [0x00000000d0000000, 0x0000000100000000)
  region size 1024K, 26 young (26624K), 10 survivors (10240K)
 Metaspace       used 109864K, committed 110592K, reserved 458752K
  class space    used 15052K, committed 15424K, reserved 327680K
}
Event: 58.466 GC heap after
{Heap after GC invocations=79 (full 0):
 garbage-first heap   total 536576K, used 384948K [0x00000000d0000000, 0x0000000100000000)
  region size 1024K, 4 young (4096K), 4 survivors (4096K)
 Metaspace       used 109864K, committed 110592K, reserved 458752K
  class space    used 15052K, committed 15424K, reserved 327680K
}
Event: 58.678 GC heap before
{Heap before GC invocations=79 (full 0):
 garbage-first heap   total 536576K, used 407476K [0x00000000d0000000, 0x0000000100000000)
  region size 1024K, 26 young (26624K), 4 survivors (4096K)
 Metaspace       used 109865K, committed 110592K, reserved 458752K
  class space    used 15052K, committed 15424K, reserved 327680K
}
Event: 58.761 GC heap after
{Heap after GC invocations=80 (full 0):
 garbage-first heap   total 536576K, used 397748K [0x00000000d0000000, 0x0000000100000000)
  region size 1024K, 4 young (4096K), 4 survivors (4096K)
 Metaspace       used 109865K, committed 110592K, reserved 458752K
  class space    used 15052K, committed 15424K, reserved 327680K
}
Event: 59.084 GC heap before
{Heap before GC invocations=80 (full 0):
 garbage-first heap   total 536576K, used 422324K [0x00000000d0000000, 0x0000000100000000)
  region size 1024K, 26 young (26624K), 4 survivors (4096K)
 Metaspace       used 109866K, committed 110592K, reserved 458752K
  class space    used 15052K, committed 15424K, reserved 327680K
}

Dll operation events (14 events):
Event: 0.007 Loaded shared library /usr/lib/jvm/java-17-openjdk-amd64/lib/libjava.so
Event: 0.084 Loaded shared library /usr/lib/jvm/java-17-openjdk-amd64/lib/libjsvml.so
Event: 0.164 Loaded shared library /usr/lib/jvm/java-17-openjdk-amd64/lib/libzip.so
Event: 0.165 Loaded shared library /usr/lib/jvm/java-17-openjdk-amd64/lib/libinstrument.so
Event: 0.167 Loaded shared library /usr/lib/jvm/java-17-openjdk-amd64/lib/libnio.so
Event: 0.173 Loaded shared library /usr/lib/jvm/java-17-openjdk-amd64/lib/libzip.so
Event: 0.363 Loaded shared library /usr/lib/jvm/java-17-openjdk-amd64/lib/libjimage.so
Event: 0.476 Loaded shared library /usr/lib/jvm/java-17-openjdk-amd64/lib/libverify.so
Event: 0.702 Loaded shared library /usr/lib/jvm/java-17-openjdk-amd64/lib/libnet.so
Event: 0.703 Loaded shared library /root/.gradle/native/c067742578af261105cb4f569cf0c3c89f3d7b1fecec35dd04571415982c5e48/linux-amd64/libnative-platform.so
Event: 0.759 Loaded shared library /root/.gradle/native/38dada09dfb8b06ba9b0570ebf7e218e3eb74d4ef43ca46872605cf95ebc2f47/linux-amd64/libnative-platform-file-events.so
Event: 1.860 Loaded shared library /usr/lib/jvm/java-17-openjdk-amd64/lib/libmanagement.so
Event: 1.861 Loaded shared library /usr/lib/jvm/java-17-openjdk-amd64/lib/libmanagement_ext.so
Event: 2.090 Loaded shared library /usr/lib/jvm/java-17-openjdk-amd64/lib/libextnet.so

Deoptimization events (20 events):
Event: 55.761 Thread 0x00007fc2b9bb2660 Uncommon trap: trap_request=0xffffff45 fr.pc=0x00007fc2dd2c0d88 relative=0x00000000000005a8
Event: 55.761 Thread 0x00007fc2b9bb2660 Uncommon trap: reason=unstable_if action=reinterpret pc=0x00007fc2dd2c0d88 method=com.android.tools.r8.graph.A2.c(Ljava/lang/Object;)Z @ 37 c2
Event: 55.761 Thread 0x00007fc2b9bb2660 DEOPT PACKING pc=0x00007fc2dd2c0d88 sp=0x00007fc2c47e62a0
Event: 55.761 Thread 0x00007fc2b9bb2660 DEOPT UNPACKING pc=0x00007fc2dcaa2b19 sp=0x00007fc2c47e6190 mode 2
Event: 55.878 Thread 0x00007fc2b9bb1f60 DEOPT PACKING pc=0x00007fc2d6a2ed81 sp=0x00007fc2c48e72a0
Event: 55.878 Thread 0x00007fc2b9bb1f60 DEOPT UNPACKING pc=0x00007fc2dcaa364f sp=0x00007fc2c48e6868 mode 0
Event: 55.886 Thread 0x00007fc2b9bb1f60 DEOPT PACKING pc=0x00007fc2d6a2ed81 sp=0x00007fc2c48e72a0
Event: 55.886 Thread 0x00007fc2b9bb1f60 DEOPT UNPACKING pc=0x00007fc2dcaa364f sp=0x00007fc2c48e6868 mode 0
Event: 55.906 Thread 0x00007fc2b9bb2660 DEOPT PACKING pc=0x00007fc2d7538937 sp=0x00007fc2c47e5fb0
Event: 55.906 Thread 0x00007fc2b9bb2660 DEOPT UNPACKING pc=0x00007fc2dcaa364f sp=0x00007fc2c47e54e8 mode 0
Event: 58.505 Thread 0x00007fc2b9bb1f60 DEOPT PACKING pc=0x00007fc2d6ed2d77 sp=0x00007fc2c48e7130
Event: 58.505 Thread 0x00007fc2b9bb1f60 DEOPT UNPACKING pc=0x00007fc2dcaa364f sp=0x00007fc2c48e66d0 mode 0
Event: 58.563 Thread 0x00007fc2b9bb1f60 DEOPT PACKING pc=0x00007fc2d6ed2d77 sp=0x00007fc2c48e7130
Event: 58.563 Thread 0x00007fc2b9bb1f60 DEOPT UNPACKING pc=0x00007fc2dcaa364f sp=0x00007fc2c48e66d0 mode 0
Event: 58.578 Thread 0x00007fc2b9bb1f60 DEOPT PACKING pc=0x00007fc2d6ed2d77 sp=0x00007fc2c48e7130
Event: 58.578 Thread 0x00007fc2b9bb1f60 DEOPT UNPACKING pc=0x00007fc2dcaa364f sp=0x00007fc2c48e66d0 mode 0
Event: 58.586 Thread 0x00007fc2b9bb2660 DEOPT PACKING pc=0x00007fc2d6ed2d77 sp=0x00007fc2c47e6290
Event: 58.586 Thread 0x00007fc2b9bb2660 DEOPT UNPACKING pc=0x00007fc2dcaa364f sp=0x00007fc2c47e5858 mode 0
Event: 58.998 Thread 0x00007fc2b9bb2660 DEOPT PACKING pc=0x00007fc2d6ed2d77 sp=0x00007fc2c47e6290
Event: 58.998 Thread 0x00007fc2b9bb2660 DEOPT UNPACKING pc=0x00007fc2dcaa364f sp=0x00007fc2c47e5858 mode 0

Classes loaded (20 events):
Event: 52.492 Loading class java/util/HashMap$UnsafeHolder
Event: 52.492 Loading class java/util/HashMap$UnsafeHolder done
Event: 52.566 Loading class java/io/PushbackInputStream
Event: 52.566 Loading class java/io/PushbackInputStream done
Event: 53.085 Loading class java/nio/BufferUnderflowException
Event: 53.085 Loading class java/nio/BufferUnderflowException done
Event: 54.703 Loading class java/util/concurrent/ConcurrentHashMap$TreeNode
Event: 54.703 Loading class java/util/concurrent/ConcurrentHashMap$TreeNode done
Event: 55.661 Loading class java/util/concurrent/ForkJoinTask$AdaptedRunnableAction
Event: 55.661 Loading class java/util/concurrent/ForkJoinTask$AdaptedRunnableAction done
Event: 55.662 Loading class java/util/concurrent/ForkJoinPool$DefaultForkJoinWorkerThreadFactory$1
Event: 55.662 Loading class java/util/concurrent/ForkJoinPool$DefaultForkJoinWorkerThreadFactory$1 done
Event: 55.674 Loading class java/nio/HeapShortBuffer
Event: 55.675 Loading class java/nio/HeapShortBuffer done
Event: 55.680 Loading class java/util/AbstractList$RandomAccessSubList
Event: 55.681 Loading class java/util/AbstractList$SubList
Event: 55.682 Loading class java/util/AbstractList$SubList done
Event: 55.682 Loading class java/util/AbstractList$RandomAccessSubList done
Event: 55.682 Loading class java/util/AbstractList$SubList$1
Event: 55.682 Loading class java/util/AbstractList$SubList$1 done

Classes unloaded (0 events):
No events

Classes redefined (0 events):
No events

Internal exceptions (20 events):
Event: 51.087 Thread 0x00007fc2ed295af0 Exception <a 'sun/nio/fs/UnixException'{0x00000000dc4fa210}> (0x00000000dc4fa210) 
thrown [./src/hotspot/share/prims/jni.cpp, line 516]
Event: 51.088 Thread 0x00007fc2ed295af0 Exception <a 'sun/nio/fs/UnixException'{0x00000000dc1c2d20}> (0x00000000dc1c2d20) 
thrown [./src/hotspot/share/prims/jni.cpp, line 516]
Event: 51.088 Thread 0x00007fc2ed295af0 Exception <a 'sun/nio/fs/UnixException'{0x00000000dc1ccdd8}> (0x00000000dc1ccdd8) 
thrown [./src/hotspot/share/prims/jni.cpp, line 516]
Event: 51.089 Thread 0x00007fc2ed295af0 Exception <a 'sun/nio/fs/UnixException'{0x00000000dc1d46c0}> (0x00000000dc1d46c0) 
thrown [./src/hotspot/share/prims/jni.cpp, line 516]
Event: 51.089 Thread 0x00007fc2ed295af0 Exception <a 'sun/nio/fs/UnixException'{0x00000000dc1db348}> (0x00000000dc1db348) 
thrown [./src/hotspot/share/prims/jni.cpp, line 516]
Event: 51.090 Thread 0x00007fc2ed295af0 Exception <a 'sun/nio/fs/UnixException'{0x00000000dc1e21f0}> (0x00000000dc1e21f0) 
thrown [./src/hotspot/share/prims/jni.cpp, line 516]
Event: 51.090 Thread 0x00007fc2ed295af0 Exception <a 'sun/nio/fs/UnixException'{0x00000000dc1e8540}> (0x00000000dc1e8540) 
thrown [./src/hotspot/share/prims/jni.cpp, line 516]
Event: 51.090 Thread 0x00007fc2ed295af0 Exception <a 'sun/nio/fs/UnixException'{0x00000000dc1ef4e0}> (0x00000000dc1ef4e0) 
thrown [./src/hotspot/share/prims/jni.cpp, line 516]
Event: 51.091 Thread 0x00007fc2ed295af0 Exception <a 'sun/nio/fs/UnixException'{0x00000000dc1f6770}> (0x00000000dc1f6770) 
thrown [./src/hotspot/share/prims/jni.cpp, line 516]
Event: 51.091 Thread 0x00007fc2ed295af0 Exception <a 'sun/nio/fs/UnixException'{0x00000000dc1fe1d8}> (0x00000000dc1fe1d8) 
thrown [./src/hotspot/share/prims/jni.cpp, line 516]
Event: 51.091 Thread 0x00007fc2ed295af0 Exception <a 'sun/nio/fs/UnixException'{0x00000000dbd84e58}> (0x00000000dbd84e58) 
thrown [./src/hotspot/share/prims/jni.cpp, line 516]
Event: 51.092 Thread 0x00007fc2ed295af0 Exception <a 'sun/nio/fs/UnixException'{0x00000000dbd8ec28}> (0x00000000dbd8ec28) 
thrown [./src/hotspot/share/prims/jni.cpp, line 516]
Event: 51.092 Thread 0x00007fc2ed295af0 Exception <a 'sun/nio/fs/UnixException'{0x00000000dbd97718}> (0x00000000dbd97718) 
thrown [./src/hotspot/share/prims/jni.cpp, line 516]
Event: 51.092 Thread 0x00007fc2ed295af0 Exception <a 'sun/nio/fs/UnixException'{0x00000000dbd9e1c0}> (0x00000000dbd9e1c0) 
thrown [./src/hotspot/share/prims/jni.cpp, line 516]
Event: 51.162 Thread 0x00007fc2ed295af0 Exception <a 'sun/nio/fs/UnixException'{0x00000000e5445e98}> (0x00000000e5445e98) 
thrown [./src/hotspot/share/prims/jni.cpp, line 516]
Event: 51.163 Thread 0x00007fc2ed295af0 Exception <a 'sun/nio/fs/UnixException'{0x00000000e548c028}> (0x00000000e548c028) 
thrown [./src/hotspot/share/prims/jni.cpp, line 516]
Event: 51.163 Thread 0x00007fc2ed295af0 Exception <a 'sun/nio/fs/UnixException'{0x00000000e5492210}> (0x00000000e5492210) 
thrown [./src/hotspot/share/prims/jni.cpp, line 516]
Event: 51.164 Thread 0x00007fc2ed295af0 Exception <a 'sun/nio/fs/UnixException'{0x00000000e5499848}> (0x00000000e5499848) 
thrown [./src/hotspot/share/prims/jni.cpp, line 516]
Event: 52.473 Thread 0x00007fc2ba4658a0 Exception <a 'java/lang/NoSuchMethodError'{0x00000000e1e68508}: static Lkotlin/InitializedLazyImpl;.<clinit>()V> (0x00000000e1e68508) 
thrown [./src/hotspot/share/prims/jni.cpp, line 1112]
Event: 55.664 Thread 0x00007fc2b9bb1f60 Implicit null exception at 0x00007fc2dd206323 to 0x00007fc2dd206510

VM Operations (20 events):
Event: 54.593 Executing VM operation: HandshakeAllThreads done
Event: 54.873 Executing VM operation: G1CollectForAllocation
Event: 54.992 Executing VM operation: G1CollectForAllocation done
Event: 55.102 Executing VM operation: G1CollectForAllocation
Event: 55.259 Executing VM operation: G1CollectForAllocation done
Event: 55.677 Executing VM operation: HandshakeAllThreads
Event: 55.677 Executing VM operation: HandshakeAllThreads done
Event: 55.703 Executing VM operation: HandshakeAllThreads
Event: 55.703 Executing VM operation: HandshakeAllThreads done
Event: 56.586 Executing VM operation: G1CollectForAllocation
Event: 56.781 Executing VM operation: G1CollectForAllocation done
Event: 57.084 Executing VM operation: G1CollectForAllocation
Event: 57.192 Executing VM operation: G1CollectForAllocation done
Event: 57.875 Executing VM operation: G1CollectForAllocation
Event: 58.004 Executing VM operation: G1CollectForAllocation done
Event: 58.171 Executing VM operation: G1CollectForAllocation
Event: 58.466 Executing VM operation: G1CollectForAllocation done
Event: 58.678 Executing VM operation: G1CollectForAllocation
Event: 58.761 Executing VM operation: G1CollectForAllocation done
Event: 59.084 Executing VM operation: G1CollectForAllocation

Memory protections (20 events):
Event: 7.884 Protecting memory [0x00007fc2c5afc000,0x00007fc2c5b00000] with protection modes 0
Event: 8.580 Protecting memory [0x00007fc2c59fb000,0x00007fc2c59ff000] with protection modes 0
Event: 9.898 Protecting memory [0x00007fc2c58fa000,0x00007fc2c58fe000] with protection modes 0
Event: 12.865 Protecting memory [0x00007fc2c57f9000,0x00007fc2c57fd000] with protection modes 0
Event: 15.270 Protecting memory [0x00007fc2c56f8000,0x00007fc2c56fc000] with protection modes 0
Event: 24.697 Protecting memory [0x00007fc2c55f7000,0x00007fc2c55fb000] with protection modes 0
Event: 24.860 Protecting memory [0x00007fc2c54f6000,0x00007fc2c54fa000] with protection modes 0
Event: 25.874 Protecting memory [0x00007fc2c53f5000,0x00007fc2c53f9000] with protection modes 0
Event: 27.210 Protecting memory [0x00007fc2c52f4000,0x00007fc2c52f8000] with protection modes 0
Event: 27.592 Protecting memory [0x00007fc2c51f3000,0x00007fc2c51f7000] with protection modes 0
Event: 27.687 Protecting memory [0x00007fc2c50f2000,0x00007fc2c50f6000] with protection modes 0
Event: 27.910 Protecting memory [0x00007fc2c4ff1000,0x00007fc2c4ff5000] with protection modes 0
Event: 28.160 Protecting memory [0x00007fc2c4ef0000,0x00007fc2c4ef4000] with protection modes 0
Event: 28.173 Protecting memory [0x00007fc2c4def000,0x00007fc2c4df3000] with protection modes 0
Event: 28.403 Protecting memory [0x00007fc2c4cee000,0x00007fc2c4cf2000] with protection modes 0
Event: 29.068 Protecting memory [0x00007fc2c4bed000,0x00007fc2c4bf1000] with protection modes 0
Event: 31.400 Protecting memory [0x00007fc2c4aec000,0x00007fc2c4af0000] with protection modes 0
Event: 31.415 Protecting memory [0x00007fc2c49eb000,0x00007fc2c49ef000] with protection modes 0
Event: 55.663 Protecting memory [0x00007fc2c47e9000,0x00007fc2c47ed000] with protection modes 0
Event: 55.669 Protecting memory [0x00007fc2c46e8000,0x00007fc2c46ec000] with protection modes 0

Nmethod flushes (20 events):
Event: 54.694 Thread 0x00007fc2ec0aeae0 flushing  nmethod 0x00007fc2d740a090
Event: 54.694 Thread 0x00007fc2ec0aeae0 flushing  nmethod 0x00007fc2d7439e90
Event: 54.694 Thread 0x00007fc2ec0aeae0 flushing  nmethod 0x00007fc2d7453290
Event: 54.694 Thread 0x00007fc2ec0aeae0 flushing  nmethod 0x00007fc2d7474410
Event: 54.694 Thread 0x00007fc2ec0aeae0 flushing  nmethod 0x00007fc2d7511a90
Event: 54.694 Thread 0x00007fc2ec0aeae0 flushing  nmethod 0x00007fc2d751a690
Event: 54.694 Thread 0x00007fc2ec0aeae0 flushing  nmethod 0x00007fc2d751fe10
Event: 54.695 Thread 0x00007fc2ec0aeae0 flushing  nmethod 0x00007fc2d75a0190
Event: 54.695 Thread 0x00007fc2ec0aeae0 flushing  nmethod 0x00007fc2d75a0a90
Event: 54.695 Thread 0x00007fc2ec0aeae0 flushing  nmethod 0x00007fc2d75a2610
Event: 54.695 Thread 0x00007fc2ec0aeae0 flushing  nmethod 0x00007fc2d75d1d10
Event: 54.695 Thread 0x00007fc2ec0aeae0 flushing  nmethod 0x00007fc2d75d6a10
Event: 54.695 Thread 0x00007fc2ec0aeae0 flushing  nmethod 0x00007fc2d75dc890
Event: 54.695 Thread 0x00007fc2ec0aeae0 flushing  nmethod 0x00007fc2d7627e10
Event: 54.695 Thread 0x00007fc2ec0aeae0 flushing  nmethod 0x00007fc2d7637a10
Event: 54.695 Thread 0x00007fc2ec0aeae0 flushing  nmethod 0x00007fc2d7639690
Event: 54.695 Thread 0x00007fc2ec0aeae0 flushing  nmethod 0x00007fc2d763fa90
Event: 54.695 Thread 0x00007fc2ec0aeae0 flushing  nmethod 0x00007fc2d764dc90
Event: 54.695 Thread 0x00007fc2ec0aeae0 flushing  nmethod 0x00007fc2d76adb10
Event: 54.695 Thread 0x00007fc2ec0aeae0 flushing  nmethod 0x00007fc2d76b0310

Events (20 events):
Event: 7.884 Thread 0x00007fc2980093f0 Thread added: 0x00007fc2b8c92060
Event: 8.579 Thread 0x00007fc2980093f0 Thread added: 0x00007fc2b8dded60
Event: 9.891 Thread 0x00007fc2980093f0 Thread added: 0x00007fc2b8ecf240
Event: 12.861 Thread 0x00007fc2980093f0 Thread added: 0x00007fc2b9594760
Event: 15.267 Thread 0x00007fc2980093f0 Thread added: 0x00007fc2b982d490
Event: 24.695 Thread 0x00007fc2980093f0 Thread added: 0x00007fc2ba4658a0
Event: 24.810 Thread 0x00007fc2ba4658a0 Thread added: 0x00007fc2ed1a2cc0
Event: 25.873 Thread 0x00007fc2ba4658a0 Thread added: 0x00007fc2ed1dfb20
Event: 27.205 Thread 0x00007fc2ba4658a0 Thread added: 0x00007fc2ed1ebcd0
Event: 27.592 Thread 0x00007fc2ba4658a0 Thread added: 0x00007fc2ed1fd4c0
Event: 27.678 Thread 0x00007fc2ba4658a0 Thread added: 0x00007fc2ed1f4510
Event: 27.905 Thread 0x00007fc2ba4658a0 Thread added: 0x00007fc2ed1fbb30
Event: 28.160 Thread 0x00007fc2ba4658a0 Thread added: 0x00007fc2ed2007c0
Event: 28.171 Thread 0x00007fc2ba4658a0 Thread added: 0x00007fc2ed206420
Event: 28.394 Thread 0x00007fc2ba4658a0 Thread added: 0x00007fc2ed20c550
Event: 29.068 Thread 0x00007fc2ba4658a0 Thread added: 0x00007fc2ed212770
Event: 31.400 Thread 0x00007fc2ba4658a0 Thread added: 0x00007fc2ed295af0
Event: 31.409 Thread 0x00007fc2ba4658a0 Thread added: 0x00007fc2ed294120
Event: 55.662 Thread 0x00007fc2ed295af0 Thread added: 0x00007fc2b9bb1f60
Event: 55.668 Thread 0x00007fc2ed295af0 Thread added: 0x00007fc2b9bb2660


Dynamic libraries:
d0000000-efe00000 rw-p 00000000 00:00 0 
f5d00000-ff200000 ---p 00000000 00:00 0 
ff200000-ffe00000 rw-p 00000000 00:00 0 
ffe00000-ffe75000 rw-p 00c7a000 00:25 13853                              /usr/lib/jvm/java-17-openjdk-amd64/lib/server/classes.jsa
ffe75000-fff00000 rw-p 00000000 00:00 0 
fff00000-fff78000 rw-p 00c02000 00:25 13853                              /usr/lib/jvm/java-17-openjdk-amd64/lib/server/classes.jsa
fff78000-100000000 rw-p 00000000 00:00 0 
5643e3071000-5643e3072000 r--p 00000000 00:25 13495                      /usr/lib/jvm/java-17-openjdk-amd64/bin/java
5643e3072000-5643e3073000 r-xp 00001000 00:25 13495                      /usr/lib/jvm/java-17-openjdk-amd64/bin/java
5643e3073000-5643e3074000 r--p 00002000 00:25 13495                      /usr/lib/jvm/java-17-openjdk-amd64/bin/java
5643e3074000-5643e3075000 r--p 00002000 00:25 13495                      /usr/lib/jvm/java-17-openjdk-amd64/bin/java
5643e3075000-5643e3076000 rw-p 00003000 00:25 13495                      /usr/lib/jvm/java-17-openjdk-amd64/bin/java
5643e46d6000-5643e47b9000 rw-p 00000000 00:00 0                          [heap]
7fc278000000-7fc278300000 rw-p 00000000 00:00 0 
7fc278300000-7fc278400000 rw-p 00000000 00:00 0 
7fc278400000-7fc279cd0000 rw-p 00000000 00:00 0 
7fc279cd0000-7fc279d00000 ---p 00000000 00:00 0 
7fc279d00000-7fc279d20000 rw-p 00000000 00:00 0 
7fc279d20000-7fc27c000000 ---p 00000000 00:00 0 
7fc27c000000-7fc27d5a2000 rw-p 00000000 00:00 0 
7fc27d5a2000-7fc280000000 ---p 00000000 00:00 0 
7fc280000000-7fc28003c000 rw-p 00000000 00:00 0 
7fc28003c000-7fc284000000 ---p 00000000 00:00 0 
7fc284000000-7fc284021000 rw-p 00000000 00:00 0 
7fc284021000-7fc288000000 ---p 00000000 00:00 0 
7fc288000000-7fc28acbc000 rw-p 00000000 00:00 0 
7fc28acbc000-7fc28c000000 ---p 00000000 00:00 0 
7fc28c000000-7fc28c021000 rw-p 00000000 00:00 0 
7fc28c021000-7fc290000000 ---p 00000000 00:00 0 
7fc290000000-7fc290055000 rw-p 00000000 00:00 0 
7fc290055000-7fc294000000 ---p 00000000 00:00 0 
7fc294000000-7fc29402f000 rw-p 00000000 00:00 0 
7fc29402f000-7fc298000000 ---p 00000000 00:00 0 
7fc298000000-7fc298032000 rw-p 00000000 00:00 0 
7fc298032000-7fc29c000000 ---p 00000000 00:00 0 
7fc29c000000-7fc29c53e000 rw-p 00000000 00:00 0 
7fc29c53e000-7fc2a0000000 ---p 00000000 00:00 0 
7fc2a3000000-7fc2a3455000 rw-p 00001000 00:25 13853                      /usr/lib/jvm/java-17-openjdk-amd64/lib/server/classes.jsa
7fc2a3455000-7fc2a3bca000 rw-p 00456000 00:25 13853                      /usr/lib/jvm/java-17-openjdk-amd64/lib/server/classes.jsa
7fc2a3bca000-7fc2a4000000 ---p 00000000 00:00 0 
7fc2a4000000-7fc2a4040000 rw-p 00000000 00:00 0 
7fc2a4040000-7fc2a4080000 rw-p 00000000 00:00 0 
7fc2a4080000-7fc2a4140000 rw-p 00000000 00:00 0 
7fc2a4140000-7fc2a4180000 rw-p 00000000 00:00 0 
7fc2a4180000-7fc2a4440000 rw-p 00000000 00:00 0 
7fc2a4440000-7fc2a4740000 rw-p 00000000 00:00 0 
7fc2a4740000-7fc2a4780000 rw-p 00000000 00:00 0 
7fc2a4780000-7fc2a48e0000 rw-p 00000000 00:00 0 
7fc2a48e0000-7fc2a4900000 rw-p 00000000 00:00 0 
7fc2a4900000-7fc2a4b40000 rw-p 00000000 00:00 0 
7fc2a4b40000-7fc2a4b60000 rw-p 00000000 00:00 0 
7fc2a4b60000-7fc2a4b80000 ---p 00000000 00:00 0 
7fc2a4b80000-7fc2a4f30000 rw-p 00000000 00:00 0 
7fc2a4f30000-7fc2b8000000 ---p 00000000 00:00 0 
7fc2b8000000-7fc2bad05000 rw-p 00000000 00:00 0 
7fc2bad05000-7fc2bc000000 ---p 00000000 00:00 0 
7fc2bc000000-7fc2bc400000 rw-p 00000000 00:00 0 
7fc2bc400000-7fc2bc980000 rw-p 00000000 00:00 0 
7fc2bc980000-7fc2bca00000 rw-p 00000000 00:00 0 
7fc2bca00000-7fc2bce00000 rw-p 00000000 00:00 0 
7fc2bce00000-7fc2bd6e0000 rw-p 00000000 00:00 0 
7fc2bd6e0000-7fc2bd700000 rw-p 00000000 00:00 0 
7fc2bd700000-7fc2bd900000 rw-p 00000000 00:00 0 
7fc2bd900000-7fc2bda00000 rw-p 00000000 00:00 0 
7fc2bda00000-7fc2be800000 rw-p 00000000 00:00 0 
7fc2be800000-7fc2beb00000 rw-p 00000000 00:00 0 
7fc2beb00000-7fc2bec00000 rw-p 00000000 00:00 0 
7fc2bec00000-7fc2bef00000 rw-p 00000000 00:00 0 
7fc2bef00000-7fc2bf000000 rw-p 00000000 00:00 0 
7fc2bf000000-7fc2bff00000 rw-p 00000000 00:00 0 
7fc2bff00000-7fc2c0000000 rw-p 00000000 00:00 0 
7fc2c0000000-7fc2c006a000 rw-p 00000000 00:00 0 
7fc2c006a000-7fc2c4000000 ---p 00000000 00:00 0 
7fc2c46e7000-7fc2c46e8000 ---p 00000000 00:00 0 
7fc2c46e8000-7fc2c46ec000 ---p 00000000 00:00 0 
7fc2c46ec000-7fc2c47e8000 rw-p 00000000 00:00 0 
7fc2c47e8000-7fc2c47e9000 ---p 00000000 00:00 0 
7fc2c47e9000-7fc2c47ed000 ---p 00000000 00:00 0 
7fc2c47ed000-7fc2c48e9000 rw-p 00000000 00:00 0 
7fc2c48e9000-7fc2c48ea000 ---p 00000000 00:00 0 
7fc2c48ea000-7fc2c49ea000 rw-p 00000000 00:00 0 
7fc2c49ea000-7fc2c49eb000 ---p 00000000 00:00 0 
7fc2c49eb000-7fc2c49ef000 ---p 00000000 00:00 0 
7fc2c49ef000-7fc2c4aeb000 rw-p 00000000 00:00 0 
7fc2c4aeb000-7fc2c4aec000 ---p 00000000 00:00 0 
7fc2c4aec000-7fc2c4af0000 ---p 00000000 00:00 0 
7fc2c4af0000-7fc2c4bec000 rw-p 00000000 00:00 0 
7fc2c4bec000-7fc2c4bed000 ---p 00000000 00:00 0 
7fc2c4bed000-7fc2c4bf1000 ---p 00000000 00:00 0 
7fc2c4bf1000-7fc2c4ced000 rw-p 00000000 00:00 0 
7fc2c4ced000-7fc2c4cee000 ---p 00000000 00:00 0 
7fc2c4cee000-7fc2c4cf2000 ---p 00000000 00:00 0 
7fc2c4cf2000-7fc2c4dee000 rw-p 00000000 00:00 0 
7fc2c4dee000-7fc2c4def000 ---p 00000000 00:00 0 
7fc2c4def000-7fc2c4df3000 ---p 00000000 00:00 0 
7fc2c4df3000-7fc2c4eef000 rw-p 00000000 00:00 0 
7fc2c4eef000-7fc2c4ef0000 ---p 00000000 00:00 0 
7fc2c4ef0000-7fc2c4ef4000 ---p 00000000 00:00 0 
7fc2c4ef4000-7fc2c4ff0000 rw-p 00000000 00:00 0 
7fc2c4ff0000-7fc2c4ff1000 ---p 00000000 00:00 0 
7fc2c4ff1000-7fc2c4ff5000 ---p 00000000 00:00 0 
7fc2c4ff5000-7fc2c50f1000 rw-p 00000000 00:00 0 
7fc2c50f1000-7fc2c50f2000 ---p 00000000 00:00 0 
7fc2c50f2000-7fc2c50f6000 ---p 00000000 00:00 0 
7fc2c50f6000-7fc2c51f2000 rw-p 00000000 00:00 0 
7fc2c51f2000-7fc2c51f3000 ---p 00000000 00:00 0 
7fc2c51f3000-7fc2c51f7000 ---p 00000000 00:00 0 
7fc2c51f7000-7fc2c52f3000 rw-p 00000000 00:00 0 
7fc2c52f3000-7fc2c52f4000 ---p 00000000 00:00 0 
7fc2c52f4000-7fc2c52f8000 ---p 00000000 00:00 0 
7fc2c52f8000-7fc2c53f4000 rw-p 00000000 00:00 0 
7fc2c53f4000-7fc2c53f5000 ---p 00000000 00:00 0 
7fc2c53f5000-7fc2c53f9000 ---p 00000000 00:00 0 
7fc2c53f9000-7fc2c54f5000 rw-p 00000000 00:00 0 
7fc2c54f5000-7fc2c54f6000 ---p 00000000 00:00 0 
7fc2c54f6000-7fc2c54fa000 ---p 00000000 00:00 0 
7fc2c54fa000-7fc2c55f6000 rw-p 00000000 00:00 0 
7fc2c55f6000-7fc2c55f7000 ---p 00000000 00:00 0 
7fc2c55f7000-7fc2c55fb000 ---p 00000000 00:00 0 
7fc2c55fb000-7fc2c56f7000 rw-p 00000000 00:00 0 
7fc2c56f7000-7fc2c56f8000 ---p 00000000 00:00 0 
7fc2c56f8000-7fc2c56fc000 ---p 00000000 00:00 0 
7fc2c56fc000-7fc2c57f8000 rw-p 00000000 00:00 0 
7fc2c57f8000-7fc2c57f9000 ---p 00000000 00:00 0 
7fc2c57f9000-7fc2c57fd000 ---p 00000000 00:00 0 
7fc2c57fd000-7fc2c58f9000 rw-p 00000000 00:00 0 
7fc2c58f9000-7fc2c58fa000 ---p 00000000 00:00 0 
7fc2c58fa000-7fc2c58fe000 ---p 00000000 00:00 0 
7fc2c58fe000-7fc2c59fa000 rw-p 00000000 00:00 0 
7fc2c59fa000-7fc2c59fb000 ---p 00000000 00:00 0 
7fc2c59fb000-7fc2c59ff000 ---p 00000000 00:00 0 
7fc2c59ff000-7fc2c5afb000 rw-p 00000000 00:00 0 
7fc2c5afb000-7fc2c5afc000 ---p 00000000 00:00 0 
7fc2c5afc000-7fc2c5b00000 ---p 00000000 00:00 0 
7fc2c5b00000-7fc2c5bfc000 rw-p 00000000 00:00 0 
7fc2c5bfc000-7fc2c5bfd000 ---p 00000000 00:00 0 
7fc2c5bfd000-7fc2c5c01000 ---p 00000000 00:00 0 
7fc2c5c01000-7fc2c5cfd000 rw-p 00000000 00:00 0 
7fc2c5cfd000-7fc2c5cfe000 ---p 00000000 00:00 0 
7fc2c5cfe000-7fc2c5d02000 ---p 00000000 00:00 0 
7fc2c5d02000-7fc2c5dfe000 rw-p 00000000 00:00 0 
7fc2c5dfe000-7fc2c5dff000 ---p 00000000 00:00 0 
7fc2c5dff000-7fc2c5e03000 ---p 00000000 00:00 0 
7fc2c5e03000-7fc2c5eff000 rw-p 00000000 00:00 0 
7fc2c5eff000-7fc2c5f00000 ---p 00000000 00:00 0 
7fc2c5f00000-7fc2c5f04000 ---p 00000000 00:00 0 
7fc2c5f04000-7fc2c8000000 rw-p 00000000 00:00 0 
7fc2c8000000-7fc2c8064000 rw-p 00000000 00:00 0 
7fc2c8064000-7fc2cc000000 ---p 00000000 00:00 0 
7fc2cc000000-7fc2cc058000 rw-p 00000000 00:00 0 
7fc2cc058000-7fc2d0000000 ---p 00000000 00:00 0 
7fc2d0000000-7fc2d00b7000 rw-p 00000000 00:00 0 
7fc2d00b7000-7fc2d4000000 ---p 00000000 00:00 0 
7fc2d40c8000-7fc2d40c9000 ---p 00000000 00:00 0 
7fc2d40c9000-7fc2d40cd000 ---p 00000000 00:00 0 
7fc2d40cd000-7fc2d41c9000 rw-p 00000000 00:00 0 
7fc2d41c9000-7fc2d41ca000 ---p 00000000 00:00 0 
7fc2d41ca000-7fc2d41ce000 ---p 00000000 00:00 0 
7fc2d41ce000-7fc2d42ca000 rw-p 00000000 00:00 0 
7fc2d42ca000-7fc2d42cb000 ---p 00000000 00:00 0 
7fc2d42cb000-7fc2d42cf000 ---p 00000000 00:00 0 
7fc2d42cf000-7fc2d43cb000 rw-p 00000000 00:00 0 
7fc2d43f2000-7fc2d43f3000 ---p 00000000 00:00 0 
7fc2d43f3000-7fc2d43f7000 ---p 00000000 00:00 0 
7fc2d43f7000-7fc2d44f3000 rw-p 00000000 00:00 0 
7fc2d44f3000-7fc2d44f4000 ---p 00000000 00:00 0 
7fc2d44f4000-7fc2d44f8000 ---p 00000000 00:00 0 
7fc2d44f8000-7fc2d45f4000 rw-p 00000000 00:00 0 
7fc2d45f4000-7fc2d45f5000 ---p 00000000 00:00 0 
7fc2d45f5000-7fc2d45f9000 ---p 00000000 00:00 0 
7fc2d45f9000-7fc2d46f5000 rw-p 00000000 00:00 0 
7fc2d46f5000-7fc2d46f6000 ---p 00000000 00:00 0 
7fc2d46f6000-7fc2d46fa000 ---p 00000000 00:00 0 
7fc2d46fa000-7fc2d47f6000 rw-p 00000000 00:00 0 
7fc2d47f6000-7fc2d47f7000 ---p 00000000 00:00 0 
7fc2d47f7000-7fc2d47fb000 ---p 00000000 00:00 0 
7fc2d47fb000-7fc2d48f7000 rw-p 00000000 00:00 0 
7fc2d48f7000-7fc2d48f8000 ---p 00000000 00:00 0 
7fc2d48f8000-7fc2d48fc000 ---p 00000000 00:00 0 
7fc2d48fc000-7fc2d49f8000 rw-p 00000000 00:00 0 
7fc2d49f8000-7fc2d49f9000 ---p 00000000 00:00 0 
7fc2d49f9000-7fc2d49fd000 ---p 00000000 00:00 0 
7fc2d49fd000-7fc2d4af9000 rw-p 00000000 00:00 0 
7fc2d4af9000-7fc2d4afa000 ---p 00000000 00:00 0 
7fc2d4afa000-7fc2d4afe000 ---p 00000000 00:00 0 
7fc2d4afe000-7fc2d4bfa000 rw-p 00000000 00:00 0 
7fc2d4bfa000-7fc2d4bfb000 ---p 00000000 00:00 0 
7fc2d4bfb000-7fc2d4bff000 ---p 00000000 00:00 0 
7fc2d4bff000-7fc2d4cfb000 rw-p 00000000 00:00 0 
7fc2d4cfb000-7fc2d4cfc000 ---p 00000000 00:00 0 
7fc2d4cfc000-7fc2d4d00000 ---p 00000000 00:00 0 
7fc2d4d00000-7fc2d4dfc000 rw-p 00000000 00:00 0 
7fc2d4dfc000-7fc2d4dfd000 ---p 00000000 00:00 0 
7fc2d4dfd000-7fc2d4e01000 ---p 00000000 00:00 0 
7fc2d4e01000-7fc2d4efd000 rw-p 00000000 00:00 0 
7fc2d4efd000-7fc2d4efe000 ---p 00000000 00:00 0 
7fc2d4efe000-7fc2d4f02000 ---p 00000000 00:00 0 
7fc2d4f02000-7fc2d4ffe000 rw-p 00000000 00:00 0 
7fc2d4ffe000-7fc2d4fff000 ---p 00000000 00:00 0 
7fc2d4fff000-7fc2d5003000 ---p 00000000 00:00 0 
7fc2d5003000-7fc2d50ff000 rw-p 00000000 00:00 0 
7fc2d50ff000-7fc2d5100000 ---p 00000000 00:00 0 
7fc2d5100000-7fc2d5104000 ---p 00000000 00:00 0 
7fc2d5104000-7fc2d5200000 rw-p 00000000 00:00 0 
7fc2d5200000-7fc2d5253000 r-xp 00000000 fe:00 396867                     /root/.gradle/native/38dada09dfb8b06ba9b0570ebf7e218e3eb74d4ef43ca46872605cf95ebc2f47/linux-amd64/libnative-platform-file-events.so
7fc2d5253000-7fc2d5452000 ---p 00053000 fe:00 396867                     /root/.gradle/native/38dada09dfb8b06ba9b0570ebf7e218e3eb74d4ef43ca46872605cf95ebc2f47/linux-amd64/libnative-platform-file-events.so
7fc2d5452000-7fc2d5453000 r--p 00052000 fe:00 396867                     /root/.gradle/native/38dada09dfb8b06ba9b0570ebf7e218e3eb74d4ef43ca46872605cf95ebc2f47/linux-amd64/libnative-platform-file-events.so
7fc2d5453000-7fc2d5455000 rw-p 00053000 fe:00 396867                     /root/.gradle/native/38dada09dfb8b06ba9b0570ebf7e218e3eb74d4ef43ca46872605cf95ebc2f47/linux-amd64/libnative-platform-file-events.so
7fc2d5511000-7fc2d7711000 rwxp 00000000 00:00 0 
7fc2d7711000-7fc2dca49000 ---p 00000000 00:00 0 
7fc2dca49000-7fc2dccb9000 rwxp 00000000 00:00 0 
7fc2dccb9000-7fc2dcfd8000 ---p 00000000 00:00 0 
7fc2dcfd8000-7fc2dd6d8000 rwxp 00000000 00:00 0 
7fc2dd6d8000-7fc2e4511000 ---p 00000000 00:00 0 
7fc2e4511000-7fc2ec000000 r--s 00000000 00:25 13844                      /usr/lib/jvm/java-17-openjdk-amd64/lib/modules
7fc2ec000000-7fc2ed3d1000 rw-p 00000000 00:00 0 
7fc2ed3d1000-7fc2f0000000 ---p 00000000 00:00 0 
7fc2f00ff000-7fc2f0100000 ---p 00000000 00:00 0 
7fc2f0100000-7fc2f0104000 ---p 00000000 00:00 0 
7fc2f0104000-7fc2f0200000 rw-p 00000000 00:00 0 
7fc2f0200000-7fc2f0205000 r-xp 00000000 fe:00 396850                     /root/.gradle/native/c067742578af261105cb4f569cf0c3c89f3d7b1fecec35dd04571415982c5e48/linux-amd64/libnative-platform.so
7fc2f0205000-7fc2f0405000 ---p 00005000 fe:00 396850                     /root/.gradle/native/c067742578af261105cb4f569cf0c3c89f3d7b1fecec35dd04571415982c5e48/linux-amd64/libnative-platform.so
7fc2f0405000-7fc2f0406000 r--p 00005000 fe:00 396850                     /root/.gradle/native/c067742578af261105cb4f569cf0c3c89f3d7b1fecec35dd04571415982c5e48/linux-amd64/libnative-platform.so
7fc2f0406000-7fc2f0407000 rw-p 00006000 fe:00 396850                     /root/.gradle/native/c067742578af261105cb4f569cf0c3c89f3d7b1fecec35dd04571415982c5e48/linux-amd64/libnative-platform.so
7fc2f0466000-7fc2f0467000 r--p 00000000 00:25 13813                      /usr/lib/jvm/java-17-openjdk-amd64/lib/libextnet.so
7fc2f0467000-7fc2f0468000 r-xp 00001000 00:25 13813                      /usr/lib/jvm/java-17-openjdk-amd64/lib/libextnet.so
7fc2f0468000-7fc2f0469000 r--p 00002000 00:25 13813                      /usr/lib/jvm/java-17-openjdk-amd64/lib/libextnet.so
7fc2f0469000-7fc2f046a000 r--p 00002000 00:25 13813                      /usr/lib/jvm/java-17-openjdk-amd64/lib/libextnet.so
7fc2f046a000-7fc2f046b000 rw-p 00003000 00:25 13813                      /usr/lib/jvm/java-17-openjdk-amd64/lib/libextnet.so
7fc2f046b000-7fc2f046d000 r--p 00000000 00:25 13832                      /usr/lib/jvm/java-17-openjdk-amd64/lib/libmanagement_ext.so
7fc2f046d000-7fc2f0470000 r-xp 00002000 00:25 13832                      /usr/lib/jvm/java-17-openjdk-amd64/lib/libmanagement_ext.so
7fc2f0470000-7fc2f0471000 r--p 00005000 00:25 13832                      /usr/lib/jvm/java-17-openjdk-amd64/lib/libmanagement_ext.so
7fc2f0471000-7fc2f0472000 r--p 00006000 00:25 13832                      /usr/lib/jvm/java-17-openjdk-amd64/lib/libmanagement_ext.so
7fc2f0472000-7fc2f0473000 rw-p 00007000 00:25 13832                      /usr/lib/jvm/java-17-openjdk-amd64/lib/libmanagement_ext.so
7fc2f0473000-7fc2f0474000 r--p 00000000 00:25 18162                      /usr/lib/x86_64-linux-gnu/libpthread.so.0
7fc2f0474000-7fc2f0475000 r-xp 00001000 00:25 18162                      /usr/lib/x86_64-linux-gnu/libpthread.so.0
7fc2f0475000-7fc2f0476000 r--p 00002000 00:25 18162                      /usr/lib/x86_64-linux-gnu/libpthread.so.0
7fc2f0476000-7fc2f0477000 r--p 00002000 00:25 18162                      /usr/lib/x86_64-linux-gnu/libpthread.so.0
7fc2f0477000-7fc2f0478000 rw-p 00003000 00:25 18162                      /usr/lib/x86_64-linux-gnu/libpthread.so.0
7fc2f0478000-7fc2f047c000 r--p 00000000 00:25 13842                      /usr/lib/jvm/java-17-openjdk-amd64/lib/libverify.so
7fc2f047c000-7fc2f0483000 r-xp 00004000 00:25 13842                      /usr/lib/jvm/java-17-openjdk-amd64/lib/libverify.so
7fc2f0483000-7fc2f0485000 r--p 0000b000 00:25 13842                      /usr/lib/jvm/java-17-openjdk-amd64/lib/libverify.so
7fc2f0485000-7fc2f0487000 r--p 0000c000 00:25 13842                      /usr/lib/jvm/java-17-openjdk-amd64/lib/libverify.so
7fc2f0487000-7fc2f0488000 rw-p 0000e000 00:25 13842                      /usr/lib/jvm/java-17-openjdk-amd64/lib/libverify.so
7fc2f0488000-7fc2f0489000 ---p 00000000 00:00 0 
7fc2f0489000-7fc2f0589000 rw-p 00000000 00:00 0 
7fc2f0589000-7fc2f058a000 ---p 00000000 00:00 0 
7fc2f058a000-7fc2f068a000 rw-p 00000000 00:00 0 
7fc2f068a000-7fc2f068b000 ---p 00000000 00:00 0 
7fc2f068b000-7fc2f068f000 ---p 00000000 00:00 0 
7fc2f068f000-7fc2f078b000 rw-p 00000000 00:00 0 
7fc2f078b000-7fc2f078f000 r--p 00000000 00:25 13834                      /usr/lib/jvm/java-17-openjdk-amd64/lib/libnet.so
7fc2f078f000-7fc2f079d000 r-xp 00004000 00:25 13834                      /usr/lib/jvm/java-17-openjdk-amd64/lib/libnet.so
7fc2f079d000-7fc2f07a1000 r--p 00012000 00:25 13834                      /usr/lib/jvm/java-17-openjdk-amd64/lib/libnet.so
7fc2f07a1000-7fc2f07a2000 r--p 00015000 00:25 13834                      /usr/lib/jvm/java-17-openjdk-amd64/lib/libnet.so
7fc2f07a2000-7fc2f07a3000 rw-p 00016000 00:25 13834                      /usr/lib/jvm/java-17-openjdk-amd64/lib/libnet.so
7fc2f07a3000-7fc2f07a4000 ---p 00000000 00:00 0 
7fc2f07a4000-7fc2f07a8000 ---p 00000000 00:00 0 
7fc2f07a8000-7fc2f08a4000 rw-p 00000000 00:00 0 
7fc2f08a4000-7fc2f08a5000 ---p 00000000 00:00 0 
7fc2f08a5000-7fc2f08a9000 ---p 00000000 00:00 0 
7fc2f08a9000-7fc2f09a5000 rw-p 00000000 00:00 0 
7fc2f09a5000-7fc2f09a6000 ---p 00000000 00:00 0 
7fc2f09a6000-7fc2f09aa000 ---p 00000000 00:00 0 
7fc2f09aa000-7fc2f0aa6000 rw-p 00000000 00:00 0 
7fc2f0aa6000-7fc2f0aa7000 ---p 00000000 00:00 0 
7fc2f0aa7000-7fc2f0aab000 ---p 00000000 00:00 0 
7fc2f0aab000-7fc2f0ba7000 rw-p 00000000 00:00 0 
7fc2f0ba7000-7fc2f0ba8000 ---p 00000000 00:00 0 
7fc2f0ba8000-7fc2f0bac000 ---p 00000000 00:00 0 
7fc2f0bac000-7fc2f0ca8000 rw-p 00000000 00:00 0 
7fc2f0ca8000-7fc2f0ca9000 ---p 00000000 00:00 0 
7fc2f0ca9000-7fc2f0cad000 ---p 00000000 00:00 0 
7fc2f0cad000-7fc2f0da9000 rw-p 00000000 00:00 0 
7fc2f0da9000-7fc2f0daa000 ---p 00000000 00:00 0 
7fc2f0daa000-7fc2f0dae000 ---p 00000000 00:00 0 
7fc2f0dae000-7fc2f0eaa000 rw-p 00000000 00:00 0 
7fc2f0eaa000-7fc2f0f01000 r--p 00000000 00:25 13893                      /usr/lib/locale/C.utf8/LC_CTYPE
7fc2f0f01000-7fc2f0f02000 ---p 00000000 00:00 0 
7fc2f0f02000-7fc2f0f06000 ---p 00000000 00:00 0 
7fc2f0f06000-7fc2f1002000 rw-p 00000000 00:00 0 
7fc2f1002000-7fc2f1003000 ---p 00000000 00:00 0 
7fc2f1003000-7fc2f1007000 ---p 00000000 00:00 0 
7fc2f1007000-7fc2f1103000 rw-p 00000000 00:00 0 
7fc2f1103000-7fc2f1104000 ---p 00000000 00:00 0 
7fc2f1104000-7fc2f1204000 rw-p 00000000 00:00 0 
7fc2f1204000-7fc2f1209000 r--p 00000000 00:25 13828                      /usr/lib/jvm/java-17-openjdk-amd64/lib/libjsvml.so
7fc2f1209000-7fc2f124a000 r-xp 00005000 00:25 13828                      /usr/lib/jvm/java-17-openjdk-amd64/lib/libjsvml.so
7fc2f124a000-7fc2f12d3000 r--p 00046000 00:25 13828                      /usr/lib/jvm/java-17-openjdk-amd64/lib/libjsvml.so
7fc2f12d3000-7fc2f12d4000 r--p 000ce000 00:25 13828                      /usr/lib/jvm/java-17-openjdk-amd64/lib/libjsvml.so
7fc2f12d4000-7fc2f12d5000 rw-p 000cf000 00:25 13828                      /usr/lib/jvm/java-17-openjdk-amd64/lib/libjsvml.so
7fc2f12d5000-7fc2f13f2000 rw-p 00000000 00:00 0 
7fc2f13f5000-7fc2f13f7000 r--p 00000000 00:25 13830                      /usr/lib/jvm/java-17-openjdk-amd64/lib/libmanagement.so
7fc2f13f7000-7fc2f13f8000 r-xp 00002000 00:25 13830                      /usr/lib/jvm/java-17-openjdk-amd64/lib/libmanagement.so
7fc2f13f8000-7fc2f13f9000 r--p 00003000 00:25 13830                      /usr/lib/jvm/java-17-openjdk-amd64/lib/libmanagement.so
7fc2f13f9000-7fc2f13fa000 r--p 00003000 00:25 13830                      /usr/lib/jvm/java-17-openjdk-amd64/lib/libmanagement.so
7fc2f13fa000-7fc2f13fb000 rw-p 00004000 00:25 13830                      /usr/lib/jvm/java-17-openjdk-amd64/lib/libmanagement.so
7fc2f13fb000-7fc2f1402000 r--p 00000000 00:25 13835                      /usr/lib/jvm/java-17-openjdk-amd64/lib/libnio.so
7fc2f1402000-7fc2f140b000 r-xp 00007000 00:25 13835                      /usr/lib/jvm/java-17-openjdk-amd64/lib/libnio.so
7fc2f140b000-7fc2f140f000 r--p 00010000 00:25 13835                      /usr/lib/jvm/java-17-openjdk-amd64/lib/libnio.so
7fc2f140f000-7fc2f1410000 r--p 00014000 00:25 13835                      /usr/lib/jvm/java-17-openjdk-amd64/lib/libnio.so
7fc2f1410000-7fc2f1411000 rw-p 00015000 00:25 13835                      /usr/lib/jvm/java-17-openjdk-amd64/lib/libnio.so
7fc2f1411000-7fc2f1413000 r--p 00000000 00:25 13843                      /usr/lib/jvm/java-17-openjdk-amd64/lib/libzip.so
7fc2f1413000-7fc2f1417000 r-xp 00002000 00:25 13843                      /usr/lib/jvm/java-17-openjdk-amd64/lib/libzip.so
7fc2f1417000-7fc2f1419000 r--p 00006000 00:25 13843                      /usr/lib/jvm/java-17-openjdk-amd64/lib/libzip.so
7fc2f1419000-7fc2f141a000 r--p 00007000 00:25 13843                      /usr/lib/jvm/java-17-openjdk-amd64/lib/libzip.so
7fc2f141a000-7fc2f141b000 rw-p 00008000 00:25 13843                      /usr/lib/jvm/java-17-openjdk-amd64/lib/libzip.so
7fc2f141b000-7fc2f141c000 r--p 00000000 00:25 13899                      /usr/lib/locale/C.utf8/LC_NUMERIC
7fc2f141c000-7fc2f141d000 r--p 00000000 00:25 13902                      /usr/lib/locale/C.utf8/LC_TIME
7fc2f141d000-7fc2f141e000 r--p 00000000 00:25 13892                      /usr/lib/locale/C.utf8/LC_COLLATE
7fc2f141e000-7fc2f141f000 r--p 00000000 00:25 13897                      /usr/lib/locale/C.utf8/LC_MONETARY
7fc2f141f000-7fc2f1420000 r--p 00000000 00:25 13896                      /usr/lib/locale/C.utf8/LC_MESSAGES/SYS_LC_MESSAGES
7fc2f1420000-7fc2f1421000 r--p 00000000 00:25 13900                      /usr/lib/locale/C.utf8/LC_PAPER
7fc2f1421000-7fc2f1422000 r--p 00000000 00:25 13898                      /usr/lib/locale/C.utf8/LC_NAME
7fc2f1422000-7fc2f1429000 r--s 00000000 00:25 17585                      /usr/lib/x86_64-linux-gnu/gconv/gconv-modules.cache
7fc2f1429000-7fc2f142a000 ---p 00000000 00:00 0 
7fc2f142a000-7fc2f152a000 rw-p 00000000 00:00 0 
7fc2f152a000-7fc2f152b000 ---p 00000000 00:00 0 
7fc2f152b000-7fc2f182d000 rw-p 00000000 00:00 0 
7fc2f182d000-7fc2f182e000 ---p 00000000 00:00 0 
7fc2f182e000-7fc2f192e000 rw-p 00000000 00:00 0 
7fc2f192e000-7fc2f192f000 ---p 00000000 00:00 0 
7fc2f192f000-7fc2f1a2f000 rw-p 00000000 00:00 0 
7fc2f1a2f000-7fc2f1a30000 ---p 00000000 00:00 0 
7fc2f1a30000-7fc2f2342000 rw-p 00000000 00:00 0 
7fc2f2342000-7fc2f2712000 ---p 00000000 00:00 0 
7fc2f2712000-7fc2f2f42000 rw-p 00000000 00:00 0 
7fc2f2f42000-7fc2f3312000 ---p 00000000 00:00 0 
7fc2f3312000-7fc2f3449000 rw-p 00000000 00:00 0 
7fc2f3449000-7fc2f34c3000 ---p 00000000 00:00 0 
7fc2f34c3000-7fc2f35c9000 rw-p 00000000 00:00 0 
7fc2f35c9000-7fc2f3643000 ---p 00000000 00:00 0 
7fc2f3643000-7fc2f3749000 rw-p 00000000 00:00 0 
7fc2f3749000-7fc2f37c3000 ---p 00000000 00:00 0 
7fc2f37c3000-7fc2f39da000 rw-p 00000000 00:00 0 
7fc2f39da000-7fc2f3ab7000 ---p 00000000 00:00 0 
7fc2f3ab7000-7fc2f3afb000 rw-p 00000000 00:00 0 
7fc2f3afb000-7fc2f3ba2000 ---p 00000000 00:00 0 
7fc2f3ba2000-7fc2f3ba7000 rw-p 00000000 00:00 0 
7fc2f3ba7000-7fc2f3bae000 ---p 00000000 00:00 0 
7fc2f3bae000-7fc2f3bb6000 rw-s 00000000 fe:00 396435                     /tmp/hsperfdata_root/24440
7fc2f3bb6000-7fc2f3bc2000 r--p 00000000 00:25 13820                      /usr/lib/jvm/java-17-openjdk-amd64/lib/libjava.so
7fc2f3bc2000-7fc2f3bd3000 r-xp 0000c000 00:25 13820                      /usr/lib/jvm/java-17-openjdk-amd64/lib/libjava.so
7fc2f3bd3000-7fc2f3bd9000 r--p 0001d000 00:25 13820                      /usr/lib/jvm/java-17-openjdk-amd64/lib/libjava.so
7fc2f3bd9000-7fc2f3bda000 r--p 00022000 00:25 13820                      /usr/lib/jvm/java-17-openjdk-amd64/lib/libjava.so
7fc2f3bda000-7fc2f3bdb000 rw-p 00023000 00:25 13820                      /usr/lib/jvm/java-17-openjdk-amd64/lib/libjava.so
7fc2f3bdb000-7fc2f3bdc000 rw-p 00000000 00:00 0 
7fc2f3bdc000-7fc2f3bdd000 r--p 00000000 00:25 13815                      /usr/lib/jvm/java-17-openjdk-amd64/lib/libinstrument.so
7fc2f3bdd000-7fc2f3be3000 r-xp 00001000 00:25 13815                      /usr/lib/jvm/java-17-openjdk-amd64/lib/libinstrument.so
7fc2f3be3000-7fc2f3be6000 r--p 00007000 00:25 13815                      /usr/lib/jvm/java-17-openjdk-amd64/lib/libinstrument.so
7fc2f3be6000-7fc2f3be7000 r--p 00009000 00:25 13815                      /usr/lib/jvm/java-17-openjdk-amd64/lib/libinstrument.so
7fc2f3be7000-7fc2f3be8000 rw-p 0000a000 00:25 13815                      /usr/lib/jvm/java-17-openjdk-amd64/lib/libinstrument.so
7fc2f3be8000-7fc2f3bea000 r--p 00000000 00:25 13824                      /usr/lib/jvm/java-17-openjdk-amd64/lib/libjimage.so
7fc2f3bea000-7fc2f3bed000 r-xp 00002000 00:25 13824                      /usr/lib/jvm/java-17-openjdk-amd64/lib/libjimage.so
7fc2f3bed000-7fc2f3bee000 r--p 00005000 00:25 13824                      /usr/lib/jvm/java-17-openjdk-amd64/lib/libjimage.so
7fc2f3bee000-7fc2f3bef000 r--p 00006000 00:25 13824                      /usr/lib/jvm/java-17-openjdk-amd64/lib/libjimage.so
7fc2f3bef000-7fc2f3bf0000 rw-p 00007000 00:25 13824                      /usr/lib/jvm/java-17-openjdk-amd64/lib/libjimage.so
7fc2f3bf0000-7fc2f3bf4000 ---p 00000000 00:00 0 
7fc2f3bf4000-7fc2f3cf0000 rw-p 00000000 00:00 0 
7fc2f3cf0000-7fc2f3cf3000 r--p 00000000 00:25 17971                      /usr/lib/x86_64-linux-gnu/libgcc_s.so.1
7fc2f3cf3000-7fc2f3d0a000 r-xp 00003000 00:25 17971                      /usr/lib/x86_64-linux-gnu/libgcc_s.so.1
7fc2f3d0a000-7fc2f3d0e000 r--p 0001a000 00:25 17971                      /usr/lib/x86_64-linux-gnu/libgcc_s.so.1
7fc2f3d0e000-7fc2f3d0f000 r--p 0001d000 00:25 17971                      /usr/lib/x86_64-linux-gnu/libgcc_s.so.1
7fc2f3d0f000-7fc2f3d10000 rw-p 0001e000 00:25 17971                      /usr/lib/x86_64-linux-gnu/libgcc_s.so.1
7fc2f3d10000-7fc2f3d20000 r--p 00000000 00:25 18072                      /usr/lib/x86_64-linux-gnu/libm.so.6
7fc2f3d20000-7fc2f3d94000 r-xp 00010000 00:25 18072                      /usr/lib/x86_64-linux-gnu/libm.so.6
7fc2f3d94000-7fc2f3dee000 r--p 00084000 00:25 18072                      /usr/lib/x86_64-linux-gnu/libm.so.6
7fc2f3dee000-7fc2f3def000 r--p 000dd000 00:25 18072                      /usr/lib/x86_64-linux-gnu/libm.so.6
7fc2f3def000-7fc2f3df0000 rw-p 000de000 00:25 18072                      /usr/lib/x86_64-linux-gnu/libm.so.6
7fc2f3df0000-7fc2f3e89000 r--p 00000000 00:25 18239                      /usr/lib/x86_64-linux-gnu/libstdc++.so.6.0.30
7fc2f3e89000-7fc2f3f8a000 r-xp 00099000 00:25 18239                      /usr/lib/x86_64-linux-gnu/libstdc++.so.6.0.30
7fc2f3f8a000-7fc2f3ff9000 r--p 0019a000 00:25 18239                      /usr/lib/x86_64-linux-gnu/libstdc++.so.6.0.30
7fc2f3ff9000-7fc2f4004000 r--p 00209000 00:25 18239                      /usr/lib/x86_64-linux-gnu/libstdc++.so.6.0.30
7fc2f4004000-7fc2f4007000 rw-p 00214000 00:25 18239                      /usr/lib/x86_64-linux-gnu/libstdc++.so.6.0.30
7fc2f4007000-7fc2f400a000 rw-p 00000000 00:00 0 
7fc2f400a000-7fc2f425b000 r--p 00000000 00:25 13856                      /usr/lib/jvm/java-17-openjdk-amd64/lib/server/libjvm.so
7fc2f425b000-7fc2f4fad000 r-xp 00251000 00:25 13856                      /usr/lib/jvm/java-17-openjdk-amd64/lib/server/libjvm.so
7fc2f4fad000-7fc2f522f000 r--p 00fa3000 00:25 13856                      /usr/lib/jvm/java-17-openjdk-amd64/lib/server/libjvm.so
7fc2f522f000-7fc2f52e7000 r--p 01225000 00:25 13856                      /usr/lib/jvm/java-17-openjdk-amd64/lib/server/libjvm.so
7fc2f52e7000-7fc2f531c000 rw-p 012dd000 00:25 13856                      /usr/lib/jvm/java-17-openjdk-amd64/lib/server/libjvm.so
7fc2f531c000-7fc2f5378000 rw-p 00000000 00:00 0 
7fc2f5378000-7fc2f539e000 r--p 00000000 00:25 17860                      /usr/lib/x86_64-linux-gnu/libc.so.6
7fc2f539e000-7fc2f54f4000 r-xp 00026000 00:25 17860                      /usr/lib/x86_64-linux-gnu/libc.so.6
7fc2f54f4000-7fc2f5547000 r--p 0017c000 00:25 17860                      /usr/lib/x86_64-linux-gnu/libc.so.6
7fc2f5547000-7fc2f554b000 r--p 001cf000 00:25 17860                      /usr/lib/x86_64-linux-gnu/libc.so.6
7fc2f554b000-7fc2f554d000 rw-p 001d3000 00:25 17860                      /usr/lib/x86_64-linux-gnu/libc.so.6
7fc2f554d000-7fc2f555a000 rw-p 00000000 00:00 0 
7fc2f555a000-7fc2f555c000 r--p 00000000 00:25 13825                      /usr/lib/jvm/java-17-openjdk-amd64/lib/libjli.so
7fc2f555c000-7fc2f5565000 r-xp 00002000 00:25 13825                      /usr/lib/jvm/java-17-openjdk-amd64/lib/libjli.so
7fc2f5565000-7fc2f5568000 r--p 0000b000 00:25 13825                      /usr/lib/jvm/java-17-openjdk-amd64/lib/libjli.so
7fc2f5568000-7fc2f5569000 r--p 0000d000 00:25 13825                      /usr/lib/jvm/java-17-openjdk-amd64/lib/libjli.so
7fc2f5569000-7fc2f556a000 rw-p 0000e000 00:25 13825                      /usr/lib/jvm/java-17-openjdk-amd64/lib/libjli.so
7fc2f556a000-7fc2f556d000 r--p 00000000 00:25 1006                       /usr/lib/x86_64-linux-gnu/libz.so.1.2.13
7fc2f556d000-7fc2f5580000 r-xp 00003000 00:25 1006                       /usr/lib/x86_64-linux-gnu/libz.so.1.2.13
7fc2f5580000-7fc2f5587000 r--p 00016000 00:25 1006                       /usr/lib/x86_64-linux-gnu/libz.so.1.2.13
7fc2f5587000-7fc2f5588000 r--p 0001c000 00:25 1006                       /usr/lib/x86_64-linux-gnu/libz.so.1.2.13
7fc2f5588000-7fc2f5589000 rw-p 0001d000 00:25 1006                       /usr/lib/x86_64-linux-gnu/libz.so.1.2.13
7fc2f5589000-7fc2f558a000 r--p 00000000 00:25 13891                      /usr/lib/locale/C.utf8/LC_ADDRESS
7fc2f558a000-7fc2f558b000 r--p 00000000 00:25 13901                      /usr/lib/locale/C.utf8/LC_TELEPHONE
7fc2f558b000-7fc2f558c000 r--p 00000000 00:25 13895                      /usr/lib/locale/C.utf8/LC_MEASUREMENT
7fc2f558c000-7fc2f558d000 r--p 00000000 00:25 13894                      /usr/lib/locale/C.utf8/LC_IDENTIFICATION
7fc2f558d000-7fc2f558e000 ---p 00000000 00:00 0 
7fc2f558e000-7fc2f558f000 r--p 00000000 00:00 0 
7fc2f558f000-7fc2f5590000 ---p 00000000 00:00 0 
7fc2f5590000-7fc2f5592000 rw-p 00000000 00:00 0 
7fc2f5592000-7fc2f5593000 r--p 00000000 00:25 17646                      /usr/lib/x86_64-linux-gnu/ld-linux-x86-64.so.2
7fc2f5593000-7fc2f55b9000 r-xp 00001000 00:25 17646                      /usr/lib/x86_64-linux-gnu/ld-linux-x86-64.so.2
7fc2f55b9000-7fc2f55c3000 r--p 00027000 00:25 17646                      /usr/lib/x86_64-linux-gnu/ld-linux-x86-64.so.2
7fc2f55c3000-7fc2f55c5000 r--p 00031000 00:25 17646                      /usr/lib/x86_64-linux-gnu/ld-linux-x86-64.so.2
7fc2f55c5000-7fc2f55c7000 rw-p 00033000 00:25 17646                      /usr/lib/x86_64-linux-gnu/ld-linux-x86-64.so.2
7fff3b155000-7fff3b176000 rw-p 00000000 00:00 0                          [stack]
7fff3b17e000-7fff3b181000 r--p 00000000 00:00 0                          [vvar]
7fff3b181000-7fff3b183000 r-xp 00000000 00:00 0                          [vdso]
ffffffffff600000-ffffffffff601000 r-xp 00000000 00:00 0                  [vsyscall]


VM Arguments:
jvm_args: -XX:MaxMetaspaceSize=384m --add-opens=java.base/java.util=ALL-UNNAMED --add-opens=java.base/java.lang=ALL-UNNAMED --add-opens=java.base/java.lang.invoke=ALL-UNNAMED --add-opens=java.prefs/java.util.prefs=ALL-UNNAMED --add-opens=java.base/java.nio.charset=ALL-UNNAMED --add-opens=java.base/java.net=ALL-UNNAMED --add-opens=java.base/java.util.concurrent.atomic=ALL-UNNAMED -Xmx768m -Dfile.encoding=UTF-8 -Duser.country -Duser.language=en -Duser.variant -javaagent:/root/.gradle/wrapper/dists/gradle-8.5-bin/5t9huq95ubn472n8rpzujfbqh/gradle-8.5/lib/agents/gradle-instrumentation-agent-8.5.jar 
java_command: org.gradle.launcher.daemon.bootstrap.GradleDaemon 8.5
java_class_path (initial): /root/.gradle/wrapper/dists/gradle-8.5-bin/5t9huq95ubn472n8rpzujfbqh/gradle-8.5/lib/gradle-launcher-8.5.jar
Launcher Type: SUN_STANDARD

[Global flags]
     intx CICompilerCount                          = 2                                         {product} {ergonomic}
   size_t CompressedClassSpaceSize                 = 335544320                                 {product} {ergonomic}
     uint ConcGCThreads                            = 1                                         {product} {ergonomic}
     uint G1ConcRefinementThreads                  = 2                                         {product} {ergonomic}
   size_t G1HeapRegionSize                         = 1048576                                   {product} {ergonomic}
    uintx GCDrainStackTargetSize                   = 64                                        {product} {ergonomic}
   size_t InitialHeapSize                          = 33554432                                  {product} {ergonomic}
   size_t MarkStackSize                            = 4194304                                   {product} {ergonomic}
   size_t MaxHeapSize                              = 805306368                                 {product} {command line}
   size_t MaxMetaspaceSize                         = 402653184                                 {product} {command line}
   size_t MaxNewSize                               = 482344960                                 {product} {ergonomic}
   size_t MinHeapDeltaBytes                        = 1048576                                   {product} {ergonomic}
   size_t MinHeapSize                              = 8388608                                   {product} {ergonomic}
    uintx NonNMethodCodeHeapSize                   = 5826188                                {pd product} {ergonomic}
    uintx NonProfiledCodeHeapSize                  = 122916026                              {pd product} {ergonomic}
    uintx ProfiledCodeHeapSize                     = 122916026                              {pd product} {ergonomic}
    uintx ReservedCodeCacheSize                    = 251658240                              {pd product} {ergonomic}
     bool SegmentedCodeCache                       = true                                      {product} {ergonomic}
   size_t SoftMaxHeapSize                          = 805306368                              {manageable} {ergonomic}
     bool UseCompressedClassPointers               = true                           {product lp64_product} {ergonomic}
     bool UseCompressedOops                        = true                           {product lp64_product} {ergonomic}
     bool UseG1GC                                  = true                                      {product} {ergonomic}

Logging:
Log output configuration:
 #0: stdout all=warning uptime,level,tags
 #1: stderr all=off uptime,level,tags

Environment Variables:
JAVA_HOME=/usr/lib/jvm/java-17-openjdk-amd64
PATH=/usr/local/sbin:/usr/local/bin:/usr/sbin:/usr/bin:/sbin:/bin
SHELL=/bin/bash
LANG=C.UTF-8
LC_ALL=C.UTF-8
TERM=tmux-256color

Active Locale:
LC_ALL=C.UTF-8
LC_COLLATE=C.UTF-8
LC_CTYPE=C.UTF-8
LC_MESSAGES=C.UTF-8
LC_MONETARY=C.UTF-8
LC_NUMERIC=C.UTF-8
LC_TIME=C.UTF-8

Signal Handlers:
   SIGSEGV: crash_handler in libjvm.so, mask=11100100010111111101111111111110, flags=SA_RESTART|SA_SIGINFO, unblocked
    SIGBUS: crash_handler in libjvm.so, mask=11100100010111111101111111111110, flags=SA_RESTART|SA_SIGINFO, unblocked
    SIGFPE: crash_handler in libjvm.so, mask=11100100010111111101111111111110, flags=SA_RESTART|SA_SIGINFO, unblocked
   SIGPIPE: javaSignalHandler in libjvm.so, mask=11100100010111111101111111111110, flags=SA_RESTART|SA_SIGINFO, unblocked
   SIGXFSZ: javaSignalHandler in libjvm.so, mask=11100100010111111101111111111110, flags=SA_RESTART|SA_SIGINFO, unblocked
    SIGILL: crash_handler in libjvm.so, mask=11100100010111111101111111111110, flags=SA_RESTART|SA_SIGINFO, unblocked
   SIGUSR2: SR_handler in libjvm.so, mask=00100000000000000000000000000000, flags=SA_RESTART|SA_SIGINFO, unblocked
    SIGHUP: UserHandler in libjvm.so, mask=11100100010111111101111111111110, flags=SA_RESTART|SA_SIGINFO, unblocked
    SIGINT: UserHandler in libjvm.so, mask=11100100010111111101111111111110, flags=SA_RESTART|SA_SIGINFO, unblocked
   SIGTERM: UserHandler in libjvm.so, mask=11100100010111111101111111111110, flags=SA_RESTART|SA_SIGINFO, unblocked
   SIGQUIT: UserHandler in libjvm.so, mask=11100100010111111101111111111110, flags=SA_RESTART|SA_SIGINFO, unblocked
   SIGTRAP: crash_handler in libjvm.so, mask=11100100010111111101111111111110, flags=SA_RESTART|SA_SIGINFO, unblocked


Periodic native trim disabled


---------------  S Y S T E M  ---------------

OS:
PRETTY_NAME="Debian GNU/Linux 12 (bookworm)"
NAME="Debian GNU/Linux"
VERSION_ID="12"
VERSION="12 (bookworm)"
VERSION_CODENAME=bookworm
ID=debian
HOME_URL="https://www.debian.org/"
SUPPORT_URL="https://www.debian.org/support"
BUG_REPORT_URL="https://bugs.debian.org/"
uname: Linux 4.19.91-c8dfc93.al7.x86_64 #1 SMP Tue Sep 26 10:25:51 UTC 2023 x86_64
OS uptime: 0 days 4:08 hours
libc: glibc 2.36 NPTL 2.36 
rlimit (soft/hard): STACK 8192k/infinity , CORE 0k/0k , NPROC 100000/100000 , NOFILE 100000/100000 , AS infinity/infinity , CPU infinity/infinity , DATA infinity/infinity , FSIZE infinity/infinity , MEMLOCK 64k/64k
load average: 2.63 1.53 0.82

/proc/meminfo:
MemTotal:        2152516 kB
MemFree:           27820 kB
MemAvailable:      20284 kB
Buffers:            3904 kB
Cached:            30860 kB
SwapCached:            0 kB
Active:          2018164 kB
Inactive:          21440 kB
Active(anon):    2005080 kB
Inactive(anon):       16 kB
Active(file):      13084 kB
Inactive(file):    21424 kB
Unevictable:           0 kB
Mlocked:               0 kB
SwapTotal:             0 kB
SwapFree:              0 kB
Dirty:              4344 kB
Writeback:           600 kB
AnonPages:       2005064 kB
Mapped:            17596 kB
Shmem:                36 kB
Slab:              32524 kB
SReclaimable:      17880 kB
SUnreclaim:        14644 kB
KernelStack:        3648 kB
PageTables:         6176 kB
NFS_Unstable:          0 kB
Bounce:                0 kB
WritebackTmp:          0 kB
CommitLimit:     1076256 kB
Committed_AS:    2399932 kB
VmallocTotal:   34359738367 kB
VmallocUsed:           0 kB
VmallocChunk:          0 kB
Percpu:              384 kB
AnonHugePages:    212992 kB
ShmemHugePages:        0 kB
ShmemPmdMapped:        0 kB
HugePages_Total:       0
HugePages_Free:        0
HugePages_Rsvd:        0
HugePages_Surp:        0
Hugepagesize:       2048 kB
Hugetlb:               0 kB
DirectMap4k:        8192 kB
DirectMap2M:     2523136 kB
DirectMap1G:           0 kB

/sys/kernel/mm/transparent_hugepage/enabled: [always] madvise never
/sys/kernel/mm/transparent_hugepage/hpage_pmd_size: 2097152
/sys/kernel/mm/transparent_hugepage/defrag (defrag/compaction efforts parameter): always defer defer+madvise madvise [never]

Process Memory:
Virtual Size: 2684808K (peak: 2810420K)
Resident Set Size: 847864K (peak: 848880K) (anon: 833320K, file: 14544K, shmem: 0K)
Swapped out: 0K
C-Heap outstanding allocations: 103901K, retained: 33834K
glibc malloc tunables: (default)

/proc/sys/kernel/threads-max (system-wide limit on the number of threads): 1129
/proc/sys/vm/max_map_count (maximum number of memory map areas a process may have): 65530
/proc/sys/vm/swappiness (control to define how aggressively the kernel swaps out anonymous memory): 60
/proc/sys/kernel/pid_max (system-wide limit on number of process identifiers): 32768

container (cgroup) information:
container_type: cgroupv1
cpu_cpuset_cpus: 0-1
cpu_memory_nodes: 0
active_processor_count: 2
cpu_quota: no quota
cpu_period: 100000
cpu_shares: 12288
memory_limit_in_bytes: 2097152 k
memory_and_swap_limit_in_bytes: unlimited
memory_soft_limit_in_bytes: unlimited
memory_usage_in_bytes: 2056700 k
memory_max_usage_in_bytes: 2059652 k
rss_usage_in_bytes: 1994356 k
cache_usage_in_bytes: 34336 k
kernel_memory_limit_in_bytes: unlimited
kernel_memory_usage_in_bytes: 27680 k
kernel_memory_max_usage_in_bytes: 103676 k
maximum number of tasks: unlimited
current number of tasks: 152

KVM virtualization detected
Steal ticks since vm start: 5208
Steal ticks percentage since vm start:  0.429

CPU: total 2 (initial active 2) (2 cores per cpu, 1 threads per core) family 6 model 85 stepping 7 microcode 0x1, cx8, cmov, fxsr, mmx, 3dnowpref, sse, sse2, sse3, ssse3, sse4.1, sse4.2, popcnt, lzcnt, tsc, tscinvbit, avx, avx2, aes, erms, clmul, bmi1, bmi2, adx, avx512f, avx512dq, avx512cd, avx512bw, avx512vl, fma, vzeroupper, avx512_vnni, clflush, clflushopt, clwb, hv
CPU Model and flags from /proc/cpuinfo:
model name	: Intel(R) Xeon(R) Processor @ 2.50GHz
flags		: fpu vme de pse tsc msr pae mce cx8 apic sep mtrr pge mca cmov pat pse36 clflush mmx fxsr sse sse2 ss ht syscall nx pdpe1gb rdtscp lm constant_tsc rep_good nopl xtopology nonstop_tsc cpuid tsc_known_freq pni pclmulqdq ssse3 fma cx16 pcid sse4_1 sse4_2 x2apic movbe popcnt tsc_deadline_timer aes xsave avx f16c rdrand hypervisor lahf_lm abm 3dnowprefetch cpuid_fault invpcid_single ssbd ibrs ibpb stibp ibrs_enhanced fsgsbase tsc_adjust bmi1 avx2 smep bmi2 erms invpcid mpx avx512f avx512dq rdseed adx smap clflushopt clwb avx512cd avx512bw avx512vl xsaveopt xsavec xgetbv1 xsaves umip avx512_vnni md_clear arch_capabilities

Online cpus: 0-1
Offline cpus: 
BIOS frequency limitation: <Not Available>
Frequency switch latency (ns): <Not Available>
Available cpu frequencies: <Not Available>
Current governor: <Not Available>
Core performance/turbo boost: <Not Available>

Memory: 4k page, physical 2097152k(40872k free), swap 0k(0k free)
Page Sizes: 4k

vm_info: OpenJDK 64-Bit Server VM (17.0.20+8-1-deb12u1-Debian) for linux-amd64 JRE (17.0.20+8-1-deb12u1-Debian), built on Jul 28 2026 07:08:51 by "buildd" with gcc 12.2.0

END.
