#
# There is insufficient memory for the Java Runtime Environment to continue.
# Native memory allocation (mmap) failed to map 85983232 bytes. Error detail: committing reserved memory.
# Possible reasons:
#   The system is out of physical RAM or swap space
#   This process is running with CompressedOops enabled, and the Java Heap may be blocking the growth of the native heap
# Possible solutions:
#   Reduce memory load on the system
#   Increase physical memory or swap space
#   Check if swap backing store is full
#   Decrease Java heap size (-Xmx/-Xms)
#   Decrease number of Java threads
#   Decrease Java thread stack sizes (-Xss)
#   Set larger code cache with -XX:ReservedCodeCacheSize=
#   JVM is running with Unscaled Compressed Oops mode in which the Java heap is
#     placed in the first 4GB address space. The Java Heap base address is the
#     maximum limit for the native heap growth. Please use -XX:HeapBaseMinAddress
#     to set the Java Heap base and to place the Java Heap above 4GB virtual address.
# This output file may be truncated or incomplete.
#
#  Out of Memory Error (os_linux.cpp:2834), pid=14895, tid=14905
#
# JRE version: OpenJDK Runtime Environment (17.0.20+8) (build 17.0.20+8-1-deb12u1-Debian)
# Java VM: OpenJDK 64-Bit Server VM (17.0.20+8-1-deb12u1-Debian, mixed mode, sharing, tiered, compressed oops, compressed class ptrs, g1 gc, linux-amd64)
# No core dump will be written. Core dumps have been disabled. To enable core dumping, try "ulimit -c unlimited" before starting Java again
#

---------------  S U M M A R Y ------------

Command Line: -Xmx512m -XX:MaxMetaspaceSize=256m --add-opens=java.base/java.util=ALL-UNNAMED --add-opens=java.base/java.lang=ALL-UNNAMED --add-opens=java.base/java.lang.invoke=ALL-UNNAMED --add-opens=java.prefs/java.util.prefs=ALL-UNNAMED --add-opens=java.base/java.nio.charset=ALL-UNNAMED --add-opens=java.base/java.net=ALL-UNNAMED --add-opens=java.base/java.util.concurrent.atomic=ALL-UNNAMED -Xmx768m -Dfile.encoding=UTF-8 -Duser.country -Duser.language=en -Duser.variant -javaagent:/root/.gradle/wrapper/dists/gradle-8.5-bin/5t9huq95ubn472n8rpzujfbqh/gradle-8.5/lib/agents/gradle-instrumentation-agent-8.5.jar org.gradle.launcher.daemon.bootstrap.GradleDaemon 8.5

Host: Intel(R) Xeon(R) Processor @ 2.50GHz, 2 cores, 2G, Debian GNU/Linux 12 (bookworm)
Time: Tue Sep 29 20:09:28 2026 UTC elapsed time: 44.840958 seconds (0d 0h 0m 44s)

---------------  T H R E A D  ---------------

Current thread (0x00007fc27809c120):  VMThread "VM Thread" [stack: 0x00007fc27c2e6000,0x00007fc27c3e6000] [id=14905]

Stack: [0x00007fc27c2e6000,0x00007fc27c3e6000],  sp=0x00007fc27c3e4020,  free space=1016k
Native frames: (J=compiled Java code, j=interpreted, Vv=VM code, C=native code)
V  [libjvm.so+0xf21211]  VMError::report_and_die(int, char const*, char const*, __va_list_tag*, Thread*, unsigned char*, void*, void*, char const*, int, unsigned long)+0x171
V  [libjvm.so+0xf21d7d]  VMError::report_and_die(Thread*, char const*, int, unsigned long, VMErrorType, char const*, __va_list_tag*)+0x2d
V  [libjvm.so+0x60378c]  report_vm_out_of_memory(char const*, int, unsigned long, VMErrorType, char const*, ...)+0xdc
V  [libjvm.so+0xc2a14b]  os::pd_commit_memory_or_exit(char*, unsigned long, unsigned long, bool, char const*)+0xeb
V  [libjvm.so+0xc23ffb]  os::commit_memory_or_exit(char*, unsigned long, unsigned long, bool, char const*)+0x1b
V  [libjvm.so+0x733436]  G1PageBasedVirtualSpace::commit(unsigned long, unsigned long)+0x66
V  [libjvm.so+0x7473e0]  G1RegionsLargerThanCommitSizeMapper::commit_regions(unsigned int, unsigned long, WorkGang*)+0x110
V  [libjvm.so+0x7dadc8]  HeapRegionManager::commit_regions(unsigned int, unsigned long, WorkGang*)+0x88
V  [libjvm.so+0x7dcc0b]  HeapRegionManager::expand(unsigned int, unsigned int, WorkGang*)+0x2b
V  [libjvm.so+0x7dce27]  HeapRegionManager::expand_by(unsigned int, WorkGang*)+0x77
V  [libjvm.so+0x6ebed8]  G1CollectedHeap::expand(unsigned long, WorkGang*, double*)+0xe8
V  [libjvm.so+0x6eea5d]  G1CollectedHeap::resize_heap_if_necessary()+0x3d
V  [libjvm.so+0x6fbd64]  G1ConcurrentMark::remark()+0x3d4
V  [libjvm.so+0x76b861]  VM_G1PauseConcurrent::doit()+0x181
V  [libjvm.so+0xf26715]  VM_Operation::evaluate()+0xe5
V  [libjvm.so+0xf28005]  VMThread::evaluate_operation(VM_Operation*)+0x105
V  [libjvm.so+0xf2857f]  VMThread::inner_execute(VM_Operation*)+0x28f
V  [libjvm.so+0xf2878f]  VMThread::run()+0xbf
V  [libjvm.so+0xea40a5]  Thread::call_run()+0xa5
V  [libjvm.so+0xc2c8f3]  thread_native_entry(Thread*)+0xe3

VM_Operation (0x00007fc27cc0fbf0): G1PauseRemark, mode: safepoint, requested by thread 0x00007fc278056d90


---------------  P R O C E S S  ---------------

Threads class SMR info:
_java_thread_list=0x00007fc254007ee0, length=53, elements={
0x00007fc27801a810, 0x00007fc2780a0220, 0x00007fc2780a1600, 0x00007fc2780a7ff0,
0x00007fc2780a93a0, 0x00007fc2780aa7b0, 0x00007fc2780ac160, 0x00007fc2780ad690,
0x00007fc2780aeb00, 0x00007fc2780ca1e0, 0x00007fc2781a9bd0, 0x00007fc279107130,
0x00007fc279183eb0, 0x00007fc2791ad990, 0x00007fc224016f30, 0x00007fc22c0029f0,
0x00007fc22c00b850, 0x00007fc22c006270, 0x00007fc244004050, 0x00007fc24400a990,
0x00007fc24400dbd0, 0x00007fc24418efc0, 0x00007fc244198d90, 0x00007fc244256ae0,
0x00007fc244677d80, 0x00007fc24468b450, 0x00007fc2444a2290, 0x00007fc2444a8580,
0x00007fc244494ae0, 0x00007fc2444e2cc0, 0x00007fc2448d6d00, 0x00007fc244a215b0,
0x00007fc244a296d0, 0x00007fc244b4bad0, 0x00007fc244c56450, 0x00007fc244f68830,
0x00007fc2457340d0, 0x00007fc2457ef950, 0x00007fc2442fcb20, 0x00007fc27811e1b0,
0x00007fc279213d80, 0x00007fc27922a750, 0x00007fc279257750, 0x00007fc279258f20,
0x00007fc27925dcb0, 0x00007fc27925f8f0, 0x00007fc2792639f0, 0x00007fc2792684f0,
0x00007fc27926bb50, 0x00007fc2791cc6f0, 0x00007fc244ef3c50, 0x00007fc24c0f5610,
0x00007fc2540097f0
}

Java Threads: ( => current thread )
  0x00007fc27801a810 JavaThread "main" [_thread_blocked, id=14896, stack(0x00007fc27edd2000,0x00007fc27eed2000)]
  0x00007fc2780a0220 JavaThread "Reference Handler" daemon [_thread_blocked, id=14906, stack(0x00007fc27c1e5000,0x00007fc27c2e5000)]
  0x00007fc2780a1600 JavaThread "Finalizer" daemon [_thread_blocked, id=14907, stack(0x00007fc27c0e4000,0x00007fc27c1e4000)]
  0x00007fc2780a7ff0 JavaThread "Signal Dispatcher" daemon [_thread_blocked, id=14908, stack(0x00007fc261411000,0x00007fc261511000)]
  0x00007fc2780a93a0 JavaThread "Service Thread" daemon [_thread_blocked, id=14909, stack(0x00007fc261310000,0x00007fc261410000)]
  0x00007fc2780aa7b0 JavaThread "Monitor Deflation Thread" daemon [_thread_blocked, id=14910, stack(0x00007fc26120f000,0x00007fc26130f000)]
  0x00007fc2780ac160 JavaThread "C2 CompilerThread0" daemon [_thread_blocked, id=14911, stack(0x00007fc26110e000,0x00007fc26120e000)]
  0x00007fc2780ad690 JavaThread "C1 CompilerThread0" daemon [_thread_blocked, id=14912, stack(0x00007fc26100d000,0x00007fc26110d000)]
  0x00007fc2780aeb00 JavaThread "Sweeper thread" daemon [_thread_blocked, id=14913, stack(0x00007fc260f0c000,0x00007fc26100c000)]
  0x00007fc2780ca1e0 JavaThread "Common-Cleaner" daemon [_thread_blocked, id=14914, stack(0x00007fc260e0b000,0x00007fc260f0b000)]
  0x00007fc2781a9bd0 JavaThread "Notification Thread" daemon [_thread_blocked, id=14915, stack(0x00007fc260d0a000,0x00007fc260e0a000)]
  0x00007fc279107130 JavaThread "Daemon health stats" [_thread_blocked, id=14922, stack(0x00007fc260700000,0x00007fc260800000)]
  0x00007fc279183eb0 JavaThread "Incoming local TCP Connector on port 41139" [_thread_in_native, id=14924, stack(0x00007fc260300000,0x00007fc260400000)]
  0x00007fc2791ad990 JavaThread "Daemon periodic checks" [_thread_blocked, id=14925, stack(0x00007fc2601ff000,0x00007fc2602ff000)]
  0x00007fc224016f30 JavaThread "Daemon" [_thread_blocked, id=14926, stack(0x00007fc2600fe000,0x00007fc2601fe000)]
  0x00007fc22c0029f0 JavaThread "Handler for socket connection from /127.0.0.1:41139 to /127.0.0.1:36746" [_thread_in_native, id=14927, stack(0x00007fc251f00000,0x00007fc252000000)]
  0x00007fc22c00b850 JavaThread "Cancel handler" [_thread_blocked, id=14928, stack(0x00007fc251dff000,0x00007fc251eff000)]
  0x00007fc22c006270 JavaThread "Daemon worker" [_thread_blocked, id=14929, stack(0x00007fc251cfe000,0x00007fc251dfe000)]
  0x00007fc244004050 JavaThread "Asynchronous log dispatcher for DefaultDaemonConnection: socket connection from /127.0.0.1:41139 to /127.0.0.1:36746" [_thread_blocked, id=14932, stack(0x00007fc251bfd000,0x00007fc251cfd000)]
  0x00007fc24400a990 JavaThread "Stdin handler" [_thread_blocked, id=14933, stack(0x00007fc251afc000,0x00007fc251bfc000)]
  0x00007fc24400dbd0 JavaThread "Daemon client event forwarder" [_thread_blocked, id=14934, stack(0x00007fc2519fb000,0x00007fc251afb000)]
  0x00007fc24418efc0 JavaThread "Cache worker for journal cache (/root/.gradle/caches/journal-1)" [_thread_blocked, id=14936, stack(0x00007fc2518fa000,0x00007fc2519fa000)]
  0x00007fc244198d90 JavaThread "File lock request listener" [_thread_in_native, id=14937, stack(0x00007fc2517f9000,0x00007fc2518f9000)]
  0x00007fc244256ae0 JavaThread "Cache worker for file hash cache (/root/.gradle/caches/8.5/fileHashes)" [_thread_blocked, id=14939, stack(0x00007fc2516f8000,0x00007fc2517f8000)]
  0x00007fc244677d80 JavaThread "Cache worker for checksums cache (/workspace/android/.gradle/8.5/checksums)" [_thread_blocked, id=14943, stack(0x00007fc2515f7000,0x00007fc2516f7000)]
  0x00007fc24468b450 JavaThread "Cache worker for file hash cache (/workspace/android/.gradle/8.5/fileHashes)" [_thread_blocked, id=14944, stack(0x00007fc2514f6000,0x00007fc2515f6000)]
  0x00007fc2444a2290 JavaThread "Cache worker for cache directory md-supplier (/root/.gradle/caches/8.5/md-supplier)" [_thread_blocked, id=14945, stack(0x00007fc2513f5000,0x00007fc2514f5000)]
  0x00007fc2444a8580 JavaThread "Cache worker for cache directory md-rule (/root/.gradle/caches/8.5/md-rule)" [_thread_blocked, id=14946, stack(0x00007fc2512f4000,0x00007fc2513f4000)]
  0x00007fc244494ae0 JavaThread "Cache worker for file content cache (/root/.gradle/caches/8.5/fileContent)" [_thread_blocked, id=14947, stack(0x00007fc2511f3000,0x00007fc2512f3000)]
  0x00007fc2444e2cc0 JavaThread "Cache worker for execution history cache (/root/.gradle/caches/8.5/executionHistory)" [_thread_blocked, id=14949, stack(0x00007fc2510f2000,0x00007fc2511f2000)]
  0x00007fc2448d6d00 JavaThread "Cache worker for kotlin-dsl (/root/.gradle/caches/8.5/kotlin-dsl)" [_thread_blocked, id=14953, stack(0x00007fc250ff1000,0x00007fc2510f1000)]
  0x00007fc244a215b0 JavaThread "jar transforms" [_thread_blocked, id=14955, stack(0x00007fc250ef0000,0x00007fc250ff0000)]
  0x00007fc244a296d0 JavaThread "jar transforms Thread 2" [_thread_blocked, id=14956, stack(0x00007fc250def000,0x00007fc250eef000)]
  0x00007fc244b4bad0 JavaThread "Cache worker for dependencies-accessors (/workspace/android/.gradle/8.5/dependencies-accessors)" [_thread_blocked, id=14959, stack(0x00007fc250cee000,0x00007fc250dee000)]
  0x00007fc244c56450 JavaThread "Cache worker for Build Output Cleanup Cache (/workspace/android/.gradle/buildOutputCleanup)" [_thread_blocked, id=14961, stack(0x00007fc250bed000,0x00007fc250ced000)]
  0x00007fc244f68830 JavaThread "Unconstrained build operations" [_thread_blocked, id=14965, stack(0x00007fc250aec000,0x00007fc250bec000)]
  0x00007fc2457340d0 JavaThread "Memory manager" [_thread_blocked, id=14973, stack(0x00007fc2509eb000,0x00007fc250aeb000)]
  0x00007fc2457ef950 JavaThread "build event listener" [_thread_blocked, id=14978, stack(0x00007fc2508ea000,0x00007fc2509ea000)]
  0x00007fc2442fcb20 JavaThread "included builds" [_thread_blocked, id=14996, stack(0x00007fc2507e9000,0x00007fc2508e9000)]
  0x00007fc27811e1b0 JavaThread "Cache worker for execution history cache (/workspace/android/.gradle/8.5/executionHistory)" [_thread_blocked, id=14997, stack(0x00007fc2506e8000,0x00007fc2507e8000)]
  0x00007fc279213d80 JavaThread "Unconstrained build operations Thread 2" [_thread_blocked, id=14999, stack(0x00007fc2505e7000,0x00007fc2506e7000)]
  0x00007fc27922a750 JavaThread "Unconstrained build operations Thread 3" [_thread_blocked, id=15003, stack(0x00007fc2504e6000,0x00007fc2505e6000)]
  0x00007fc279257750 JavaThread "Unconstrained build operations Thread 4" [_thread_blocked, id=15005, stack(0x00007fc2503e5000,0x00007fc2504e5000)]
  0x00007fc279258f20 JavaThread "Unconstrained build operations Thread 5" [_thread_blocked, id=15007, stack(0x00007fc2502e4000,0x00007fc2503e4000)]
  0x00007fc27925dcb0 JavaThread "Unconstrained build operations Thread 6" [_thread_blocked, id=15009, stack(0x00007fc2501e3000,0x00007fc2502e3000)]
  0x00007fc27925f8f0 JavaThread "Unconstrained build operations Thread 7" [_thread_blocked, id=15010, stack(0x00007fc2500e2000,0x00007fc2501e2000)]
  0x00007fc2792639f0 JavaThread "Unconstrained build operations Thread 8" [_thread_blocked, id=15011, stack(0x00007fc235f00000,0x00007fc236000000)]
  0x00007fc2792684f0 JavaThread "Unconstrained build operations Thread 9" [_thread_blocked, id=15012, stack(0x00007fc235dff000,0x00007fc235eff000)]
  0x00007fc27926bb50 JavaThread "Unconstrained build operations Thread 10" [_thread_blocked, id=15013, stack(0x00007fc235cfe000,0x00007fc235dfe000)]
  0x00007fc2791cc6f0 JavaThread "WorkerExecutor Queue" [_thread_blocked, id=15018, stack(0x00007fc235bfd000,0x00007fc235cfd000)]
  0x00007fc244ef3c50 JavaThread "WorkerExecutor Queue Thread 2" [_thread_blocked, id=15019, stack(0x00007fc235afc000,0x00007fc235bfc000)]
  0x00007fc24c0f5610 JavaThread "ForkJoinPool-1-worker-1" daemon [_thread_blocked, id=15028, stack(0x00007fc2358fa000,0x00007fc2359fa000)]
  0x00007fc2540097f0 JavaThread "ForkJoinPool-1-worker-2" daemon [_thread_blocked, id=15029, stack(0x00007fc2357f9000,0x00007fc2358f9000)]

Other Threads:
=>0x00007fc27809c120 VMThread "VM Thread" [stack: 0x00007fc27c2e6000,0x00007fc27c3e6000] [id=14905]
  0x00007fc27801cb80 WatcherThread [stack: 0x00007fc260c09000,0x00007fc260d09000] [id=14916]
  0x00007fc27804f7b0 GCTaskThread "GC Thread#0" [stack: 0x00007fc27cc12000,0x00007fc27cd12000] [id=14897]
  0x00007fc230004990 GCTaskThread "GC Thread#1" [stack: 0x00007fc260b08000,0x00007fc260c08000] [id=14917]
  0x00007fc278056d90 ConcurrentGCThread "G1 Main Marker" [stack: 0x00007fc27cb11000,0x00007fc27cc11000] [id=14898]
  0x00007fc278057d00 ConcurrentGCThread "G1 Conc#0" [stack: 0x00007fc27ca10000,0x00007fc27cb10000] [id=14899]
  0x00007fc278076930 ConcurrentGCThread "G1 Refine#0" [stack: 0x00007fc27c70d000,0x00007fc27c80d000] [id=14900]
  0x00007fc24c0f39e0 ConcurrentGCThread "G1 Refine#1" [stack: 0x00007fc2359fb000,0x00007fc235afb000] [id=15026]
  0x00007fc278077830 ConcurrentGCThread "G1 Service" [stack: 0x00007fc27c60c000,0x00007fc27c70c000] [id=14901]

Threads with active compile tasks:
C2 CompilerThread0  44848 13941       4       com.android.tools.r8.internal.jK::put (259 bytes)

VM state: at safepoint (normal execution)

VM Mutex/Monitor currently owned by a thread:  ([mutex/lock_event])
[0x00007fc278017600] Threads_lock - owner thread: 0x00007fc27809c120
[0x00007fc278017db0] Heap_lock - owner thread: 0x00007fc278056d90

Heap address: 0x00000000d0000000, size: 768 MB, Compressed Oops mode: 32-bit

CDS archive(s) mapped at: [0x00007fc236000000-0x00007fc236bca000-0x00007fc236bca000), size 12361728, SharedBaseAddress: 0x00007fc236000000, ArchiveRelocationMode: 1.
Compressed class space mapped at: 0x00007fc237000000-0x00007fc244000000, reserved size: 218103808
Narrow klass base: 0x00007fc236000000, Narrow klass shift: 0, Narrow klass range: 0x100000000

GC Precious Log:
 CPUs: 2 total, 2 available
 Memory: 2048M
 Large Page Support: Disabled
 NUMA Support: Disabled
 Compressed Oops: Enabled (32-bit)
 Heap Region Size: 1M
 Heap Min Capacity: 8M
 Heap Initial Capacity: 32M
 Heap Max Capacity: 768M
 Pre-touch: Disabled
 Parallel Workers: 2
 Concurrent Workers: 1
 Concurrent Refinement Workers: 2
 Periodic GC: Disabled

Heap:
 garbage-first heap   total 691200K, used 462772K [0x00000000d0000000, 0x0000000100000000)
  region size 1024K, 66 young (67584K), 1 survivors (1024K)
 Metaspace       used 98698K, committed 99392K, reserved 344064K
  class space    used 13872K, committed 14208K, reserved 212992K

Heap Regions: E=young(eden), S=young(survivor), O=old, HS=humongous(starts), HC=humongous(continues), CS=collection set, F=free, OA=open archive, CA=closed archive, TAMS=top-at-mark-start (previous, next)
|   0|0x00000000d0000000, 0x00000000d0100000, 0x00000000d0100000|100%| O|  |TAMS 0x00000000d0100000, 0x00000000d0000000| Untracked 
|   1|0x00000000d0100000, 0x00000000d0200000, 0x00000000d0200000|100%| O|  |TAMS 0x00000000d0200000, 0x00000000d0100000| Untracked 
|   2|0x00000000d0200000, 0x00000000d0300000, 0x00000000d0300000|100%|HS|  |TAMS 0x00000000d0300000, 0x00000000d0200000| Complete 
|   3|0x00000000d0300000, 0x00000000d0400000, 0x00000000d0400000|100%|HC|  |TAMS 0x00000000d0400000, 0x00000000d0300000| Complete 
|   4|0x00000000d0400000, 0x00000000d0500000, 0x00000000d0500000|100%|HC|  |TAMS 0x00000000d0500000, 0x00000000d0400000| Complete 
|   5|0x00000000d0500000, 0x00000000d0600000, 0x00000000d0600000|100%|HC|  |TAMS 0x00000000d0600000, 0x00000000d0500000| Complete 
|   6|0x00000000d0600000, 0x00000000d0700000, 0x00000000d0700000|100%| O|  |TAMS 0x00000000d0700000, 0x00000000d0600000| Untracked 
|   7|0x00000000d0700000, 0x00000000d0800000, 0x00000000d0800000|100%| O|  |TAMS 0x00000000d0800000, 0x00000000d0700000| Untracked 
|   8|0x00000000d0800000, 0x00000000d0900000, 0x00000000d0900000|100%| O|  |TAMS 0x00000000d0900000, 0x00000000d0800000| Untracked 
|   9|0x00000000d0900000, 0x00000000d0a00000, 0x00000000d0a00000|100%| O|  |TAMS 0x00000000d0a00000, 0x00000000d0900000| Untracked 
|  10|0x00000000d0a00000, 0x00000000d0b00000, 0x00000000d0b00000|100%| O|  |TAMS 0x00000000d0b00000, 0x00000000d0a00000| Untracked 
|  11|0x00000000d0b00000, 0x00000000d0c00000, 0x00000000d0c00000|100%| O|  |TAMS 0x00000000d0c00000, 0x00000000d0b00000| Untracked 
|  12|0x00000000d0c00000, 0x00000000d0d00000, 0x00000000d0d00000|100%| O|  |TAMS 0x00000000d0d00000, 0x00000000d0c00000| Untracked 
|  13|0x00000000d0d00000, 0x00000000d0e00000, 0x00000000d0e00000|100%| O|  |TAMS 0x00000000d0e00000, 0x00000000d0d00000| Untracked 
|  14|0x00000000d0e00000, 0x00000000d0f00000, 0x00000000d0f00000|100%| O|  |TAMS 0x00000000d0f00000, 0x00000000d0e00000| Untracked 
|  15|0x00000000d0f00000, 0x00000000d1000000, 0x00000000d1000000|100%| O|  |TAMS 0x00000000d1000000, 0x00000000d0f00000| Untracked 
|  16|0x00000000d1000000, 0x00000000d1100000, 0x00000000d1100000|100%| O|  |TAMS 0x00000000d1100000, 0x00000000d1000000| Untracked 
|  17|0x00000000d1100000, 0x00000000d1200000, 0x00000000d1200000|100%| O|  |TAMS 0x00000000d1200000, 0x00000000d1100000| Untracked 
|  18|0x00000000d1200000, 0x00000000d1300000, 0x00000000d1300000|100%| O|  |TAMS 0x00000000d1300000, 0x00000000d1200000| Untracked 
|  19|0x00000000d1300000, 0x00000000d1400000, 0x00000000d1400000|100%| O|  |TAMS 0x00000000d1400000, 0x00000000d1300000| Untracked 
|  20|0x00000000d1400000, 0x00000000d1500000, 0x00000000d1500000|100%| O|  |TAMS 0x00000000d1500000, 0x00000000d1400000| Updating 
|  21|0x00000000d1500000, 0x00000000d1600000, 0x00000000d1600000|100%| O|  |TAMS 0x00000000d1600000, 0x00000000d1500000| Updating 
|  22|0x00000000d1600000, 0x00000000d1700000, 0x00000000d1700000|100%| O|  |TAMS 0x00000000d1700000, 0x00000000d1600000| Untracked 
|  23|0x00000000d1700000, 0x00000000d1800000, 0x00000000d1800000|100%| O|  |TAMS 0x00000000d1800000, 0x00000000d1700000| Untracked 
|  24|0x00000000d1800000, 0x00000000d1900000, 0x00000000d1900000|100%| O|  |TAMS 0x00000000d1900000, 0x00000000d1800000| Untracked 
|  25|0x00000000d1900000, 0x00000000d1a00000, 0x00000000d1a00000|100%| O|  |TAMS 0x00000000d1a00000, 0x00000000d1900000| Untracked 
|  26|0x00000000d1a00000, 0x00000000d1b00000, 0x00000000d1b00000|100%| O|  |TAMS 0x00000000d1b00000, 0x00000000d1a00000| Untracked 
|  27|0x00000000d1b00000, 0x00000000d1c00000, 0x00000000d1c00000|100%| O|  |TAMS 0x00000000d1c00000, 0x00000000d1b00000| Untracked 
|  28|0x00000000d1c00000, 0x00000000d1d00000, 0x00000000d1d00000|100%| O|  |TAMS 0x00000000d1d00000, 0x00000000d1c00000| Untracked 
|  29|0x00000000d1d00000, 0x00000000d1e00000, 0x00000000d1e00000|100%| O|  |TAMS 0x00000000d1e00000, 0x00000000d1d00000| Untracked 
|  30|0x00000000d1e00000, 0x00000000d1f00000, 0x00000000d1f00000|100%|HS|  |TAMS 0x00000000d1f00000, 0x00000000d1e00000| Complete 
|  31|0x00000000d1f00000, 0x00000000d2000000, 0x00000000d2000000|100%|HS|  |TAMS 0x00000000d2000000, 0x00000000d1f00000| Complete 
|  32|0x00000000d2000000, 0x00000000d2100000, 0x00000000d2100000|100%|HS|  |TAMS 0x00000000d2100000, 0x00000000d2000000| Complete 
|  33|0x00000000d2100000, 0x00000000d2200000, 0x00000000d2200000|100%|HC|  |TAMS 0x00000000d2200000, 0x00000000d2100000| Complete 
|  34|0x00000000d2200000, 0x00000000d2300000, 0x00000000d2300000|100%|HS|  |TAMS 0x00000000d2300000, 0x00000000d2200000| Complete 
|  35|0x00000000d2300000, 0x00000000d2400000, 0x00000000d2400000|100%|HC|  |TAMS 0x00000000d2400000, 0x00000000d2300000| Complete 
|  36|0x00000000d2400000, 0x00000000d2500000, 0x00000000d2500000|100%| O|  |TAMS 0x00000000d2500000, 0x00000000d2400000| Untracked 
|  37|0x00000000d2500000, 0x00000000d2600000, 0x00000000d2600000|100%| O|  |TAMS 0x00000000d2600000, 0x00000000d2500000| Untracked 
|  38|0x00000000d2600000, 0x00000000d2700000, 0x00000000d2700000|100%| O|  |TAMS 0x00000000d2700000, 0x00000000d2600000| Untracked 
|  39|0x00000000d2700000, 0x00000000d2800000, 0x00000000d2800000|100%|HS|  |TAMS 0x00000000d2800000, 0x00000000d2700000| Complete 
|  40|0x00000000d2800000, 0x00000000d2900000, 0x00000000d2900000|100%| O|  |TAMS 0x00000000d2900000, 0x00000000d2800000| Updating 
|  41|0x00000000d2900000, 0x00000000d2a00000, 0x00000000d2a00000|100%|HS|  |TAMS 0x00000000d2a00000, 0x00000000d2900000| Complete 
|  42|0x00000000d2a00000, 0x00000000d2b00000, 0x00000000d2b00000|100%|HC|  |TAMS 0x00000000d2b00000, 0x00000000d2a00000| Complete 
|  43|0x00000000d2b00000, 0x00000000d2c00000, 0x00000000d2c00000|100%|HC|  |TAMS 0x00000000d2c00000, 0x00000000d2b00000| Complete 
|  44|0x00000000d2c00000, 0x00000000d2d00000, 0x00000000d2d00000|100%|HC|  |TAMS 0x00000000d2d00000, 0x00000000d2c00000| Complete 
|  45|0x00000000d2d00000, 0x00000000d2e00000, 0x00000000d2e00000|100%| O|  |TAMS 0x00000000d2d00000, 0x00000000d2d00000| Untracked 
|  46|0x00000000d2e00000, 0x00000000d2f00000, 0x00000000d2f00000|100%| O|  |TAMS 0x00000000d2f00000, 0x00000000d2e00000| Updating 
|  47|0x00000000d2f00000, 0x00000000d3000000, 0x00000000d3000000|100%|HS|  |TAMS 0x00000000d3000000, 0x00000000d2f00000| Complete 
|  48|0x00000000d3000000, 0x00000000d3100000, 0x00000000d3100000|100%| O|  |TAMS 0x00000000d3100000, 0x00000000d3000000| Untracked 
|  49|0x00000000d3100000, 0x00000000d3200000, 0x00000000d3200000|100%| O|  |TAMS 0x00000000d3200000, 0x00000000d3100000| Updating 
|  50|0x00000000d3200000, 0x00000000d3300000, 0x00000000d3300000|100%| O|  |TAMS 0x00000000d3300000, 0x00000000d3200000| Untracked 
|  51|0x00000000d3300000, 0x00000000d3400000, 0x00000000d3400000|100%| O|  |TAMS 0x00000000d3400000, 0x00000000d3300000| Untracked 
|  52|0x00000000d3400000, 0x00000000d3500000, 0x00000000d3500000|100%| O|  |TAMS 0x00000000d3500000, 0x00000000d3400000| Untracked 
|  53|0x00000000d3500000, 0x00000000d3600000, 0x00000000d3600000|100%| O|  |TAMS 0x00000000d3600000, 0x00000000d3500000| Updating 
|  54|0x00000000d3600000, 0x00000000d3700000, 0x00000000d3700000|100%|HS|  |TAMS 0x00000000d3700000, 0x00000000d3600000| Complete 
|  55|0x00000000d3700000, 0x00000000d3800000, 0x00000000d3800000|100%| O|  |TAMS 0x00000000d3800000, 0x00000000d3700000| Untracked 
|  56|0x00000000d3800000, 0x00000000d3900000, 0x00000000d3900000|100%|HS|  |TAMS 0x00000000d3900000, 0x00000000d3800000| Complete 
|  57|0x00000000d3900000, 0x00000000d3a00000, 0x00000000d3a00000|100%|HC|  |TAMS 0x00000000d3a00000, 0x00000000d3900000| Complete 
|  58|0x00000000d3a00000, 0x00000000d3b00000, 0x00000000d3b00000|100%|HC|  |TAMS 0x00000000d3b00000, 0x00000000d3a00000| Complete 
|  59|0x00000000d3b00000, 0x00000000d3c00000, 0x00000000d3c00000|100%|HC|  |TAMS 0x00000000d3c00000, 0x00000000d3b00000| Complete 
|  60|0x00000000d3c00000, 0x00000000d3d00000, 0x00000000d3d00000|100%| O|  |TAMS 0x00000000d3d00000, 0x00000000d3c00000| Untracked 
|  61|0x00000000d3d00000, 0x00000000d3e00000, 0x00000000d3e00000|100%| O|  |TAMS 0x00000000d3e00000, 0x00000000d3d00000| Untracked 
|  62|0x00000000d3e00000, 0x00000000d3f00000, 0x00000000d3f00000|100%| O|  |TAMS 0x00000000d3f00000, 0x00000000d3e00000| Untracked 
|  63|0x00000000d3f00000, 0x00000000d4000000, 0x00000000d4000000|100%| O|  |TAMS 0x00000000d4000000, 0x00000000d3f00000| Untracked 
|  64|0x00000000d4000000, 0x00000000d4100000, 0x00000000d4100000|100%| O|  |TAMS 0x00000000d4100000, 0x00000000d4000000| Untracked 
|  65|0x00000000d4100000, 0x00000000d4200000, 0x00000000d4200000|100%| O|  |TAMS 0x00000000d4200000, 0x00000000d4100000| Untracked 
|  66|0x00000000d4200000, 0x00000000d4300000, 0x00000000d4300000|100%| O|  |TAMS 0x00000000d4300000, 0x00000000d4200000| Untracked 
|  67|0x00000000d4300000, 0x00000000d4400000, 0x00000000d4400000|100%| O|  |TAMS 0x00000000d4400000, 0x00000000d4300000| Untracked 
|  68|0x00000000d4400000, 0x00000000d4500000, 0x00000000d4500000|100%| O|  |TAMS 0x00000000d4500000, 0x00000000d4400000| Untracked 
|  69|0x00000000d4500000, 0x00000000d4600000, 0x00000000d4600000|100%| O|  |TAMS 0x00000000d4600000, 0x00000000d4500000| Untracked 
|  70|0x00000000d4600000, 0x00000000d4700000, 0x00000000d4700000|100%| O|  |TAMS 0x00000000d4700000, 0x00000000d4600000| Untracked 
|  71|0x00000000d4700000, 0x00000000d4800000, 0x00000000d4800000|100%| O|  |TAMS 0x00000000d4800000, 0x00000000d4700000| Untracked 
|  72|0x00000000d4800000, 0x00000000d4900000, 0x00000000d4900000|100%| O|  |TAMS 0x00000000d4900000, 0x00000000d4800000| Untracked 
|  73|0x00000000d4900000, 0x00000000d4a00000, 0x00000000d4a00000|100%| O|  |TAMS 0x00000000d4a00000, 0x00000000d4900000| Untracked 
|  74|0x00000000d4a00000, 0x00000000d4b00000, 0x00000000d4b00000|100%| O|  |TAMS 0x00000000d4b00000, 0x00000000d4a00000| Updating 
|  75|0x00000000d4b00000, 0x00000000d4c00000, 0x00000000d4c00000|100%| O|  |TAMS 0x00000000d4c00000, 0x00000000d4b00000| Untracked 
|  76|0x00000000d4c00000, 0x00000000d4d00000, 0x00000000d4d00000|100%| O|  |TAMS 0x00000000d4d00000, 0x00000000d4c00000| Untracked 
|  77|0x00000000d4d00000, 0x00000000d4e00000, 0x00000000d4e00000|100%| O|  |TAMS 0x00000000d4e00000, 0x00000000d4d00000| Untracked 
|  78|0x00000000d4e00000, 0x00000000d4f00000, 0x00000000d4f00000|100%| O|  |TAMS 0x00000000d4f00000, 0x00000000d4e00000| Untracked 
|  79|0x00000000d4f00000, 0x00000000d5000000, 0x00000000d5000000|100%| O|  |TAMS 0x00000000d5000000, 0x00000000d4f00000| Untracked 
|  80|0x00000000d5000000, 0x00000000d5100000, 0x00000000d5100000|100%| O|  |TAMS 0x00000000d5100000, 0x00000000d5000000| Untracked 
|  81|0x00000000d5100000, 0x00000000d5200000, 0x00000000d5200000|100%| O|  |TAMS 0x00000000d5200000, 0x00000000d5100000| Untracked 
|  82|0x00000000d5200000, 0x00000000d5300000, 0x00000000d5300000|100%| O|  |TAMS 0x00000000d5300000, 0x00000000d5200000| Untracked 
|  83|0x00000000d5300000, 0x00000000d5400000, 0x00000000d5400000|100%| O|  |TAMS 0x00000000d5400000, 0x00000000d5300000| Untracked 
|  84|0x00000000d5400000, 0x00000000d5500000, 0x00000000d5500000|100%| O|  |TAMS 0x00000000d5500000, 0x00000000d5400000| Untracked 
|  85|0x00000000d5500000, 0x00000000d5600000, 0x00000000d5600000|100%| O|  |TAMS 0x00000000d5600000, 0x00000000d5500000| Untracked 
|  86|0x00000000d5600000, 0x00000000d5700000, 0x00000000d5700000|100%| O|  |TAMS 0x00000000d5700000, 0x00000000d5600000| Untracked 
|  87|0x00000000d5700000, 0x00000000d5800000, 0x00000000d5800000|100%| O|  |TAMS 0x00000000d5800000, 0x00000000d5700000| Untracked 
|  88|0x00000000d5800000, 0x00000000d5900000, 0x00000000d5900000|100%| O|  |TAMS 0x00000000d5900000, 0x00000000d5800000| Untracked 
|  89|0x00000000d5900000, 0x00000000d5a00000, 0x00000000d5a00000|100%| O|  |TAMS 0x00000000d5a00000, 0x00000000d5900000| Untracked 
|  90|0x00000000d5a00000, 0x00000000d5b00000, 0x00000000d5b00000|100%| O|  |TAMS 0x00000000d5b00000, 0x00000000d5a00000| Updating 
|  91|0x00000000d5b00000, 0x00000000d5c00000, 0x00000000d5c00000|100%| O|  |TAMS 0x00000000d5c00000, 0x00000000d5b00000| Untracked 
|  92|0x00000000d5c00000, 0x00000000d5d00000, 0x00000000d5d00000|100%| O|  |TAMS 0x00000000d5d00000, 0x00000000d5c00000| Untracked 
|  93|0x00000000d5d00000, 0x00000000d5e00000, 0x00000000d5e00000|100%| O|  |TAMS 0x00000000d5e00000, 0x00000000d5d00000| Untracked 
|  94|0x00000000d5e00000, 0x00000000d5f00000, 0x00000000d5f00000|100%| O|  |TAMS 0x00000000d5f00000, 0x00000000d5e00000| Updating 
|  95|0x00000000d5f00000, 0x00000000d6000000, 0x00000000d6000000|100%|HS|  |TAMS 0x00000000d6000000, 0x00000000d5f00000| Complete 
|  96|0x00000000d6000000, 0x00000000d6100000, 0x00000000d6100000|100%|HC|  |TAMS 0x00000000d6100000, 0x00000000d6000000| Complete 
|  97|0x00000000d6100000, 0x00000000d6200000, 0x00000000d6200000|100%|HC|  |TAMS 0x00000000d6200000, 0x00000000d6100000| Complete 
|  98|0x00000000d6200000, 0x00000000d6300000, 0x00000000d6300000|100%| O|  |TAMS 0x00000000d6300000, 0x00000000d6200000| Untracked 
|  99|0x00000000d6300000, 0x00000000d6400000, 0x00000000d6400000|100%|HS|  |TAMS 0x00000000d6400000, 0x00000000d6300000| Complete 
| 100|0x00000000d6400000, 0x00000000d6500000, 0x00000000d6500000|100%|HC|  |TAMS 0x00000000d6500000, 0x00000000d6400000| Complete 
| 101|0x00000000d6500000, 0x00000000d6600000, 0x00000000d6600000|100%|HC|  |TAMS 0x00000000d6600000, 0x00000000d6500000| Complete 
| 102|0x00000000d6600000, 0x00000000d6700000, 0x00000000d6700000|100%|HC|  |TAMS 0x00000000d6700000, 0x00000000d6600000| Complete 
| 103|0x00000000d6700000, 0x00000000d6800000, 0x00000000d6800000|100%|HC|  |TAMS 0x00000000d6800000, 0x00000000d6700000| Complete 
| 104|0x00000000d6800000, 0x00000000d6900000, 0x00000000d6900000|100%|HC|  |TAMS 0x00000000d6900000, 0x00000000d6800000| Complete 
| 105|0x00000000d6900000, 0x00000000d6a00000, 0x00000000d6a00000|100%|HC|  |TAMS 0x00000000d6a00000, 0x00000000d6900000| Complete 
| 106|0x00000000d6a00000, 0x00000000d6b00000, 0x00000000d6b00000|100%|HC|  |TAMS 0x00000000d6b00000, 0x00000000d6a00000| Complete 
| 107|0x00000000d6b00000, 0x00000000d6c00000, 0x00000000d6c00000|100%|HC|  |TAMS 0x00000000d6c00000, 0x00000000d6b00000| Complete 
| 108|0x00000000d6c00000, 0x00000000d6d00000, 0x00000000d6d00000|100%|HC|  |TAMS 0x00000000d6d00000, 0x00000000d6c00000| Complete 
| 109|0x00000000d6d00000, 0x00000000d6e00000, 0x00000000d6e00000|100%|HC|  |TAMS 0x00000000d6e00000, 0x00000000d6d00000| Complete 
| 110|0x00000000d6e00000, 0x00000000d6f00000, 0x00000000d6f00000|100%|HC|  |TAMS 0x00000000d6f00000, 0x00000000d6e00000| Complete 
| 111|0x00000000d6f00000, 0x00000000d7000000, 0x00000000d7000000|100%|HC|  |TAMS 0x00000000d7000000, 0x00000000d6f00000| Complete 
| 112|0x00000000d7000000, 0x00000000d7100000, 0x00000000d7100000|100%|HC|  |TAMS 0x00000000d7100000, 0x00000000d7000000| Complete 
| 113|0x00000000d7100000, 0x00000000d7200000, 0x00000000d7200000|100%|HC|  |TAMS 0x00000000d7200000, 0x00000000d7100000| Complete 
| 114|0x00000000d7200000, 0x00000000d7300000, 0x00000000d7300000|100%|HC|  |TAMS 0x00000000d7300000, 0x00000000d7200000| Complete 
| 115|0x00000000d7300000, 0x00000000d7400000, 0x00000000d7400000|100%|HC|  |TAMS 0x00000000d7400000, 0x00000000d7300000| Complete 
| 116|0x00000000d7400000, 0x00000000d7500000, 0x00000000d7500000|100%|HC|  |TAMS 0x00000000d7500000, 0x00000000d7400000| Complete 
| 117|0x00000000d7500000, 0x00000000d7600000, 0x00000000d7600000|100%|HC|  |TAMS 0x00000000d7600000, 0x00000000d7500000| Complete 
| 118|0x00000000d7600000, 0x00000000d7700000, 0x00000000d7700000|100%|HC|  |TAMS 0x00000000d7700000, 0x00000000d7600000| Complete 
| 119|0x00000000d7700000, 0x00000000d7800000, 0x00000000d7800000|100%|HC|  |TAMS 0x00000000d7800000, 0x00000000d7700000| Complete 
| 120|0x00000000d7800000, 0x00000000d7900000, 0x00000000d7900000|100%|HC|  |TAMS 0x00000000d7900000, 0x00000000d7800000| Complete 
| 121|0x00000000d7900000, 0x00000000d7a00000, 0x00000000d7a00000|100%|HC|  |TAMS 0x00000000d7a00000, 0x00000000d7900000| Complete 
| 122|0x00000000d7a00000, 0x00000000d7b00000, 0x00000000d7b00000|100%|HC|  |TAMS 0x00000000d7b00000, 0x00000000d7a00000| Complete 
| 123|0x00000000d7b00000, 0x00000000d7c00000, 0x00000000d7c00000|100%|HC|  |TAMS 0x00000000d7c00000, 0x00000000d7b00000| Complete 
| 124|0x00000000d7c00000, 0x00000000d7d00000, 0x00000000d7d00000|100%|HC|  |TAMS 0x00000000d7d00000, 0x00000000d7c00000| Complete 
| 125|0x00000000d7d00000, 0x00000000d7e00000, 0x00000000d7e00000|100%|HC|  |TAMS 0x00000000d7e00000, 0x00000000d7d00000| Complete 
| 126|0x00000000d7e00000, 0x00000000d7f00000, 0x00000000d7f00000|100%|HC|  |TAMS 0x00000000d7f00000, 0x00000000d7e00000| Complete 
| 127|0x00000000d7f00000, 0x00000000d8000000, 0x00000000d8000000|100%|HC|  |TAMS 0x00000000d8000000, 0x00000000d7f00000| Complete 
| 128|0x00000000d8000000, 0x00000000d8100000, 0x00000000d8100000|100%|HC|  |TAMS 0x00000000d8100000, 0x00000000d8000000| Complete 
| 129|0x00000000d8100000, 0x00000000d8200000, 0x00000000d8200000|100%|HC|  |TAMS 0x00000000d8200000, 0x00000000d8100000| Complete 
| 130|0x00000000d8200000, 0x00000000d8300000, 0x00000000d8300000|100%|HS|  |TAMS 0x00000000d8300000, 0x00000000d8200000| Complete 
| 131|0x00000000d8300000, 0x00000000d8400000, 0x00000000d8400000|100%|HC|  |TAMS 0x00000000d8400000, 0x00000000d8300000| Complete 
| 132|0x00000000d8400000, 0x00000000d8500000, 0x00000000d8500000|100%|HC|  |TAMS 0x00000000d8500000, 0x00000000d8400000| Complete 
| 133|0x00000000d8500000, 0x00000000d8600000, 0x00000000d8600000|100%|HC|  |TAMS 0x00000000d8600000, 0x00000000d8500000| Complete 
| 134|0x00000000d8600000, 0x00000000d8700000, 0x00000000d8700000|100%|HC|  |TAMS 0x00000000d8700000, 0x00000000d8600000| Complete 
| 135|0x00000000d8700000, 0x00000000d8800000, 0x00000000d8800000|100%|HC|  |TAMS 0x00000000d8800000, 0x00000000d8700000| Complete 
| 136|0x00000000d8800000, 0x00000000d8900000, 0x00000000d8900000|100%|HC|  |TAMS 0x00000000d8900000, 0x00000000d8800000| Complete 
| 137|0x00000000d8900000, 0x00000000d8a00000, 0x00000000d8a00000|100%|HC|  |TAMS 0x00000000d8a00000, 0x00000000d8900000| Complete 
| 138|0x00000000d8a00000, 0x00000000d8b00000, 0x00000000d8b00000|100%|HC|  |TAMS 0x00000000d8b00000, 0x00000000d8a00000| Complete 
| 139|0x00000000d8b00000, 0x00000000d8c00000, 0x00000000d8c00000|100%| O|  |TAMS 0x00000000d8c00000, 0x00000000d8b00000| Untracked 
| 140|0x00000000d8c00000, 0x00000000d8d00000, 0x00000000d8d00000|100%| O|  |TAMS 0x00000000d8d00000, 0x00000000d8c00000| Untracked 
| 141|0x00000000d8d00000, 0x00000000d8e00000, 0x00000000d8e00000|100%| O|  |TAMS 0x00000000d8e00000, 0x00000000d8d00000| Untracked 
| 142|0x00000000d8e00000, 0x00000000d8f00000, 0x00000000d8f00000|100%| O|  |TAMS 0x00000000d8f00000, 0x00000000d8e00000| Untracked 
| 143|0x00000000d8f00000, 0x00000000d9000000, 0x00000000d9000000|100%| O|  |TAMS 0x00000000d9000000, 0x00000000d8f00000| Untracked 
| 144|0x00000000d9000000, 0x00000000d9100000, 0x00000000d9100000|100%| O|  |TAMS 0x00000000d9100000, 0x00000000d9000000| Untracked 
| 145|0x00000000d9100000, 0x00000000d9200000, 0x00000000d9200000|100%| O|  |TAMS 0x00000000d9200000, 0x00000000d9100000| Untracked 
| 146|0x00000000d9200000, 0x00000000d9300000, 0x00000000d9300000|100%| O|  |TAMS 0x00000000d9300000, 0x00000000d9200000| Untracked 
| 147|0x00000000d9300000, 0x00000000d9400000, 0x00000000d9400000|100%| O|  |TAMS 0x00000000d9400000, 0x00000000d9300000| Untracked 
| 148|0x00000000d9400000, 0x00000000d9500000, 0x00000000d9500000|100%| O|  |TAMS 0x00000000d9500000, 0x00000000d9400000| Updating 
| 149|0x00000000d9500000, 0x00000000d9600000, 0x00000000d9600000|100%| O|  |TAMS 0x00000000d9600000, 0x00000000d9500000| Untracked 
| 150|0x00000000d9600000, 0x00000000d9700000, 0x00000000d9700000|100%| O|  |TAMS 0x00000000d9700000, 0x00000000d9600000| Untracked 
| 151|0x00000000d9700000, 0x00000000d9800000, 0x00000000d9800000|100%| O|  |TAMS 0x00000000d9800000, 0x00000000d9700000| Untracked 
| 152|0x00000000d9800000, 0x00000000d9900000, 0x00000000d9900000|100%| O|  |TAMS 0x00000000d9900000, 0x00000000d9800000| Untracked 
| 153|0x00000000d9900000, 0x00000000d9a00000, 0x00000000d9a00000|100%| O|  |TAMS 0x00000000d9a00000, 0x00000000d9900000| Untracked 
| 154|0x00000000d9a00000, 0x00000000d9b00000, 0x00000000d9b00000|100%| O|  |TAMS 0x00000000d9b00000, 0x00000000d9a00000| Updating 
| 155|0x00000000d9b00000, 0x00000000d9b00000, 0x00000000d9c00000|  0%| F|  |TAMS 0x00000000d9b00000, 0x00000000d9b00000| Untracked 
| 156|0x00000000d9c00000, 0x00000000d9c00000, 0x00000000d9d00000|  0%| F|  |TAMS 0x00000000d9c00000, 0x00000000d9c00000| Untracked 
| 157|0x00000000d9d00000, 0x00000000d9e00000, 0x00000000d9e00000|100%| O|  |TAMS 0x00000000d9e00000, 0x00000000d9d00000| Updating 
| 158|0x00000000d9e00000, 0x00000000d9f00000, 0x00000000d9f00000|100%| O|  |TAMS 0x00000000d9f00000, 0x00000000d9e00000| Untracked 
| 159|0x00000000d9f00000, 0x00000000da000000, 0x00000000da000000|100%| O|  |TAMS 0x00000000da000000, 0x00000000d9f00000| Untracked 
| 160|0x00000000da000000, 0x00000000da100000, 0x00000000da100000|100%| O|  |TAMS 0x00000000da100000, 0x00000000da000000| Untracked 
| 161|0x00000000da100000, 0x00000000da200000, 0x00000000da200000|100%| O|  |TAMS 0x00000000da200000, 0x00000000da100000| Untracked 
| 162|0x00000000da200000, 0x00000000da300000, 0x00000000da300000|100%| O|  |TAMS 0x00000000da300000, 0x00000000da200000| Untracked 
| 163|0x00000000da300000, 0x00000000da400000, 0x00000000da400000|100%| O|  |TAMS 0x00000000da400000, 0x00000000da300000| Untracked 
| 164|0x00000000da400000, 0x00000000da500000, 0x00000000da500000|100%| O|  |TAMS 0x00000000da500000, 0x00000000da400000| Updating 
| 165|0x00000000da500000, 0x00000000da600000, 0x00000000da600000|100%| O|  |TAMS 0x00000000da600000, 0x00000000da500000| Untracked 
| 166|0x00000000da600000, 0x00000000da700000, 0x00000000da700000|100%| O|  |TAMS 0x00000000da600000, 0x00000000da600000| Untracked 
| 167|0x00000000da700000, 0x00000000da800000, 0x00000000da800000|100%| O|  |TAMS 0x00000000da800000, 0x00000000da700000| Updating 
| 168|0x00000000da800000, 0x00000000da900000, 0x00000000da900000|100%| O|  |TAMS 0x00000000da900000, 0x00000000da800000| Updating 
| 169|0x00000000da900000, 0x00000000daa00000, 0x00000000daa00000|100%| O|  |TAMS 0x00000000daa00000, 0x00000000da900000| Untracked 
| 170|0x00000000daa00000, 0x00000000dab00000, 0x00000000dab00000|100%| O|  |TAMS 0x00000000dab00000, 0x00000000daa00000| Untracked 
| 171|0x00000000dab00000, 0x00000000dac00000, 0x00000000dac00000|100%| O|  |TAMS 0x00000000dac00000, 0x00000000dab00000| Untracked 
| 172|0x00000000dac00000, 0x00000000dad00000, 0x00000000dad00000|100%| O|  |TAMS 0x00000000dad00000, 0x00000000dac00000| Untracked 
| 173|0x00000000dad00000, 0x00000000dae00000, 0x00000000dae00000|100%| O|  |TAMS 0x00000000dae00000, 0x00000000dad00000| Untracked 
| 174|0x00000000dae00000, 0x00000000daf00000, 0x00000000daf00000|100%| O|  |TAMS 0x00000000daf00000, 0x00000000dae00000| Untracked 
| 175|0x00000000daf00000, 0x00000000db000000, 0x00000000db000000|100%| O|  |TAMS 0x00000000db000000, 0x00000000daf00000| Untracked 
| 176|0x00000000db000000, 0x00000000db100000, 0x00000000db100000|100%| O|  |TAMS 0x00000000db100000, 0x00000000db000000| Untracked 
| 177|0x00000000db100000, 0x00000000db200000, 0x00000000db200000|100%| O|  |TAMS 0x00000000db200000, 0x00000000db100000| Updating 
| 178|0x00000000db200000, 0x00000000db300000, 0x00000000db300000|100%| O|  |TAMS 0x00000000db300000, 0x00000000db200000| Updating 
| 179|0x00000000db300000, 0x00000000db400000, 0x00000000db400000|100%| O|  |TAMS 0x00000000db400000, 0x00000000db300000| Untracked 
| 180|0x00000000db400000, 0x00000000db500000, 0x00000000db500000|100%| O|  |TAMS 0x00000000db500000, 0x00000000db400000| Updating 
| 181|0x00000000db500000, 0x00000000db600000, 0x00000000db600000|100%| O|  |TAMS 0x00000000db600000, 0x00000000db500000| Updating 
| 182|0x00000000db600000, 0x00000000db700000, 0x00000000db700000|100%| O|  |TAMS 0x00000000db700000, 0x00000000db600000| Updating 
| 183|0x00000000db700000, 0x00000000db800000, 0x00000000db800000|100%| O|  |TAMS 0x00000000db800000, 0x00000000db700000| Updating 
| 184|0x00000000db800000, 0x00000000db800000, 0x00000000db900000|  0%| F|  |TAMS 0x00000000db800000, 0x00000000db800000| Untracked 
| 185|0x00000000db900000, 0x00000000db900000, 0x00000000dba00000|  0%| F|  |TAMS 0x00000000db900000, 0x00000000db900000| Untracked 
| 186|0x00000000dba00000, 0x00000000dba00000, 0x00000000dbb00000|  0%| F|  |TAMS 0x00000000dba00000, 0x00000000dba00000| Untracked 
| 187|0x00000000dbb00000, 0x00000000dbb00000, 0x00000000dbc00000|  0%| F|  |TAMS 0x00000000dbb00000, 0x00000000dbb00000| Untracked 
| 188|0x00000000dbc00000, 0x00000000dbc00000, 0x00000000dbd00000|  0%| F|  |TAMS 0x00000000dbc00000, 0x00000000dbc00000| Untracked 
| 189|0x00000000dbd00000, 0x00000000dbd00000, 0x00000000dbe00000|  0%| F|  |TAMS 0x00000000dbd00000, 0x00000000dbd00000| Untracked 
| 190|0x00000000dbe00000, 0x00000000dbe00000, 0x00000000dbf00000|  0%| F|  |TAMS 0x00000000dbe00000, 0x00000000dbe00000| Untracked 
| 191|0x00000000dbf00000, 0x00000000dbf00000, 0x00000000dc000000|  0%| F|  |TAMS 0x00000000dbf00000, 0x00000000dbf00000| Untracked 
| 192|0x00000000dc000000, 0x00000000dc000000, 0x00000000dc100000|  0%| F|  |TAMS 0x00000000dc000000, 0x00000000dc000000| Untracked 
| 193|0x00000000dc100000, 0x00000000dc100000, 0x00000000dc200000|  0%| F|  |TAMS 0x00000000dc100000, 0x00000000dc100000| Untracked 
| 194|0x00000000dc200000, 0x00000000dc200000, 0x00000000dc300000|  0%| F|  |TAMS 0x00000000dc200000, 0x00000000dc200000| Untracked 
| 195|0x00000000dc300000, 0x00000000dc300000, 0x00000000dc400000|  0%| F|  |TAMS 0x00000000dc300000, 0x00000000dc300000| Untracked 
| 196|0x00000000dc400000, 0x00000000dc400000, 0x00000000dc500000|  0%| F|  |TAMS 0x00000000dc400000, 0x00000000dc400000| Untracked 
| 197|0x00000000dc500000, 0x00000000dc500000, 0x00000000dc600000|  0%| F|  |TAMS 0x00000000dc500000, 0x00000000dc500000| Untracked 
| 198|0x00000000dc600000, 0x00000000dc600000, 0x00000000dc700000|  0%| F|  |TAMS 0x00000000dc600000, 0x00000000dc600000| Untracked 
| 199|0x00000000dc700000, 0x00000000dc700000, 0x00000000dc800000|  0%| F|  |TAMS 0x00000000dc700000, 0x00000000dc700000| Untracked 
| 200|0x00000000dc800000, 0x00000000dc800000, 0x00000000dc900000|  0%| F|  |TAMS 0x00000000dc800000, 0x00000000dc800000| Untracked 
| 201|0x00000000dc900000, 0x00000000dc900000, 0x00000000dca00000|  0%| F|  |TAMS 0x00000000dc900000, 0x00000000dc900000| Untracked 
| 202|0x00000000dca00000, 0x00000000dca00000, 0x00000000dcb00000|  0%| F|  |TAMS 0x00000000dca00000, 0x00000000dca00000| Untracked 
| 203|0x00000000dcb00000, 0x00000000dcb00000, 0x00000000dcc00000|  0%| F|  |TAMS 0x00000000dcb00000, 0x00000000dcb00000| Untracked 
| 204|0x00000000dcc00000, 0x00000000dcc00000, 0x00000000dcd00000|  0%| F|  |TAMS 0x00000000dcc00000, 0x00000000dcc00000| Untracked 
| 205|0x00000000dcd00000, 0x00000000dcd00000, 0x00000000dce00000|  0%| F|  |TAMS 0x00000000dcd00000, 0x00000000dcd00000| Untracked 
| 206|0x00000000dce00000, 0x00000000dce00000, 0x00000000dcf00000|  0%| F|  |TAMS 0x00000000dce00000, 0x00000000dce00000| Untracked 
| 207|0x00000000dcf00000, 0x00000000dcf00000, 0x00000000dd000000|  0%| F|  |TAMS 0x00000000dcf00000, 0x00000000dcf00000| Untracked 
| 208|0x00000000dd000000, 0x00000000dd000000, 0x00000000dd100000|  0%| F|  |TAMS 0x00000000dd000000, 0x00000000dd000000| Untracked 
| 209|0x00000000dd100000, 0x00000000dd100000, 0x00000000dd200000|  0%| F|  |TAMS 0x00000000dd100000, 0x00000000dd100000| Untracked 
| 210|0x00000000dd200000, 0x00000000dd200000, 0x00000000dd300000|  0%| F|  |TAMS 0x00000000dd200000, 0x00000000dd200000| Untracked 
| 211|0x00000000dd300000, 0x00000000dd300000, 0x00000000dd400000|  0%| F|  |TAMS 0x00000000dd300000, 0x00000000dd300000| Untracked 
| 212|0x00000000dd400000, 0x00000000dd400000, 0x00000000dd500000|  0%| F|  |TAMS 0x00000000dd400000, 0x00000000dd400000| Untracked 
| 213|0x00000000dd500000, 0x00000000dd500000, 0x00000000dd600000|  0%| F|  |TAMS 0x00000000dd500000, 0x00000000dd500000| Untracked 
| 214|0x00000000dd600000, 0x00000000dd600000, 0x00000000dd700000|  0%| F|  |TAMS 0x00000000dd600000, 0x00000000dd600000| Untracked 
| 215|0x00000000dd700000, 0x00000000dd800000, 0x00000000dd800000|100%| O|  |TAMS 0x00000000dd800000, 0x00000000dd700000| Untracked 
| 216|0x00000000dd800000, 0x00000000dd900000, 0x00000000dd900000|100%| O|  |TAMS 0x00000000dd900000, 0x00000000dd800000| Untracked 
| 217|0x00000000dd900000, 0x00000000dda00000, 0x00000000dda00000|100%| O|  |TAMS 0x00000000dda00000, 0x00000000dd900000| Untracked 
| 218|0x00000000dda00000, 0x00000000ddb00000, 0x00000000ddb00000|100%| O|  |TAMS 0x00000000ddb00000, 0x00000000dda00000| Untracked 
| 219|0x00000000ddb00000, 0x00000000ddc00000, 0x00000000ddc00000|100%| O|  |TAMS 0x00000000ddc00000, 0x00000000ddb00000| Untracked 
| 220|0x00000000ddc00000, 0x00000000ddd00000, 0x00000000ddd00000|100%| O|  |TAMS 0x00000000ddd00000, 0x00000000ddc00000| Untracked 
| 221|0x00000000ddd00000, 0x00000000dde00000, 0x00000000dde00000|100%| O|  |TAMS 0x00000000dde00000, 0x00000000ddd00000| Updating 
| 222|0x00000000dde00000, 0x00000000ddf00000, 0x00000000ddf00000|100%| O|  |TAMS 0x00000000ddf00000, 0x00000000dde00000| Untracked 
| 223|0x00000000ddf00000, 0x00000000de000000, 0x00000000de000000|100%| O|  |TAMS 0x00000000de000000, 0x00000000ddf00000| Untracked 
| 224|0x00000000de000000, 0x00000000de100000, 0x00000000de100000|100%| O|  |TAMS 0x00000000de100000, 0x00000000de000000| Untracked 
| 225|0x00000000de100000, 0x00000000de200000, 0x00000000de200000|100%| O|  |TAMS 0x00000000de200000, 0x00000000de100000| Untracked 
| 226|0x00000000de200000, 0x00000000de300000, 0x00000000de300000|100%| O|  |TAMS 0x00000000de300000, 0x00000000de200000| Untracked 
| 227|0x00000000de300000, 0x00000000de400000, 0x00000000de400000|100%| O|  |TAMS 0x00000000de400000, 0x00000000de300000| Untracked 
| 228|0x00000000de400000, 0x00000000de500000, 0x00000000de500000|100%| O|  |TAMS 0x00000000de500000, 0x00000000de400000| Untracked 
| 229|0x00000000de500000, 0x00000000de600000, 0x00000000de600000|100%| O|  |TAMS 0x00000000de600000, 0x00000000de500000| Untracked 
| 230|0x00000000de600000, 0x00000000de700000, 0x00000000de700000|100%| O|  |TAMS 0x00000000de700000, 0x00000000de600000| Untracked 
| 231|0x00000000de700000, 0x00000000de800000, 0x00000000de800000|100%| O|  |TAMS 0x00000000de800000, 0x00000000de700000| Untracked 
| 232|0x00000000de800000, 0x00000000de900000, 0x00000000de900000|100%| O|  |TAMS 0x00000000de900000, 0x00000000de800000| Untracked 
| 233|0x00000000de900000, 0x00000000dea00000, 0x00000000dea00000|100%| O|  |TAMS 0x00000000dea00000, 0x00000000de900000| Untracked 
| 234|0x00000000dea00000, 0x00000000deb00000, 0x00000000deb00000|100%| O|  |TAMS 0x00000000dea00000, 0x00000000dea00000| Untracked 
| 235|0x00000000deb00000, 0x00000000deb00000, 0x00000000dec00000|  0%| F|  |TAMS 0x00000000deb00000, 0x00000000deb00000| Untracked 
| 236|0x00000000dec00000, 0x00000000dec00000, 0x00000000ded00000|  0%| F|  |TAMS 0x00000000dec00000, 0x00000000dec00000| Untracked 
| 237|0x00000000ded00000, 0x00000000ded00000, 0x00000000dee00000|  0%| F|  |TAMS 0x00000000ded00000, 0x00000000ded00000| Untracked 
| 238|0x00000000dee00000, 0x00000000dee00000, 0x00000000def00000|  0%| F|  |TAMS 0x00000000dee00000, 0x00000000dee00000| Untracked 
| 239|0x00000000def00000, 0x00000000def00000, 0x00000000df000000|  0%| F|  |TAMS 0x00000000def00000, 0x00000000def00000| Untracked 
| 240|0x00000000df000000, 0x00000000df000000, 0x00000000df100000|  0%| F|  |TAMS 0x00000000df000000, 0x00000000df000000| Untracked 
| 241|0x00000000df100000, 0x00000000df100000, 0x00000000df200000|  0%| F|  |TAMS 0x00000000df100000, 0x00000000df100000| Untracked 
| 242|0x00000000df200000, 0x00000000df200000, 0x00000000df300000|  0%| F|  |TAMS 0x00000000df200000, 0x00000000df200000| Untracked 
| 243|0x00000000df300000, 0x00000000df300000, 0x00000000df400000|  0%| F|  |TAMS 0x00000000df300000, 0x00000000df300000| Untracked 
| 244|0x00000000df400000, 0x00000000df500000, 0x00000000df500000|100%| O|  |TAMS 0x00000000df500000, 0x00000000df400000| Updating 
| 245|0x00000000df500000, 0x00000000df600000, 0x00000000df600000|100%| O|  |TAMS 0x00000000df600000, 0x00000000df500000| Updating 
| 246|0x00000000df600000, 0x00000000df700000, 0x00000000df700000|100%| O|  |TAMS 0x00000000df700000, 0x00000000df600000| Untracked 
| 247|0x00000000df700000, 0x00000000df800000, 0x00000000df800000|100%| O|  |TAMS 0x00000000df800000, 0x00000000df700000| Untracked 
| 248|0x00000000df800000, 0x00000000df900000, 0x00000000df900000|100%| O|  |TAMS 0x00000000df900000, 0x00000000df800000| Untracked 
| 249|0x00000000df900000, 0x00000000dfa00000, 0x00000000dfa00000|100%| O|  |TAMS 0x00000000dfa00000, 0x00000000df900000| Untracked 
| 250|0x00000000dfa00000, 0x00000000dfa00000, 0x00000000dfb00000|  0%| F|  |TAMS 0x00000000dfa00000, 0x00000000dfa00000| Untracked 
| 251|0x00000000dfb00000, 0x00000000dfb00000, 0x00000000dfc00000|  0%| F|  |TAMS 0x00000000dfb00000, 0x00000000dfb00000| Untracked 
| 252|0x00000000dfc00000, 0x00000000dfc00000, 0x00000000dfd00000|  0%| F|  |TAMS 0x00000000dfc00000, 0x00000000dfc00000| Untracked 
| 253|0x00000000dfd00000, 0x00000000dfe00000, 0x00000000dfe00000|100%| O|  |TAMS 0x00000000dfe00000, 0x00000000dfd00000| Untracked 
| 254|0x00000000dfe00000, 0x00000000dff00000, 0x00000000dff00000|100%| O|  |TAMS 0x00000000dff00000, 0x00000000dfe00000| Untracked 
| 255|0x00000000dff00000, 0x00000000e0000000, 0x00000000e0000000|100%|HS|  |TAMS 0x00000000e0000000, 0x00000000dff00000| Complete 
| 256|0x00000000e0000000, 0x00000000e0100000, 0x00000000e0100000|100%|HC|  |TAMS 0x00000000e0100000, 0x00000000e0000000| Complete 
| 257|0x00000000e0100000, 0x00000000e0200000, 0x00000000e0200000|100%|HS|  |TAMS 0x00000000e0200000, 0x00000000e0100000| Complete 
| 258|0x00000000e0200000, 0x00000000e0300000, 0x00000000e0300000|100%|HS|  |TAMS 0x00000000e0300000, 0x00000000e0200000| Complete 
| 259|0x00000000e0300000, 0x00000000e0400000, 0x00000000e0400000|100%|HC|  |TAMS 0x00000000e0400000, 0x00000000e0300000| Complete 
| 260|0x00000000e0400000, 0x00000000e0500000, 0x00000000e0500000|100%| O|  |TAMS 0x00000000e0500000, 0x00000000e0400000| Untracked 
| 261|0x00000000e0500000, 0x00000000e0600000, 0x00000000e0600000|100%| O|  |TAMS 0x00000000e0600000, 0x00000000e0500000| Untracked 
| 262|0x00000000e0600000, 0x00000000e0700000, 0x00000000e0700000|100%| O|  |TAMS 0x00000000e0700000, 0x00000000e0600000| Untracked 
| 263|0x00000000e0700000, 0x00000000e0800000, 0x00000000e0800000|100%| O|  |TAMS 0x00000000e0800000, 0x00000000e0700000| Untracked 
| 264|0x00000000e0800000, 0x00000000e0900000, 0x00000000e0900000|100%| O|  |TAMS 0x00000000e0900000, 0x00000000e0800000| Untracked 
| 265|0x00000000e0900000, 0x00000000e0a00000, 0x00000000e0a00000|100%| O|  |TAMS 0x00000000e0a00000, 0x00000000e0900000| Untracked 
| 266|0x00000000e0a00000, 0x00000000e0b00000, 0x00000000e0b00000|100%| O|  |TAMS 0x00000000e0b00000, 0x00000000e0a00000| Untracked 
| 267|0x00000000e0b00000, 0x00000000e0c00000, 0x00000000e0c00000|100%| O|  |TAMS 0x00000000e0c00000, 0x00000000e0b00000| Untracked 
| 268|0x00000000e0c00000, 0x00000000e0d00000, 0x00000000e0d00000|100%| O|  |TAMS 0x00000000e0d00000, 0x00000000e0c00000| Untracked 
| 269|0x00000000e0d00000, 0x00000000e0e00000, 0x00000000e0e00000|100%| O|  |TAMS 0x00000000e0e00000, 0x00000000e0d00000| Untracked 
| 270|0x00000000e0e00000, 0x00000000e0f00000, 0x00000000e0f00000|100%| O|  |TAMS 0x00000000e0f00000, 0x00000000e0e00000| Untracked 
| 271|0x00000000e0f00000, 0x00000000e1000000, 0x00000000e1000000|100%| O|  |TAMS 0x00000000e1000000, 0x00000000e0f00000| Untracked 
| 272|0x00000000e1000000, 0x00000000e1100000, 0x00000000e1100000|100%| O|  |TAMS 0x00000000e1100000, 0x00000000e1000000| Untracked 
| 273|0x00000000e1100000, 0x00000000e1200000, 0x00000000e1200000|100%| O|  |TAMS 0x00000000e1200000, 0x00000000e1100000| Untracked 
| 274|0x00000000e1200000, 0x00000000e1300000, 0x00000000e1300000|100%| O|  |TAMS 0x00000000e1300000, 0x00000000e1200000| Updating 
| 275|0x00000000e1300000, 0x00000000e1400000, 0x00000000e1400000|100%| O|  |TAMS 0x00000000e1400000, 0x00000000e1300000| Untracked 
| 276|0x00000000e1400000, 0x00000000e1500000, 0x00000000e1500000|100%| O|  |TAMS 0x00000000e1500000, 0x00000000e1400000| Untracked 
| 277|0x00000000e1500000, 0x00000000e1600000, 0x00000000e1600000|100%| O|  |TAMS 0x00000000e1600000, 0x00000000e1500000| Untracked 
| 278|0x00000000e1600000, 0x00000000e1700000, 0x00000000e1700000|100%| O|  |TAMS 0x00000000e1700000, 0x00000000e1600000| Updating 
| 279|0x00000000e1700000, 0x00000000e1800000, 0x00000000e1800000|100%| O|  |TAMS 0x00000000e1800000, 0x00000000e1700000| Updating 
| 280|0x00000000e1800000, 0x00000000e1900000, 0x00000000e1900000|100%| O|  |TAMS 0x00000000e1900000, 0x00000000e1800000| Updating 
| 281|0x00000000e1900000, 0x00000000e1a00000, 0x00000000e1a00000|100%| O|  |TAMS 0x00000000e1a00000, 0x00000000e1900000| Updating 
| 282|0x00000000e1a00000, 0x00000000e1b00000, 0x00000000e1b00000|100%| O|  |TAMS 0x00000000e1b00000, 0x00000000e1a00000| Untracked 
| 283|0x00000000e1b00000, 0x00000000e1c00000, 0x00000000e1c00000|100%| O|  |TAMS 0x00000000e1c00000, 0x00000000e1b00000| Untracked 
| 284|0x00000000e1c00000, 0x00000000e1d00000, 0x00000000e1d00000|100%| O|  |TAMS 0x00000000e1d00000, 0x00000000e1c00000| Updating 
| 285|0x00000000e1d00000, 0x00000000e1e00000, 0x00000000e1e00000|100%| O|  |TAMS 0x00000000e1e00000, 0x00000000e1d00000| Untracked 
| 286|0x00000000e1e00000, 0x00000000e1f00000, 0x00000000e1f00000|100%| O|  |TAMS 0x00000000e1f00000, 0x00000000e1e00000| Untracked 
| 287|0x00000000e1f00000, 0x00000000e2000000, 0x00000000e2000000|100%| O|  |TAMS 0x00000000e2000000, 0x00000000e1f00000| Updating 
| 288|0x00000000e2000000, 0x00000000e2100000, 0x00000000e2100000|100%| O|  |TAMS 0x00000000e2100000, 0x00000000e2000000| Updating 
| 289|0x00000000e2100000, 0x00000000e2200000, 0x00000000e2200000|100%| O|  |TAMS 0x00000000e2200000, 0x00000000e2100000| Updating 
| 290|0x00000000e2200000, 0x00000000e2300000, 0x00000000e2300000|100%| O|  |TAMS 0x00000000e2300000, 0x00000000e2200000| Untracked 
| 291|0x00000000e2300000, 0x00000000e2400000, 0x00000000e2400000|100%| O|  |TAMS 0x00000000e2400000, 0x00000000e2300000| Untracked 
| 292|0x00000000e2400000, 0x00000000e2500000, 0x00000000e2500000|100%| O|  |TAMS 0x00000000e2500000, 0x00000000e2400000| Untracked 
| 293|0x00000000e2500000, 0x00000000e2600000, 0x00000000e2600000|100%| O|  |TAMS 0x00000000e2600000, 0x00000000e2500000| Untracked 
| 294|0x00000000e2600000, 0x00000000e2700000, 0x00000000e2700000|100%| O|  |TAMS 0x00000000e2700000, 0x00000000e2600000| Untracked 
| 295|0x00000000e2700000, 0x00000000e2800000, 0x00000000e2800000|100%| O|  |TAMS 0x00000000e2800000, 0x00000000e2700000| Untracked 
| 296|0x00000000e2800000, 0x00000000e2900000, 0x00000000e2900000|100%| O|  |TAMS 0x00000000e2900000, 0x00000000e2800000| Untracked 
| 297|0x00000000e2900000, 0x00000000e2a00000, 0x00000000e2a00000|100%| O|  |TAMS 0x00000000e2a00000, 0x00000000e2900000| Untracked 
| 298|0x00000000e2a00000, 0x00000000e2b00000, 0x00000000e2b00000|100%| O|  |TAMS 0x00000000e2b00000, 0x00000000e2a00000| Untracked 
| 299|0x00000000e2b00000, 0x00000000e2c00000, 0x00000000e2c00000|100%| O|  |TAMS 0x00000000e2c00000, 0x00000000e2b00000| Untracked 
| 300|0x00000000e2c00000, 0x00000000e2c00000, 0x00000000e2d00000|  0%| F|  |TAMS 0x00000000e2c00000, 0x00000000e2c00000| Untracked 
| 301|0x00000000e2d00000, 0x00000000e2d00000, 0x00000000e2e00000|  0%| F|  |TAMS 0x00000000e2d00000, 0x00000000e2d00000| Untracked 
| 302|0x00000000e2e00000, 0x00000000e2f00000, 0x00000000e2f00000|100%| O|  |TAMS 0x00000000e2f00000, 0x00000000e2e00000| Untracked 
| 303|0x00000000e2f00000, 0x00000000e3000000, 0x00000000e3000000|100%| O|  |TAMS 0x00000000e3000000, 0x00000000e2f00000| Untracked 
| 304|0x00000000e3000000, 0x00000000e3100000, 0x00000000e3100000|100%| O|  |TAMS 0x00000000e3100000, 0x00000000e3000000| Untracked 
| 305|0x00000000e3100000, 0x00000000e3200000, 0x00000000e3200000|100%| O|  |TAMS 0x00000000e3200000, 0x00000000e3100000| Untracked 
| 306|0x00000000e3200000, 0x00000000e3300000, 0x00000000e3300000|100%| O|  |TAMS 0x00000000e3300000, 0x00000000e3200000| Updating 
| 307|0x00000000e3300000, 0x00000000e3400000, 0x00000000e3400000|100%| O|  |TAMS 0x00000000e3400000, 0x00000000e3300000| Untracked 
| 308|0x00000000e3400000, 0x00000000e3500000, 0x00000000e3500000|100%| O|  |TAMS 0x00000000e3500000, 0x00000000e3400000| Untracked 
| 309|0x00000000e3500000, 0x00000000e3600000, 0x00000000e3600000|100%| O|  |TAMS 0x00000000e3600000, 0x00000000e3500000| Untracked 
| 310|0x00000000e3600000, 0x00000000e3700000, 0x00000000e3700000|100%| O|  |TAMS 0x00000000e3700000, 0x00000000e3600000| Updating 
| 311|0x00000000e3700000, 0x00000000e3800000, 0x00000000e3800000|100%| O|  |TAMS 0x00000000e3800000, 0x00000000e3700000| Untracked 
| 312|0x00000000e3800000, 0x00000000e3900000, 0x00000000e3900000|100%| O|  |TAMS 0x00000000e3900000, 0x00000000e3800000| Untracked 
| 313|0x00000000e3900000, 0x00000000e3a00000, 0x00000000e3a00000|100%| O|  |TAMS 0x00000000e3a00000, 0x00000000e3900000| Untracked 
| 314|0x00000000e3a00000, 0x00000000e3b00000, 0x00000000e3b00000|100%| O|  |TAMS 0x00000000e3b00000, 0x00000000e3a00000| Untracked 
| 315|0x00000000e3b00000, 0x00000000e3c00000, 0x00000000e3c00000|100%| O|  |TAMS 0x00000000e3c00000, 0x00000000e3b00000| Updating 
| 316|0x00000000e3c00000, 0x00000000e3d00000, 0x00000000e3d00000|100%| O|  |TAMS 0x00000000e3d00000, 0x00000000e3c00000| Updating 
| 317|0x00000000e3d00000, 0x00000000e3e00000, 0x00000000e3e00000|100%| O|  |TAMS 0x00000000e3e00000, 0x00000000e3d00000| Untracked 
| 318|0x00000000e3e00000, 0x00000000e3f00000, 0x00000000e3f00000|100%| O|  |TAMS 0x00000000e3f00000, 0x00000000e3e00000| Untracked 
| 319|0x00000000e3f00000, 0x00000000e4000000, 0x00000000e4000000|100%| O|  |TAMS 0x00000000e4000000, 0x00000000e3f00000| Updating 
| 320|0x00000000e4000000, 0x00000000e4100000, 0x00000000e4100000|100%| O|  |TAMS 0x00000000e4100000, 0x00000000e4000000| Untracked 
| 321|0x00000000e4100000, 0x00000000e4200000, 0x00000000e4200000|100%| O|  |TAMS 0x00000000e4200000, 0x00000000e4100000| Untracked 
| 322|0x00000000e4200000, 0x00000000e4300000, 0x00000000e4300000|100%| O|  |TAMS 0x00000000e4300000, 0x00000000e4200000| Untracked 
| 323|0x00000000e4300000, 0x00000000e4400000, 0x00000000e4400000|100%| O|  |TAMS 0x00000000e4400000, 0x00000000e4300000| Untracked 
| 324|0x00000000e4400000, 0x00000000e4500000, 0x00000000e4500000|100%| O|  |TAMS 0x00000000e4500000, 0x00000000e4400000| Untracked 
| 325|0x00000000e4500000, 0x00000000e4600000, 0x00000000e4600000|100%| O|  |TAMS 0x00000000e4600000, 0x00000000e4500000| Untracked 
| 326|0x00000000e4600000, 0x00000000e4700000, 0x00000000e4700000|100%| O|  |TAMS 0x00000000e4700000, 0x00000000e4600000| Untracked 
| 327|0x00000000e4700000, 0x00000000e4800000, 0x00000000e4800000|100%| O|  |TAMS 0x00000000e4800000, 0x00000000e4700000| Updating 
| 328|0x00000000e4800000, 0x00000000e4900000, 0x00000000e4900000|100%| O|  |TAMS 0x00000000e4900000, 0x00000000e4800000| Untracked 
| 329|0x00000000e4900000, 0x00000000e4a00000, 0x00000000e4a00000|100%| O|  |TAMS 0x00000000e4a00000, 0x00000000e4900000| Updating 
| 330|0x00000000e4a00000, 0x00000000e4b00000, 0x00000000e4b00000|100%| O|  |TAMS 0x00000000e4b00000, 0x00000000e4a00000| Untracked 
| 331|0x00000000e4b00000, 0x00000000e4b00000, 0x00000000e4c00000|  0%| F|  |TAMS 0x00000000e4b00000, 0x00000000e4b00000| Untracked 
| 332|0x00000000e4c00000, 0x00000000e4d00000, 0x00000000e4d00000|100%| O|  |TAMS 0x00000000e4d00000, 0x00000000e4c00000| Untracked 
| 333|0x00000000e4d00000, 0x00000000e4e00000, 0x00000000e4e00000|100%| O|  |TAMS 0x00000000e4e00000, 0x00000000e4d00000| Untracked 
| 334|0x00000000e4e00000, 0x00000000e4f00000, 0x00000000e4f00000|100%| O|  |TAMS 0x00000000e4f00000, 0x00000000e4e00000| Untracked 
| 335|0x00000000e4f00000, 0x00000000e5000000, 0x00000000e5000000|100%| O|  |TAMS 0x00000000e5000000, 0x00000000e4f00000| Untracked 
| 336|0x00000000e5000000, 0x00000000e5100000, 0x00000000e5100000|100%| O|  |TAMS 0x00000000e5100000, 0x00000000e5000000| Untracked 
| 337|0x00000000e5100000, 0x00000000e5200000, 0x00000000e5200000|100%| O|  |TAMS 0x00000000e5200000, 0x00000000e5100000| Untracked 
| 338|0x00000000e5200000, 0x00000000e5300000, 0x00000000e5300000|100%| O|  |TAMS 0x00000000e5300000, 0x00000000e5200000| Untracked 
| 339|0x00000000e5300000, 0x00000000e5400000, 0x00000000e5400000|100%| O|  |TAMS 0x00000000e5400000, 0x00000000e5300000| Untracked 
| 340|0x00000000e5400000, 0x00000000e5500000, 0x00000000e5500000|100%| O|  |TAMS 0x00000000e5500000, 0x00000000e5400000| Untracked 
| 341|0x00000000e5500000, 0x00000000e5600000, 0x00000000e5600000|100%| O|  |TAMS 0x00000000e5600000, 0x00000000e5500000| Untracked 
| 342|0x00000000e5600000, 0x00000000e5700000, 0x00000000e5700000|100%| O|  |TAMS 0x00000000e5700000, 0x00000000e5600000| Untracked 
| 343|0x00000000e5700000, 0x00000000e5800000, 0x00000000e5800000|100%| O|  |TAMS 0x00000000e5800000, 0x00000000e5700000| Untracked 
| 344|0x00000000e5800000, 0x00000000e5900000, 0x00000000e5900000|100%| O|  |TAMS 0x00000000e5900000, 0x00000000e5800000| Untracked 
| 345|0x00000000e5900000, 0x00000000e5a00000, 0x00000000e5a00000|100%| O|  |TAMS 0x00000000e5a00000, 0x00000000e5900000| Untracked 
| 346|0x00000000e5a00000, 0x00000000e5b00000, 0x00000000e5b00000|100%| O|  |TAMS 0x00000000e5b00000, 0x00000000e5a00000| Untracked 
| 347|0x00000000e5b00000, 0x00000000e5c00000, 0x00000000e5c00000|100%| O|  |TAMS 0x00000000e5c00000, 0x00000000e5b00000| Untracked 
| 348|0x00000000e5c00000, 0x00000000e5d00000, 0x00000000e5d00000|100%| O|  |TAMS 0x00000000e5d00000, 0x00000000e5c00000| Untracked 
| 349|0x00000000e5d00000, 0x00000000e5e00000, 0x00000000e5e00000|100%| O|  |TAMS 0x00000000e5e00000, 0x00000000e5d00000| Untracked 
| 350|0x00000000e5e00000, 0x00000000e5f00000, 0x00000000e5f00000|100%| O|  |TAMS 0x00000000e5f00000, 0x00000000e5e00000| Untracked 
| 351|0x00000000e5f00000, 0x00000000e6000000, 0x00000000e6000000|100%| O|  |TAMS 0x00000000e6000000, 0x00000000e5f00000| Untracked 
| 352|0x00000000e6000000, 0x00000000e6100000, 0x00000000e6100000|100%| O|  |TAMS 0x00000000e6100000, 0x00000000e6000000| Untracked 
| 353|0x00000000e6100000, 0x00000000e6200000, 0x00000000e6200000|100%| O|  |TAMS 0x00000000e6200000, 0x00000000e6100000| Untracked 
| 354|0x00000000e6200000, 0x00000000e6300000, 0x00000000e6300000|100%| O|  |TAMS 0x00000000e6300000, 0x00000000e6200000| Untracked 
| 355|0x00000000e6300000, 0x00000000e6400000, 0x00000000e6400000|100%| O|  |TAMS 0x00000000e6400000, 0x00000000e6300000| Untracked 
| 356|0x00000000e6400000, 0x00000000e6500000, 0x00000000e6500000|100%| O|  |TAMS 0x00000000e6500000, 0x00000000e6400000| Updating 
| 357|0x00000000e6500000, 0x00000000e6600000, 0x00000000e6600000|100%| O|  |TAMS 0x00000000e6600000, 0x00000000e6500000| Updating 
| 358|0x00000000e6600000, 0x00000000e6700000, 0x00000000e6700000|100%| O|  |TAMS 0x00000000e6700000, 0x00000000e6600000| Untracked 
| 359|0x00000000e6700000, 0x00000000e6800000, 0x00000000e6800000|100%| O|  |TAMS 0x00000000e6800000, 0x00000000e6700000| Untracked 
| 360|0x00000000e6800000, 0x00000000e6900000, 0x00000000e6900000|100%| O|  |TAMS 0x00000000e6900000, 0x00000000e6800000| Untracked 
| 361|0x00000000e6900000, 0x00000000e6a00000, 0x00000000e6a00000|100%| O|  |TAMS 0x00000000e6a00000, 0x00000000e6900000| Untracked 
| 362|0x00000000e6a00000, 0x00000000e6b00000, 0x00000000e6b00000|100%| O|  |TAMS 0x00000000e6b00000, 0x00000000e6a00000| Updating 
| 363|0x00000000e6b00000, 0x00000000e6c00000, 0x00000000e6c00000|100%| O|  |TAMS 0x00000000e6c00000, 0x00000000e6b00000| Updating 
| 364|0x00000000e6c00000, 0x00000000e6d00000, 0x00000000e6d00000|100%| O|  |TAMS 0x00000000e6d00000, 0x00000000e6c00000| Untracked 
| 365|0x00000000e6d00000, 0x00000000e6e00000, 0x00000000e6e00000|100%| O|  |TAMS 0x00000000e6e00000, 0x00000000e6d00000| Untracked 
| 366|0x00000000e6e00000, 0x00000000e6f00000, 0x00000000e6f00000|100%| O|  |TAMS 0x00000000e6f00000, 0x00000000e6e00000| Untracked 
| 367|0x00000000e6f00000, 0x00000000e7000000, 0x00000000e7000000|100%| O|  |TAMS 0x00000000e7000000, 0x00000000e6f00000| Untracked 
| 368|0x00000000e7000000, 0x00000000e7100000, 0x00000000e7100000|100%| O|  |TAMS 0x00000000e7100000, 0x00000000e7000000| Untracked 
| 369|0x00000000e7100000, 0x00000000e7200000, 0x00000000e7200000|100%| O|  |TAMS 0x00000000e7200000, 0x00000000e7100000| Untracked 
| 370|0x00000000e7200000, 0x00000000e7300000, 0x00000000e7300000|100%| O|  |TAMS 0x00000000e7300000, 0x00000000e7200000| Untracked 
| 371|0x00000000e7300000, 0x00000000e7400000, 0x00000000e7400000|100%| O|  |TAMS 0x00000000e7400000, 0x00000000e7300000| Untracked 
| 372|0x00000000e7400000, 0x00000000e7500000, 0x00000000e7500000|100%| O|  |TAMS 0x00000000e7500000, 0x00000000e7400000| Updating 
| 373|0x00000000e7500000, 0x00000000e7600000, 0x00000000e7600000|100%| O|  |TAMS 0x00000000e7600000, 0x00000000e7500000| Untracked 
| 374|0x00000000e7600000, 0x00000000e7700000, 0x00000000e7700000|100%| O|  |TAMS 0x00000000e7700000, 0x00000000e7600000| Untracked 
| 375|0x00000000e7700000, 0x00000000e7800000, 0x00000000e7800000|100%| O|  |TAMS 0x00000000e7800000, 0x00000000e7700000| Untracked 
| 376|0x00000000e7800000, 0x00000000e7900000, 0x00000000e7900000|100%| O|  |TAMS 0x00000000e7900000, 0x00000000e7800000| Untracked 
| 377|0x00000000e7900000, 0x00000000e7a00000, 0x00000000e7a00000|100%| O|  |TAMS 0x00000000e7a00000, 0x00000000e7900000| Untracked 
| 378|0x00000000e7a00000, 0x00000000e7b00000, 0x00000000e7b00000|100%| O|  |TAMS 0x00000000e7b00000, 0x00000000e7a00000| Untracked 
| 379|0x00000000e7b00000, 0x00000000e7c00000, 0x00000000e7c00000|100%| O|  |TAMS 0x00000000e7c00000, 0x00000000e7b00000| Untracked 
| 380|0x00000000e7c00000, 0x00000000e7d00000, 0x00000000e7d00000|100%| O|  |TAMS 0x00000000e7d00000, 0x00000000e7c00000| Untracked 
| 381|0x00000000e7d00000, 0x00000000e7e00000, 0x00000000e7e00000|100%| O|  |TAMS 0x00000000e7e00000, 0x00000000e7d00000| Untracked 
| 382|0x00000000e7e00000, 0x00000000e7f00000, 0x00000000e7f00000|100%| O|  |TAMS 0x00000000e7f00000, 0x00000000e7e00000| Updating 
| 383|0x00000000e7f00000, 0x00000000e8000000, 0x00000000e8000000|100%| O|  |TAMS 0x00000000e8000000, 0x00000000e7f00000| Untracked 
| 384|0x00000000e8000000, 0x00000000e8100000, 0x00000000e8100000|100%| O|  |TAMS 0x00000000e8100000, 0x00000000e8000000| Untracked 
| 385|0x00000000e8100000, 0x00000000e8200000, 0x00000000e8200000|100%| O|  |TAMS 0x00000000e8200000, 0x00000000e8100000| Untracked 
| 386|0x00000000e8200000, 0x00000000e8300000, 0x00000000e8300000|100%| O|  |TAMS 0x00000000e8300000, 0x00000000e8200000| Untracked 
| 387|0x00000000e8300000, 0x00000000e8400000, 0x00000000e8400000|100%| O|  |TAMS 0x00000000e8400000, 0x00000000e8300000| Untracked 
| 388|0x00000000e8400000, 0x00000000e8500000, 0x00000000e8500000|100%| O|  |TAMS 0x00000000e8500000, 0x00000000e8400000| Untracked 
| 389|0x00000000e8500000, 0x00000000e8600000, 0x00000000e8600000|100%| O|  |TAMS 0x00000000e8600000, 0x00000000e8500000| Untracked 
| 390|0x00000000e8600000, 0x00000000e8700000, 0x00000000e8700000|100%| O|  |TAMS 0x00000000e8700000, 0x00000000e8600000| Untracked 
| 391|0x00000000e8700000, 0x00000000e8800000, 0x00000000e8800000|100%| O|  |TAMS 0x00000000e8800000, 0x00000000e8700000| Untracked 
| 392|0x00000000e8800000, 0x00000000e8900000, 0x00000000e8900000|100%| O|  |TAMS 0x00000000e8900000, 0x00000000e8800000| Untracked 
| 393|0x00000000e8900000, 0x00000000e8a00000, 0x00000000e8a00000|100%| O|  |TAMS 0x00000000e8a00000, 0x00000000e8900000| Untracked 
| 394|0x00000000e8a00000, 0x00000000e8b00000, 0x00000000e8b00000|100%| O|  |TAMS 0x00000000e8b00000, 0x00000000e8a00000| Untracked 
| 395|0x00000000e8b00000, 0x00000000e8c00000, 0x00000000e8c00000|100%| O|  |TAMS 0x00000000e8c00000, 0x00000000e8b00000| Untracked 
| 396|0x00000000e8c00000, 0x00000000e8d00000, 0x00000000e8d00000|100%| O|  |TAMS 0x00000000e8d00000, 0x00000000e8c00000| Untracked 
| 397|0x00000000e8d00000, 0x00000000e8e00000, 0x00000000e8e00000|100%| O|  |TAMS 0x00000000e8e00000, 0x00000000e8d00000| Untracked 
| 398|0x00000000e8e00000, 0x00000000e8f00000, 0x00000000e8f00000|100%| O|  |TAMS 0x00000000e8f00000, 0x00000000e8e00000| Untracked 
| 399|0x00000000e8f00000, 0x00000000e9000000, 0x00000000e9000000|100%| O|  |TAMS 0x00000000e9000000, 0x00000000e8f00000| Untracked 
| 400|0x00000000e9000000, 0x00000000e9100000, 0x00000000e9100000|100%| O|  |TAMS 0x00000000e9100000, 0x00000000e9000000| Untracked 
| 401|0x00000000e9100000, 0x00000000e9100000, 0x00000000e9200000|  0%| F|  |TAMS 0x00000000e9100000, 0x00000000e9100000| Untracked 
| 402|0x00000000e9200000, 0x00000000e9200000, 0x00000000e9300000|  0%| F|  |TAMS 0x00000000e9200000, 0x00000000e9200000| Untracked 
| 403|0x00000000e9300000, 0x00000000e9300000, 0x00000000e9400000|  0%| F|  |TAMS 0x00000000e9300000, 0x00000000e9300000| Untracked 
| 404|0x00000000e9400000, 0x00000000e9400000, 0x00000000e9500000|  0%| F|  |TAMS 0x00000000e9400000, 0x00000000e9400000| Untracked 
| 405|0x00000000e9500000, 0x00000000e9600000, 0x00000000e9600000|100%| O|  |TAMS 0x00000000e9600000, 0x00000000e9500000| Untracked 
| 406|0x00000000e9600000, 0x00000000e9700000, 0x00000000e9700000|100%| O|  |TAMS 0x00000000e9700000, 0x00000000e9600000| Untracked 
| 407|0x00000000e9700000, 0x00000000e9800000, 0x00000000e9800000|100%| O|  |TAMS 0x00000000e9800000, 0x00000000e9700000| Untracked 
| 408|0x00000000e9800000, 0x00000000e9900000, 0x00000000e9900000|100%| O|  |TAMS 0x00000000e9900000, 0x00000000e9800000| Untracked 
| 409|0x00000000e9900000, 0x00000000e9a00000, 0x00000000e9a00000|100%| O|  |TAMS 0x00000000e9a00000, 0x00000000e9900000| Untracked 
| 410|0x00000000e9a00000, 0x00000000e9b00000, 0x00000000e9b00000|100%| O|  |TAMS 0x00000000e9b00000, 0x00000000e9a00000| Untracked 
| 411|0x00000000e9b00000, 0x00000000e9c00000, 0x00000000e9c00000|100%| O|  |TAMS 0x00000000e9c00000, 0x00000000e9b00000| Untracked 
| 412|0x00000000e9c00000, 0x00000000e9d00000, 0x00000000e9d00000|100%| O|  |TAMS 0x00000000e9d00000, 0x00000000e9c00000| Untracked 
| 413|0x00000000e9d00000, 0x00000000e9e00000, 0x00000000e9e00000|100%| O|  |TAMS 0x00000000e9e00000, 0x00000000e9d00000| Untracked 
| 414|0x00000000e9e00000, 0x00000000e9f00000, 0x00000000e9f00000|100%| O|  |TAMS 0x00000000e9f00000, 0x00000000e9e00000| Untracked 
| 415|0x00000000e9f00000, 0x00000000ea000000, 0x00000000ea000000|100%| O|  |TAMS 0x00000000ea000000, 0x00000000e9f00000| Untracked 
| 416|0x00000000ea000000, 0x00000000ea100000, 0x00000000ea100000|100%| O|  |TAMS 0x00000000ea100000, 0x00000000ea000000| Untracked 
| 417|0x00000000ea100000, 0x00000000ea200000, 0x00000000ea200000|100%| O|  |TAMS 0x00000000ea200000, 0x00000000ea100000| Untracked 
| 418|0x00000000ea200000, 0x00000000ea300000, 0x00000000ea300000|100%| O|  |TAMS 0x00000000ea300000, 0x00000000ea200000| Untracked 
| 419|0x00000000ea300000, 0x00000000ea400000, 0x00000000ea400000|100%| O|  |TAMS 0x00000000ea400000, 0x00000000ea300000| Untracked 
| 420|0x00000000ea400000, 0x00000000ea500000, 0x00000000ea500000|100%| O|  |TAMS 0x00000000ea500000, 0x00000000ea400000| Untracked 
| 421|0x00000000ea500000, 0x00000000ea600000, 0x00000000ea600000|100%| O|  |TAMS 0x00000000ea600000, 0x00000000ea500000| Untracked 
| 422|0x00000000ea600000, 0x00000000ea700000, 0x00000000ea700000|100%| O|  |TAMS 0x00000000ea700000, 0x00000000ea600000| Untracked 
| 423|0x00000000ea700000, 0x00000000ea800000, 0x00000000ea800000|100%| O|  |TAMS 0x00000000ea800000, 0x00000000ea700000| Untracked 
| 424|0x00000000ea800000, 0x00000000ea900000, 0x00000000ea900000|100%| O|  |TAMS 0x00000000ea900000, 0x00000000ea800000| Untracked 
| 425|0x00000000ea900000, 0x00000000eaa00000, 0x00000000eaa00000|100%| O|  |TAMS 0x00000000eaa00000, 0x00000000ea900000| Updating 
| 426|0x00000000eaa00000, 0x00000000eab00000, 0x00000000eab00000|100%| O|  |TAMS 0x00000000eab00000, 0x00000000eaa00000| Updating 
| 427|0x00000000eab00000, 0x00000000eac00000, 0x00000000eac00000|100%| O|  |TAMS 0x00000000eac00000, 0x00000000eab00000| Updating 
| 428|0x00000000eac00000, 0x00000000ead00000, 0x00000000ead00000|100%| O|  |TAMS 0x00000000ead00000, 0x00000000eac00000| Untracked 
| 429|0x00000000ead00000, 0x00000000eae00000, 0x00000000eae00000|100%| O|  |TAMS 0x00000000eae00000, 0x00000000ead00000| Untracked 
| 430|0x00000000eae00000, 0x00000000eaf00000, 0x00000000eaf00000|100%| O|  |TAMS 0x00000000eaf00000, 0x00000000eae00000| Untracked 
| 431|0x00000000eaf00000, 0x00000000eb000000, 0x00000000eb000000|100%| O|  |TAMS 0x00000000eb000000, 0x00000000eaf00000| Updating 
| 432|0x00000000eb000000, 0x00000000eb100000, 0x00000000eb100000|100%| O|  |TAMS 0x00000000eb100000, 0x00000000eb000000| Updating 
| 433|0x00000000eb100000, 0x00000000eb200000, 0x00000000eb200000|100%| O|  |TAMS 0x00000000eb200000, 0x00000000eb100000| Updating 
| 434|0x00000000eb200000, 0x00000000eb300000, 0x00000000eb300000|100%| O|  |TAMS 0x00000000eb280000, 0x00000000eb200000| Updating 
| 435|0x00000000eb300000, 0x00000000eb400000, 0x00000000eb400000|100%| O|  |TAMS 0x00000000eb300000, 0x00000000eb300000| Untracked 
| 436|0x00000000eb400000, 0x00000000eb500000, 0x00000000eb500000|100%| O|  |TAMS 0x00000000eb400000, 0x00000000eb400000| Untracked 
| 437|0x00000000eb500000, 0x00000000eb600000, 0x00000000eb600000|100%|HS|  |TAMS 0x00000000eb500000, 0x00000000eb500000| Complete 
| 438|0x00000000eb600000, 0x00000000eb600000, 0x00000000eb700000|  0%| F|  |TAMS 0x00000000eb600000, 0x00000000eb600000| Untracked 
| 439|0x00000000eb700000, 0x00000000eb700000, 0x00000000eb800000|  0%| F|  |TAMS 0x00000000eb700000, 0x00000000eb700000| Untracked 
| 440|0x00000000eb800000, 0x00000000eb800000, 0x00000000eb900000|  0%| F|  |TAMS 0x00000000eb800000, 0x00000000eb800000| Untracked 
| 441|0x00000000eb900000, 0x00000000eb900000, 0x00000000eba00000|  0%| F|  |TAMS 0x00000000eb900000, 0x00000000eb900000| Untracked 
| 442|0x00000000eba00000, 0x00000000eba00000, 0x00000000ebb00000|  0%| F|  |TAMS 0x00000000eba00000, 0x00000000eba00000| Untracked 
| 443|0x00000000ebb00000, 0x00000000ebb00000, 0x00000000ebc00000|  0%| F|  |TAMS 0x00000000ebb00000, 0x00000000ebb00000| Untracked 
| 444|0x00000000ebc00000, 0x00000000ebc00000, 0x00000000ebd00000|  0%| F|  |TAMS 0x00000000ebc00000, 0x00000000ebc00000| Untracked 
| 445|0x00000000ebd00000, 0x00000000ebd00000, 0x00000000ebe00000|  0%| F|  |TAMS 0x00000000ebd00000, 0x00000000ebd00000| Untracked 
| 446|0x00000000ebe00000, 0x00000000ebe00000, 0x00000000ebf00000|  0%| F|  |TAMS 0x00000000ebe00000, 0x00000000ebe00000| Untracked 
| 447|0x00000000ebf00000, 0x00000000ebf00000, 0x00000000ec000000|  0%| F|  |TAMS 0x00000000ebf00000, 0x00000000ebf00000| Untracked 
| 448|0x00000000ec000000, 0x00000000ec000000, 0x00000000ec100000|  0%| F|  |TAMS 0x00000000ec000000, 0x00000000ec000000| Untracked 
| 449|0x00000000ec100000, 0x00000000ec100000, 0x00000000ec200000|  0%| F|  |TAMS 0x00000000ec100000, 0x00000000ec100000| Untracked 
| 450|0x00000000ec200000, 0x00000000ec200000, 0x00000000ec300000|  0%| F|  |TAMS 0x00000000ec200000, 0x00000000ec200000| Untracked 
| 451|0x00000000ec300000, 0x00000000ec300000, 0x00000000ec400000|  0%| F|  |TAMS 0x00000000ec300000, 0x00000000ec300000| Untracked 
| 452|0x00000000ec400000, 0x00000000ec400000, 0x00000000ec500000|  0%| F|  |TAMS 0x00000000ec400000, 0x00000000ec400000| Untracked 
| 453|0x00000000ec500000, 0x00000000ec500000, 0x00000000ec600000|  0%| F|  |TAMS 0x00000000ec500000, 0x00000000ec500000| Untracked 
| 454|0x00000000ec600000, 0x00000000ec600000, 0x00000000ec700000|  0%| F|  |TAMS 0x00000000ec600000, 0x00000000ec600000| Untracked 
| 455|0x00000000ec700000, 0x00000000ec700000, 0x00000000ec800000|  0%| F|  |TAMS 0x00000000ec700000, 0x00000000ec700000| Untracked 
| 456|0x00000000ec800000, 0x00000000ec800000, 0x00000000ec900000|  0%| F|  |TAMS 0x00000000ec800000, 0x00000000ec800000| Untracked 
| 457|0x00000000ec900000, 0x00000000ec900000, 0x00000000eca00000|  0%| F|  |TAMS 0x00000000ec900000, 0x00000000ec900000| Untracked 
| 458|0x00000000eca00000, 0x00000000eca00000, 0x00000000ecb00000|  0%| F|  |TAMS 0x00000000eca00000, 0x00000000eca00000| Untracked 
| 459|0x00000000ecb00000, 0x00000000ecb00000, 0x00000000ecc00000|  0%| F|  |TAMS 0x00000000ecb00000, 0x00000000ecb00000| Untracked 
| 460|0x00000000ecc00000, 0x00000000ecc00000, 0x00000000ecd00000|  0%| F|  |TAMS 0x00000000ecc00000, 0x00000000ecc00000| Untracked 
| 461|0x00000000ecd00000, 0x00000000ecd00000, 0x00000000ece00000|  0%| F|  |TAMS 0x00000000ecd00000, 0x00000000ecd00000| Untracked 
| 462|0x00000000ece00000, 0x00000000ece00000, 0x00000000ecf00000|  0%| F|  |TAMS 0x00000000ece00000, 0x00000000ece00000| Untracked 
| 463|0x00000000ecf00000, 0x00000000ecf00000, 0x00000000ed000000|  0%| F|  |TAMS 0x00000000ecf00000, 0x00000000ecf00000| Untracked 
| 464|0x00000000ed000000, 0x00000000ed000000, 0x00000000ed100000|  0%| F|  |TAMS 0x00000000ed000000, 0x00000000ed000000| Untracked 
| 465|0x00000000ed100000, 0x00000000ed100000, 0x00000000ed200000|  0%| F|  |TAMS 0x00000000ed100000, 0x00000000ed100000| Untracked 
| 466|0x00000000ed200000, 0x00000000ed200000, 0x00000000ed300000|  0%| F|  |TAMS 0x00000000ed200000, 0x00000000ed200000| Untracked 
| 467|0x00000000ed300000, 0x00000000ed300000, 0x00000000ed400000|  0%| F|  |TAMS 0x00000000ed300000, 0x00000000ed300000| Untracked 
| 468|0x00000000ed400000, 0x00000000ed400000, 0x00000000ed500000|  0%| F|  |TAMS 0x00000000ed400000, 0x00000000ed400000| Untracked 
| 469|0x00000000ed500000, 0x00000000ed500000, 0x00000000ed600000|  0%| F|  |TAMS 0x00000000ed500000, 0x00000000ed500000| Untracked 
| 470|0x00000000ed600000, 0x00000000ed600000, 0x00000000ed700000|  0%| F|  |TAMS 0x00000000ed600000, 0x00000000ed600000| Untracked 
| 471|0x00000000ed700000, 0x00000000ed700000, 0x00000000ed800000|  0%| F|  |TAMS 0x00000000ed700000, 0x00000000ed700000| Untracked 
| 472|0x00000000ed800000, 0x00000000ed800000, 0x00000000ed900000|  0%| F|  |TAMS 0x00000000ed800000, 0x00000000ed800000| Untracked 
| 473|0x00000000ed900000, 0x00000000ed900000, 0x00000000eda00000|  0%| F|  |TAMS 0x00000000ed900000, 0x00000000ed900000| Untracked 
| 474|0x00000000eda00000, 0x00000000eda00000, 0x00000000edb00000|  0%| F|  |TAMS 0x00000000eda00000, 0x00000000eda00000| Untracked 
| 475|0x00000000edb00000, 0x00000000edb00000, 0x00000000edc00000|  0%| F|  |TAMS 0x00000000edb00000, 0x00000000edb00000| Untracked 
| 476|0x00000000edc00000, 0x00000000edc00000, 0x00000000edd00000|  0%| F|  |TAMS 0x00000000edc00000, 0x00000000edc00000| Untracked 
| 477|0x00000000edd00000, 0x00000000edd00000, 0x00000000ede00000|  0%| F|  |TAMS 0x00000000edd00000, 0x00000000edd00000| Untracked 
| 478|0x00000000ede00000, 0x00000000ede00000, 0x00000000edf00000|  0%| F|  |TAMS 0x00000000ede00000, 0x00000000ede00000| Untracked 
| 479|0x00000000edf00000, 0x00000000edf00000, 0x00000000ee000000|  0%| F|  |TAMS 0x00000000edf00000, 0x00000000edf00000| Untracked 
| 480|0x00000000ee000000, 0x00000000ee000000, 0x00000000ee100000|  0%| F|  |TAMS 0x00000000ee000000, 0x00000000ee000000| Untracked 
| 481|0x00000000ee100000, 0x00000000ee100000, 0x00000000ee200000|  0%| F|  |TAMS 0x00000000ee100000, 0x00000000ee100000| Untracked 
| 482|0x00000000ee200000, 0x00000000ee200000, 0x00000000ee300000|  0%| F|  |TAMS 0x00000000ee200000, 0x00000000ee200000| Untracked 
| 483|0x00000000ee300000, 0x00000000ee300000, 0x00000000ee400000|  0%| F|  |TAMS 0x00000000ee300000, 0x00000000ee300000| Untracked 
| 484|0x00000000ee400000, 0x00000000ee400000, 0x00000000ee500000|  0%| F|  |TAMS 0x00000000ee400000, 0x00000000ee400000| Untracked 
| 485|0x00000000ee500000, 0x00000000ee500000, 0x00000000ee600000|  0%| F|  |TAMS 0x00000000ee500000, 0x00000000ee500000| Untracked 
| 486|0x00000000ee600000, 0x00000000ee600000, 0x00000000ee700000|  0%| F|  |TAMS 0x00000000ee600000, 0x00000000ee600000| Untracked 
| 487|0x00000000ee700000, 0x00000000ee700000, 0x00000000ee800000|  0%| F|  |TAMS 0x00000000ee700000, 0x00000000ee700000| Untracked 
| 488|0x00000000ee800000, 0x00000000ee800000, 0x00000000ee900000|  0%| F|  |TAMS 0x00000000ee800000, 0x00000000ee800000| Untracked 
| 489|0x00000000ee900000, 0x00000000ee900000, 0x00000000eea00000|  0%| F|  |TAMS 0x00000000ee900000, 0x00000000ee900000| Untracked 
| 490|0x00000000eea00000, 0x00000000eea00000, 0x00000000eeb00000|  0%| F|  |TAMS 0x00000000eea00000, 0x00000000eea00000| Untracked 
| 491|0x00000000eeb00000, 0x00000000eeb00000, 0x00000000eec00000|  0%| F|  |TAMS 0x00000000eeb00000, 0x00000000eeb00000| Untracked 
| 492|0x00000000eec00000, 0x00000000eec00000, 0x00000000eed00000|  0%| F|  |TAMS 0x00000000eec00000, 0x00000000eec00000| Untracked 
| 493|0x00000000eed00000, 0x00000000eed00000, 0x00000000eee00000|  0%| F|  |TAMS 0x00000000eed00000, 0x00000000eed00000| Untracked 
| 494|0x00000000eee00000, 0x00000000eee00000, 0x00000000eef00000|  0%| F|  |TAMS 0x00000000eee00000, 0x00000000eee00000| Untracked 
| 495|0x00000000eef00000, 0x00000000eef00000, 0x00000000ef000000|  0%| F|  |TAMS 0x00000000eef00000, 0x00000000eef00000| Untracked 
| 496|0x00000000ef000000, 0x00000000ef000000, 0x00000000ef100000|  0%| F|  |TAMS 0x00000000ef000000, 0x00000000ef000000| Untracked 
| 497|0x00000000ef100000, 0x00000000ef100000, 0x00000000ef200000|  0%| F|  |TAMS 0x00000000ef100000, 0x00000000ef100000| Untracked 
| 498|0x00000000ef200000, 0x00000000ef200000, 0x00000000ef300000|  0%| F|  |TAMS 0x00000000ef200000, 0x00000000ef200000| Untracked 
| 499|0x00000000ef300000, 0x00000000ef300000, 0x00000000ef400000|  0%| F|  |TAMS 0x00000000ef300000, 0x00000000ef300000| Untracked 
| 500|0x00000000ef400000, 0x00000000ef400000, 0x00000000ef500000|  0%| F|  |TAMS 0x00000000ef400000, 0x00000000ef400000| Untracked 
| 501|0x00000000ef500000, 0x00000000ef500000, 0x00000000ef600000|  0%| F|  |TAMS 0x00000000ef500000, 0x00000000ef500000| Untracked 
| 502|0x00000000ef600000, 0x00000000ef600000, 0x00000000ef700000|  0%| F|  |TAMS 0x00000000ef600000, 0x00000000ef600000| Untracked 
| 503|0x00000000ef700000, 0x00000000ef700000, 0x00000000ef800000|  0%| F|  |TAMS 0x00000000ef700000, 0x00000000ef700000| Untracked 
| 504|0x00000000ef800000, 0x00000000ef800000, 0x00000000ef900000|  0%| F|  |TAMS 0x00000000ef800000, 0x00000000ef800000| Untracked 
| 505|0x00000000ef900000, 0x00000000ef900000, 0x00000000efa00000|  0%| F|  |TAMS 0x00000000ef900000, 0x00000000ef900000| Untracked 
| 506|0x00000000efa00000, 0x00000000efa00000, 0x00000000efb00000|  0%| F|  |TAMS 0x00000000efa00000, 0x00000000efa00000| Untracked 
| 507|0x00000000efb00000, 0x00000000efb00000, 0x00000000efc00000|  0%| F|  |TAMS 0x00000000efb00000, 0x00000000efb00000| Untracked 
| 508|0x00000000efc00000, 0x00000000efc00000, 0x00000000efd00000|  0%| F|  |TAMS 0x00000000efc00000, 0x00000000efc00000| Untracked 
| 509|0x00000000efd00000, 0x00000000efd00000, 0x00000000efe00000|  0%| F|  |TAMS 0x00000000efd00000, 0x00000000efd00000| Untracked 
| 510|0x00000000efe00000, 0x00000000efe00000, 0x00000000eff00000|  0%| F|  |TAMS 0x00000000efe00000, 0x00000000efe00000| Untracked 
| 511|0x00000000eff00000, 0x00000000eff00000, 0x00000000f0000000|  0%| F|  |TAMS 0x00000000eff00000, 0x00000000eff00000| Untracked 
| 512|0x00000000f0000000, 0x00000000f0000000, 0x00000000f0100000|  0%| F|  |TAMS 0x00000000f0000000, 0x00000000f0000000| Untracked 
| 513|0x00000000f0100000, 0x00000000f0100000, 0x00000000f0200000|  0%| F|  |TAMS 0x00000000f0100000, 0x00000000f0100000| Untracked 
| 514|0x00000000f0200000, 0x00000000f0200000, 0x00000000f0300000|  0%| F|  |TAMS 0x00000000f0200000, 0x00000000f0200000| Untracked 
| 515|0x00000000f0300000, 0x00000000f0300000, 0x00000000f0400000|  0%| F|  |TAMS 0x00000000f0300000, 0x00000000f0300000| Untracked 
| 516|0x00000000f0400000, 0x00000000f0400000, 0x00000000f0500000|  0%| F|  |TAMS 0x00000000f0400000, 0x00000000f0400000| Untracked 
| 517|0x00000000f0500000, 0x00000000f0500000, 0x00000000f0600000|  0%| F|  |TAMS 0x00000000f0500000, 0x00000000f0500000| Untracked 
| 518|0x00000000f0600000, 0x00000000f0600000, 0x00000000f0700000|  0%| F|  |TAMS 0x00000000f0600000, 0x00000000f0600000| Untracked 
| 519|0x00000000f0700000, 0x00000000f0700000, 0x00000000f0800000|  0%| F|  |TAMS 0x00000000f0700000, 0x00000000f0700000| Untracked 
| 520|0x00000000f0800000, 0x00000000f0800000, 0x00000000f0900000|  0%| F|  |TAMS 0x00000000f0800000, 0x00000000f0800000| Untracked 
| 521|0x00000000f0900000, 0x00000000f0900000, 0x00000000f0a00000|  0%| F|  |TAMS 0x00000000f0900000, 0x00000000f0900000| Untracked 
| 522|0x00000000f0a00000, 0x00000000f0a00000, 0x00000000f0b00000|  0%| F|  |TAMS 0x00000000f0a00000, 0x00000000f0a00000| Untracked 
| 523|0x00000000f0b00000, 0x00000000f0b00000, 0x00000000f0c00000|  0%| F|  |TAMS 0x00000000f0b00000, 0x00000000f0b00000| Untracked 
| 524|0x00000000f0c00000, 0x00000000f0c00000, 0x00000000f0d00000|  0%| F|  |TAMS 0x00000000f0c00000, 0x00000000f0c00000| Untracked 
| 525|0x00000000f0d00000, 0x00000000f0d00000, 0x00000000f0e00000|  0%| F|  |TAMS 0x00000000f0d00000, 0x00000000f0d00000| Untracked 
| 526|0x00000000f0e00000, 0x00000000f0e00000, 0x00000000f0f00000|  0%| F|  |TAMS 0x00000000f0e00000, 0x00000000f0e00000| Untracked 
| 527|0x00000000f0f00000, 0x00000000f0f00000, 0x00000000f1000000|  0%| F|  |TAMS 0x00000000f0f00000, 0x00000000f0f00000| Untracked 
| 528|0x00000000f1000000, 0x00000000f1000000, 0x00000000f1100000|  0%| F|  |TAMS 0x00000000f1000000, 0x00000000f1000000| Untracked 
| 529|0x00000000f1100000, 0x00000000f1100000, 0x00000000f1200000|  0%| F|  |TAMS 0x00000000f1100000, 0x00000000f1100000| Untracked 
| 530|0x00000000f1200000, 0x00000000f1200000, 0x00000000f1300000|  0%| F|  |TAMS 0x00000000f1200000, 0x00000000f1200000| Untracked 
| 531|0x00000000f1300000, 0x00000000f1300000, 0x00000000f1400000|  0%| F|  |TAMS 0x00000000f1300000, 0x00000000f1300000| Untracked 
| 532|0x00000000f1400000, 0x00000000f1400000, 0x00000000f1500000|  0%| F|  |TAMS 0x00000000f1400000, 0x00000000f1400000| Untracked 
| 533|0x00000000f1500000, 0x00000000f1500000, 0x00000000f1600000|  0%| F|  |TAMS 0x00000000f1500000, 0x00000000f1500000| Untracked 
| 534|0x00000000f1600000, 0x00000000f1600000, 0x00000000f1700000|  0%| F|  |TAMS 0x00000000f1600000, 0x00000000f1600000| Untracked 
| 535|0x00000000f1700000, 0x00000000f1700000, 0x00000000f1800000|  0%| F|  |TAMS 0x00000000f1700000, 0x00000000f1700000| Untracked 
| 536|0x00000000f1800000, 0x00000000f1800000, 0x00000000f1900000|  0%| F|  |TAMS 0x00000000f1800000, 0x00000000f1800000| Untracked 
| 537|0x00000000f1900000, 0x00000000f1900000, 0x00000000f1a00000|  0%| F|  |TAMS 0x00000000f1900000, 0x00000000f1900000| Untracked 
| 538|0x00000000f1a00000, 0x00000000f1a00000, 0x00000000f1b00000|  0%| F|  |TAMS 0x00000000f1a00000, 0x00000000f1a00000| Untracked 
| 539|0x00000000f1b00000, 0x00000000f1b00000, 0x00000000f1c00000|  0%| F|  |TAMS 0x00000000f1b00000, 0x00000000f1b00000| Untracked 
| 540|0x00000000f1c00000, 0x00000000f1c00000, 0x00000000f1d00000|  0%| F|  |TAMS 0x00000000f1c00000, 0x00000000f1c00000| Untracked 
| 541|0x00000000f1d00000, 0x00000000f1d00000, 0x00000000f1e00000|  0%| F|  |TAMS 0x00000000f1d00000, 0x00000000f1d00000| Untracked 
| 542|0x00000000f1e00000, 0x00000000f1e00000, 0x00000000f1f00000|  0%| F|  |TAMS 0x00000000f1e00000, 0x00000000f1e00000| Untracked 
| 543|0x00000000f1f00000, 0x00000000f1f00000, 0x00000000f2000000|  0%| F|  |TAMS 0x00000000f1f00000, 0x00000000f1f00000| Untracked 
| 544|0x00000000f2000000, 0x00000000f2000000, 0x00000000f2100000|  0%| F|  |TAMS 0x00000000f2000000, 0x00000000f2000000| Untracked 
| 545|0x00000000f2100000, 0x00000000f2100000, 0x00000000f2200000|  0%| F|  |TAMS 0x00000000f2100000, 0x00000000f2100000| Untracked 
| 546|0x00000000f2200000, 0x00000000f2200000, 0x00000000f2300000|  0%| F|  |TAMS 0x00000000f2200000, 0x00000000f2200000| Untracked 
| 547|0x00000000f2300000, 0x00000000f2300000, 0x00000000f2400000|  0%| F|  |TAMS 0x00000000f2300000, 0x00000000f2300000| Untracked 
| 548|0x00000000f2400000, 0x00000000f2400000, 0x00000000f2500000|  0%| F|  |TAMS 0x00000000f2400000, 0x00000000f2400000| Untracked 
| 549|0x00000000f2500000, 0x00000000f2500000, 0x00000000f2600000|  0%| F|  |TAMS 0x00000000f2500000, 0x00000000f2500000| Untracked 
| 550|0x00000000f2600000, 0x00000000f2600000, 0x00000000f2700000|  0%| F|  |TAMS 0x00000000f2600000, 0x00000000f2600000| Untracked 
| 551|0x00000000f2700000, 0x00000000f2700000, 0x00000000f2800000|  0%| F|  |TAMS 0x00000000f2700000, 0x00000000f2700000| Untracked 
| 552|0x00000000f2800000, 0x00000000f2800000, 0x00000000f2900000|  0%| F|  |TAMS 0x00000000f2800000, 0x00000000f2800000| Untracked 
| 553|0x00000000f2900000, 0x00000000f2900000, 0x00000000f2a00000|  0%| F|  |TAMS 0x00000000f2900000, 0x00000000f2900000| Untracked 
| 554|0x00000000f2a00000, 0x00000000f2a00000, 0x00000000f2b00000|  0%| F|  |TAMS 0x00000000f2a00000, 0x00000000f2a00000| Untracked 
| 555|0x00000000f2b00000, 0x00000000f2b00000, 0x00000000f2c00000|  0%| F|  |TAMS 0x00000000f2b00000, 0x00000000f2b00000| Untracked 
| 556|0x00000000f2c00000, 0x00000000f2c00000, 0x00000000f2d00000|  0%| F|  |TAMS 0x00000000f2c00000, 0x00000000f2c00000| Untracked 
| 557|0x00000000f2d00000, 0x00000000f2d00000, 0x00000000f2e00000|  0%| F|  |TAMS 0x00000000f2d00000, 0x00000000f2d00000| Untracked 
| 558|0x00000000f2e00000, 0x00000000f2e00000, 0x00000000f2f00000|  0%| F|  |TAMS 0x00000000f2e00000, 0x00000000f2e00000| Untracked 
| 559|0x00000000f2f00000, 0x00000000f2f00000, 0x00000000f3000000|  0%| F|  |TAMS 0x00000000f2f00000, 0x00000000f2f00000| Untracked 
| 560|0x00000000f3000000, 0x00000000f3000000, 0x00000000f3100000|  0%| F|  |TAMS 0x00000000f3000000, 0x00000000f3000000| Untracked 
| 561|0x00000000f3100000, 0x00000000f3100000, 0x00000000f3200000|  0%| F|  |TAMS 0x00000000f3100000, 0x00000000f3100000| Untracked 
| 562|0x00000000f3200000, 0x00000000f3200000, 0x00000000f3300000|  0%| F|  |TAMS 0x00000000f3200000, 0x00000000f3200000| Untracked 
| 563|0x00000000f3300000, 0x00000000f3300000, 0x00000000f3400000|  0%| F|  |TAMS 0x00000000f3300000, 0x00000000f3300000| Untracked 
| 564|0x00000000f3400000, 0x00000000f3400000, 0x00000000f3500000|  0%| F|  |TAMS 0x00000000f3400000, 0x00000000f3400000| Untracked 
| 565|0x00000000f3500000, 0x00000000f3500000, 0x00000000f3600000|  0%| F|  |TAMS 0x00000000f3500000, 0x00000000f3500000| Untracked 
| 566|0x00000000f3600000, 0x00000000f3600000, 0x00000000f3700000|  0%| F|  |TAMS 0x00000000f3600000, 0x00000000f3600000| Untracked 
| 567|0x00000000f3700000, 0x00000000f3700000, 0x00000000f3800000|  0%| F|  |TAMS 0x00000000f3700000, 0x00000000f3700000| Untracked 
| 568|0x00000000f3800000, 0x00000000f3800000, 0x00000000f3900000|  0%| F|  |TAMS 0x00000000f3800000, 0x00000000f3800000| Untracked 
| 569|0x00000000f3900000, 0x00000000f3900000, 0x00000000f3a00000|  0%| F|  |TAMS 0x00000000f3900000, 0x00000000f3900000| Untracked 
| 570|0x00000000f3a00000, 0x00000000f3a00000, 0x00000000f3b00000|  0%| F|  |TAMS 0x00000000f3a00000, 0x00000000f3a00000| Untracked 
| 571|0x00000000f3b00000, 0x00000000f3b00000, 0x00000000f3c00000|  0%| F|  |TAMS 0x00000000f3b00000, 0x00000000f3b00000| Untracked 
| 572|0x00000000f3c00000, 0x00000000f3c00000, 0x00000000f3d00000|  0%| F|  |TAMS 0x00000000f3c00000, 0x00000000f3c00000| Untracked 
| 573|0x00000000f3d00000, 0x00000000f3d00000, 0x00000000f3e00000|  0%| F|  |TAMS 0x00000000f3d00000, 0x00000000f3d00000| Untracked 
| 574|0x00000000f3e00000, 0x00000000f3e00000, 0x00000000f3f00000|  0%| F|  |TAMS 0x00000000f3e00000, 0x00000000f3e00000| Untracked 
| 575|0x00000000f3f00000, 0x00000000f3f00000, 0x00000000f4000000|  0%| F|  |TAMS 0x00000000f3f00000, 0x00000000f3f00000| Untracked 
| 576|0x00000000f4000000, 0x00000000f4000000, 0x00000000f4100000|  0%| F|  |TAMS 0x00000000f4000000, 0x00000000f4000000| Untracked 
| 577|0x00000000f4100000, 0x00000000f4100000, 0x00000000f4200000|  0%| F|  |TAMS 0x00000000f4100000, 0x00000000f4100000| Untracked 
| 578|0x00000000f4200000, 0x00000000f4200000, 0x00000000f4300000|  0%| F|  |TAMS 0x00000000f4200000, 0x00000000f4200000| Untracked 
| 579|0x00000000f4300000, 0x00000000f4300000, 0x00000000f4400000|  0%| F|  |TAMS 0x00000000f4300000, 0x00000000f4300000| Untracked 
| 580|0x00000000f4400000, 0x00000000f4400000, 0x00000000f4500000|  0%| F|  |TAMS 0x00000000f4400000, 0x00000000f4400000| Untracked 
| 581|0x00000000f4500000, 0x00000000f4500000, 0x00000000f4600000|  0%| F|  |TAMS 0x00000000f4500000, 0x00000000f4500000| Untracked 
| 582|0x00000000f4600000, 0x00000000f4600000, 0x00000000f4700000|  0%| F|  |TAMS 0x00000000f4600000, 0x00000000f4600000| Untracked 
| 583|0x00000000f4700000, 0x00000000f4700000, 0x00000000f4800000|  0%| F|  |TAMS 0x00000000f4700000, 0x00000000f4700000| Untracked 
| 584|0x00000000f4800000, 0x00000000f4800000, 0x00000000f4900000|  0%| F|  |TAMS 0x00000000f4800000, 0x00000000f4800000| Untracked 
| 585|0x00000000f4900000, 0x00000000f4900000, 0x00000000f4a00000|  0%| F|  |TAMS 0x00000000f4900000, 0x00000000f4900000| Untracked 
| 586|0x00000000f4a00000, 0x00000000f4a00000, 0x00000000f4b00000|  0%| F|  |TAMS 0x00000000f4a00000, 0x00000000f4a00000| Untracked 
| 587|0x00000000f4b00000, 0x00000000f4b00000, 0x00000000f4c00000|  0%| F|  |TAMS 0x00000000f4b00000, 0x00000000f4b00000| Untracked 
| 588|0x00000000f4c00000, 0x00000000f4c00000, 0x00000000f4d00000|  0%| F|  |TAMS 0x00000000f4c00000, 0x00000000f4c00000| Untracked 
| 589|0x00000000f4d00000, 0x00000000f4d00000, 0x00000000f4e00000|  0%| F|  |TAMS 0x00000000f4d00000, 0x00000000f4d00000| Untracked 
| 590|0x00000000f4e00000, 0x00000000f4e00000, 0x00000000f4f00000|  0%| F|  |TAMS 0x00000000f4e00000, 0x00000000f4e00000| Untracked 
| 591|0x00000000f4f00000, 0x00000000f4f00000, 0x00000000f5000000|  0%| F|  |TAMS 0x00000000f4f00000, 0x00000000f4f00000| Untracked 
| 592|0x00000000f5000000, 0x00000000f5000000, 0x00000000f5100000|  0%| F|  |TAMS 0x00000000f5000000, 0x00000000f5000000| Untracked 
| 593|0x00000000f5100000, 0x00000000f5100000, 0x00000000f5200000|  0%| F|  |TAMS 0x00000000f5100000, 0x00000000f5100000| Untracked 
| 594|0x00000000f5200000, 0x00000000f5200000, 0x00000000f5300000|  0%| F|  |TAMS 0x00000000f5200000, 0x00000000f5200000| Untracked 
| 595|0x00000000f5300000, 0x00000000f5300000, 0x00000000f5400000|  0%| F|  |TAMS 0x00000000f5300000, 0x00000000f5300000| Untracked 
| 596|0x00000000f5400000, 0x00000000f5400000, 0x00000000f5500000|  0%| F|  |TAMS 0x00000000f5400000, 0x00000000f5400000| Untracked 
| 597|0x00000000f5500000, 0x00000000f5500000, 0x00000000f5600000|  0%| F|  |TAMS 0x00000000f5500000, 0x00000000f5500000| Untracked 
| 598|0x00000000f5600000, 0x00000000f5600000, 0x00000000f5700000|  0%| F|  |TAMS 0x00000000f5600000, 0x00000000f5600000| Untracked 
| 599|0x00000000f5700000, 0x00000000f5700000, 0x00000000f5800000|  0%| F|  |TAMS 0x00000000f5700000, 0x00000000f5700000| Untracked 
| 600|0x00000000f5800000, 0x00000000f5800000, 0x00000000f5900000|  0%| F|  |TAMS 0x00000000f5800000, 0x00000000f5800000| Untracked 
| 601|0x00000000f5900000, 0x00000000f5900000, 0x00000000f5a00000|  0%| F|  |TAMS 0x00000000f5900000, 0x00000000f5900000| Untracked 
| 602|0x00000000f5a00000, 0x00000000f5a00000, 0x00000000f5b00000|  0%| F|  |TAMS 0x00000000f5a00000, 0x00000000f5a00000| Untracked 
| 603|0x00000000f5b00000, 0x00000000f5b00000, 0x00000000f5c00000|  0%| F|  |TAMS 0x00000000f5b00000, 0x00000000f5b00000| Untracked 
| 604|0x00000000f5c00000, 0x00000000f5c00000, 0x00000000f5d00000|  0%| F|  |TAMS 0x00000000f5c00000, 0x00000000f5c00000| Untracked 
| 605|0x00000000f5d00000, 0x00000000f5d00000, 0x00000000f5e00000|  0%| F|  |TAMS 0x00000000f5d00000, 0x00000000f5d00000| Untracked 
| 606|0x00000000f5e00000, 0x00000000f5e00000, 0x00000000f5f00000|  0%| F|  |TAMS 0x00000000f5e00000, 0x00000000f5e00000| Untracked 
| 607|0x00000000f5f00000, 0x00000000f5f80018, 0x00000000f6000000| 50%| E|  |TAMS 0x00000000f5f00000, 0x00000000f5f00000| Complete 
| 608|0x00000000f6000000, 0x00000000f6100000, 0x00000000f6100000|100%| E|CS|TAMS 0x00000000f6000000, 0x00000000f6000000| Complete 
| 609|0x00000000f6100000, 0x00000000f6200000, 0x00000000f6200000|100%| E|CS|TAMS 0x00000000f6100000, 0x00000000f6100000| Complete 
| 610|0x00000000f6200000, 0x00000000f6300000, 0x00000000f6300000|100%| E|CS|TAMS 0x00000000f6200000, 0x00000000f6200000| Complete 
| 611|0x00000000f6300000, 0x00000000f6400000, 0x00000000f6400000|100%| E|CS|TAMS 0x00000000f6300000, 0x00000000f6300000| Complete 
| 612|0x00000000f6400000, 0x00000000f6500000, 0x00000000f6500000|100%| E|CS|TAMS 0x00000000f6400000, 0x00000000f6400000| Complete 
| 613|0x00000000f6500000, 0x00000000f6600000, 0x00000000f6600000|100%| E|CS|TAMS 0x00000000f6500000, 0x00000000f6500000| Complete 
| 614|0x00000000f6600000, 0x00000000f6700000, 0x00000000f6700000|100%| E|CS|TAMS 0x00000000f6600000, 0x00000000f6600000| Complete 
| 615|0x00000000f6700000, 0x00000000f6800000, 0x00000000f6800000|100%| E|CS|TAMS 0x00000000f6700000, 0x00000000f6700000| Complete 
| 616|0x00000000f6800000, 0x00000000f6900000, 0x00000000f6900000|100%| E|CS|TAMS 0x00000000f6800000, 0x00000000f6800000| Complete 
| 617|0x00000000f6900000, 0x00000000f6a00000, 0x00000000f6a00000|100%| E|CS|TAMS 0x00000000f6900000, 0x00000000f6900000| Complete 
| 618|0x00000000f6a00000, 0x00000000f6b00000, 0x00000000f6b00000|100%| E|CS|TAMS 0x00000000f6a00000, 0x00000000f6a00000| Complete 
| 619|0x00000000f6b00000, 0x00000000f6c00000, 0x00000000f6c00000|100%| E|CS|TAMS 0x00000000f6b00000, 0x00000000f6b00000| Complete 
| 620|0x00000000f6c00000, 0x00000000f6d00000, 0x00000000f6d00000|100%| E|CS|TAMS 0x00000000f6c00000, 0x00000000f6c00000| Complete 
| 621|0x00000000f6d00000, 0x00000000f6e00000, 0x00000000f6e00000|100%| E|CS|TAMS 0x00000000f6d00000, 0x00000000f6d00000| Complete 
| 622|0x00000000f6e00000, 0x00000000f6f00000, 0x00000000f6f00000|100%| E|CS|TAMS 0x00000000f6e00000, 0x00000000f6e00000| Complete 
| 623|0x00000000f6f00000, 0x00000000f7000000, 0x00000000f7000000|100%| E|CS|TAMS 0x00000000f6f00000, 0x00000000f6f00000| Complete 
| 624|0x00000000f7000000, 0x00000000f7100000, 0x00000000f7100000|100%| E|CS|TAMS 0x00000000f7000000, 0x00000000f7000000| Complete 
| 625|0x00000000f7100000, 0x00000000f7200000, 0x00000000f7200000|100%| E|CS|TAMS 0x00000000f7100000, 0x00000000f7100000| Complete 
| 626|0x00000000f7200000, 0x00000000f7300000, 0x00000000f7300000|100%| E|CS|TAMS 0x00000000f7200000, 0x00000000f7200000| Complete 
| 627|0x00000000f7300000, 0x00000000f7400000, 0x00000000f7400000|100%| E|CS|TAMS 0x00000000f7300000, 0x00000000f7300000| Complete 
| 628|0x00000000f7400000, 0x00000000f7500000, 0x00000000f7500000|100%| E|CS|TAMS 0x00000000f7400000, 0x00000000f7400000| Complete 
| 629|0x00000000f7500000, 0x00000000f7600000, 0x00000000f7600000|100%| E|CS|TAMS 0x00000000f7500000, 0x00000000f7500000| Complete 
| 630|0x00000000f7600000, 0x00000000f7700000, 0x00000000f7700000|100%| E|CS|TAMS 0x00000000f7600000, 0x00000000f7600000| Complete 
| 631|0x00000000f7700000, 0x00000000f7800000, 0x00000000f7800000|100%| E|CS|TAMS 0x00000000f7700000, 0x00000000f7700000| Complete 
| 632|0x00000000f7800000, 0x00000000f7900000, 0x00000000f7900000|100%| E|CS|TAMS 0x00000000f7800000, 0x00000000f7800000| Complete 
| 633|0x00000000f7900000, 0x00000000f7a00000, 0x00000000f7a00000|100%| E|CS|TAMS 0x00000000f7900000, 0x00000000f7900000| Complete 
| 634|0x00000000f7a00000, 0x00000000f7b00000, 0x00000000f7b00000|100%| E|CS|TAMS 0x00000000f7a00000, 0x00000000f7a00000| Complete 
| 635|0x00000000f7b00000, 0x00000000f7c00000, 0x00000000f7c00000|100%| E|CS|TAMS 0x00000000f7b00000, 0x00000000f7b00000| Complete 
| 636|0x00000000f7c00000, 0x00000000f7d00000, 0x00000000f7d00000|100%| E|CS|TAMS 0x00000000f7c00000, 0x00000000f7c00000| Complete 
| 637|0x00000000f7d00000, 0x00000000f7e00000, 0x00000000f7e00000|100%| E|CS|TAMS 0x00000000f7d00000, 0x00000000f7d00000| Complete 
| 638|0x00000000f7e00000, 0x00000000f7f00000, 0x00000000f7f00000|100%| E|CS|TAMS 0x00000000f7e00000, 0x00000000f7e00000| Complete 
| 639|0x00000000f7f00000, 0x00000000f8000000, 0x00000000f8000000|100%| E|CS|TAMS 0x00000000f7f00000, 0x00000000f7f00000| Complete 
| 640|0x00000000f8000000, 0x00000000f8100000, 0x00000000f8100000|100%| E|CS|TAMS 0x00000000f8000000, 0x00000000f8000000| Complete 
| 641|0x00000000f8100000, 0x00000000f8200000, 0x00000000f8200000|100%| E|CS|TAMS 0x00000000f8100000, 0x00000000f8100000| Complete 
| 642|0x00000000f8200000, 0x00000000f8300000, 0x00000000f8300000|100%| E|CS|TAMS 0x00000000f8200000, 0x00000000f8200000| Complete 
| 643|0x00000000f8300000, 0x00000000f8400000, 0x00000000f8400000|100%| E|CS|TAMS 0x00000000f8300000, 0x00000000f8300000| Complete 
| 644|0x00000000f8400000, 0x00000000f8500000, 0x00000000f8500000|100%| E|CS|TAMS 0x00000000f8400000, 0x00000000f8400000| Complete 
| 645|0x00000000f8500000, 0x00000000f8600000, 0x00000000f8600000|100%| E|CS|TAMS 0x00000000f8500000, 0x00000000f8500000| Complete 
| 646|0x00000000f8600000, 0x00000000f8700000, 0x00000000f8700000|100%| E|CS|TAMS 0x00000000f8600000, 0x00000000f8600000| Complete 
| 647|0x00000000f8700000, 0x00000000f8800000, 0x00000000f8800000|100%| E|CS|TAMS 0x00000000f8700000, 0x00000000f8700000| Complete 
| 648|0x00000000f8800000, 0x00000000f8900000, 0x00000000f8900000|100%| E|CS|TAMS 0x00000000f8800000, 0x00000000f8800000| Complete 
| 649|0x00000000f8900000, 0x00000000f8a00000, 0x00000000f8a00000|100%| E|CS|TAMS 0x00000000f8900000, 0x00000000f8900000| Complete 
| 650|0x00000000f8a00000, 0x00000000f8b00000, 0x00000000f8b00000|100%| E|CS|TAMS 0x00000000f8a00000, 0x00000000f8a00000| Complete 
| 651|0x00000000f8b00000, 0x00000000f8c00000, 0x00000000f8c00000|100%| E|CS|TAMS 0x00000000f8b00000, 0x00000000f8b00000| Complete 
| 652|0x00000000f8c00000, 0x00000000f8d00000, 0x00000000f8d00000|100%| E|CS|TAMS 0x00000000f8c00000, 0x00000000f8c00000| Complete 
| 653|0x00000000f8d00000, 0x00000000f8e00000, 0x00000000f8e00000|100%| E|CS|TAMS 0x00000000f8d00000, 0x00000000f8d00000| Complete 
| 654|0x00000000f8e00000, 0x00000000f8f00000, 0x00000000f8f00000|100%| E|CS|TAMS 0x00000000f8e00000, 0x00000000f8e00000| Complete 
| 655|0x00000000f8f00000, 0x00000000f9000000, 0x00000000f9000000|100%| E|CS|TAMS 0x00000000f8f00000, 0x00000000f8f00000| Complete 
| 656|0x00000000f9000000, 0x00000000f9100000, 0x00000000f9100000|100%| E|CS|TAMS 0x00000000f9000000, 0x00000000f9000000| Complete 
| 657|0x00000000f9100000, 0x00000000f9200000, 0x00000000f9200000|100%| S|CS|TAMS 0x00000000f9100000, 0x00000000f9100000| Complete 
| 658|0x00000000f9200000, 0x00000000f9300000, 0x00000000f9300000|100%| E|CS|TAMS 0x00000000f9200000, 0x00000000f9200000| Complete 
| 659|0x00000000f9300000, 0x00000000f9400000, 0x00000000f9400000|100%| E|CS|TAMS 0x00000000f9300000, 0x00000000f9300000| Complete 
| 660|0x00000000f9400000, 0x00000000f9500000, 0x00000000f9500000|100%| E|CS|TAMS 0x00000000f9400000, 0x00000000f9400000| Complete 
| 661|0x00000000f9500000, 0x00000000f9600000, 0x00000000f9600000|100%| E|CS|TAMS 0x00000000f9500000, 0x00000000f9500000| Complete 
| 662|0x00000000f9600000, 0x00000000f9700000, 0x00000000f9700000|100%| E|CS|TAMS 0x00000000f9600000, 0x00000000f9600000| Complete 
| 663|0x00000000f9700000, 0x00000000f9800000, 0x00000000f9800000|100%| E|CS|TAMS 0x00000000f9700000, 0x00000000f9700000| Complete 
| 664|0x00000000f9800000, 0x00000000f9900000, 0x00000000f9900000|100%| E|CS|TAMS 0x00000000f9800000, 0x00000000f9800000| Complete 
| 665|0x00000000f9900000, 0x00000000f9a00000, 0x00000000f9a00000|100%| E|CS|TAMS 0x00000000f9900000, 0x00000000f9900000| Complete 
| 666|0x00000000f9a00000, 0x00000000f9b00000, 0x00000000f9b00000|100%| E|CS|TAMS 0x00000000f9a00000, 0x00000000f9a00000| Complete 
| 667|0x00000000f9b00000, 0x00000000f9c00000, 0x00000000f9c00000|100%| E|CS|TAMS 0x00000000f9b00000, 0x00000000f9b00000| Complete 
| 668|0x00000000f9c00000, 0x00000000f9d00000, 0x00000000f9d00000|100%| E|CS|TAMS 0x00000000f9c00000, 0x00000000f9c00000| Complete 
| 669|0x00000000f9d00000, 0x00000000f9e00000, 0x00000000f9e00000|100%| E|CS|TAMS 0x00000000f9d00000, 0x00000000f9d00000| Complete 
| 670|0x00000000f9e00000, 0x00000000f9f00000, 0x00000000f9f00000|100%| E|CS|TAMS 0x00000000f9e00000, 0x00000000f9e00000| Complete 
| 671|0x00000000f9f00000, 0x00000000fa000000, 0x00000000fa000000|100%| E|CS|TAMS 0x00000000f9f00000, 0x00000000f9f00000| Complete 
| 672|0x00000000fa000000, 0x00000000fa100000, 0x00000000fa100000|100%| E|CS|TAMS 0x00000000fa000000, 0x00000000fa000000| Complete 
| 766|0x00000000ffe00000, 0x00000000ffe75000, 0x00000000fff00000| 45%|OA|  |TAMS 0x00000000ffe75000, 0x00000000ffe00000| Untracked 
| 767|0x00000000fff00000, 0x00000000fff78000, 0x0000000100000000| 46%|CA|  |TAMS 0x00000000fff78000, 0x00000000fff00000| Untracked 

Card table byte_map: [0x00007fc27e6ac000,0x00007fc27e82c000] _byte_map_base: 0x00007fc27e02c000

Marking Bits (Prev, Next): (CMBitMap*) 0x00007fc278050240, (CMBitMap*) 0x00007fc278050280
 Prev Bits: [0x00007fc27d92c000, 0x00007fc27e52c000)
 Next Bits: [0x00007fc27cd2c000, 0x00007fc27d92c000)

Polling page: 0x00007fc28076f000

Metaspace:

Usage:
  Non-class:     82.84 MB used.
      Class:     13.55 MB used.
       Both:     96.39 MB used.

Virtual space:
  Non-class space:      128.00 MB reserved,      83.19 MB ( 65%) committed,  2 nodes.
      Class space:      208.00 MB reserved,      13.88 MB (  7%) committed,  1 nodes.
             Both:      336.00 MB reserved,      97.06 MB ( 29%) committed. 

Chunk freelists:
   Non-Class:  12.48 MB
       Class:  1.97 MB
        Both:  14.45 MB

MaxMetaspaceSize: 256.00 MB
CompressedClassSpaceSize: 208.00 MB
Initial GC threshold: 21.00 MB
Current GC threshold: 156.50 MB
CDS: on
MetaspaceReclaimPolicy: balanced
 - commit_granule_bytes: 65536.
 - commit_granule_words: 8192.
 - virtual_space_node_default_size: 8388608.
 - enlarge_chunks_in_place: 1.
 - new_chunks_are_fully_committed: 0.
 - uncommit_free_chunks: 1.
 - use_allocation_guard: 0.
 - handle_deallocations: 1.


Internal statistics:

num_allocs_failed_limit: 18.
num_arena_births: 1012.
num_arena_deaths: 0.
num_vsnodes_births: 3.
num_vsnodes_deaths: 0.
num_space_committed: 1552.
num_space_uncommitted: 0.
num_chunks_returned_to_freelist: 18.
num_chunks_taken_from_freelist: 5032.
num_chunk_merges: 18.
num_chunk_splits: 3404.
num_chunks_enlarged: 2356.
num_inconsistent_stats: 0.

CodeHeap 'non-profiled nmethods': size=120036Kb used=5659Kb max_used=6024Kb free=114376Kb
 bounds [0x00007fc268fd8000, 0x00007fc2695c8000, 0x00007fc270511000]
CodeHeap 'profiled nmethods': size=120032Kb used=21220Kb max_used=22430Kb free=98811Kb
 bounds [0x00007fc261511000, 0x00007fc262b01000, 0x00007fc268a49000]
CodeHeap 'non-nmethods': size=5692Kb used=1700Kb max_used=1775Kb free=3992Kb
 bounds [0x00007fc268a49000, 0x00007fc268cb9000, 0x00007fc268fd8000]
 total_blobs=12108 nmethods=11329 adapters=692
 compilation: enabled
              stopped_count=0, restarted_count=0
 full_count=0

Compilation events (20 events):
Event: 44.556 Thread 0x00007fc2780ac160 nmethod 13933 0x00007fc269328010 code [0x00007fc2693281c0, 0x00007fc2693285b8]
Event: 44.556 Thread 0x00007fc2780ac160 13934       4       com.android.tools.r8.graph.s2::c (62 bytes)
Event: 44.566 Thread 0x00007fc2780ad690 13937       3       com.android.tools.r8.graph.j3$$Lambda$1831/0x00007fc237e05ac0::accept (20 bytes)
Event: 44.567 Thread 0x00007fc2780ad690 nmethod 13937 0x00007fc2615ae890 code [0x00007fc2615aea60, 0x00007fc2615aef90]
Event: 44.575 Thread 0x00007fc2780ac160 nmethod 13934 0x00007fc269028790 code [0x00007fc269028960, 0x00007fc269029118]
Event: 44.575 Thread 0x00007fc2780ac160 13938       4       java.util.Collections$UnmodifiableCollection::size (10 bytes)
Event: 44.575 Thread 0x00007fc2780ac160 nmethod 13938 0x00007fc26902a110 code [0x00007fc26902a2a0, 0x00007fc26902a358]
Event: 44.575 Thread 0x00007fc2780ac160 13667       4       com.android.tools.r8.utils.f3$$Lambda$1703/0x00007fc237dc5568::call (16 bytes)
Event: 44.647 Thread 0x00007fc2780ad690 13939 % !   3       java.util.Map::forEach @ 17 (81 bytes)
Event: 44.647 Thread 0x00007fc2780ad690 nmethod 13939% 0x00007fc261bc7810 code [0x00007fc261bc7a80, 0x00007fc261bc8580]
Event: 44.647 Thread 0x00007fc2780ad690 13940   !   3       java.util.Map::forEach (81 bytes)
Event: 44.647 Thread 0x00007fc2780ad690 nmethod 13940 0x00007fc261597190 code [0x00007fc261597400, 0x00007fc261597ea0]
Event: 44.753 Thread 0x00007fc2780ad690 13942       3       com.android.tools.r8.internal.jK::<init> (88 bytes)
Event: 44.753 Thread 0x00007fc2780ad690 nmethod 13942 0x00007fc261c3b690 code [0x00007fc261c3b8e0, 0x00007fc261c3c140]
Event: 44.757 Thread 0x00007fc2780ad690 13943       2       com.android.tools.r8.graph.K4::a (6 bytes)
Event: 44.757 Thread 0x00007fc2780ad690 nmethod 13943 0x00007fc26152b610 code [0x00007fc26152b7c0, 0x00007fc26152b8e0]
Event: 44.757 Thread 0x00007fc2780ac160 nmethod 13667 0x00007fc2691b9090 code [0x00007fc2691b9360, 0x00007fc2691bae30]
Event: 44.757 Thread 0x00007fc2780ac160 13941       4       com.android.tools.r8.internal.jK::put (259 bytes)
Event: 44.758 Thread 0x00007fc2780ad690 13944       2       com.android.tools.r8.graph.K4$$Lambda$1829/0x00007fc237e05638::<init> (15 bytes)
Event: 44.758 Thread 0x00007fc2780ad690 nmethod 13944 0x00007fc2615b3190 code [0x00007fc2615b3320, 0x00007fc2615b34d0]

GC Heap History (20 events):
Event: 37.082 GC heap before
{Heap before GC invocations=62 (full 0):
 garbage-first heap   total 592896K, used 304564K [0x00000000d0000000, 0x0000000100000000)
  region size 1024K, 28 young (28672K), 4 survivors (4096K)
 Metaspace       used 95444K, committed 96128K, reserved 344064K
  class space    used 13436K, committed 13760K, reserved 212992K
}
Event: 37.186 GC heap after
{Heap after GC invocations=63 (full 0):
 garbage-first heap   total 592896K, used 294324K [0x00000000d0000000, 0x0000000100000000)
  region size 1024K, 4 young (4096K), 4 survivors (4096K)
 Metaspace       used 95444K, committed 96128K, reserved 344064K
  class space    used 13436K, committed 13760K, reserved 212992K
}
Event: 37.549 GC heap before
{Heap before GC invocations=64 (full 0):
 garbage-first heap   total 592896K, used 326068K [0x00000000d0000000, 0x0000000100000000)
  region size 1024K, 36 young (36864K), 4 survivors (4096K)
 Metaspace       used 95446K, committed 96128K, reserved 344064K
  class space    used 13436K, committed 13760K, reserved 212992K
}
Event: 37.662 GC heap after
{Heap after GC invocations=65 (full 0):
 garbage-first heap   total 592896K, used 312756K [0x00000000d0000000, 0x0000000100000000)
  region size 1024K, 5 young (5120K), 5 survivors (5120K)
 Metaspace       used 95446K, committed 96128K, reserved 344064K
  class space    used 13436K, committed 13760K, reserved 212992K
}
Event: 37.879 GC heap before
{Heap before GC invocations=65 (full 0):
 garbage-first heap   total 592896K, used 338356K [0x00000000d0000000, 0x0000000100000000)
  region size 1024K, 28 young (28672K), 5 survivors (5120K)
 Metaspace       used 95452K, committed 96128K, reserved 344064K
  class space    used 13436K, committed 13760K, reserved 212992K
}
Event: 38.041 GC heap after
{Heap after GC invocations=66 (full 0):
 garbage-first heap   total 592896K, used 328116K [0x00000000d0000000, 0x0000000100000000)
  region size 1024K, 4 young (4096K), 4 survivors (4096K)
 Metaspace       used 95452K, committed 96128K, reserved 344064K
  class space    used 13436K, committed 13760K, reserved 212992K
}
Event: 38.258 GC heap before
{Heap before GC invocations=66 (full 0):
 garbage-first heap   total 592896K, used 353716K [0x00000000d0000000, 0x0000000100000000)
  region size 1024K, 29 young (29696K), 4 survivors (4096K)
 Metaspace       used 95454K, committed 96128K, reserved 344064K
  class space    used 13436K, committed 13760K, reserved 212992K
}
Event: 38.385 GC heap after
{Heap after GC invocations=67 (full 0):
 garbage-first heap   total 592896K, used 342964K [0x00000000d0000000, 0x0000000100000000)
  region size 1024K, 4 young (4096K), 4 survivors (4096K)
 Metaspace       used 95454K, committed 96128K, reserved 344064K
  class space    used 13436K, committed 13760K, reserved 212992K
}
Event: 39.074 GC heap before
{Heap before GC invocations=67 (full 0):
 garbage-first heap   total 592896K, used 399284K [0x00000000d0000000, 0x0000000100000000)
  region size 1024K, 57 young (58368K), 4 survivors (4096K)
 Metaspace       used 95456K, committed 96128K, reserved 344064K
  class space    used 13436K, committed 13760K, reserved 212992K
}
Event: 39.185 GC heap after
{Heap after GC invocations=68 (full 0):
 garbage-first heap   total 592896K, used 375220K [0x00000000d0000000, 0x0000000100000000)
  region size 1024K, 8 young (8192K), 8 survivors (8192K)
 Metaspace       used 95456K, committed 96128K, reserved 344064K
  class space    used 13436K, committed 13760K, reserved 212992K
}
Event: 39.678 GC heap before
{Heap before GC invocations=68 (full 0):
 garbage-first heap   total 592896K, used 416180K [0x00000000d0000000, 0x0000000100000000)
  region size 1024K, 48 young (49152K), 8 survivors (8192K)
 Metaspace       used 95457K, committed 96128K, reserved 344064K
  class space    used 13436K, committed 13760K, reserved 212992K
}
Event: 39.849 GC heap after
{Heap after GC invocations=69 (full 0):
 garbage-first heap   total 670720K, used 399284K [0x00000000d0000000, 0x0000000100000000)
  region size 1024K, 6 young (6144K), 6 survivors (6144K)
 Metaspace       used 95457K, committed 96128K, reserved 344064K
  class space    used 13436K, committed 13760K, reserved 212992K
}
Event: 40.374 GC heap before
{Heap before GC invocations=69 (full 0):
 garbage-first heap   total 691200K, used 425908K [0x00000000d0000000, 0x0000000100000000)
  region size 1024K, 32 young (32768K), 6 survivors (6144K)
 Metaspace       used 95458K, committed 96128K, reserved 344064K
  class space    used 13436K, committed 13760K, reserved 212992K
}
Event: 40.462 GC heap after
{Heap after GC invocations=70 (full 0):
 garbage-first heap   total 691200K, used 415156K [0x00000000d0000000, 0x0000000100000000)
  region size 1024K, 4 young (4096K), 4 survivors (4096K)
 Metaspace       used 95458K, committed 96128K, reserved 344064K
  class space    used 13436K, committed 13760K, reserved 212992K
}
Event: 41.342 GC heap before
{Heap before GC invocations=71 (full 0):
 garbage-first heap   total 691200K, used 465332K [0x00000000d0000000, 0x0000000100000000)
  region size 1024K, 49 young (50176K), 4 survivors (4096K)
 Metaspace       used 95464K, committed 96128K, reserved 344064K
  class space    used 13436K, committed 13760K, reserved 212992K
}
Event: 41.448 GC heap after
{Heap after GC invocations=72 (full 0):
 garbage-first heap   total 691200K, used 443828K [0x00000000d0000000, 0x0000000100000000)
  region size 1024K, 7 young (7168K), 7 survivors (7168K)
 Metaspace       used 95464K, committed 96128K, reserved 344064K
  class space    used 13436K, committed 13760K, reserved 212992K
}
Event: 42.444 GC heap before
{Heap before GC invocations=72 (full 0):
 garbage-first heap   total 691200K, used 469428K [0x00000000d0000000, 0x0000000100000000)
  region size 1024K, 33 young (33792K), 7 survivors (7168K)
 Metaspace       used 96999K, committed 97728K, reserved 344064K
  class space    used 13663K, committed 14016K, reserved 212992K
}
Event: 42.537 GC heap after
{Heap after GC invocations=73 (full 0):
 garbage-first heap   total 691200K, used 447924K [0x00000000d0000000, 0x0000000100000000)
  region size 1024K, 5 young (5120K), 5 survivors (5120K)
 Metaspace       used 96999K, committed 97728K, reserved 344064K
  class space    used 13663K, committed 14016K, reserved 212992K
}
Event: 43.062 GC heap before
{Heap before GC invocations=73 (full 0):
 garbage-first heap   total 691200K, used 461236K [0x00000000d0000000, 0x0000000100000000)
  region size 1024K, 20 young (20480K), 5 survivors (5120K)
 Metaspace       used 98042K, committed 98688K, reserved 344064K
  class space    used 13774K, committed 14080K, reserved 212992K
}
Event: 43.073 GC heap after
{Heap after GC invocations=74 (full 0):
 garbage-first heap   total 691200K, used 449460K [0x00000000d0000000, 0x0000000100000000)
  region size 1024K, 1 young (1024K), 1 survivors (1024K)
 Metaspace       used 98042K, committed 98688K, reserved 344064K
  class space    used 13774K, committed 14080K, reserved 212992K
}

Dll operation events (14 events):
Event: 0.038 Loaded shared library /usr/lib/jvm/java-17-openjdk-amd64/lib/libjava.so
Event: 0.057 Loaded shared library /usr/lib/jvm/java-17-openjdk-amd64/lib/libjsvml.so
Event: 0.154 Loaded shared library /usr/lib/jvm/java-17-openjdk-amd64/lib/libzip.so
Event: 0.156 Loaded shared library /usr/lib/jvm/java-17-openjdk-amd64/lib/libinstrument.so
Event: 0.158 Loaded shared library /usr/lib/jvm/java-17-openjdk-amd64/lib/libnio.so
Event: 0.162 Loaded shared library /usr/lib/jvm/java-17-openjdk-amd64/lib/libzip.so
Event: 0.279 Loaded shared library /usr/lib/jvm/java-17-openjdk-amd64/lib/libjimage.so
Event: 0.438 Loaded shared library /usr/lib/jvm/java-17-openjdk-amd64/lib/libverify.so
Event: 0.746 Loaded shared library /usr/lib/jvm/java-17-openjdk-amd64/lib/libnet.so
Event: 0.748 Loaded shared library /root/.gradle/native/c067742578af261105cb4f569cf0c3c89f3d7b1fecec35dd04571415982c5e48/linux-amd64/libnative-platform.so
Event: 0.752 Loaded shared library /root/.gradle/native/38dada09dfb8b06ba9b0570ebf7e218e3eb74d4ef43ca46872605cf95ebc2f47/linux-amd64/libnative-platform-file-events.so
Event: 2.173 Loaded shared library /usr/lib/jvm/java-17-openjdk-amd64/lib/libmanagement.so
Event: 2.174 Loaded shared library /usr/lib/jvm/java-17-openjdk-amd64/lib/libmanagement_ext.so
Event: 2.552 Loaded shared library /usr/lib/jvm/java-17-openjdk-amd64/lib/libextnet.so

Deoptimization events (20 events):
Event: 43.967 Thread 0x00007fc244ef3c50 DEOPT PACKING pc=0x00007fc269581a6c sp=0x00007fc235bf87e0
Event: 43.967 Thread 0x00007fc244ef3c50 DEOPT UNPACKING pc=0x00007fc268aa2b19 sp=0x00007fc235bf8778 mode 2
Event: 43.967 Thread 0x00007fc244ef3c50 Uncommon trap: trap_request=0xffffffde fr.pc=0x00007fc269581a6c relative=0x00000000000001ac
Event: 43.967 Thread 0x00007fc244ef3c50 Uncommon trap: reason=class_check action=maybe_recompile pc=0x00007fc269581a6c method=com.android.tools.r8.utils.structural.z.a(Ljava/util/function/Function;Ljava/util/function/Predicate;)Lcom/android/tools/r8/utils/structural/z; @ 16 c2
Event: 43.967 Thread 0x00007fc244ef3c50 DEOPT PACKING pc=0x00007fc269581a6c sp=0x00007fc235bf87e0
Event: 43.967 Thread 0x00007fc244ef3c50 DEOPT UNPACKING pc=0x00007fc268aa2b19 sp=0x00007fc235bf8778 mode 2
Event: 43.967 Thread 0x00007fc244ef3c50 Uncommon trap: trap_request=0xffffffde fr.pc=0x00007fc269581a6c relative=0x00000000000001ac
Event: 43.967 Thread 0x00007fc244ef3c50 Uncommon trap: reason=class_check action=maybe_recompile pc=0x00007fc269581a6c method=com.android.tools.r8.utils.structural.z.a(Ljava/util/function/Function;Ljava/util/function/Predicate;)Lcom/android/tools/r8/utils/structural/z; @ 16 c2
Event: 43.967 Thread 0x00007fc244ef3c50 DEOPT PACKING pc=0x00007fc269581a6c sp=0x00007fc235bf87e0
Event: 43.967 Thread 0x00007fc244ef3c50 DEOPT UNPACKING pc=0x00007fc268aa2b19 sp=0x00007fc235bf8778 mode 2
Event: 43.971 Thread 0x00007fc244ef3c50 Uncommon trap: trap_request=0xffffffde fr.pc=0x00007fc2695963bc relative=0x000000000000095c
Event: 43.971 Thread 0x00007fc244ef3c50 Uncommon trap: reason=class_check action=maybe_recompile pc=0x00007fc2695963bc method=com.android.tools.r8.graph.I4.b(Ljava/util/function/Predicate;Ljava/util/function/Consumer;Lcom/android/tools/r8/graph/f1;)V @ 12 c2
Event: 43.971 Thread 0x00007fc244ef3c50 DEOPT PACKING pc=0x00007fc2695963bc sp=0x00007fc235bf83c0
Event: 43.971 Thread 0x00007fc244ef3c50 DEOPT UNPACKING pc=0x00007fc268aa2b19 sp=0x00007fc235bf8328 mode 2
Event: 43.971 Thread 0x00007fc244ef3c50 Uncommon trap: trap_request=0xffffffde fr.pc=0x00007fc2695963bc relative=0x000000000000095c
Event: 43.971 Thread 0x00007fc244ef3c50 Uncommon trap: reason=class_check action=maybe_recompile pc=0x00007fc2695963bc method=com.android.tools.r8.graph.I4.b(Ljava/util/function/Predicate;Ljava/util/function/Consumer;Lcom/android/tools/r8/graph/f1;)V @ 12 c2
Event: 43.971 Thread 0x00007fc244ef3c50 DEOPT PACKING pc=0x00007fc2695963bc sp=0x00007fc235bf83c0
Event: 43.971 Thread 0x00007fc244ef3c50 DEOPT UNPACKING pc=0x00007fc268aa2b19 sp=0x00007fc235bf8328 mode 2
Event: 44.647 Thread 0x00007fc244ef3c50 DEOPT PACKING pc=0x00007fc262a23764 sp=0x00007fc235bf8290
Event: 44.647 Thread 0x00007fc244ef3c50 DEOPT UNPACKING pc=0x00007fc268aa364f sp=0x00007fc235bf7780 mode 0

Classes loaded (20 events):
Event: 35.082 Loading class java/lang/reflect/GenericSignatureFormatError
Event: 35.082 Loading class java/lang/reflect/GenericSignatureFormatError done
Event: 35.244 Loading class java/nio/ShortBuffer
Event: 35.244 Loading class java/nio/ShortBuffer done
Event: 35.244 Loading class java/nio/HeapShortBuffer
Event: 35.245 Loading class java/nio/HeapShortBuffer done
Event: 35.273 Loading class java/util/AbstractList$RandomAccessSubList
Event: 35.273 Loading class java/util/AbstractList$SubList
Event: 35.274 Loading class java/util/AbstractList$SubList done
Event: 35.274 Loading class java/util/AbstractList$RandomAccessSubList done
Event: 35.274 Loading class java/util/AbstractList$SubList$1
Event: 35.274 Loading class java/util/AbstractList$SubList$1 done
Event: 41.559 Loading class java/util/concurrent/ConcurrentLinkedQueue$Itr
Event: 41.559 Loading class java/util/concurrent/ConcurrentLinkedQueue$Itr done
Event: 41.979 Loading class java/util/IdentityHashMap$EntrySet
Event: 41.979 Loading class java/util/IdentityHashMap$EntrySet done
Event: 42.076 Loading class java/util/concurrent/ForkJoinTask$AdaptedCallable
Event: 42.077 Loading class java/util/concurrent/ForkJoinTask$AdaptedCallable done
Event: 43.958 Loading class java/util/IdentityHashMap$ValueIterator
Event: 43.958 Loading class java/util/IdentityHashMap$ValueIterator done

Classes unloaded (0 events):
No events

Classes redefined (0 events):
No events

Internal exceptions (20 events):
Event: 29.480 Thread 0x00007fc2442fcb20 Exception <a 'java/lang/NoSuchMethodError'{0x00000000da794f48}: static Lcom/android/build/api/artifact/ArtifactKind;.<clinit>()V> (0x00000000da794f48) 
thrown [./src/hotspot/share/prims/jni.cpp, line 1112]
Event: 29.480 Thread 0x00007fc2442fcb20 Exception <a 'java/lang/NoSuchMethodError'{0x00000000da7966f8}: static Lcom/android/build/api/artifact/ArtifactKind;.<clinit>()V> (0x00000000da7966f8) 
thrown [./src/hotspot/share/prims/jni.cpp, line 1112]
Event: 30.642 Thread 0x00007fc2442fcb20 Exception <a 'sun/nio/fs/UnixException'{0x00000000dc71cba0}> (0x00000000dc71cba0) 
thrown [./src/hotspot/share/prims/jni.cpp, line 516]
Event: 30.642 Thread 0x00007fc2442fcb20 Exception <a 'sun/nio/fs/UnixException'{0x00000000dc71e938}> (0x00000000dc71e938) 
thrown [./src/hotspot/share/prims/jni.cpp, line 516]
Event: 30.643 Thread 0x00007fc2442fcb20 Exception <a 'sun/nio/fs/UnixException'{0x00000000dc7204a0}> (0x00000000dc7204a0) 
thrown [./src/hotspot/share/prims/jni.cpp, line 516]
Event: 30.849 Thread 0x00007fc2442fcb20 Implicit null exception at 0x00007fc2694762c4 to 0x00007fc269476be0
Event: 32.355 Thread 0x00007fc244ef3c50 Exception <a 'java/lang/NoSuchMethodError'{0x00000000db253970}: 'java.lang.Object java.lang.invoke.DirectMethodHandle$Holder.invokeStaticInit(java.lang.Object, java.lang.Object, java.lang.Object, java.lang.Object, java.lang.Object, java.lang.Object, java.lang.Object, java.lang.Object, java.lang.Object, java.lang.Object, java.lang.Object, java.lang.Object, java.lang.Object, java.lang.Object, java.lang.Object, java.lang.Object, java.lang.Object, java.lang.Object, java.lang.Object, java.lang.Object, int, java
Event: 35.071 Thread 0x00007fc24c0f5610 Implicit null exception at 0x00007fc2694b1d72 to 0x00007fc2694b280c
Event: 35.081 Thread 0x00007fc2540097f0 Implicit null exception at 0x00007fc2692190a3 to 0x00007fc269219288
Event: 35.261 Thread 0x00007fc2540097f0 Exception <a 'java/lang/IncompatibleClassChangeError'{0x00000000eb234bd0}: Found class java.lang.Object, but interface was expected> (0x00000000eb234bd0) 
thrown [./src/hotspot/share/interpreter/linkResolver.cpp, line 826]
Event: 35.263 Thread 0x00007fc2540097f0 Exception <a 'java/lang/IncompatibleClassChangeError'{0x00000000eb25f1e8}: Found class java.lang.Object, but interface was expected> (0x00000000eb25f1e8) 
thrown [./src/hotspot/share/interpreter/linkResolver.cpp, line 826]
Event: 35.263 Thread 0x00007fc2540097f0 Exception <a 'java/lang/IncompatibleClassChangeError'{0x00000000eb263668}: Found class java.lang.Object, but interface was expected> (0x00000000eb263668) 
thrown [./src/hotspot/share/interpreter/linkResolver.cpp, line 826]
Event: 35.276 Thread 0x00007fc2540097f0 Exception <a 'java/lang/NoSuchMethodError'{0x00000000eb10ffa0}: 'long java.lang.invoke.DirectMethodHandle$Holder.invokeStaticInit(java.lang.Object, java.lang.Object)'> (0x00000000eb10ffa0) 
thrown [./src/hotspot/share/interpreter/linkResolver.cpp, line 758]
Event: 42.070 Thread 0x00007fc244ef3c50 Exception <a 'java/lang/NoSuchMethodError'{0x00000000f8e45740}: 'void java.lang.invoke.DirectMethodHandle$Holder.invokeStatic(java.lang.Object, java.lang.Object, java.lang.Object, int)'> (0x00000000f8e45740) 
thrown [./src/hotspot/share/interpreter/linkResolver.cpp, line 758]
Event: 42.073 Thread 0x00007fc244ef3c50 Exception <a 'java/lang/IncompatibleClassChangeError'{0x00000000f8e548e8}: Found class java.lang.Object, but interface was expected> (0x00000000f8e548e8) 
thrown [./src/hotspot/share/interpreter/linkResolver.cpp, line 826]
Event: 42.074 Thread 0x00007fc244ef3c50 Exception <a 'java/lang/NoSuchMethodError'{0x00000000f8e5c470}: 'void java.lang.invoke.DirectMethodHandle$Holder.invokeInterface(java.lang.Object, java.lang.Object, java.lang.Object, int)'> (0x00000000f8e5c470) 
thrown [./src/hotspot/share/interpreter/linkResolver.cpp, line 758]
Event: 43.950 Thread 0x00007fc244ef3c50 Exception <a 'java/lang/NoSuchMethodError'{0x00000000f7d376d8}: 'java.lang.Object java.lang.invoke.DirectMethodHandle$Holder.newInvokeSpecial(java.lang.Object, java.lang.Object, int, java.lang.Object, java.lang.Object, java.lang.Object)'> (0x00000000f7d376d8) 
thrown [./src/hotspot/share/interpreter/linkResolver.cpp, line 758]
Event: 43.951 Thread 0x00007fc244ef3c50 Exception <a 'java/lang/NoSuchMethodError'{0x00000000f7d3f150}: 'java.lang.Object java.lang.invoke.Invokers$Holder.linkToTargetMethod(java.lang.Object, int, java.lang.Object, java.lang.Object, java.lang.Object, java.lang.Object)'> (0x00000000f7d3f150) 
thrown [./src/hotspot/share/interpreter/linkResolver.cpp, line 758]
Event: 43.966 Thread 0x00007fc244ef3c50 Exception <a 'java/lang/IncompatibleClassChangeError'{0x00000000f7d7a100}: Found class java.lang.Object, but interface was expected> (0x00000000f7d7a100) 
thrown [./src/hotspot/share/interpreter/linkResolver.cpp, line 826]
Event: 44.056 Thread 0x00007fc244ef3c50 Exception <a 'java/lang/NoSuchMethodError'{0x00000000f7c9d2c8}: 'void java.lang.invoke.DirectMethodHandle$Holder.invokeStatic(java.lang.Object, java.lang.Object, java.lang.Object, java.lang.Object, java.lang.Object, java.lang.Object, java.lang.Object, java.lang.Object)'> (0x00000000f7c9d2c8) 
thrown [./src/hotspot/share/interpreter/linkResolver.cpp, line 758]

VM Operations (20 events):
Event: 42.537 Executing VM operation: G1CollectForAllocation done
Event: 42.576 Executing VM operation: HandshakeAllThreads
Event: 42.576 Executing VM operation: HandshakeAllThreads done
Event: 42.756 Executing VM operation: HandshakeAllThreads
Event: 42.757 Executing VM operation: HandshakeAllThreads done
Event: 42.985 Executing VM operation: HandshakeAllThreads
Event: 42.985 Executing VM operation: HandshakeAllThreads done
Event: 43.046 Executing VM operation: HandshakeAllThreads
Event: 43.046 Executing VM operation: HandshakeAllThreads done
Event: 43.062 Executing VM operation: G1TryInitiateConcMark
Event: 43.073 Executing VM operation: G1TryInitiateConcMark done
Event: 43.957 Executing VM operation: HandshakeAllThreads
Event: 43.957 Executing VM operation: HandshakeAllThreads done
Event: 44.378 Executing VM operation: HandshakeAllThreads
Event: 44.378 Executing VM operation: HandshakeAllThreads done
Event: 44.378 Executing VM operation: Cleanup
Event: 44.384 Executing VM operation: Cleanup done
Event: 44.549 Executing VM operation: HandshakeAllThreads
Event: 44.549 Executing VM operation: HandshakeAllThreads done
Event: 44.773 Executing VM operation: G1PauseRemark

Memory protections (20 events):
Event: 8.885 Protecting memory [0x00007fc250cee000,0x00007fc250cf2000] with protection modes 0
Event: 9.683 Protecting memory [0x00007fc250bed000,0x00007fc250bf1000] with protection modes 0
Event: 11.361 Protecting memory [0x00007fc250aec000,0x00007fc250af0000] with protection modes 0
Event: 14.644 Protecting memory [0x00007fc2509eb000,0x00007fc2509ef000] with protection modes 0
Event: 16.898 Protecting memory [0x00007fc2508ea000,0x00007fc2508ee000] with protection modes 0
Event: 25.453 Protecting memory [0x00007fc2507e9000,0x00007fc2507ed000] with protection modes 0
Event: 25.482 Protecting memory [0x00007fc2506e8000,0x00007fc2506ec000] with protection modes 0
Event: 26.336 Protecting memory [0x00007fc2505e7000,0x00007fc2505eb000] with protection modes 0
Event: 27.764 Protecting memory [0x00007fc2504e6000,0x00007fc2504ea000] with protection modes 0
Event: 28.542 Protecting memory [0x00007fc2503e5000,0x00007fc2503e9000] with protection modes 0
Event: 28.841 Protecting memory [0x00007fc2502e4000,0x00007fc2502e8000] with protection modes 0
Event: 29.158 Protecting memory [0x00007fc2501e3000,0x00007fc2501e7000] with protection modes 0
Event: 29.248 Protecting memory [0x00007fc2500e2000,0x00007fc2500e6000] with protection modes 0
Event: 29.371 Protecting memory [0x00007fc235f00000,0x00007fc235f04000] with protection modes 0
Event: 29.549 Protecting memory [0x00007fc235dff000,0x00007fc235e03000] with protection modes 0
Event: 29.559 Protecting memory [0x00007fc235cfe000,0x00007fc235d02000] with protection modes 0
Event: 31.358 Protecting memory [0x00007fc235bfd000,0x00007fc235c01000] with protection modes 0
Event: 31.467 Protecting memory [0x00007fc235afc000,0x00007fc235b00000] with protection modes 0
Event: 35.065 Protecting memory [0x00007fc2358fa000,0x00007fc2358fe000] with protection modes 0
Event: 35.072 Protecting memory [0x00007fc2357f9000,0x00007fc2357fd000] with protection modes 0

Nmethod flushes (20 events):
Event: 44.581 Thread 0x00007fc2780aeb00 flushing  nmethod 0x00007fc26281de10
Event: 44.581 Thread 0x00007fc2780aeb00 flushing osr nmethod 0x00007fc26281e210
Event: 44.581 Thread 0x00007fc2780aeb00 flushing  nmethod 0x00007fc262834190
Event: 44.581 Thread 0x00007fc2780aeb00 flushing  nmethod 0x00007fc26284ba10
Event: 44.581 Thread 0x00007fc2780aeb00 flushing  nmethod 0x00007fc26284cc10
Event: 44.581 Thread 0x00007fc2780aeb00 flushing  nmethod 0x00007fc26284d710
Event: 44.581 Thread 0x00007fc2780aeb00 flushing  nmethod 0x00007fc26284e090
Event: 44.581 Thread 0x00007fc2780aeb00 flushing  nmethod 0x00007fc26284ec10
Event: 44.581 Thread 0x00007fc2780aeb00 flushing  nmethod 0x00007fc26284f590
Event: 44.581 Thread 0x00007fc2780aeb00 flushing  nmethod 0x00007fc26284fa90
Event: 44.581 Thread 0x00007fc2780aeb00 flushing  nmethod 0x00007fc262852a10
Event: 44.581 Thread 0x00007fc2780aeb00 flushing  nmethod 0x00007fc262853290
Event: 44.581 Thread 0x00007fc2780aeb00 flushing  nmethod 0x00007fc262858f10
Event: 44.581 Thread 0x00007fc2780aeb00 flushing  nmethod 0x00007fc26285bc90
Event: 44.581 Thread 0x00007fc2780aeb00 flushing  nmethod 0x00007fc26285d510
Event: 44.581 Thread 0x00007fc2780aeb00 flushing  nmethod 0x00007fc26288b910
Event: 44.581 Thread 0x00007fc2780aeb00 flushing osr nmethod 0x00007fc262892190
Event: 44.581 Thread 0x00007fc2780aeb00 flushing  nmethod 0x00007fc26289fd10
Event: 44.581 Thread 0x00007fc2780aeb00 flushing  nmethod 0x00007fc2628a0810
Event: 44.581 Thread 0x00007fc2780aeb00 flushing  nmethod 0x00007fc2628a0c90

Events (20 events):
Event: 8.873 Thread 0x00007fc22c006270 Thread added: 0x00007fc244b4bad0
Event: 9.682 Thread 0x00007fc22c006270 Thread added: 0x00007fc244c56450
Event: 11.356 Thread 0x00007fc22c006270 Thread added: 0x00007fc244f68830
Event: 14.639 Thread 0x00007fc22c006270 Thread added: 0x00007fc2457340d0
Event: 16.893 Thread 0x00007fc22c006270 Thread added: 0x00007fc2457ef950
Event: 25.453 Thread 0x00007fc22c006270 Thread added: 0x00007fc2442fcb20
Event: 25.478 Thread 0x00007fc2442fcb20 Thread added: 0x00007fc27811e1b0
Event: 26.291 Thread 0x00007fc2442fcb20 Thread added: 0x00007fc279213d80
Event: 27.759 Thread 0x00007fc2442fcb20 Thread added: 0x00007fc27922a750
Event: 28.536 Thread 0x00007fc2442fcb20 Thread added: 0x00007fc279257750
Event: 28.838 Thread 0x00007fc2442fcb20 Thread added: 0x00007fc279258f20
Event: 29.155 Thread 0x00007fc2442fcb20 Thread added: 0x00007fc27925dcb0
Event: 29.240 Thread 0x00007fc2442fcb20 Thread added: 0x00007fc27925f8f0
Event: 29.363 Thread 0x00007fc2442fcb20 Thread added: 0x00007fc2792639f0
Event: 29.548 Thread 0x00007fc2442fcb20 Thread added: 0x00007fc2792684f0
Event: 29.556 Thread 0x00007fc2442fcb20 Thread added: 0x00007fc27926bb50
Event: 31.358 Thread 0x00007fc2442fcb20 Thread added: 0x00007fc2791cc6f0
Event: 31.467 Thread 0x00007fc2791cc6f0 Thread added: 0x00007fc244ef3c50
Event: 35.065 Thread 0x00007fc244ef3c50 Thread added: 0x00007fc24c0f5610
Event: 35.070 Thread 0x00007fc24c0f5610 Thread added: 0x00007fc2540097f0


Dynamic libraries:
d0000000-fa100000 rw-p 00000000 00:00 0 
ff300000-ffe00000 ---p 00000000 00:00 0 
ffe00000-ffe75000 rw-p 00c7a000 00:25 13853                              /usr/lib/jvm/java-17-openjdk-amd64/lib/server/classes.jsa
ffe75000-fff00000 rw-p 00000000 00:00 0 
fff00000-fff78000 rw-p 00c02000 00:25 13853                              /usr/lib/jvm/java-17-openjdk-amd64/lib/server/classes.jsa
fff78000-100000000 rw-p 00000000 00:00 0 
557f9b5b4000-557f9b5b5000 r--p 00000000 00:25 13495                      /usr/lib/jvm/java-17-openjdk-amd64/bin/java
557f9b5b5000-557f9b5b6000 r-xp 00001000 00:25 13495                      /usr/lib/jvm/java-17-openjdk-amd64/bin/java
557f9b5b6000-557f9b5b7000 r--p 00002000 00:25 13495                      /usr/lib/jvm/java-17-openjdk-amd64/bin/java
557f9b5b7000-557f9b5b8000 r--p 00002000 00:25 13495                      /usr/lib/jvm/java-17-openjdk-amd64/bin/java
557f9b5b8000-557f9b5b9000 rw-p 00003000 00:25 13495                      /usr/lib/jvm/java-17-openjdk-amd64/bin/java
557f9c7d4000-557f9c857000 rw-p 00000000 00:00 0                          [heap]
7fc204000000-7fc204a97000 rw-p 00000000 00:00 0 
7fc204a97000-7fc208000000 ---p 00000000 00:00 0 
7fc20c000000-7fc20c580000 rw-p 00000000 00:00 0 
7fc20c580000-7fc20c6a0000 rw-p 00000000 00:00 0 
7fc20c6a0000-7fc20c700000 ---p 00000000 00:00 0 
7fc20c700000-7fc20cb60000 rw-p 00000000 00:00 0 
7fc20cb60000-7fc20d390000 rw-p 00000000 00:00 0 
7fc20d390000-7fc210000000 ---p 00000000 00:00 0 
7fc210000000-7fc210887000 rw-p 00000000 00:00 0 
7fc210887000-7fc214000000 ---p 00000000 00:00 0 
7fc214000000-7fc21403c000 rw-p 00000000 00:00 0 
7fc21403c000-7fc218000000 ---p 00000000 00:00 0 
7fc218000000-7fc218021000 rw-p 00000000 00:00 0 
7fc218021000-7fc21c000000 ---p 00000000 00:00 0 
7fc21c000000-7fc21ffff000 rw-p 00000000 00:00 0 
7fc21ffff000-7fc220000000 ---p 00000000 00:00 0 
7fc220000000-7fc220021000 rw-p 00000000 00:00 0 
7fc220021000-7fc224000000 ---p 00000000 00:00 0 
7fc224000000-7fc224054000 rw-p 00000000 00:00 0 
7fc224054000-7fc228000000 ---p 00000000 00:00 0 
7fc228000000-7fc228026000 rw-p 00000000 00:00 0 
7fc228026000-7fc22c000000 ---p 00000000 00:00 0 
7fc22c000000-7fc22c033000 rw-p 00000000 00:00 0 
7fc22c033000-7fc230000000 ---p 00000000 00:00 0 
7fc230000000-7fc2305a9000 rw-p 00000000 00:00 0 
7fc2305a9000-7fc234000000 ---p 00000000 00:00 0 
7fc2357f8000-7fc2357f9000 ---p 00000000 00:00 0 
7fc2357f9000-7fc2357fd000 ---p 00000000 00:00 0 
7fc2357fd000-7fc2358f9000 rw-p 00000000 00:00 0 
7fc2358f9000-7fc2358fa000 ---p 00000000 00:00 0 
7fc2358fa000-7fc2358fe000 ---p 00000000 00:00 0 
7fc2358fe000-7fc2359fa000 rw-p 00000000 00:00 0 
7fc2359fa000-7fc2359fb000 ---p 00000000 00:00 0 
7fc2359fb000-7fc235afb000 rw-p 00000000 00:00 0 
7fc235afb000-7fc235afc000 ---p 00000000 00:00 0 
7fc235afc000-7fc235b00000 ---p 00000000 00:00 0 
7fc235b00000-7fc235bfc000 rw-p 00000000 00:00 0 
7fc235bfc000-7fc235bfd000 ---p 00000000 00:00 0 
7fc235bfd000-7fc235c01000 ---p 00000000 00:00 0 
7fc235c01000-7fc235cfd000 rw-p 00000000 00:00 0 
7fc235cfd000-7fc235cfe000 ---p 00000000 00:00 0 
7fc235cfe000-7fc235d02000 ---p 00000000 00:00 0 
7fc235d02000-7fc235dfe000 rw-p 00000000 00:00 0 
7fc235dfe000-7fc235dff000 ---p 00000000 00:00 0 
7fc235dff000-7fc235e03000 ---p 00000000 00:00 0 
7fc235e03000-7fc235eff000 rw-p 00000000 00:00 0 
7fc235eff000-7fc235f00000 ---p 00000000 00:00 0 
7fc235f00000-7fc235f04000 ---p 00000000 00:00 0 
7fc235f04000-7fc236000000 rw-p 00000000 00:00 0 
7fc236000000-7fc236455000 rw-p 00001000 00:25 13853                      /usr/lib/jvm/java-17-openjdk-amd64/lib/server/classes.jsa
7fc236455000-7fc236bca000 rw-p 00456000 00:25 13853                      /usr/lib/jvm/java-17-openjdk-amd64/lib/server/classes.jsa
7fc236bca000-7fc237000000 ---p 00000000 00:00 0 
7fc237000000-7fc237040000 rw-p 00000000 00:00 0 
7fc237040000-7fc237080000 rw-p 00000000 00:00 0 
7fc237080000-7fc237140000 rw-p 00000000 00:00 0 
7fc237140000-7fc237180000 rw-p 00000000 00:00 0 
7fc237180000-7fc237400000 rw-p 00000000 00:00 0 
7fc237400000-7fc237440000 rw-p 00000000 00:00 0 
7fc237440000-7fc237480000 rw-p 00000000 00:00 0 
7fc237480000-7fc237740000 rw-p 00000000 00:00 0 
7fc237740000-7fc237780000 rw-p 00000000 00:00 0 
7fc237780000-7fc237ae0000 rw-p 00000000 00:00 0 
7fc237ae0000-7fc237b00000 rw-p 00000000 00:00 0 
7fc237b00000-7fc237bc0000 rw-p 00000000 00:00 0 
7fc237bc0000-7fc237bd0000 rw-p 00000000 00:00 0 
7fc237bd0000-7fc237c00000 ---p 00000000 00:00 0 
7fc237c00000-7fc237e10000 rw-p 00000000 00:00 0 
7fc237e10000-7fc244000000 ---p 00000000 00:00 0 
7fc244000000-7fc246332000 rw-p 00000000 00:00 0 
7fc246332000-7fc248000000 ---p 00000000 00:00 0 
7fc248000000-7fc248400000 rw-p 00000000 00:00 0 
7fc248400000-7fc248900000 rw-p 00000000 00:00 0 
7fc248900000-7fc248a00000 rw-p 00000000 00:00 0 
7fc248a00000-7fc249580000 rw-p 00000000 00:00 0 
7fc249580000-7fc249600000 rw-p 00000000 00:00 0 
7fc249600000-7fc249700000 rw-p 00000000 00:00 0 
7fc249700000-7fc249900000 rw-p 00000000 00:00 0 
7fc249900000-7fc249a00000 rw-p 00000000 00:00 0 
7fc249a00000-7fc24a500000 rw-p 00000000 00:00 0 
7fc24a500000-7fc24a600000 rw-p 00000000 00:00 0 
7fc24a600000-7fc24ab00000 rw-p 00000000 00:00 0 
7fc24ab00000-7fc24ac00000 rw-p 00000000 00:00 0 
7fc24ac00000-7fc24af00000 rw-p 00000000 00:00 0 
7fc24af00000-7fc24b000000 rw-p 00000000 00:00 0 
7fc24b000000-7fc24bd80000 rw-p 00000000 00:00 0 
7fc24bd80000-7fc24be00000 rw-p 00000000 00:00 0 
7fc24be00000-7fc24c000000 rw-p 00000000 00:00 0 
7fc24c000000-7fc24c8c6000 rw-p 00000000 00:00 0 
7fc24c8c6000-7fc250000000 ---p 00000000 00:00 0 
7fc2500e1000-7fc2500e2000 ---p 00000000 00:00 0 
7fc2500e2000-7fc2500e6000 ---p 00000000 00:00 0 
7fc2500e6000-7fc2501e2000 rw-p 00000000 00:00 0 
7fc2501e2000-7fc2501e3000 ---p 00000000 00:00 0 
7fc2501e3000-7fc2501e7000 ---p 00000000 00:00 0 
7fc2501e7000-7fc2502e3000 rw-p 00000000 00:00 0 
7fc2502e3000-7fc2502e4000 ---p 00000000 00:00 0 
7fc2502e4000-7fc2502e8000 ---p 00000000 00:00 0 
7fc2502e8000-7fc2503e4000 rw-p 00000000 00:00 0 
7fc2503e4000-7fc2503e5000 ---p 00000000 00:00 0 
7fc2503e5000-7fc2503e9000 ---p 00000000 00:00 0 
7fc2503e9000-7fc2504e5000 rw-p 00000000 00:00 0 
7fc2504e5000-7fc2504e6000 ---p 00000000 00:00 0 
7fc2504e6000-7fc2504ea000 ---p 00000000 00:00 0 
7fc2504ea000-7fc2505e6000 rw-p 00000000 00:00 0 
7fc2505e6000-7fc2505e7000 ---p 00000000 00:00 0 
7fc2505e7000-7fc2505eb000 ---p 00000000 00:00 0 
7fc2505eb000-7fc2506e7000 rw-p 00000000 00:00 0 
7fc2506e7000-7fc2506e8000 ---p 00000000 00:00 0 
7fc2506e8000-7fc2506ec000 ---p 00000000 00:00 0 
7fc2506ec000-7fc2507e8000 rw-p 00000000 00:00 0 
7fc2507e8000-7fc2507e9000 ---p 00000000 00:00 0 
7fc2507e9000-7fc2507ed000 ---p 00000000 00:00 0 
7fc2507ed000-7fc2508e9000 rw-p 00000000 00:00 0 
7fc2508e9000-7fc2508ea000 ---p 00000000 00:00 0 
7fc2508ea000-7fc2508ee000 ---p 00000000 00:00 0 
7fc2508ee000-7fc2509ea000 rw-p 00000000 00:00 0 
7fc2509ea000-7fc2509eb000 ---p 00000000 00:00 0 
7fc2509eb000-7fc2509ef000 ---p 00000000 00:00 0 
7fc2509ef000-7fc250aeb000 rw-p 00000000 00:00 0 
7fc250aeb000-7fc250aec000 ---p 00000000 00:00 0 
7fc250aec000-7fc250af0000 ---p 00000000 00:00 0 
7fc250af0000-7fc250bec000 rw-p 00000000 00:00 0 
7fc250bec000-7fc250bed000 ---p 00000000 00:00 0 
7fc250bed000-7fc250bf1000 ---p 00000000 00:00 0 
7fc250bf1000-7fc250ced000 rw-p 00000000 00:00 0 
7fc250ced000-7fc250cee000 ---p 00000000 00:00 0 
7fc250cee000-7fc250cf2000 ---p 00000000 00:00 0 
7fc250cf2000-7fc250dee000 rw-p 00000000 00:00 0 
7fc250dee000-7fc250def000 ---p 00000000 00:00 0 
7fc250def000-7fc250df3000 ---p 00000000 00:00 0 
7fc250df3000-7fc250eef000 rw-p 00000000 00:00 0 
7fc250eef000-7fc250ef0000 ---p 00000000 00:00 0 
7fc250ef0000-7fc250ef4000 ---p 00000000 00:00 0 
7fc250ef4000-7fc250ff0000 rw-p 00000000 00:00 0 
7fc250ff0000-7fc250ff1000 ---p 00000000 00:00 0 
7fc250ff1000-7fc250ff5000 ---p 00000000 00:00 0 
7fc250ff5000-7fc2510f1000 rw-p 00000000 00:00 0 
7fc2510f1000-7fc2510f2000 ---p 00000000 00:00 0 
7fc2510f2000-7fc2510f6000 ---p 00000000 00:00 0 
7fc2510f6000-7fc2511f2000 rw-p 00000000 00:00 0 
7fc2511f2000-7fc2511f3000 ---p 00000000 00:00 0 
7fc2511f3000-7fc2511f7000 ---p 00000000 00:00 0 
7fc2511f7000-7fc2512f3000 rw-p 00000000 00:00 0 
7fc2512f3000-7fc2512f4000 ---p 00000000 00:00 0 
7fc2512f4000-7fc2512f8000 ---p 00000000 00:00 0 
7fc2512f8000-7fc2513f4000 rw-p 00000000 00:00 0 
7fc2513f4000-7fc2513f5000 ---p 00000000 00:00 0 
7fc2513f5000-7fc2513f9000 ---p 00000000 00:00 0 
7fc2513f9000-7fc2514f5000 rw-p 00000000 00:00 0 
7fc2514f5000-7fc2514f6000 ---p 00000000 00:00 0 
7fc2514f6000-7fc2514fa000 ---p 00000000 00:00 0 
7fc2514fa000-7fc2515f6000 rw-p 00000000 00:00 0 
7fc2515f6000-7fc2515f7000 ---p 00000000 00:00 0 
7fc2515f7000-7fc2515fb000 ---p 00000000 00:00 0 
7fc2515fb000-7fc2516f7000 rw-p 00000000 00:00 0 
7fc2516f7000-7fc2516f8000 ---p 00000000 00:00 0 
7fc2516f8000-7fc2516fc000 ---p 00000000 00:00 0 
7fc2516fc000-7fc2517f8000 rw-p 00000000 00:00 0 
7fc2517f8000-7fc2517f9000 ---p 00000000 00:00 0 
7fc2517f9000-7fc2517fd000 ---p 00000000 00:00 0 
7fc2517fd000-7fc2518f9000 rw-p 00000000 00:00 0 
7fc2518f9000-7fc2518fa000 ---p 00000000 00:00 0 
7fc2518fa000-7fc2518fe000 ---p 00000000 00:00 0 
7fc2518fe000-7fc2519fa000 rw-p 00000000 00:00 0 
7fc2519fa000-7fc2519fb000 ---p 00000000 00:00 0 
7fc2519fb000-7fc2519ff000 ---p 00000000 00:00 0 
7fc2519ff000-7fc251afb000 rw-p 00000000 00:00 0 
7fc251afb000-7fc251afc000 ---p 00000000 00:00 0 
7fc251afc000-7fc251b00000 ---p 00000000 00:00 0 
7fc251b00000-7fc251bfc000 rw-p 00000000 00:00 0 
7fc251bfc000-7fc251bfd000 ---p 00000000 00:00 0 
7fc251bfd000-7fc251c01000 ---p 00000000 00:00 0 
7fc251c01000-7fc251cfd000 rw-p 00000000 00:00 0 
7fc251cfd000-7fc251cfe000 ---p 00000000 00:00 0 
7fc251cfe000-7fc251d02000 ---p 00000000 00:00 0 
7fc251d02000-7fc251dfe000 rw-p 00000000 00:00 0 
7fc251dfe000-7fc251dff000 ---p 00000000 00:00 0 
7fc251dff000-7fc251e03000 ---p 00000000 00:00 0 
7fc251e03000-7fc251eff000 rw-p 00000000 00:00 0 
7fc251eff000-7fc251f00000 ---p 00000000 00:00 0 
7fc251f00000-7fc251f04000 ---p 00000000 00:00 0 
7fc251f04000-7fc254000000 rw-p 00000000 00:00 0 
7fc254000000-7fc254071000 rw-p 00000000 00:00 0 
7fc254071000-7fc258000000 ---p 00000000 00:00 0 
7fc258000000-7fc25805b000 rw-p 00000000 00:00 0 
7fc25805b000-7fc25c000000 ---p 00000000 00:00 0 
7fc25c000000-7fc25c10e000 rw-p 00000000 00:00 0 
7fc25c10e000-7fc260000000 ---p 00000000 00:00 0 
7fc2600fd000-7fc2600fe000 ---p 00000000 00:00 0 
7fc2600fe000-7fc260102000 ---p 00000000 00:00 0 
7fc260102000-7fc2601fe000 rw-p 00000000 00:00 0 
7fc2601fe000-7fc2601ff000 ---p 00000000 00:00 0 
7fc2601ff000-7fc260203000 ---p 00000000 00:00 0 
7fc260203000-7fc2602ff000 rw-p 00000000 00:00 0 
7fc2602ff000-7fc260300000 ---p 00000000 00:00 0 
7fc260300000-7fc260304000 ---p 00000000 00:00 0 
7fc260304000-7fc260400000 rw-p 00000000 00:00 0 
7fc260400000-7fc260453000 r-xp 00000000 fe:00 396867                     /root/.gradle/native/38dada09dfb8b06ba9b0570ebf7e218e3eb74d4ef43ca46872605cf95ebc2f47/linux-amd64/libnative-platform-file-events.so
7fc260453000-7fc260652000 ---p 00053000 fe:00 396867                     /root/.gradle/native/38dada09dfb8b06ba9b0570ebf7e218e3eb74d4ef43ca46872605cf95ebc2f47/linux-amd64/libnative-platform-file-events.so
7fc260652000-7fc260653000 r--p 00052000 fe:00 396867                     /root/.gradle/native/38dada09dfb8b06ba9b0570ebf7e218e3eb74d4ef43ca46872605cf95ebc2f47/linux-amd64/libnative-platform-file-events.so
7fc260653000-7fc260655000 rw-p 00053000 fe:00 396867                     /root/.gradle/native/38dada09dfb8b06ba9b0570ebf7e218e3eb74d4ef43ca46872605cf95ebc2f47/linux-amd64/libnative-platform-file-events.so
7fc2606ff000-7fc260700000 ---p 00000000 00:00 0 
7fc260700000-7fc260704000 ---p 00000000 00:00 0 
7fc260704000-7fc260800000 rw-p 00000000 00:00 0 
7fc260800000-7fc260805000 r-xp 00000000 fe:00 396850                     /root/.gradle/native/c067742578af261105cb4f569cf0c3c89f3d7b1fecec35dd04571415982c5e48/linux-amd64/libnative-platform.so
7fc260805000-7fc260a05000 ---p 00005000 fe:00 396850                     /root/.gradle/native/c067742578af261105cb4f569cf0c3c89f3d7b1fecec35dd04571415982c5e48/linux-amd64/libnative-platform.so
7fc260a05000-7fc260a06000 r--p 00005000 fe:00 396850                     /root/.gradle/native/c067742578af261105cb4f569cf0c3c89f3d7b1fecec35dd04571415982c5e48/linux-amd64/libnative-platform.so
7fc260a06000-7fc260a07000 rw-p 00006000 fe:00 396850                     /root/.gradle/native/c067742578af261105cb4f569cf0c3c89f3d7b1fecec35dd04571415982c5e48/linux-amd64/libnative-platform.so
7fc260b07000-7fc260b08000 ---p 00000000 00:00 0 
7fc260b08000-7fc260c08000 rw-p 00000000 00:00 0 
7fc260c08000-7fc260c09000 ---p 00000000 00:00 0 
7fc260c09000-7fc260d09000 rw-p 00000000 00:00 0 
7fc260d09000-7fc260d0a000 ---p 00000000 00:00 0 
7fc260d0a000-7fc260d0e000 ---p 00000000 00:00 0 
7fc260d0e000-7fc260e0a000 rw-p 00000000 00:00 0 
7fc260e0a000-7fc260e0b000 ---p 00000000 00:00 0 
7fc260e0b000-7fc260e0f000 ---p 00000000 00:00 0 
7fc260e0f000-7fc260f0b000 rw-p 00000000 00:00 0 
7fc260f0b000-7fc260f0c000 ---p 00000000 00:00 0 
7fc260f0c000-7fc260f10000 ---p 00000000 00:00 0 
7fc260f10000-7fc26100c000 rw-p 00000000 00:00 0 
7fc26100c000-7fc26100d000 ---p 00000000 00:00 0 
7fc26100d000-7fc261011000 ---p 00000000 00:00 0 
7fc261011000-7fc26110d000 rw-p 00000000 00:00 0 
7fc26110d000-7fc26110e000 ---p 00000000 00:00 0 
7fc26110e000-7fc261112000 ---p 00000000 00:00 0 
7fc261112000-7fc26120e000 rw-p 00000000 00:00 0 
7fc26120e000-7fc26120f000 ---p 00000000 00:00 0 
7fc26120f000-7fc261213000 ---p 00000000 00:00 0 
7fc261213000-7fc26130f000 rw-p 00000000 00:00 0 
7fc26130f000-7fc261310000 ---p 00000000 00:00 0 
7fc261310000-7fc261314000 ---p 00000000 00:00 0 
7fc261314000-7fc261410000 rw-p 00000000 00:00 0 
7fc261410000-7fc261411000 ---p 00000000 00:00 0 
7fc261411000-7fc261415000 ---p 00000000 00:00 0 
7fc261415000-7fc261511000 rw-p 00000000 00:00 0 
7fc261511000-7fc262b01000 rwxp 00000000 00:00 0 
7fc262b01000-7fc268a49000 ---p 00000000 00:00 0 
7fc268a49000-7fc268cb9000 rwxp 00000000 00:00 0 
7fc268cb9000-7fc268fd8000 ---p 00000000 00:00 0 
7fc268fd8000-7fc2695c8000 rwxp 00000000 00:00 0 
7fc2695c8000-7fc270511000 ---p 00000000 00:00 0 
7fc270511000-7fc278000000 r--s 00000000 00:25 13844                      /usr/lib/jvm/java-17-openjdk-amd64/lib/modules
7fc278000000-7fc279411000 rw-p 00000000 00:00 0 
7fc279411000-7fc27c000000 ---p 00000000 00:00 0 
7fc27c052000-7fc27c053000 r--p 00000000 00:25 13813                      /usr/lib/jvm/java-17-openjdk-amd64/lib/libextnet.so
7fc27c053000-7fc27c054000 r-xp 00001000 00:25 13813                      /usr/lib/jvm/java-17-openjdk-amd64/lib/libextnet.so
7fc27c054000-7fc27c055000 r--p 00002000 00:25 13813                      /usr/lib/jvm/java-17-openjdk-amd64/lib/libextnet.so
7fc27c055000-7fc27c056000 r--p 00002000 00:25 13813                      /usr/lib/jvm/java-17-openjdk-amd64/lib/libextnet.so
7fc27c056000-7fc27c057000 rw-p 00003000 00:25 13813                      /usr/lib/jvm/java-17-openjdk-amd64/lib/libextnet.so
7fc27c057000-7fc27c059000 r--p 00000000 00:25 13832                      /usr/lib/jvm/java-17-openjdk-amd64/lib/libmanagement_ext.so
7fc27c059000-7fc27c05c000 r-xp 00002000 00:25 13832                      /usr/lib/jvm/java-17-openjdk-amd64/lib/libmanagement_ext.so
7fc27c05c000-7fc27c05d000 r--p 00005000 00:25 13832                      /usr/lib/jvm/java-17-openjdk-amd64/lib/libmanagement_ext.so
7fc27c05d000-7fc27c05e000 r--p 00006000 00:25 13832                      /usr/lib/jvm/java-17-openjdk-amd64/lib/libmanagement_ext.so
7fc27c05e000-7fc27c05f000 rw-p 00007000 00:25 13832                      /usr/lib/jvm/java-17-openjdk-amd64/lib/libmanagement_ext.so
7fc27c05f000-7fc27c060000 r--p 00000000 00:25 18162                      /usr/lib/x86_64-linux-gnu/libpthread.so.0
7fc27c060000-7fc27c061000 r-xp 00001000 00:25 18162                      /usr/lib/x86_64-linux-gnu/libpthread.so.0
7fc27c061000-7fc27c062000 r--p 00002000 00:25 18162                      /usr/lib/x86_64-linux-gnu/libpthread.so.0
7fc27c062000-7fc27c063000 r--p 00002000 00:25 18162                      /usr/lib/x86_64-linux-gnu/libpthread.so.0
7fc27c063000-7fc27c064000 rw-p 00003000 00:25 18162                      /usr/lib/x86_64-linux-gnu/libpthread.so.0
7fc27c064000-7fc27c068000 r--p 00000000 00:25 13842                      /usr/lib/jvm/java-17-openjdk-amd64/lib/libverify.so
7fc27c068000-7fc27c06f000 r-xp 00004000 00:25 13842                      /usr/lib/jvm/java-17-openjdk-amd64/lib/libverify.so
7fc27c06f000-7fc27c071000 r--p 0000b000 00:25 13842                      /usr/lib/jvm/java-17-openjdk-amd64/lib/libverify.so
7fc27c071000-7fc27c073000 r--p 0000c000 00:25 13842                      /usr/lib/jvm/java-17-openjdk-amd64/lib/libverify.so
7fc27c073000-7fc27c074000 rw-p 0000e000 00:25 13842                      /usr/lib/jvm/java-17-openjdk-amd64/lib/libverify.so
7fc27c074000-7fc27c078000 r--p 00000000 00:25 13834                      /usr/lib/jvm/java-17-openjdk-amd64/lib/libnet.so
7fc27c078000-7fc27c086000 r-xp 00004000 00:25 13834                      /usr/lib/jvm/java-17-openjdk-amd64/lib/libnet.so
7fc27c086000-7fc27c08a000 r--p 00012000 00:25 13834                      /usr/lib/jvm/java-17-openjdk-amd64/lib/libnet.so
7fc27c08a000-7fc27c08b000 r--p 00015000 00:25 13834                      /usr/lib/jvm/java-17-openjdk-amd64/lib/libnet.so
7fc27c08b000-7fc27c08c000 rw-p 00016000 00:25 13834                      /usr/lib/jvm/java-17-openjdk-amd64/lib/libnet.so
7fc27c08c000-7fc27c0e3000 r--p 00000000 00:25 13893                      /usr/lib/locale/C.utf8/LC_CTYPE
7fc27c0e3000-7fc27c0e4000 ---p 00000000 00:00 0 
7fc27c0e4000-7fc27c0e8000 ---p 00000000 00:00 0 
7fc27c0e8000-7fc27c1e4000 rw-p 00000000 00:00 0 
7fc27c1e4000-7fc27c1e5000 ---p 00000000 00:00 0 
7fc27c1e5000-7fc27c1e9000 ---p 00000000 00:00 0 
7fc27c1e9000-7fc27c2e5000 rw-p 00000000 00:00 0 
7fc27c2e5000-7fc27c2e6000 ---p 00000000 00:00 0 
7fc27c2e6000-7fc27c3e6000 rw-p 00000000 00:00 0 
7fc27c3e6000-7fc27c3eb000 r--p 00000000 00:25 13828                      /usr/lib/jvm/java-17-openjdk-amd64/lib/libjsvml.so
7fc27c3eb000-7fc27c42c000 r-xp 00005000 00:25 13828                      /usr/lib/jvm/java-17-openjdk-amd64/lib/libjsvml.so
7fc27c42c000-7fc27c4b5000 r--p 00046000 00:25 13828                      /usr/lib/jvm/java-17-openjdk-amd64/lib/libjsvml.so
7fc27c4b5000-7fc27c4b6000 r--p 000ce000 00:25 13828                      /usr/lib/jvm/java-17-openjdk-amd64/lib/libjsvml.so
7fc27c4b6000-7fc27c4b7000 rw-p 000cf000 00:25 13828                      /usr/lib/jvm/java-17-openjdk-amd64/lib/libjsvml.so
7fc27c4b7000-7fc27c5d4000 rw-p 00000000 00:00 0 
7fc27c5d7000-7fc27c5d9000 r--p 00000000 00:25 13830                      /usr/lib/jvm/java-17-openjdk-amd64/lib/libmanagement.so
7fc27c5d9000-7fc27c5da000 r-xp 00002000 00:25 13830                      /usr/lib/jvm/java-17-openjdk-amd64/lib/libmanagement.so
7fc27c5da000-7fc27c5db000 r--p 00003000 00:25 13830                      /usr/lib/jvm/java-17-openjdk-amd64/lib/libmanagement.so
7fc27c5db000-7fc27c5dc000 r--p 00003000 00:25 13830                      /usr/lib/jvm/java-17-openjdk-amd64/lib/libmanagement.so
7fc27c5dc000-7fc27c5dd000 rw-p 00004000 00:25 13830                      /usr/lib/jvm/java-17-openjdk-amd64/lib/libmanagement.so
7fc27c5dd000-7fc27c5e4000 r--p 00000000 00:25 13835                      /usr/lib/jvm/java-17-openjdk-amd64/lib/libnio.so
7fc27c5e4000-7fc27c5ed000 r-xp 00007000 00:25 13835                      /usr/lib/jvm/java-17-openjdk-amd64/lib/libnio.so
7fc27c5ed000-7fc27c5f1000 r--p 00010000 00:25 13835                      /usr/lib/jvm/java-17-openjdk-amd64/lib/libnio.so
7fc27c5f1000-7fc27c5f2000 r--p 00014000 00:25 13835                      /usr/lib/jvm/java-17-openjdk-amd64/lib/libnio.so
7fc27c5f2000-7fc27c5f3000 rw-p 00015000 00:25 13835                      /usr/lib/jvm/java-17-openjdk-amd64/lib/libnio.so
7fc27c5f3000-7fc27c5f5000 r--p 00000000 00:25 13843                      /usr/lib/jvm/java-17-openjdk-amd64/lib/libzip.so
7fc27c5f5000-7fc27c5f9000 r-xp 00002000 00:25 13843                      /usr/lib/jvm/java-17-openjdk-amd64/lib/libzip.so
7fc27c5f9000-7fc27c5fb000 r--p 00006000 00:25 13843                      /usr/lib/jvm/java-17-openjdk-amd64/lib/libzip.so
7fc27c5fb000-7fc27c5fc000 r--p 00007000 00:25 13843                      /usr/lib/jvm/java-17-openjdk-amd64/lib/libzip.so
7fc27c5fc000-7fc27c5fd000 rw-p 00008000 00:25 13843                      /usr/lib/jvm/java-17-openjdk-amd64/lib/libzip.so
7fc27c5fd000-7fc27c5fe000 r--p 00000000 00:25 13899                      /usr/lib/locale/C.utf8/LC_NUMERIC
7fc27c5fe000-7fc27c5ff000 r--p 00000000 00:25 13902                      /usr/lib/locale/C.utf8/LC_TIME
7fc27c5ff000-7fc27c600000 r--p 00000000 00:25 13892                      /usr/lib/locale/C.utf8/LC_COLLATE
7fc27c600000-7fc27c601000 r--p 00000000 00:25 13897                      /usr/lib/locale/C.utf8/LC_MONETARY
7fc27c601000-7fc27c602000 r--p 00000000 00:25 13896                      /usr/lib/locale/C.utf8/LC_MESSAGES/SYS_LC_MESSAGES
7fc27c602000-7fc27c603000 r--p 00000000 00:25 13900                      /usr/lib/locale/C.utf8/LC_PAPER
7fc27c603000-7fc27c604000 r--p 00000000 00:25 13898                      /usr/lib/locale/C.utf8/LC_NAME
7fc27c604000-7fc27c60b000 r--s 00000000 00:25 17585                      /usr/lib/x86_64-linux-gnu/gconv/gconv-modules.cache
7fc27c60b000-7fc27c60c000 ---p 00000000 00:00 0 
7fc27c60c000-7fc27c70c000 rw-p 00000000 00:00 0 
7fc27c70c000-7fc27c70d000 ---p 00000000 00:00 0 
7fc27c70d000-7fc27ca0f000 rw-p 00000000 00:00 0 
7fc27ca0f000-7fc27ca10000 ---p 00000000 00:00 0 
7fc27ca10000-7fc27cb10000 rw-p 00000000 00:00 0 
7fc27cb10000-7fc27cb11000 ---p 00000000 00:00 0 
7fc27cb11000-7fc27cc11000 rw-p 00000000 00:00 0 
7fc27cc11000-7fc27cc12000 ---p 00000000 00:00 0 
7fc27cc12000-7fc27d7b0000 rw-p 00000000 00:00 0 
7fc27d7b0000-7fc27d924000 ---p 00000000 00:00 0 
7fc27d924000-7fc27e3b0000 rw-p 00000000 00:00 0 
7fc27e3b0000-7fc27e524000 ---p 00000000 00:00 0 
7fc27e524000-7fc27e67d000 rw-p 00000000 00:00 0 
7fc27e67d000-7fc27e6ab000 ---p 00000000 00:00 0 
7fc27e6ab000-7fc27e7fd000 rw-p 00000000 00:00 0 
7fc27e7fd000-7fc27e82b000 ---p 00000000 00:00 0 
7fc27e82b000-7fc27e97d000 rw-p 00000000 00:00 0 
7fc27e97d000-7fc27e9ab000 ---p 00000000 00:00 0 
7fc27e9ab000-7fc27ebba000 rw-p 00000000 00:00 0 
7fc27ebba000-7fc27ec99000 ---p 00000000 00:00 0 
7fc27ec99000-7fc27ecc5000 rw-p 00000000 00:00 0 
7fc27ecc5000-7fc27ed84000 ---p 00000000 00:00 0 
7fc27ed84000-7fc27ed89000 rw-p 00000000 00:00 0 
7fc27ed89000-7fc27ed90000 ---p 00000000 00:00 0 
7fc27ed90000-7fc27ed98000 rw-s 00000000 fe:00 402583                     /tmp/hsperfdata_root/14895
7fc27ed98000-7fc27eda4000 r--p 00000000 00:25 13820                      /usr/lib/jvm/java-17-openjdk-amd64/lib/libjava.so
7fc27eda4000-7fc27edb5000 r-xp 0000c000 00:25 13820                      /usr/lib/jvm/java-17-openjdk-amd64/lib/libjava.so
7fc27edb5000-7fc27edbb000 r--p 0001d000 00:25 13820                      /usr/lib/jvm/java-17-openjdk-amd64/lib/libjava.so
7fc27edbb000-7fc27edbc000 r--p 00022000 00:25 13820                      /usr/lib/jvm/java-17-openjdk-amd64/lib/libjava.so
7fc27edbc000-7fc27edbd000 rw-p 00023000 00:25 13820                      /usr/lib/jvm/java-17-openjdk-amd64/lib/libjava.so
7fc27edbd000-7fc27edbe000 rw-p 00000000 00:00 0 
7fc27edbe000-7fc27edbf000 r--p 00000000 00:25 13815                      /usr/lib/jvm/java-17-openjdk-amd64/lib/libinstrument.so
7fc27edbf000-7fc27edc5000 r-xp 00001000 00:25 13815                      /usr/lib/jvm/java-17-openjdk-amd64/lib/libinstrument.so
7fc27edc5000-7fc27edc8000 r--p 00007000 00:25 13815                      /usr/lib/jvm/java-17-openjdk-amd64/lib/libinstrument.so
7fc27edc8000-7fc27edc9000 r--p 00009000 00:25 13815                      /usr/lib/jvm/java-17-openjdk-amd64/lib/libinstrument.so
7fc27edc9000-7fc27edca000 rw-p 0000a000 00:25 13815                      /usr/lib/jvm/java-17-openjdk-amd64/lib/libinstrument.so
7fc27edca000-7fc27edcc000 r--p 00000000 00:25 13824                      /usr/lib/jvm/java-17-openjdk-amd64/lib/libjimage.so
7fc27edcc000-7fc27edcf000 r-xp 00002000 00:25 13824                      /usr/lib/jvm/java-17-openjdk-amd64/lib/libjimage.so
7fc27edcf000-7fc27edd0000 r--p 00005000 00:25 13824                      /usr/lib/jvm/java-17-openjdk-amd64/lib/libjimage.so
7fc27edd0000-7fc27edd1000 r--p 00006000 00:25 13824                      /usr/lib/jvm/java-17-openjdk-amd64/lib/libjimage.so
7fc27edd1000-7fc27edd2000 rw-p 00007000 00:25 13824                      /usr/lib/jvm/java-17-openjdk-amd64/lib/libjimage.so
7fc27edd2000-7fc27edd6000 ---p 00000000 00:00 0 
7fc27edd6000-7fc27eed2000 rw-p 00000000 00:00 0 
7fc27eed2000-7fc27eed5000 r--p 00000000 00:25 17971                      /usr/lib/x86_64-linux-gnu/libgcc_s.so.1
7fc27eed5000-7fc27eeec000 r-xp 00003000 00:25 17971                      /usr/lib/x86_64-linux-gnu/libgcc_s.so.1
7fc27eeec000-7fc27eef0000 r--p 0001a000 00:25 17971                      /usr/lib/x86_64-linux-gnu/libgcc_s.so.1
7fc27eef0000-7fc27eef1000 r--p 0001d000 00:25 17971                      /usr/lib/x86_64-linux-gnu/libgcc_s.so.1
7fc27eef1000-7fc27eef2000 rw-p 0001e000 00:25 17971                      /usr/lib/x86_64-linux-gnu/libgcc_s.so.1
7fc27eef2000-7fc27ef02000 r--p 00000000 00:25 18072                      /usr/lib/x86_64-linux-gnu/libm.so.6
7fc27ef02000-7fc27ef76000 r-xp 00010000 00:25 18072                      /usr/lib/x86_64-linux-gnu/libm.so.6
7fc27ef76000-7fc27efd0000 r--p 00084000 00:25 18072                      /usr/lib/x86_64-linux-gnu/libm.so.6
7fc27efd0000-7fc27efd1000 r--p 000dd000 00:25 18072                      /usr/lib/x86_64-linux-gnu/libm.so.6
7fc27efd1000-7fc27efd2000 rw-p 000de000 00:25 18072                      /usr/lib/x86_64-linux-gnu/libm.so.6
7fc27efd2000-7fc27f06b000 r--p 00000000 00:25 18239                      /usr/lib/x86_64-linux-gnu/libstdc++.so.6.0.30
7fc27f06b000-7fc27f16c000 r-xp 00099000 00:25 18239                      /usr/lib/x86_64-linux-gnu/libstdc++.so.6.0.30
7fc27f16c000-7fc27f1db000 r--p 0019a000 00:25 18239                      /usr/lib/x86_64-linux-gnu/libstdc++.so.6.0.30
7fc27f1db000-7fc27f1e6000 r--p 00209000 00:25 18239                      /usr/lib/x86_64-linux-gnu/libstdc++.so.6.0.30
7fc27f1e6000-7fc27f1e9000 rw-p 00214000 00:25 18239                      /usr/lib/x86_64-linux-gnu/libstdc++.so.6.0.30
7fc27f1e9000-7fc27f1ec000 rw-p 00000000 00:00 0 
7fc27f1ec000-7fc27f43d000 r--p 00000000 00:25 13856                      /usr/lib/jvm/java-17-openjdk-amd64/lib/server/libjvm.so
7fc27f43d000-7fc28018f000 r-xp 00251000 00:25 13856                      /usr/lib/jvm/java-17-openjdk-amd64/lib/server/libjvm.so
7fc28018f000-7fc280411000 r--p 00fa3000 00:25 13856                      /usr/lib/jvm/java-17-openjdk-amd64/lib/server/libjvm.so
7fc280411000-7fc2804c9000 r--p 01225000 00:25 13856                      /usr/lib/jvm/java-17-openjdk-amd64/lib/server/libjvm.so
7fc2804c9000-7fc2804fe000 rw-p 012dd000 00:25 13856                      /usr/lib/jvm/java-17-openjdk-amd64/lib/server/libjvm.so
7fc2804fe000-7fc28055a000 rw-p 00000000 00:00 0 
7fc28055a000-7fc280580000 r--p 00000000 00:25 17860                      /usr/lib/x86_64-linux-gnu/libc.so.6
7fc280580000-7fc2806d6000 r-xp 00026000 00:25 17860                      /usr/lib/x86_64-linux-gnu/libc.so.6
7fc2806d6000-7fc280729000 r--p 0017c000 00:25 17860                      /usr/lib/x86_64-linux-gnu/libc.so.6
7fc280729000-7fc28072d000 r--p 001cf000 00:25 17860                      /usr/lib/x86_64-linux-gnu/libc.so.6
7fc28072d000-7fc28072f000 rw-p 001d3000 00:25 17860                      /usr/lib/x86_64-linux-gnu/libc.so.6
7fc28072f000-7fc28073c000 rw-p 00000000 00:00 0 
7fc28073c000-7fc28073e000 r--p 00000000 00:25 13825                      /usr/lib/jvm/java-17-openjdk-amd64/lib/libjli.so
7fc28073e000-7fc280747000 r-xp 00002000 00:25 13825                      /usr/lib/jvm/java-17-openjdk-amd64/lib/libjli.so
7fc280747000-7fc28074a000 r--p 0000b000 00:25 13825                      /usr/lib/jvm/java-17-openjdk-amd64/lib/libjli.so
7fc28074a000-7fc28074b000 r--p 0000d000 00:25 13825                      /usr/lib/jvm/java-17-openjdk-amd64/lib/libjli.so
7fc28074b000-7fc28074c000 rw-p 0000e000 00:25 13825                      /usr/lib/jvm/java-17-openjdk-amd64/lib/libjli.so
7fc28074c000-7fc28074f000 r--p 00000000 00:25 1006                       /usr/lib/x86_64-linux-gnu/libz.so.1.2.13
7fc28074f000-7fc280762000 r-xp 00003000 00:25 1006                       /usr/lib/x86_64-linux-gnu/libz.so.1.2.13
7fc280762000-7fc280769000 r--p 00016000 00:25 1006                       /usr/lib/x86_64-linux-gnu/libz.so.1.2.13
7fc280769000-7fc28076a000 r--p 0001c000 00:25 1006                       /usr/lib/x86_64-linux-gnu/libz.so.1.2.13
7fc28076a000-7fc28076b000 rw-p 0001d000 00:25 1006                       /usr/lib/x86_64-linux-gnu/libz.so.1.2.13
7fc28076b000-7fc28076c000 r--p 00000000 00:25 13891                      /usr/lib/locale/C.utf8/LC_ADDRESS
7fc28076c000-7fc28076d000 r--p 00000000 00:25 13901                      /usr/lib/locale/C.utf8/LC_TELEPHONE
7fc28076d000-7fc28076e000 r--p 00000000 00:25 13895                      /usr/lib/locale/C.utf8/LC_MEASUREMENT
7fc28076e000-7fc28076f000 r--p 00000000 00:25 13894                      /usr/lib/locale/C.utf8/LC_IDENTIFICATION
7fc28076f000-7fc280770000 ---p 00000000 00:00 0 
7fc280770000-7fc280771000 r--p 00000000 00:00 0 
7fc280771000-7fc280772000 ---p 00000000 00:00 0 
7fc280772000-7fc280774000 rw-p 00000000 00:00 0 
7fc280774000-7fc280775000 r--p 00000000 00:25 17646                      /usr/lib/x86_64-linux-gnu/ld-linux-x86-64.so.2
7fc280775000-7fc28079b000 r-xp 00001000 00:25 17646                      /usr/lib/x86_64-linux-gnu/ld-linux-x86-64.so.2
7fc28079b000-7fc2807a5000 r--p 00027000 00:25 17646                      /usr/lib/x86_64-linux-gnu/ld-linux-x86-64.so.2
7fc2807a5000-7fc2807a7000 r--p 00031000 00:25 17646                      /usr/lib/x86_64-linux-gnu/ld-linux-x86-64.so.2
7fc2807a7000-7fc2807a9000 rw-p 00033000 00:25 17646                      /usr/lib/x86_64-linux-gnu/ld-linux-x86-64.so.2
7fffceb1c000-7fffceb3d000 rw-p 00000000 00:00 0                          [stack]
7fffceb94000-7fffceb97000 r--p 00000000 00:00 0                          [vvar]
7fffceb97000-7fffceb99000 r-xp 00000000 00:00 0                          [vdso]
ffffffffff600000-ffffffffff601000 r-xp 00000000 00:00 0                  [vsyscall]


VM Arguments:
jvm_args: -Xmx512m -XX:MaxMetaspaceSize=256m --add-opens=java.base/java.util=ALL-UNNAMED --add-opens=java.base/java.lang=ALL-UNNAMED --add-opens=java.base/java.lang.invoke=ALL-UNNAMED --add-opens=java.prefs/java.util.prefs=ALL-UNNAMED --add-opens=java.base/java.nio.charset=ALL-UNNAMED --add-opens=java.base/java.net=ALL-UNNAMED --add-opens=java.base/java.util.concurrent.atomic=ALL-UNNAMED -Xmx768m -Dfile.encoding=UTF-8 -Duser.country -Duser.language=en -Duser.variant -javaagent:/root/.gradle/wrapper/dists/gradle-8.5-bin/5t9huq95ubn472n8rpzujfbqh/gradle-8.5/lib/agents/gradle-instrumentation-agent-8.5.jar 
java_command: org.gradle.launcher.daemon.bootstrap.GradleDaemon 8.5
java_class_path (initial): /root/.gradle/wrapper/dists/gradle-8.5-bin/5t9huq95ubn472n8rpzujfbqh/gradle-8.5/lib/gradle-launcher-8.5.jar
Launcher Type: SUN_STANDARD

[Global flags]
     intx CICompilerCount                          = 2                                         {product} {ergonomic}
   size_t CompressedClassSpaceSize                 = 218103808                                 {product} {ergonomic}
     uint ConcGCThreads                            = 1                                         {product} {ergonomic}
     uint G1ConcRefinementThreads                  = 2                                         {product} {ergonomic}
   size_t G1HeapRegionSize                         = 1048576                                   {product} {ergonomic}
    uintx GCDrainStackTargetSize                   = 64                                        {product} {ergonomic}
   size_t InitialHeapSize                          = 33554432                                  {product} {ergonomic}
   size_t MarkStackSize                            = 4194304                                   {product} {ergonomic}
   size_t MaxHeapSize                              = 805306368                                 {product} {command line}
   size_t MaxMetaspaceSize                         = 268435456                                 {product} {command line}
   size_t MaxNewSize                               = 482344960                                 {product} {ergonomic}
   size_t MinHeapDeltaBytes                        = 1048576                                   {product} {ergonomic}
   size_t MinHeapSize                              = 8388608                                   {product} {ergonomic}
    uintx NonNMethodCodeHeapSize                   = 5826188                                {pd product} {ergonomic}
    uintx NonProfiledCodeHeapSize                  = 122916026                              {pd product} {ergonomic}
    uintx ProfiledCodeHeapSize                     = 122916026                              {pd product} {ergonomic}
    uintx ReservedCodeCacheSize                    = 251658240                              {pd product} {ergonomic}
     bool SegmentedCodeCache                       = true                                      {product} {ergonomic}
   size_t SoftMaxHeapSize                          = 805306368                              {manageable} {ergonomic}
     bool UseCompressedClassPointers               = true                           {product lp64_product} {ergonomic}
     bool UseCompressedOops                        = true                           {product lp64_product} {ergonomic}
     bool UseG1GC                                  = true                                      {product} {ergonomic}

Logging:
Log output configuration:
 #0: stdout all=warning uptime,level,tags
 #1: stderr all=off uptime,level,tags

Environment Variables:
JAVA_TOOL_OPTIONS=-Xmx512m
PATH=/usr/local/sbin:/usr/local/bin:/usr/sbin:/usr/bin:/sbin:/bin
SHELL=/bin/bash
LANG=C.UTF-8
LC_ALL=C.UTF-8
TERM=tmux-256color

Active Locale:
LC_ALL=C.UTF-8
LC_COLLATE=C.UTF-8
LC_CTYPE=C.UTF-8
LC_MESSAGES=C.UTF-8
LC_MONETARY=C.UTF-8
LC_NUMERIC=C.UTF-8
LC_TIME=C.UTF-8

Signal Handlers:
   SIGSEGV: crash_handler in libjvm.so, mask=11100100010111111101111111111110, flags=SA_RESTART|SA_SIGINFO, unblocked
    SIGBUS: crash_handler in libjvm.so, mask=11100100010111111101111111111110, flags=SA_RESTART|SA_SIGINFO, unblocked
    SIGFPE: crash_handler in libjvm.so, mask=11100100010111111101111111111110, flags=SA_RESTART|SA_SIGINFO, unblocked
   SIGPIPE: javaSignalHandler in libjvm.so, mask=11100100010111111101111111111110, flags=SA_RESTART|SA_SIGINFO, unblocked
   SIGXFSZ: javaSignalHandler in libjvm.so, mask=11100100010111111101111111111110, flags=SA_RESTART|SA_SIGINFO, unblocked
    SIGILL: crash_handler in libjvm.so, mask=11100100010111111101111111111110, flags=SA_RESTART|SA_SIGINFO, unblocked
   SIGUSR2: SR_handler in libjvm.so, mask=00100000000000000000000000000000, flags=SA_RESTART|SA_SIGINFO, unblocked
    SIGHUP: SIG_IGN, mask=00000000000000000000000000000000, flags=none, unblocked
    SIGINT: UserHandler in libjvm.so, mask=11100100010111111101111111111110, flags=SA_RESTART|SA_SIGINFO, unblocked
   SIGTERM: UserHandler in libjvm.so, mask=11100100010111111101111111111110, flags=SA_RESTART|SA_SIGINFO, unblocked
   SIGQUIT: UserHandler in libjvm.so, mask=11100100010111111101111111111110, flags=SA_RESTART|SA_SIGINFO, unblocked
   SIGTRAP: crash_handler in libjvm.so, mask=11100100010111111101111111111110, flags=SA_RESTART|SA_SIGINFO, unblocked


Periodic native trim disabled


---------------  S Y S T E M  ---------------

OS:
PRETTY_NAME="Debian GNU/Linux 12 (bookworm)"
NAME="Debian GNU/Linux"
VERSION_ID="12"
VERSION="12 (bookworm)"
VERSION_CODENAME=bookworm
ID=debian
HOME_URL="https://www.debian.org/"
SUPPORT_URL="https://www.debian.org/support"
BUG_REPORT_URL="https://bugs.debian.org/"
uname: Linux 4.19.91-c8dfc93.al7.x86_64 #1 SMP Tue Sep 26 10:25:51 UTC 2023 x86_64
OS uptime: 0 days 2:33 hours
libc: glibc 2.36 NPTL 2.36 
rlimit (soft/hard): STACK 8192k/infinity , CORE 0k/0k , NPROC 100000/100000 , NOFILE 100000/100000 , AS infinity/infinity , CPU infinity/infinity , DATA infinity/infinity , FSIZE infinity/infinity , MEMLOCK 64k/64k
load average: 0.51 0.37 0.55

/proc/meminfo:
MemTotal:        2152516 kB
MemFree:           28972 kB
MemAvailable:      45552 kB
Buffers:           14460 kB
Cached:            55340 kB
SwapCached:            0 kB
Active:          2004796 kB
Inactive:          36988 kB
Active(anon):    1972012 kB
Inactive(anon):       16 kB
Active(file):      32784 kB
Inactive(file):    36972 kB
Unevictable:           0 kB
Mlocked:               0 kB
SwapTotal:             0 kB
SwapFree:              0 kB
Dirty:               184 kB
Writeback:             0 kB
AnonPages:       1972004 kB
Mapped:            26364 kB
Shmem:                36 kB
Slab:              30856 kB
SReclaimable:      17424 kB
SUnreclaim:        13432 kB
KernelStack:        3280 kB
PageTables:         5884 kB
NFS_Unstable:          0 kB
Bounce:                0 kB
WritebackTmp:          0 kB
CommitLimit:     1076256 kB
Committed_AS:    2359544 kB
VmallocTotal:   34359738367 kB
VmallocUsed:           0 kB
VmallocChunk:          0 kB
Percpu:              384 kB
AnonHugePages:    212992 kB
ShmemHugePages:        0 kB
ShmemPmdMapped:        0 kB
HugePages_Total:       0
HugePages_Free:        0
HugePages_Rsvd:        0
HugePages_Surp:        0
Hugepagesize:       2048 kB
Hugetlb:               0 kB
DirectMap4k:        8192 kB
DirectMap2M:     2523136 kB
DirectMap1G:           0 kB

/sys/kernel/mm/transparent_hugepage/enabled: [always] madvise never
/sys/kernel/mm/transparent_hugepage/hpage_pmd_size: 2097152
/sys/kernel/mm/transparent_hugepage/defrag (defrag/compaction efforts parameter): always defer defer+madvise madvise [never]

Process Memory:
Virtual Size: 2648584K (peak: 2798088K)
Resident Set Size: 922380K (peak: 922380K) (anon: 900248K, file: 22132K, shmem: 0K)
Swapped out: 0K
C-Heap outstanding allocations: 141676K, retained: 23687K
glibc malloc tunables: (default)

/proc/sys/kernel/threads-max (system-wide limit on the number of threads): 1129
/proc/sys/vm/max_map_count (maximum number of memory map areas a process may have): 65530
/proc/sys/vm/swappiness (control to define how aggressively the kernel swaps out anonymous memory): 60
/proc/sys/kernel/pid_max (system-wide limit on number of process identifiers): 32768

container (cgroup) information:
container_type: cgroupv1
cpu_cpuset_cpus: 0-1
cpu_memory_nodes: 0
active_processor_count: 2
cpu_quota: no quota
cpu_period: 100000
cpu_shares: 12288
memory_limit_in_bytes: 2097152 k
memory_and_swap_limit_in_bytes: unlimited
memory_soft_limit_in_bytes: unlimited
memory_usage_in_bytes: 2057660 k
memory_max_usage_in_bytes: 2059556 k
rss_usage_in_bytes: 1961440 k
cache_usage_in_bytes: 69644 k
kernel_memory_limit_in_bytes: unlimited
kernel_memory_usage_in_bytes: 26244 k
kernel_memory_max_usage_in_bytes: 103676 k
maximum number of tasks: unlimited
current number of tasks: 128

KVM virtualization detected
Steal ticks since vm start: 3772
Steal ticks percentage since vm start:  0.408

CPU: total 2 (initial active 2) (2 cores per cpu, 1 threads per core) family 6 model 85 stepping 7 microcode 0x1, cx8, cmov, fxsr, mmx, 3dnowpref, sse, sse2, sse3, ssse3, sse4.1, sse4.2, popcnt, lzcnt, tsc, tscinvbit, avx, avx2, aes, erms, clmul, bmi1, bmi2, adx, avx512f, avx512dq, avx512cd, avx512bw, avx512vl, fma, vzeroupper, avx512_vnni, clflush, clflushopt, clwb, hv
CPU Model and flags from /proc/cpuinfo:
model name	: Intel(R) Xeon(R) Processor @ 2.50GHz
flags		: fpu vme de pse tsc msr pae mce cx8 apic sep mtrr pge mca cmov pat pse36 clflush mmx fxsr sse sse2 ss ht syscall nx pdpe1gb rdtscp lm constant_tsc rep_good nopl xtopology nonstop_tsc cpuid tsc_known_freq pni pclmulqdq ssse3 fma cx16 pcid sse4_1 sse4_2 x2apic movbe popcnt tsc_deadline_timer aes xsave avx f16c rdrand hypervisor lahf_lm abm 3dnowprefetch cpuid_fault invpcid_single ssbd ibrs ibpb stibp ibrs_enhanced fsgsbase tsc_adjust bmi1 avx2 smep bmi2 erms invpcid mpx avx512f avx512dq rdseed adx smap clflushopt clwb avx512cd avx512bw avx512vl xsaveopt xsavec xgetbv1 xsaves umip avx512_vnni md_clear arch_capabilities

Online cpus: 0-1
Offline cpus: 
BIOS frequency limitation: <Not Available>
Frequency switch latency (ns): <Not Available>
Available cpu frequencies: <Not Available>
Current governor: <Not Available>
Core performance/turbo boost: <Not Available>

Memory: 4k page, physical 2097152k(39492k free), swap 0k(0k free)
Page Sizes: 4k

vm_info: OpenJDK 64-Bit Server VM (17.0.20+8-1-deb12u1-Debian) for linux-amd64 JRE (17.0.20+8-1-deb12u1-Debian), built on Jul 28 2026 07:08:51 by "buildd" with gcc 12.2.0

END.
