#
# There is insufficient memory for the Java Runtime Environment to continue.
# Native memory allocation (mmap) failed to map 82837504 bytes. Error detail: committing reserved memory.
# Possible reasons:
#   The system is out of physical RAM or swap space
#   This process is running with CompressedOops enabled, and the Java Heap may be blocking the growth of the native heap
# Possible solutions:
#   Reduce memory load on the system
#   Increase physical memory or swap space
#   Check if swap backing store is full
#   Decrease Java heap size (-Xmx/-Xms)
#   Decrease number of Java threads
#   Decrease Java thread stack sizes (-Xss)
#   Set larger code cache with -XX:ReservedCodeCacheSize=
#   JVM is running with Unscaled Compressed Oops mode in which the Java heap is
#     placed in the first 4GB address space. The Java Heap base address is the
#     maximum limit for the native heap growth. Please use -XX:HeapBaseMinAddress
#     to set the Java Heap base and to place the Java Heap above 4GB virtual address.
# This output file may be truncated or incomplete.
#
#  Out of Memory Error (os_linux.cpp:2834), pid=9874, tid=9884
#
# JRE version: OpenJDK Runtime Environment (17.0.20+8) (build 17.0.20+8-1-deb12u1-Debian)
# Java VM: OpenJDK 64-Bit Server VM (17.0.20+8-1-deb12u1-Debian, mixed mode, sharing, tiered, compressed oops, compressed class ptrs, g1 gc, linux-amd64)
# No core dump will be written. Core dumps have been disabled. To enable core dumping, try "ulimit -c unlimited" before starting Java again
#

---------------  S U M M A R Y ------------

Command Line: -XX:MaxMetaspaceSize=384m --add-opens=java.base/java.util=ALL-UNNAMED --add-opens=java.base/java.lang=ALL-UNNAMED --add-opens=java.base/java.lang.invoke=ALL-UNNAMED --add-opens=java.prefs/java.util.prefs=ALL-UNNAMED --add-opens=java.base/java.nio.charset=ALL-UNNAMED --add-opens=java.base/java.net=ALL-UNNAMED --add-opens=java.base/java.util.concurrent.atomic=ALL-UNNAMED -Xmx768m -Dfile.encoding=UTF-8 -Duser.country -Duser.language=en -Duser.variant -javaagent:/root/.gradle/wrapper/dists/gradle-8.5-bin/5t9huq95ubn472n8rpzujfbqh/gradle-8.5/lib/agents/gradle-instrumentation-agent-8.5.jar org.gradle.launcher.daemon.bootstrap.GradleDaemon 8.5

Host: Intel(R) Xeon(R) Processor @ 2.50GHz, 2 cores, 2G, Debian GNU/Linux 12 (bookworm)
Time: Tue Sep 29 19:33:20 2026 UTC elapsed time: 77.094465 seconds (0d 0h 1m 17s)

---------------  T H R E A D  ---------------

Current thread (0x00007f0a1409c220):  VMThread "VM Thread" [stack: 0x00007f09f8e65000,0x00007f09f8f65000] [id=9884]

Stack: [0x00007f09f8e65000,0x00007f09f8f65000],  sp=0x00007f09f8f62d70,  free space=1015k
Native frames: (J=compiled Java code, j=interpreted, Vv=VM code, C=native code)
V  [libjvm.so+0xf21211]  VMError::report_and_die(int, char const*, char const*, __va_list_tag*, Thread*, unsigned char*, void*, void*, char const*, int, unsigned long)+0x171
V  [libjvm.so+0xf21d7d]  VMError::report_and_die(Thread*, char const*, int, unsigned long, VMErrorType, char const*, __va_list_tag*)+0x2d
V  [libjvm.so+0x60378c]  report_vm_out_of_memory(char const*, int, unsigned long, VMErrorType, char const*, ...)+0xdc
V  [libjvm.so+0xc2a14b]  os::pd_commit_memory_or_exit(char*, unsigned long, unsigned long, bool, char const*)+0xeb
V  [libjvm.so+0xc23ffb]  os::commit_memory_or_exit(char*, unsigned long, unsigned long, bool, char const*)+0x1b
V  [libjvm.so+0x733436]  G1PageBasedVirtualSpace::commit(unsigned long, unsigned long)+0x66
V  [libjvm.so+0x7473e0]  G1RegionsLargerThanCommitSizeMapper::commit_regions(unsigned int, unsigned long, WorkGang*)+0x110
V  [libjvm.so+0x7dadc8]  HeapRegionManager::commit_regions(unsigned int, unsigned long, WorkGang*)+0x88
V  [libjvm.so+0x7dcc0b]  HeapRegionManager::expand(unsigned int, unsigned int, WorkGang*)+0x2b
V  [libjvm.so+0x7dce27]  HeapRegionManager::expand_by(unsigned int, WorkGang*)+0x77
V  [libjvm.so+0x6ebed8]  G1CollectedHeap::expand(unsigned long, WorkGang*, double*)+0xe8
V  [libjvm.so+0x6efb29]  G1CollectedHeap::do_collection_pause_at_safepoint_helper(double)+0x8a9
V  [libjvm.so+0x6efb8f]  G1CollectedHeap::do_collection_pause_at_safepoint(double)+0x2f
V  [libjvm.so+0x76b9d7]  VM_G1CollectForAllocation::doit()+0x47
V  [libjvm.so+0xf26715]  VM_Operation::evaluate()+0xe5
V  [libjvm.so+0xf28005]  VMThread::evaluate_operation(VM_Operation*)+0x105
V  [libjvm.so+0xf2857f]  VMThread::inner_execute(VM_Operation*)+0x28f
V  [libjvm.so+0xf2878f]  VMThread::run()+0xbf
V  [libjvm.so+0xea40a5]  Thread::call_run()+0xa5
V  [libjvm.so+0xc2c8f3]  thread_native_entry(Thread*)+0xe3

VM_Operation (0x00007f09c8fdc550): G1CollectForAllocation, mode: safepoint, requested by thread 0x00007f09e9d3f2c0


---------------  P R O C E S S  ---------------

Threads class SMR info:
_java_thread_list=0x00007f0a15395210, length=49, elements={
0x00007f0a1401a7c0, 0x00007f0a140a0320, 0x00007f0a140a1700, 0x00007f0a140a7fd0,
0x00007f0a140a9380, 0x00007f0a140aa790, 0x00007f0a140ac140, 0x00007f0a140ad670,
0x00007f0a140aeae0, 0x00007f0a140bab10, 0x00007f0a1418ac50, 0x00007f0a150f5c90,
0x00007f0a1512e460, 0x00007f0a1519ce70, 0x00007f09b8016f30, 0x00007f09c0002c50,
0x00007f09c0007ca0, 0x00007f09c00092c0, 0x00007f09e8004c60, 0x00007f09e8006610,
0x00007f09e8009820, 0x00007f09e818ec30, 0x00007f09e8198a00, 0x00007f09e8400b00,
0x00007f09e83cba30, 0x00007f09e82794e0, 0x00007f09e8583690, 0x00007f09e85893f0,
0x00007f09e8484710, 0x00007f09e87d9480, 0x00007f09e8a35080, 0x00007f09e8b70050,
0x00007f09e8b78190, 0x00007f09e8c99860, 0x00007f09e8da3be0, 0x00007f09e82185a0,
0x00007f09e960fee0, 0x00007f09e98b3ab0, 0x00007f09e9d3f2c0, 0x00007f0a151a1600,
0x00007f0a1535efb0, 0x00007f0a15371b50, 0x00007f0a1537e910, 0x00007f0a153800d0,
0x00007f0a15381120, 0x00007f0a15376530, 0x00007f0a1538cf70, 0x00007f0a1538dba0,
0x00007f0a1538b440
}

Java Threads: ( => current thread )
  0x00007f0a1401a7c0 JavaThread "main" [_thread_blocked, id=9876, stack(0x00007f0a18452000,0x00007f0a18552000)]
  0x00007f0a140a0320 JavaThread "Reference Handler" daemon [_thread_blocked, id=9885, stack(0x00007f09f8d64000,0x00007f09f8e64000)]
  0x00007f0a140a1700 JavaThread "Finalizer" daemon [_thread_blocked, id=9886, stack(0x00007f09f8c63000,0x00007f09f8d63000)]
  0x00007f0a140a7fd0 JavaThread "Signal Dispatcher" daemon [_thread_blocked, id=9887, stack(0x00007f09f8b0b000,0x00007f09f8c0b000)]
  0x00007f0a140a9380 JavaThread "Service Thread" daemon [_thread_blocked, id=9888, stack(0x00007f09f8a0a000,0x00007f09f8b0a000)]
  0x00007f0a140aa790 JavaThread "Monitor Deflation Thread" daemon [_thread_blocked, id=9889, stack(0x00007f09f8909000,0x00007f09f8a09000)]
  0x00007f0a140ac140 JavaThread "C2 CompilerThread0" daemon [_thread_blocked, id=9890, stack(0x00007f09f8808000,0x00007f09f8908000)]
  0x00007f0a140ad670 JavaThread "C1 CompilerThread0" daemon [_thread_blocked, id=9891, stack(0x00007f09f8707000,0x00007f09f8807000)]
  0x00007f0a140aeae0 JavaThread "Sweeper thread" daemon [_thread_blocked, id=9892, stack(0x00007f09f8606000,0x00007f09f8706000)]
  0x00007f0a140bab10 JavaThread "Common-Cleaner" daemon [_thread_blocked, id=9893, stack(0x00007f09f8505000,0x00007f09f8605000)]
  0x00007f0a1418ac50 JavaThread "Notification Thread" daemon [_thread_blocked, id=9894, stack(0x00007f09f83ec000,0x00007f09f84ec000)]
  0x00007f0a150f5c90 JavaThread "Daemon health stats" [_thread_blocked, id=9901, stack(0x00007f09f80dc000,0x00007f09f81dc000)]
  0x00007f0a1512e460 JavaThread "Incoming local TCP Connector on port 38027" [_thread_in_native, id=9903, stack(0x00007f09caf00000,0x00007f09cb000000)]
  0x00007f0a1519ce70 JavaThread "Daemon periodic checks" [_thread_blocked, id=9904, stack(0x00007f09cab00000,0x00007f09cac00000)]
  0x00007f09b8016f30 JavaThread "Daemon" [_thread_blocked, id=9905, stack(0x00007f09ca700000,0x00007f09ca800000)]
  0x00007f09c0002c50 JavaThread "Handler for socket connection from /127.0.0.1:38027 to /127.0.0.1:50244" [_thread_in_native, id=9906, stack(0x00007f09ca5ff000,0x00007f09ca6ff000)]
  0x00007f09c0007ca0 JavaThread "Cancel handler" [_thread_blocked, id=9907, stack(0x00007f09ca4fe000,0x00007f09ca5fe000)]
  0x00007f09c00092c0 JavaThread "Daemon worker" [_thread_blocked, id=9908, stack(0x00007f09ca3fd000,0x00007f09ca4fd000)]
  0x00007f09e8004c60 JavaThread "Asynchronous log dispatcher for DefaultDaemonConnection: socket connection from /127.0.0.1:38027 to /127.0.0.1:50244" [_thread_blocked, id=9911, stack(0x00007f09ca2fc000,0x00007f09ca3fc000)]
  0x00007f09e8006610 JavaThread "Stdin handler" [_thread_blocked, id=9912, stack(0x00007f09ca1fb000,0x00007f09ca2fb000)]
  0x00007f09e8009820 JavaThread "Daemon client event forwarder" [_thread_blocked, id=9913, stack(0x00007f09ca0fa000,0x00007f09ca1fa000)]
  0x00007f09e818ec30 JavaThread "Cache worker for journal cache (/root/.gradle/caches/journal-1)" [_thread_blocked, id=9916, stack(0x00007f09c9ff9000,0x00007f09ca0f9000)]
  0x00007f09e8198a00 JavaThread "File lock request listener" [_thread_in_native, id=9917, stack(0x00007f09c9ef8000,0x00007f09c9ff8000)]
  0x00007f09e8400b00 JavaThread "Cache worker for file hash cache (/root/.gradle/caches/8.5/fileHashes)" [_thread_blocked, id=9918, stack(0x00007f09c9df7000,0x00007f09c9ef7000)]
  0x00007f09e83cba30 JavaThread "Cache worker for checksums cache (/workspace/android/.gradle/8.5/checksums)" [_thread_blocked, id=9922, stack(0x00007f09c9cf6000,0x00007f09c9df6000)]
  0x00007f09e82794e0 JavaThread "Cache worker for file hash cache (/workspace/android/.gradle/8.5/fileHashes)" [_thread_blocked, id=9923, stack(0x00007f09c9bf5000,0x00007f09c9cf5000)]
  0x00007f09e8583690 JavaThread "Cache worker for cache directory md-supplier (/root/.gradle/caches/8.5/md-supplier)" [_thread_blocked, id=9924, stack(0x00007f09c9af4000,0x00007f09c9bf4000)]
  0x00007f09e85893f0 JavaThread "Cache worker for cache directory md-rule (/root/.gradle/caches/8.5/md-rule)" [_thread_blocked, id=9925, stack(0x00007f09c99f3000,0x00007f09c9af3000)]
  0x00007f09e8484710 JavaThread "Cache worker for file content cache (/root/.gradle/caches/8.5/fileContent)" [_thread_blocked, id=9927, stack(0x00007f09c98f2000,0x00007f09c99f2000)]
  0x00007f09e87d9480 JavaThread "Cache worker for execution history cache (/root/.gradle/caches/8.5/executionHistory)" [_thread_blocked, id=9928, stack(0x00007f09c97f1000,0x00007f09c98f1000)]
  0x00007f09e8a35080 JavaThread "Cache worker for kotlin-dsl (/root/.gradle/caches/8.5/kotlin-dsl)" [_thread_blocked, id=9932, stack(0x00007f09c96f0000,0x00007f09c97f0000)]
  0x00007f09e8b70050 JavaThread "jar transforms" [_thread_blocked, id=9934, stack(0x00007f09c95ef000,0x00007f09c96ef000)]
  0x00007f09e8b78190 JavaThread "jar transforms Thread 2" [_thread_blocked, id=9935, stack(0x00007f09c94ee000,0x00007f09c95ee000)]
  0x00007f09e8c99860 JavaThread "Cache worker for dependencies-accessors (/workspace/android/.gradle/8.5/dependencies-accessors)" [_thread_blocked, id=9938, stack(0x00007f09c93ed000,0x00007f09c94ed000)]
  0x00007f09e8da3be0 JavaThread "Cache worker for Build Output Cleanup Cache (/workspace/android/.gradle/buildOutputCleanup)" [_thread_blocked, id=9940, stack(0x00007f09c92ec000,0x00007f09c93ec000)]
  0x00007f09e82185a0 JavaThread "Unconstrained build operations" [_thread_blocked, id=9944, stack(0x00007f09c91eb000,0x00007f09c92eb000)]
  0x00007f09e960fee0 JavaThread "Memory manager" [_thread_blocked, id=9951, stack(0x00007f09c90ea000,0x00007f09c91ea000)]
  0x00007f09e98b3ab0 JavaThread "build event listener" [_thread_blocked, id=9957, stack(0x00007f09c8fe9000,0x00007f09c90e9000)]
  0x00007f09e9d3f2c0 JavaThread "included builds" [_thread_blocked, id=9976, stack(0x00007f09c8ee8000,0x00007f09c8fe8000)]
  0x00007f0a151a1600 JavaThread "Cache worker for execution history cache (/workspace/android/.gradle/8.5/executionHistory)" [_thread_blocked, id=9977, stack(0x00007f09c8de7000,0x00007f09c8ee7000)]
  0x00007f0a1535efb0 JavaThread "Unconstrained build operations Thread 2" [_thread_blocked, id=9980, stack(0x00007f09c8ce6000,0x00007f09c8de6000)]
  0x00007f0a15371b50 JavaThread "Unconstrained build operations Thread 3" [_thread_blocked, id=9984, stack(0x00007f09c8be5000,0x00007f09c8ce5000)]
  0x00007f0a1537e910 JavaThread "Unconstrained build operations Thread 4" [_thread_blocked, id=9986, stack(0x00007f09c8ae4000,0x00007f09c8be4000)]
  0x00007f0a153800d0 JavaThread "Unconstrained build operations Thread 5" [_thread_blocked, id=9987, stack(0x00007f09c89e3000,0x00007f09c8ae3000)]
  0x00007f0a15381120 JavaThread "Unconstrained build operations Thread 6" [_thread_blocked, id=9988, stack(0x00007f09c88e2000,0x00007f09c89e2000)]
  0x00007f0a15376530 JavaThread "Unconstrained build operations Thread 7" [_thread_blocked, id=9990, stack(0x00007f09c87e1000,0x00007f09c88e1000)]
  0x00007f0a1538cf70 JavaThread "Unconstrained build operations Thread 8" [_thread_blocked, id=9991, stack(0x00007f09c86e0000,0x00007f09c87e0000)]
  0x00007f0a1538dba0 JavaThread "Unconstrained build operations Thread 9" [_thread_blocked, id=9992, stack(0x00007f09c85df000,0x00007f09c86df000)]
  0x00007f0a1538b440 JavaThread "Unconstrained build operations Thread 10" [_thread_blocked, id=9994, stack(0x00007f09c84de000,0x00007f09c85de000)]

Other Threads:
=>0x00007f0a1409c220 VMThread "VM Thread" [stack: 0x00007f09f8e65000,0x00007f09f8f65000] [id=9884]
  0x00007f0a1401cb30 WatcherThread [stack: 0x00007f09f82eb000,0x00007f09f83eb000] [id=9895]
  0x00007f0a1404f760 GCTaskThread "GC Thread#0" [stack: 0x00007f09fb791000,0x00007f09fb891000] [id=9879]
  0x00007f09c4004990 GCTaskThread "GC Thread#1" [stack: 0x00007f09f81ea000,0x00007f09f82ea000] [id=9896]
  0x00007f0a14056d40 ConcurrentGCThread "G1 Main Marker" [stack: 0x00007f09fb690000,0x00007f09fb790000] [id=9880]
  0x00007f0a14057cb0 ConcurrentGCThread "G1 Conc#0" [stack: 0x00007f09fb58f000,0x00007f09fb68f000] [id=9881]
  0x00007f0a140768e0 ConcurrentGCThread "G1 Refine#0" [stack: 0x00007f09f928c000,0x00007f09f938c000] [id=9882]
  0x00007f09e401b360 ConcurrentGCThread "G1 Refine#1" [stack: 0x00007f09c80cc000,0x00007f09c81cc000] [id=10010]
  0x00007f0a140777e0 ConcurrentGCThread "G1 Service" [stack: 0x00007f09f918b000,0x00007f09f928b000] [id=9883]

Threads with active compile tasks:
C2 CompilerThread0  77106 19657       4       com.android.tools.r8.graph.k4::H (53 bytes)

VM state: at safepoint (normal execution)

VM Mutex/Monitor currently owned by a thread:  ([mutex/lock_event])
[0x00007f0a140175b0] Threads_lock - owner thread: 0x00007f0a1409c220
[0x00007f0a14017d60] Heap_lock - owner thread: 0x00007f09e9d3f2c0

Heap address: 0x00000000d0000000, size: 768 MB, Compressed Oops mode: 32-bit

CDS archive(s) mapped at: [0x00007f09cf000000-0x00007f09cfbca000-0x00007f09cfbca000), size 12361728, SharedBaseAddress: 0x00007f09cf000000, ArchiveRelocationMode: 1.
Compressed class space mapped at: 0x00007f09d0000000-0x00007f09e4000000, reserved size: 335544320
Narrow klass base: 0x00007f09cf000000, Narrow klass shift: 0, Narrow klass range: 0x100000000

GC Precious Log:
 CPUs: 2 total, 2 available
 Memory: 2048M
 Large Page Support: Disabled
 NUMA Support: Disabled
 Compressed Oops: Enabled (32-bit)
 Heap Region Size: 1M
 Heap Min Capacity: 8M
 Heap Initial Capacity: 32M
 Heap Max Capacity: 768M
 Pre-touch: Disabled
 Parallel Workers: 2
 Concurrent Workers: 1
 Concurrent Refinement Workers: 2
 Periodic GC: Disabled

Heap:
 garbage-first heap   total 585728K, used 331188K [0x00000000d0000000, 0x0000000100000000)
  region size 1024K, 15 young (15360K), 15 survivors (15360K)
 Metaspace       used 107879K, committed 108544K, reserved 458752K
  class space    used 14842K, committed 15168K, reserved 327680K

Heap Regions: E=young(eden), S=young(survivor), O=old, HS=humongous(starts), HC=humongous(continues), CS=collection set, F=free, OA=open archive, CA=closed archive, TAMS=top-at-mark-start (previous, next)
|   0|0x00000000d0000000, 0x00000000d0100000, 0x00000000d0100000|100%| O|  |TAMS 0x00000000d0100000, 0x00000000d0000000| Untracked 
|   1|0x00000000d0100000, 0x00000000d0200000, 0x00000000d0200000|100%| O|  |TAMS 0x00000000d0200000, 0x00000000d0100000| Untracked 
|   2|0x00000000d0200000, 0x00000000d0300000, 0x00000000d0300000|100%| O|  |TAMS 0x00000000d0300000, 0x00000000d0200000| Untracked 
|   3|0x00000000d0300000, 0x00000000d0400000, 0x00000000d0400000|100%|HS|  |TAMS 0x00000000d0400000, 0x00000000d0300000| Complete 
|   4|0x00000000d0400000, 0x00000000d0500000, 0x00000000d0500000|100%|HC|  |TAMS 0x00000000d0500000, 0x00000000d0400000| Complete 
|   5|0x00000000d0500000, 0x00000000d0600000, 0x00000000d0600000|100%|HC|  |TAMS 0x00000000d0600000, 0x00000000d0500000| Complete 
|   6|0x00000000d0600000, 0x00000000d0700000, 0x00000000d0700000|100%|HC|  |TAMS 0x00000000d0700000, 0x00000000d0600000| Complete 
|   7|0x00000000d0700000, 0x00000000d0800000, 0x00000000d0800000|100%| O|  |TAMS 0x00000000d0800000, 0x00000000d0700000| Untracked 
|   8|0x00000000d0800000, 0x00000000d0900000, 0x00000000d0900000|100%| O|  |TAMS 0x00000000d0900000, 0x00000000d0800000| Untracked 
|   9|0x00000000d0900000, 0x00000000d0a00000, 0x00000000d0a00000|100%| O|  |TAMS 0x00000000d0a00000, 0x00000000d0900000| Untracked 
|  10|0x00000000d0a00000, 0x00000000d0b00000, 0x00000000d0b00000|100%| O|  |TAMS 0x00000000d0b00000, 0x00000000d0a00000| Untracked 
|  11|0x00000000d0b00000, 0x00000000d0c00000, 0x00000000d0c00000|100%| O|  |TAMS 0x00000000d0c00000, 0x00000000d0b00000| Untracked 
|  12|0x00000000d0c00000, 0x00000000d0d00000, 0x00000000d0d00000|100%| O|  |TAMS 0x00000000d0d00000, 0x00000000d0c00000| Untracked 
|  13|0x00000000d0d00000, 0x00000000d0e00000, 0x00000000d0e00000|100%| O|  |TAMS 0x00000000d0e00000, 0x00000000d0d00000| Untracked 
|  14|0x00000000d0e00000, 0x00000000d0f00000, 0x00000000d0f00000|100%| O|  |TAMS 0x00000000d0f00000, 0x00000000d0e00000| Untracked 
|  15|0x00000000d0f00000, 0x00000000d1000000, 0x00000000d1000000|100%| O|  |TAMS 0x00000000d1000000, 0x00000000d0f00000| Untracked 
|  16|0x00000000d1000000, 0x00000000d1100000, 0x00000000d1100000|100%| O|  |TAMS 0x00000000d1100000, 0x00000000d1000000| Untracked 
|  17|0x00000000d1100000, 0x00000000d1200000, 0x00000000d1200000|100%| O|  |TAMS 0x00000000d1200000, 0x00000000d1100000| Untracked 
|  18|0x00000000d1200000, 0x00000000d1300000, 0x00000000d1300000|100%| O|  |TAMS 0x00000000d1300000, 0x00000000d1200000| Untracked 
|  19|0x00000000d1300000, 0x00000000d1400000, 0x00000000d1400000|100%| O|  |TAMS 0x00000000d1400000, 0x00000000d1300000| Untracked 
|  20|0x00000000d1400000, 0x00000000d1500000, 0x00000000d1500000|100%| O|  |TAMS 0x00000000d1500000, 0x00000000d1400000| Untracked 
|  21|0x00000000d1500000, 0x00000000d1600000, 0x00000000d1600000|100%| O|  |TAMS 0x00000000d1600000, 0x00000000d1500000| Untracked 
|  22|0x00000000d1600000, 0x00000000d1700000, 0x00000000d1700000|100%| O|  |TAMS 0x00000000d1700000, 0x00000000d1600000| Untracked 
|  23|0x00000000d1700000, 0x00000000d1800000, 0x00000000d1800000|100%| O|  |TAMS 0x00000000d1800000, 0x00000000d1700000| Untracked 
|  24|0x00000000d1800000, 0x00000000d1900000, 0x00000000d1900000|100%| O|  |TAMS 0x00000000d1900000, 0x00000000d1800000| Untracked 
|  25|0x00000000d1900000, 0x00000000d1a00000, 0x00000000d1a00000|100%|HS|  |TAMS 0x00000000d1a00000, 0x00000000d1900000| Complete 
|  26|0x00000000d1a00000, 0x00000000d1b00000, 0x00000000d1b00000|100%| O|  |TAMS 0x00000000d1b00000, 0x00000000d1a00000| Untracked 
|  27|0x00000000d1b00000, 0x00000000d1c00000, 0x00000000d1c00000|100%| O|  |TAMS 0x00000000d1c00000, 0x00000000d1b00000| Untracked 
|  28|0x00000000d1c00000, 0x00000000d1d00000, 0x00000000d1d00000|100%| O|  |TAMS 0x00000000d1d00000, 0x00000000d1c00000| Untracked 
|  29|0x00000000d1d00000, 0x00000000d1e00000, 0x00000000d1e00000|100%| O|  |TAMS 0x00000000d1e00000, 0x00000000d1d00000| Untracked 
|  30|0x00000000d1e00000, 0x00000000d1f00000, 0x00000000d1f00000|100%| O|  |TAMS 0x00000000d1f00000, 0x00000000d1e00000| Untracked 
|  31|0x00000000d1f00000, 0x00000000d2000000, 0x00000000d2000000|100%| O|  |TAMS 0x00000000d2000000, 0x00000000d1f00000| Untracked 
|  32|0x00000000d2000000, 0x00000000d2100000, 0x00000000d2100000|100%| O|  |TAMS 0x00000000d2100000, 0x00000000d2000000| Untracked 
|  33|0x00000000d2100000, 0x00000000d2200000, 0x00000000d2200000|100%| O|  |TAMS 0x00000000d2200000, 0x00000000d2100000| Untracked 
|  34|0x00000000d2200000, 0x00000000d2300000, 0x00000000d2300000|100%| O|  |TAMS 0x00000000d2300000, 0x00000000d2200000| Untracked 
|  35|0x00000000d2300000, 0x00000000d2400000, 0x00000000d2400000|100%|HS|  |TAMS 0x00000000d2400000, 0x00000000d2300000| Complete 
|  36|0x00000000d2400000, 0x00000000d2500000, 0x00000000d2500000|100%|HS|  |TAMS 0x00000000d2500000, 0x00000000d2400000| Complete 
|  37|0x00000000d2500000, 0x00000000d2600000, 0x00000000d2600000|100%|HC|  |TAMS 0x00000000d2600000, 0x00000000d2500000| Complete 
|  38|0x00000000d2600000, 0x00000000d2700000, 0x00000000d2700000|100%|HS|  |TAMS 0x00000000d2700000, 0x00000000d2600000| Complete 
|  39|0x00000000d2700000, 0x00000000d2800000, 0x00000000d2800000|100%|HC|  |TAMS 0x00000000d2800000, 0x00000000d2700000| Complete 
|  40|0x00000000d2800000, 0x00000000d2900000, 0x00000000d2900000|100%|HS|  |TAMS 0x00000000d2900000, 0x00000000d2800000| Complete 
|  41|0x00000000d2900000, 0x00000000d2a00000, 0x00000000d2a00000|100%| O|  |TAMS 0x00000000d2a00000, 0x00000000d2900000| Untracked 
|  42|0x00000000d2a00000, 0x00000000d2b00000, 0x00000000d2b00000|100%| O|  |TAMS 0x00000000d2b00000, 0x00000000d2a00000| Untracked 
|  43|0x00000000d2b00000, 0x00000000d2c00000, 0x00000000d2c00000|100%|HS|  |TAMS 0x00000000d2c00000, 0x00000000d2b00000| Complete 
|  44|0x00000000d2c00000, 0x00000000d2d00000, 0x00000000d2d00000|100%|HC|  |TAMS 0x00000000d2d00000, 0x00000000d2c00000| Complete 
|  45|0x00000000d2d00000, 0x00000000d2e00000, 0x00000000d2e00000|100%|HC|  |TAMS 0x00000000d2e00000, 0x00000000d2d00000| Complete 
|  46|0x00000000d2e00000, 0x00000000d2f00000, 0x00000000d2f00000|100%|HC|  |TAMS 0x00000000d2f00000, 0x00000000d2e00000| Complete 
|  47|0x00000000d2f00000, 0x00000000d3000000, 0x00000000d3000000|100%|HS|  |TAMS 0x00000000d3000000, 0x00000000d2f00000| Complete 
|  48|0x00000000d3000000, 0x00000000d3100000, 0x00000000d3100000|100%| O|  |TAMS 0x00000000d3100000, 0x00000000d3000000| Untracked 
|  49|0x00000000d3100000, 0x00000000d3200000, 0x00000000d3200000|100%| O|  |TAMS 0x00000000d3200000, 0x00000000d3100000| Untracked 
|  50|0x00000000d3200000, 0x00000000d3300000, 0x00000000d3300000|100%| O|  |TAMS 0x00000000d3300000, 0x00000000d3200000| Untracked 
|  51|0x00000000d3300000, 0x00000000d3400000, 0x00000000d3400000|100%| O|  |TAMS 0x00000000d3400000, 0x00000000d3300000| Untracked 
|  52|0x00000000d3400000, 0x00000000d3500000, 0x00000000d3500000|100%| O|  |TAMS 0x00000000d3500000, 0x00000000d3400000| Untracked 
|  53|0x00000000d3500000, 0x00000000d3600000, 0x00000000d3600000|100%|HS|  |TAMS 0x00000000d3600000, 0x00000000d3500000| Complete 
|  54|0x00000000d3600000, 0x00000000d3700000, 0x00000000d3700000|100%| O|  |TAMS 0x00000000d3700000, 0x00000000d3600000| Untracked 
|  55|0x00000000d3700000, 0x00000000d3800000, 0x00000000d3800000|100%| O|  |TAMS 0x00000000d3800000, 0x00000000d3700000| Untracked 
|  56|0x00000000d3800000, 0x00000000d3900000, 0x00000000d3900000|100%| O|  |TAMS 0x00000000d3900000, 0x00000000d3800000| Untracked 
|  57|0x00000000d3900000, 0x00000000d3a00000, 0x00000000d3a00000|100%| O|  |TAMS 0x00000000d3a00000, 0x00000000d3900000| Untracked 
|  58|0x00000000d3a00000, 0x00000000d3b00000, 0x00000000d3b00000|100%| O|  |TAMS 0x00000000d3b00000, 0x00000000d3a00000| Untracked 
|  59|0x00000000d3b00000, 0x00000000d3c00000, 0x00000000d3c00000|100%| O|  |TAMS 0x00000000d3c00000, 0x00000000d3b00000| Untracked 
|  60|0x00000000d3c00000, 0x00000000d3d00000, 0x00000000d3d00000|100%| O|  |TAMS 0x00000000d3d00000, 0x00000000d3c00000| Untracked 
|  61|0x00000000d3d00000, 0x00000000d3e00000, 0x00000000d3e00000|100%| O|  |TAMS 0x00000000d3e00000, 0x00000000d3d00000| Untracked 
|  62|0x00000000d3e00000, 0x00000000d3f00000, 0x00000000d3f00000|100%| O|  |TAMS 0x00000000d3f00000, 0x00000000d3e00000| Untracked 
|  63|0x00000000d3f00000, 0x00000000d4000000, 0x00000000d4000000|100%| O|  |TAMS 0x00000000d4000000, 0x00000000d3f00000| Untracked 
|  64|0x00000000d4000000, 0x00000000d4100000, 0x00000000d4100000|100%| O|  |TAMS 0x00000000d4100000, 0x00000000d4000000| Untracked 
|  65|0x00000000d4100000, 0x00000000d4200000, 0x00000000d4200000|100%| O|  |TAMS 0x00000000d4200000, 0x00000000d4100000| Untracked 
|  66|0x00000000d4200000, 0x00000000d4300000, 0x00000000d4300000|100%| O|  |TAMS 0x00000000d4300000, 0x00000000d4200000| Untracked 
|  67|0x00000000d4300000, 0x00000000d4400000, 0x00000000d4400000|100%|HS|  |TAMS 0x00000000d4400000, 0x00000000d4300000| Complete 
|  68|0x00000000d4400000, 0x00000000d4500000, 0x00000000d4500000|100%|HC|  |TAMS 0x00000000d4500000, 0x00000000d4400000| Complete 
|  69|0x00000000d4500000, 0x00000000d4600000, 0x00000000d4600000|100%|HC|  |TAMS 0x00000000d4600000, 0x00000000d4500000| Complete 
|  70|0x00000000d4600000, 0x00000000d4700000, 0x00000000d4700000|100%|HC|  |TAMS 0x00000000d4700000, 0x00000000d4600000| Complete 
|  71|0x00000000d4700000, 0x00000000d4800000, 0x00000000d4800000|100%| O|  |TAMS 0x00000000d4800000, 0x00000000d4700000| Untracked 
|  72|0x00000000d4800000, 0x00000000d4900000, 0x00000000d4900000|100%| O|  |TAMS 0x00000000d4900000, 0x00000000d4800000| Untracked 
|  73|0x00000000d4900000, 0x00000000d4a00000, 0x00000000d4a00000|100%| O|  |TAMS 0x00000000d4a00000, 0x00000000d4900000| Untracked 
|  74|0x00000000d4a00000, 0x00000000d4b00000, 0x00000000d4b00000|100%| O|  |TAMS 0x00000000d4b00000, 0x00000000d4a00000| Untracked 
|  75|0x00000000d4b00000, 0x00000000d4c00000, 0x00000000d4c00000|100%| O|  |TAMS 0x00000000d4c00000, 0x00000000d4b00000| Untracked 
|  76|0x00000000d4c00000, 0x00000000d4d00000, 0x00000000d4d00000|100%| O|  |TAMS 0x00000000d4d00000, 0x00000000d4c00000| Untracked 
|  77|0x00000000d4d00000, 0x00000000d4e00000, 0x00000000d4e00000|100%| O|  |TAMS 0x00000000d4e00000, 0x00000000d4d00000| Untracked 
|  78|0x00000000d4e00000, 0x00000000d4f00000, 0x00000000d4f00000|100%| O|  |TAMS 0x00000000d4f00000, 0x00000000d4e00000| Untracked 
|  79|0x00000000d4f00000, 0x00000000d5000000, 0x00000000d5000000|100%| O|  |TAMS 0x00000000d5000000, 0x00000000d4f00000| Untracked 
|  80|0x00000000d5000000, 0x00000000d5100000, 0x00000000d5100000|100%| O|  |TAMS 0x00000000d5100000, 0x00000000d5000000| Untracked 
|  81|0x00000000d5100000, 0x00000000d5200000, 0x00000000d5200000|100%| O|  |TAMS 0x00000000d5100000, 0x00000000d5100000| Untracked 
|  82|0x00000000d5200000, 0x00000000d5300000, 0x00000000d5300000|100%| O|  |TAMS 0x00000000d5200000, 0x00000000d5200000| Untracked 
|  83|0x00000000d5300000, 0x00000000d5400000, 0x00000000d5400000|100%| O|  |TAMS 0x00000000d5300000, 0x00000000d5300000| Untracked 
|  84|0x00000000d5400000, 0x00000000d5500000, 0x00000000d5500000|100%| O|  |TAMS 0x00000000d5500000, 0x00000000d5400000| Untracked 
|  85|0x00000000d5500000, 0x00000000d5600000, 0x00000000d5600000|100%| O|  |TAMS 0x00000000d5500000, 0x00000000d5500000| Untracked 
|  86|0x00000000d5600000, 0x00000000d5700000, 0x00000000d5700000|100%| O|  |TAMS 0x00000000d5700000, 0x00000000d5600000| Untracked 
|  87|0x00000000d5700000, 0x00000000d5800000, 0x00000000d5800000|100%| O|  |TAMS 0x00000000d5800000, 0x00000000d5700000| Untracked 
|  88|0x00000000d5800000, 0x00000000d5900000, 0x00000000d5900000|100%| O|  |TAMS 0x00000000d5900000, 0x00000000d5800000| Untracked 
|  89|0x00000000d5900000, 0x00000000d5a00000, 0x00000000d5a00000|100%| O|  |TAMS 0x00000000d5a00000, 0x00000000d5900000| Untracked 
|  90|0x00000000d5a00000, 0x00000000d5b00000, 0x00000000d5b00000|100%| O|  |TAMS 0x00000000d5b00000, 0x00000000d5a00000| Untracked 
|  91|0x00000000d5b00000, 0x00000000d5c00000, 0x00000000d5c00000|100%| O|  |TAMS 0x00000000d5c00000, 0x00000000d5b00000| Untracked 
|  92|0x00000000d5c00000, 0x00000000d5d00000, 0x00000000d5d00000|100%| O|  |TAMS 0x00000000d5d00000, 0x00000000d5c00000| Untracked 
|  93|0x00000000d5d00000, 0x00000000d5e00000, 0x00000000d5e00000|100%| O|  |TAMS 0x00000000d5e00000, 0x00000000d5d00000| Untracked 
|  94|0x00000000d5e00000, 0x00000000d5f00000, 0x00000000d5f00000|100%| O|  |TAMS 0x00000000d5f00000, 0x00000000d5e00000| Untracked 
|  95|0x00000000d5f00000, 0x00000000d6000000, 0x00000000d6000000|100%| O|  |TAMS 0x00000000d6000000, 0x00000000d5f00000| Untracked 
|  96|0x00000000d6000000, 0x00000000d6100000, 0x00000000d6100000|100%| O|  |TAMS 0x00000000d6000000, 0x00000000d6000000| Untracked 
|  97|0x00000000d6100000, 0x00000000d6200000, 0x00000000d6200000|100%| O|  |TAMS 0x00000000d6200000, 0x00000000d6100000| Untracked 
|  98|0x00000000d6200000, 0x00000000d6300000, 0x00000000d6300000|100%| O|  |TAMS 0x00000000d6200000, 0x00000000d6200000| Untracked 
|  99|0x00000000d6300000, 0x00000000d6400000, 0x00000000d6400000|100%| O|  |TAMS 0x00000000d6300000, 0x00000000d6300000| Untracked 
| 100|0x00000000d6400000, 0x00000000d6500000, 0x00000000d6500000|100%| O|  |TAMS 0x00000000d6500000, 0x00000000d6400000| Untracked 
| 101|0x00000000d6500000, 0x00000000d6600000, 0x00000000d6600000|100%| O|  |TAMS 0x00000000d6600000, 0x00000000d6500000| Untracked 
| 102|0x00000000d6600000, 0x00000000d6700000, 0x00000000d6700000|100%| O|  |TAMS 0x00000000d6700000, 0x00000000d6600000| Untracked 
| 103|0x00000000d6700000, 0x00000000d6800000, 0x00000000d6800000|100%| O|  |TAMS 0x00000000d6800000, 0x00000000d6700000| Untracked 
| 104|0x00000000d6800000, 0x00000000d6900000, 0x00000000d6900000|100%| O|  |TAMS 0x00000000d6900000, 0x00000000d6800000| Untracked 
| 105|0x00000000d6900000, 0x00000000d6a00000, 0x00000000d6a00000|100%| O|  |TAMS 0x00000000d6a00000, 0x00000000d6900000| Untracked 
| 106|0x00000000d6a00000, 0x00000000d6b00000, 0x00000000d6b00000|100%| O|  |TAMS 0x00000000d6b00000, 0x00000000d6a00000| Untracked 
| 107|0x00000000d6b00000, 0x00000000d6c00000, 0x00000000d6c00000|100%| O|  |TAMS 0x00000000d6c00000, 0x00000000d6b00000| Untracked 
| 108|0x00000000d6c00000, 0x00000000d6d00000, 0x00000000d6d00000|100%| O|  |TAMS 0x00000000d6d00000, 0x00000000d6c00000| Untracked 
| 109|0x00000000d6d00000, 0x00000000d6e00000, 0x00000000d6e00000|100%| O|  |TAMS 0x00000000d6e00000, 0x00000000d6d00000| Untracked 
| 110|0x00000000d6e00000, 0x00000000d6f00000, 0x00000000d6f00000|100%| O|  |TAMS 0x00000000d6f00000, 0x00000000d6e00000| Untracked 
| 111|0x00000000d6f00000, 0x00000000d7000000, 0x00000000d7000000|100%| O|  |TAMS 0x00000000d7000000, 0x00000000d6f00000| Untracked 
| 112|0x00000000d7000000, 0x00000000d7100000, 0x00000000d7100000|100%| O|  |TAMS 0x00000000d7100000, 0x00000000d7000000| Untracked 
| 113|0x00000000d7100000, 0x00000000d7200000, 0x00000000d7200000|100%| O|  |TAMS 0x00000000d7200000, 0x00000000d7100000| Untracked 
| 114|0x00000000d7200000, 0x00000000d7300000, 0x00000000d7300000|100%| O|  |TAMS 0x00000000d7300000, 0x00000000d7200000| Untracked 
| 115|0x00000000d7300000, 0x00000000d7400000, 0x00000000d7400000|100%| O|  |TAMS 0x00000000d7400000, 0x00000000d7300000| Untracked 
| 116|0x00000000d7400000, 0x00000000d7500000, 0x00000000d7500000|100%| O|  |TAMS 0x00000000d7500000, 0x00000000d7400000| Untracked 
| 117|0x00000000d7500000, 0x00000000d7600000, 0x00000000d7600000|100%| O|  |TAMS 0x00000000d7600000, 0x00000000d7500000| Untracked 
| 118|0x00000000d7600000, 0x00000000d7700000, 0x00000000d7700000|100%| O|  |TAMS 0x00000000d7700000, 0x00000000d7600000| Untracked 
| 119|0x00000000d7700000, 0x00000000d7800000, 0x00000000d7800000|100%| O|  |TAMS 0x00000000d7800000, 0x00000000d7700000| Untracked 
| 120|0x00000000d7800000, 0x00000000d7900000, 0x00000000d7900000|100%| O|  |TAMS 0x00000000d7900000, 0x00000000d7800000| Untracked 
| 121|0x00000000d7900000, 0x00000000d7a00000, 0x00000000d7a00000|100%| O|  |TAMS 0x00000000d7a00000, 0x00000000d7900000| Untracked 
| 122|0x00000000d7a00000, 0x00000000d7b00000, 0x00000000d7b00000|100%| O|  |TAMS 0x00000000d7b00000, 0x00000000d7a00000| Untracked 
| 123|0x00000000d7b00000, 0x00000000d7c00000, 0x00000000d7c00000|100%| O|  |TAMS 0x00000000d7c00000, 0x00000000d7b00000| Untracked 
| 124|0x00000000d7c00000, 0x00000000d7d00000, 0x00000000d7d00000|100%| O|  |TAMS 0x00000000d7d00000, 0x00000000d7c00000| Untracked 
| 125|0x00000000d7d00000, 0x00000000d7e00000, 0x00000000d7e00000|100%| O|  |TAMS 0x00000000d7e00000, 0x00000000d7d00000| Untracked 
| 126|0x00000000d7e00000, 0x00000000d7f00000, 0x00000000d7f00000|100%| O|  |TAMS 0x00000000d7f00000, 0x00000000d7e00000| Untracked 
| 127|0x00000000d7f00000, 0x00000000d8000000, 0x00000000d8000000|100%| O|  |TAMS 0x00000000d8000000, 0x00000000d7f00000| Untracked 
| 128|0x00000000d8000000, 0x00000000d8100000, 0x00000000d8100000|100%| O|  |TAMS 0x00000000d8100000, 0x00000000d8000000| Untracked 
| 129|0x00000000d8100000, 0x00000000d8200000, 0x00000000d8200000|100%| O|  |TAMS 0x00000000d8200000, 0x00000000d8100000| Untracked 
| 130|0x00000000d8200000, 0x00000000d8300000, 0x00000000d8300000|100%| O|  |TAMS 0x00000000d8300000, 0x00000000d8200000| Untracked 
| 131|0x00000000d8300000, 0x00000000d8400000, 0x00000000d8400000|100%| O|  |TAMS 0x00000000d8400000, 0x00000000d8300000| Untracked 
| 132|0x00000000d8400000, 0x00000000d8500000, 0x00000000d8500000|100%| O|  |TAMS 0x00000000d8500000, 0x00000000d8400000| Untracked 
| 133|0x00000000d8500000, 0x00000000d8600000, 0x00000000d8600000|100%| O|  |TAMS 0x00000000d8500000, 0x00000000d8500000| Untracked 
| 134|0x00000000d8600000, 0x00000000d8680000, 0x00000000d8700000| 50%| O|  |TAMS 0x00000000d8600000, 0x00000000d8600000| Untracked 
| 135|0x00000000d8700000, 0x00000000d8700000, 0x00000000d8800000|  0%| F|  |TAMS 0x00000000d8700000, 0x00000000d8700000| Untracked 
| 136|0x00000000d8800000, 0x00000000d8900000, 0x00000000d8900000|100%| O|  |TAMS 0x00000000d8900000, 0x00000000d8800000| Untracked 
| 137|0x00000000d8900000, 0x00000000d8a00000, 0x00000000d8a00000|100%| O|  |TAMS 0x00000000d8a00000, 0x00000000d8900000| Untracked 
| 138|0x00000000d8a00000, 0x00000000d8b00000, 0x00000000d8b00000|100%| O|  |TAMS 0x00000000d8b00000, 0x00000000d8a00000| Untracked 
| 139|0x00000000d8b00000, 0x00000000d8c00000, 0x00000000d8c00000|100%| O|  |TAMS 0x00000000d8c00000, 0x00000000d8b00000| Untracked 
| 140|0x00000000d8c00000, 0x00000000d8d00000, 0x00000000d8d00000|100%| O|  |TAMS 0x00000000d8d00000, 0x00000000d8c00000| Untracked 
| 141|0x00000000d8d00000, 0x00000000d8e00000, 0x00000000d8e00000|100%| O|  |TAMS 0x00000000d8e00000, 0x00000000d8d00000| Untracked 
| 142|0x00000000d8e00000, 0x00000000d8f00000, 0x00000000d8f00000|100%| O|  |TAMS 0x00000000d8f00000, 0x00000000d8e00000| Untracked 
| 143|0x00000000d8f00000, 0x00000000d9000000, 0x00000000d9000000|100%| O|  |TAMS 0x00000000d9000000, 0x00000000d8f00000| Untracked 
| 144|0x00000000d9000000, 0x00000000d9100000, 0x00000000d9100000|100%| O|  |TAMS 0x00000000d9100000, 0x00000000d9000000| Untracked 
| 145|0x00000000d9100000, 0x00000000d9200000, 0x00000000d9200000|100%| O|  |TAMS 0x00000000d9200000, 0x00000000d9100000| Untracked 
| 146|0x00000000d9200000, 0x00000000d9300000, 0x00000000d9300000|100%| O|  |TAMS 0x00000000d9300000, 0x00000000d9200000| Untracked 
| 147|0x00000000d9300000, 0x00000000d9400000, 0x00000000d9400000|100%| O|  |TAMS 0x00000000d9400000, 0x00000000d9300000| Untracked 
| 148|0x00000000d9400000, 0x00000000d9500000, 0x00000000d9500000|100%| O|  |TAMS 0x00000000d9500000, 0x00000000d9400000| Untracked 
| 149|0x00000000d9500000, 0x00000000d9600000, 0x00000000d9600000|100%| O|  |TAMS 0x00000000d9600000, 0x00000000d9500000| Untracked 
| 150|0x00000000d9600000, 0x00000000d9700000, 0x00000000d9700000|100%| O|  |TAMS 0x00000000d9700000, 0x00000000d9600000| Untracked 
| 151|0x00000000d9700000, 0x00000000d9700000, 0x00000000d9800000|  0%| F|  |TAMS 0x00000000d9700000, 0x00000000d9700000| Untracked 
| 152|0x00000000d9800000, 0x00000000d9800000, 0x00000000d9900000|  0%| F|  |TAMS 0x00000000d9800000, 0x00000000d9800000| Untracked 
| 153|0x00000000d9900000, 0x00000000d9a00000, 0x00000000d9a00000|100%| O|  |TAMS 0x00000000d9a00000, 0x00000000d9900000| Untracked 
| 154|0x00000000d9a00000, 0x00000000d9b00000, 0x00000000d9b00000|100%| O|  |TAMS 0x00000000d9b00000, 0x00000000d9a00000| Untracked 
| 155|0x00000000d9b00000, 0x00000000d9c00000, 0x00000000d9c00000|100%| O|  |TAMS 0x00000000d9c00000, 0x00000000d9b00000| Untracked 
| 156|0x00000000d9c00000, 0x00000000d9d00000, 0x00000000d9d00000|100%| O|  |TAMS 0x00000000d9d00000, 0x00000000d9c00000| Untracked 
| 157|0x00000000d9d00000, 0x00000000d9e00000, 0x00000000d9e00000|100%| O|  |TAMS 0x00000000d9e00000, 0x00000000d9d00000| Untracked 
| 158|0x00000000d9e00000, 0x00000000d9f00000, 0x00000000d9f00000|100%| O|  |TAMS 0x00000000d9f00000, 0x00000000d9e00000| Untracked 
| 159|0x00000000d9f00000, 0x00000000da000000, 0x00000000da000000|100%| O|  |TAMS 0x00000000da000000, 0x00000000d9f00000| Untracked 
| 160|0x00000000da000000, 0x00000000da100000, 0x00000000da100000|100%| O|  |TAMS 0x00000000da100000, 0x00000000da000000| Untracked 
| 161|0x00000000da100000, 0x00000000da200000, 0x00000000da200000|100%|HS|  |TAMS 0x00000000da200000, 0x00000000da100000| Complete 
| 162|0x00000000da200000, 0x00000000da300000, 0x00000000da300000|100%|HC|  |TAMS 0x00000000da300000, 0x00000000da200000| Complete 
| 163|0x00000000da300000, 0x00000000da400000, 0x00000000da400000|100%| O|  |TAMS 0x00000000da400000, 0x00000000da300000| Untracked 
| 164|0x00000000da400000, 0x00000000da500000, 0x00000000da500000|100%| O|  |TAMS 0x00000000da500000, 0x00000000da400000| Untracked 
| 165|0x00000000da500000, 0x00000000da600000, 0x00000000da600000|100%| O|  |TAMS 0x00000000da600000, 0x00000000da500000| Untracked 
| 166|0x00000000da600000, 0x00000000da700000, 0x00000000da700000|100%| O|  |TAMS 0x00000000da700000, 0x00000000da600000| Untracked 
| 167|0x00000000da700000, 0x00000000da800000, 0x00000000da800000|100%| O|  |TAMS 0x00000000da800000, 0x00000000da700000| Untracked 
| 168|0x00000000da800000, 0x00000000da900000, 0x00000000da900000|100%| O|  |TAMS 0x00000000da900000, 0x00000000da800000| Untracked 
| 169|0x00000000da900000, 0x00000000daa00000, 0x00000000daa00000|100%| O|  |TAMS 0x00000000daa00000, 0x00000000da900000| Untracked 
| 170|0x00000000daa00000, 0x00000000dab00000, 0x00000000dab00000|100%| O|  |TAMS 0x00000000dab00000, 0x00000000daa00000| Untracked 
| 171|0x00000000dab00000, 0x00000000dac00000, 0x00000000dac00000|100%| O|  |TAMS 0x00000000dac00000, 0x00000000dab00000| Untracked 
| 172|0x00000000dac00000, 0x00000000dad00000, 0x00000000dad00000|100%| O|  |TAMS 0x00000000dad00000, 0x00000000dac00000| Untracked 
| 173|0x00000000dad00000, 0x00000000dae00000, 0x00000000dae00000|100%| O|  |TAMS 0x00000000dae00000, 0x00000000dad00000| Untracked 
| 174|0x00000000dae00000, 0x00000000daf00000, 0x00000000daf00000|100%| O|  |TAMS 0x00000000daf00000, 0x00000000dae00000| Untracked 
| 175|0x00000000daf00000, 0x00000000db000000, 0x00000000db000000|100%| O|  |TAMS 0x00000000db000000, 0x00000000daf00000| Untracked 
| 176|0x00000000db000000, 0x00000000db100000, 0x00000000db100000|100%| O|  |TAMS 0x00000000db100000, 0x00000000db000000| Untracked 
| 177|0x00000000db100000, 0x00000000db200000, 0x00000000db200000|100%| O|  |TAMS 0x00000000db200000, 0x00000000db100000| Untracked 
| 178|0x00000000db200000, 0x00000000db300000, 0x00000000db300000|100%| O|  |TAMS 0x00000000db300000, 0x00000000db200000| Untracked 
| 179|0x00000000db300000, 0x00000000db400000, 0x00000000db400000|100%| O|  |TAMS 0x00000000db400000, 0x00000000db300000| Untracked 
| 180|0x00000000db400000, 0x00000000db500000, 0x00000000db500000|100%| O|  |TAMS 0x00000000db500000, 0x00000000db400000| Untracked 
| 181|0x00000000db500000, 0x00000000db600000, 0x00000000db600000|100%| O|  |TAMS 0x00000000db600000, 0x00000000db500000| Untracked 
| 182|0x00000000db600000, 0x00000000db700000, 0x00000000db700000|100%| O|  |TAMS 0x00000000db700000, 0x00000000db600000| Untracked 
| 183|0x00000000db700000, 0x00000000db800000, 0x00000000db800000|100%| O|  |TAMS 0x00000000db800000, 0x00000000db700000| Untracked 
| 184|0x00000000db800000, 0x00000000db900000, 0x00000000db900000|100%| O|  |TAMS 0x00000000db900000, 0x00000000db800000| Untracked 
| 185|0x00000000db900000, 0x00000000dba00000, 0x00000000dba00000|100%| O|  |TAMS 0x00000000dba00000, 0x00000000db900000| Untracked 
| 186|0x00000000dba00000, 0x00000000dbb00000, 0x00000000dbb00000|100%| O|  |TAMS 0x00000000dbb00000, 0x00000000dba00000| Untracked 
| 187|0x00000000dbb00000, 0x00000000dbc00000, 0x00000000dbc00000|100%| O|  |TAMS 0x00000000dbc00000, 0x00000000dbb00000| Untracked 
| 188|0x00000000dbc00000, 0x00000000dbd00000, 0x00000000dbd00000|100%| O|  |TAMS 0x00000000dbd00000, 0x00000000dbc00000| Untracked 
| 189|0x00000000dbd00000, 0x00000000dbe00000, 0x00000000dbe00000|100%| O|  |TAMS 0x00000000dbe00000, 0x00000000dbd00000| Untracked 
| 190|0x00000000dbe00000, 0x00000000dbf00000, 0x00000000dbf00000|100%| O|  |TAMS 0x00000000dbf00000, 0x00000000dbe00000| Untracked 
| 191|0x00000000dbf00000, 0x00000000dc000000, 0x00000000dc000000|100%| O|  |TAMS 0x00000000dc000000, 0x00000000dbf00000| Untracked 
| 192|0x00000000dc000000, 0x00000000dc100000, 0x00000000dc100000|100%| O|  |TAMS 0x00000000dc100000, 0x00000000dc000000| Untracked 
| 193|0x00000000dc100000, 0x00000000dc200000, 0x00000000dc200000|100%| O|  |TAMS 0x00000000dc200000, 0x00000000dc100000| Untracked 
| 194|0x00000000dc200000, 0x00000000dc300000, 0x00000000dc300000|100%| O|  |TAMS 0x00000000dc300000, 0x00000000dc200000| Untracked 
| 195|0x00000000dc300000, 0x00000000dc400000, 0x00000000dc400000|100%| O|  |TAMS 0x00000000dc400000, 0x00000000dc300000| Untracked 
| 196|0x00000000dc400000, 0x00000000dc500000, 0x00000000dc500000|100%| O|  |TAMS 0x00000000dc500000, 0x00000000dc400000| Untracked 
| 197|0x00000000dc500000, 0x00000000dc600000, 0x00000000dc600000|100%| O|  |TAMS 0x00000000dc600000, 0x00000000dc500000| Untracked 
| 198|0x00000000dc600000, 0x00000000dc700000, 0x00000000dc700000|100%| O|  |TAMS 0x00000000dc700000, 0x00000000dc600000| Untracked 
| 199|0x00000000dc700000, 0x00000000dc800000, 0x00000000dc800000|100%| O|  |TAMS 0x00000000dc800000, 0x00000000dc700000| Untracked 
| 200|0x00000000dc800000, 0x00000000dc900000, 0x00000000dc900000|100%| O|  |TAMS 0x00000000dc900000, 0x00000000dc800000| Untracked 
| 201|0x00000000dc900000, 0x00000000dca00000, 0x00000000dca00000|100%| O|  |TAMS 0x00000000dca00000, 0x00000000dc900000| Untracked 
| 202|0x00000000dca00000, 0x00000000dcb00000, 0x00000000dcb00000|100%| O|  |TAMS 0x00000000dcb00000, 0x00000000dca00000| Untracked 
| 203|0x00000000dcb00000, 0x00000000dcc00000, 0x00000000dcc00000|100%| O|  |TAMS 0x00000000dcc00000, 0x00000000dcb00000| Untracked 
| 204|0x00000000dcc00000, 0x00000000dcd00000, 0x00000000dcd00000|100%| O|  |TAMS 0x00000000dcd00000, 0x00000000dcc00000| Untracked 
| 205|0x00000000dcd00000, 0x00000000dce00000, 0x00000000dce00000|100%| O|  |TAMS 0x00000000dce00000, 0x00000000dcd00000| Untracked 
| 206|0x00000000dce00000, 0x00000000dcf00000, 0x00000000dcf00000|100%| O|  |TAMS 0x00000000dce00000, 0x00000000dce00000| Untracked 
| 207|0x00000000dcf00000, 0x00000000dd000000, 0x00000000dd000000|100%| O|  |TAMS 0x00000000dcf00000, 0x00000000dcf00000| Untracked 
| 208|0x00000000dd000000, 0x00000000dd100000, 0x00000000dd100000|100%| O|  |TAMS 0x00000000dd000000, 0x00000000dd000000| Untracked 
| 209|0x00000000dd100000, 0x00000000dd200000, 0x00000000dd200000|100%| O|  |TAMS 0x00000000dd100000, 0x00000000dd100000| Untracked 
| 210|0x00000000dd200000, 0x00000000dd300000, 0x00000000dd300000|100%| O|  |TAMS 0x00000000dd200000, 0x00000000dd200000| Untracked 
| 211|0x00000000dd300000, 0x00000000dd400000, 0x00000000dd400000|100%| O|  |TAMS 0x00000000dd300000, 0x00000000dd300000| Untracked 
| 212|0x00000000dd400000, 0x00000000dd500000, 0x00000000dd500000|100%| O|  |TAMS 0x00000000dd400000, 0x00000000dd400000| Untracked 
| 213|0x00000000dd500000, 0x00000000dd600000, 0x00000000dd600000|100%| O|  |TAMS 0x00000000dd500000, 0x00000000dd500000| Untracked 
| 214|0x00000000dd600000, 0x00000000dd700000, 0x00000000dd700000|100%| O|  |TAMS 0x00000000dd600000, 0x00000000dd600000| Untracked 
| 215|0x00000000dd700000, 0x00000000dd800000, 0x00000000dd800000|100%| O|  |TAMS 0x00000000dd700000, 0x00000000dd700000| Untracked 
| 216|0x00000000dd800000, 0x00000000dd900000, 0x00000000dd900000|100%| O|  |TAMS 0x00000000dd800000, 0x00000000dd800000| Untracked 
| 217|0x00000000dd900000, 0x00000000dda00000, 0x00000000dda00000|100%| O|  |TAMS 0x00000000dd900000, 0x00000000dd900000| Untracked 
| 218|0x00000000dda00000, 0x00000000ddb00000, 0x00000000ddb00000|100%| O|  |TAMS 0x00000000dda00000, 0x00000000dda00000| Untracked 
| 219|0x00000000ddb00000, 0x00000000ddc00000, 0x00000000ddc00000|100%| O|  |TAMS 0x00000000ddb00000, 0x00000000ddb00000| Untracked 
| 220|0x00000000ddc00000, 0x00000000ddd00000, 0x00000000ddd00000|100%| O|  |TAMS 0x00000000ddc00000, 0x00000000ddc00000| Untracked 
| 221|0x00000000ddd00000, 0x00000000dde00000, 0x00000000dde00000|100%| O|  |TAMS 0x00000000ddd00000, 0x00000000ddd00000| Untracked 
| 222|0x00000000dde00000, 0x00000000ddf00000, 0x00000000ddf00000|100%| O|  |TAMS 0x00000000dde00000, 0x00000000dde00000| Untracked 
| 223|0x00000000ddf00000, 0x00000000de000000, 0x00000000de000000|100%| O|  |TAMS 0x00000000ddf00000, 0x00000000ddf00000| Untracked 
| 224|0x00000000de000000, 0x00000000de100000, 0x00000000de100000|100%| O|  |TAMS 0x00000000de000000, 0x00000000de000000| Untracked 
| 225|0x00000000de100000, 0x00000000de200000, 0x00000000de200000|100%| O|  |TAMS 0x00000000de100000, 0x00000000de100000| Untracked 
| 226|0x00000000de200000, 0x00000000de300000, 0x00000000de300000|100%| O|  |TAMS 0x00000000de200000, 0x00000000de200000| Untracked 
| 227|0x00000000de300000, 0x00000000de400000, 0x00000000de400000|100%| O|  |TAMS 0x00000000de300000, 0x00000000de300000| Untracked 
| 228|0x00000000de400000, 0x00000000de500000, 0x00000000de500000|100%| O|  |TAMS 0x00000000de400000, 0x00000000de400000| Untracked 
| 229|0x00000000de500000, 0x00000000de600000, 0x00000000de600000|100%| O|  |TAMS 0x00000000de500000, 0x00000000de500000| Untracked 
| 230|0x00000000de600000, 0x00000000de700000, 0x00000000de700000|100%| O|  |TAMS 0x00000000de600000, 0x00000000de600000| Untracked 
| 231|0x00000000de700000, 0x00000000de800000, 0x00000000de800000|100%| O|  |TAMS 0x00000000de700000, 0x00000000de700000| Untracked 
| 232|0x00000000de800000, 0x00000000de900000, 0x00000000de900000|100%| O|  |TAMS 0x00000000de800000, 0x00000000de800000| Untracked 
| 233|0x00000000de900000, 0x00000000dea00000, 0x00000000dea00000|100%| O|  |TAMS 0x00000000de900000, 0x00000000de900000| Untracked 
| 234|0x00000000dea00000, 0x00000000deb00000, 0x00000000deb00000|100%| O|  |TAMS 0x00000000dea00000, 0x00000000dea00000| Untracked 
| 235|0x00000000deb00000, 0x00000000dec00000, 0x00000000dec00000|100%| O|  |TAMS 0x00000000deb00000, 0x00000000deb00000| Untracked 
| 236|0x00000000dec00000, 0x00000000ded00000, 0x00000000ded00000|100%| O|  |TAMS 0x00000000dec00000, 0x00000000dec00000| Untracked 
| 237|0x00000000ded00000, 0x00000000dee00000, 0x00000000dee00000|100%| O|  |TAMS 0x00000000ded00000, 0x00000000ded00000| Untracked 
| 238|0x00000000dee00000, 0x00000000def00000, 0x00000000def00000|100%| O|  |TAMS 0x00000000dee00000, 0x00000000dee00000| Untracked 
| 239|0x00000000def00000, 0x00000000df000000, 0x00000000df000000|100%| O|  |TAMS 0x00000000def00000, 0x00000000def00000| Untracked 
| 240|0x00000000df000000, 0x00000000df100000, 0x00000000df100000|100%| O|  |TAMS 0x00000000df000000, 0x00000000df000000| Untracked 
| 241|0x00000000df100000, 0x00000000df200000, 0x00000000df200000|100%| O|  |TAMS 0x00000000df100000, 0x00000000df100000| Untracked 
| 242|0x00000000df200000, 0x00000000df300000, 0x00000000df300000|100%| O|  |TAMS 0x00000000df200000, 0x00000000df200000| Untracked 
| 243|0x00000000df300000, 0x00000000df400000, 0x00000000df400000|100%| O|  |TAMS 0x00000000df300000, 0x00000000df300000| Untracked 
| 244|0x00000000df400000, 0x00000000df500000, 0x00000000df500000|100%| O|  |TAMS 0x00000000df400000, 0x00000000df400000| Untracked 
| 245|0x00000000df500000, 0x00000000df600000, 0x00000000df600000|100%| O|  |TAMS 0x00000000df500000, 0x00000000df500000| Untracked 
| 246|0x00000000df600000, 0x00000000df700000, 0x00000000df700000|100%| O|  |TAMS 0x00000000df600000, 0x00000000df600000| Untracked 
| 247|0x00000000df700000, 0x00000000df800000, 0x00000000df800000|100%| O|  |TAMS 0x00000000df700000, 0x00000000df700000| Untracked 
| 248|0x00000000df800000, 0x00000000df900000, 0x00000000df900000|100%| O|  |TAMS 0x00000000df800000, 0x00000000df800000| Untracked 
| 249|0x00000000df900000, 0x00000000dfa00000, 0x00000000dfa00000|100%| O|  |TAMS 0x00000000df900000, 0x00000000df900000| Untracked 
| 250|0x00000000dfa00000, 0x00000000dfb00000, 0x00000000dfb00000|100%| O|  |TAMS 0x00000000dfa00000, 0x00000000dfa00000| Untracked 
| 251|0x00000000dfb00000, 0x00000000dfc00000, 0x00000000dfc00000|100%| O|  |TAMS 0x00000000dfb00000, 0x00000000dfb00000| Untracked 
| 252|0x00000000dfc00000, 0x00000000dfd00000, 0x00000000dfd00000|100%| O|  |TAMS 0x00000000dfc00000, 0x00000000dfc00000| Untracked 
| 253|0x00000000dfd00000, 0x00000000dfe00000, 0x00000000dfe00000|100%| O|  |TAMS 0x00000000dfd00000, 0x00000000dfd00000| Untracked 
| 254|0x00000000dfe00000, 0x00000000dff00000, 0x00000000dff00000|100%| O|  |TAMS 0x00000000dfe00000, 0x00000000dfe00000| Untracked 
| 255|0x00000000dff00000, 0x00000000e0000000, 0x00000000e0000000|100%| O|  |TAMS 0x00000000dff00000, 0x00000000dff00000| Untracked 
| 256|0x00000000e0000000, 0x00000000e0100000, 0x00000000e0100000|100%| O|  |TAMS 0x00000000e0000000, 0x00000000e0000000| Untracked 
| 257|0x00000000e0100000, 0x00000000e0200000, 0x00000000e0200000|100%| O|  |TAMS 0x00000000e0100000, 0x00000000e0100000| Untracked 
| 258|0x00000000e0200000, 0x00000000e0300000, 0x00000000e0300000|100%| O|  |TAMS 0x00000000e0200000, 0x00000000e0200000| Untracked 
| 259|0x00000000e0300000, 0x00000000e0400000, 0x00000000e0400000|100%| O|  |TAMS 0x00000000e0300000, 0x00000000e0300000| Untracked 
| 260|0x00000000e0400000, 0x00000000e0500000, 0x00000000e0500000|100%| O|  |TAMS 0x00000000e0400000, 0x00000000e0400000| Untracked 
| 261|0x00000000e0500000, 0x00000000e0600000, 0x00000000e0600000|100%| O|  |TAMS 0x00000000e0500000, 0x00000000e0500000| Untracked 
| 262|0x00000000e0600000, 0x00000000e0700000, 0x00000000e0700000|100%| O|  |TAMS 0x00000000e0600000, 0x00000000e0600000| Untracked 
| 263|0x00000000e0700000, 0x00000000e0800000, 0x00000000e0800000|100%| O|  |TAMS 0x00000000e0700000, 0x00000000e0700000| Untracked 
| 264|0x00000000e0800000, 0x00000000e0900000, 0x00000000e0900000|100%| O|  |TAMS 0x00000000e0800000, 0x00000000e0800000| Untracked 
| 265|0x00000000e0900000, 0x00000000e0a00000, 0x00000000e0a00000|100%| O|  |TAMS 0x00000000e0900000, 0x00000000e0900000| Untracked 
| 266|0x00000000e0a00000, 0x00000000e0b00000, 0x00000000e0b00000|100%| O|  |TAMS 0x00000000e0a00000, 0x00000000e0a00000| Untracked 
| 267|0x00000000e0b00000, 0x00000000e0c00000, 0x00000000e0c00000|100%| O|  |TAMS 0x00000000e0b00000, 0x00000000e0b00000| Untracked 
| 268|0x00000000e0c00000, 0x00000000e0d00000, 0x00000000e0d00000|100%| O|  |TAMS 0x00000000e0c00000, 0x00000000e0c00000| Untracked 
| 269|0x00000000e0d00000, 0x00000000e0e00000, 0x00000000e0e00000|100%| O|  |TAMS 0x00000000e0d00000, 0x00000000e0d00000| Untracked 
| 270|0x00000000e0e00000, 0x00000000e0f00000, 0x00000000e0f00000|100%| O|  |TAMS 0x00000000e0e00000, 0x00000000e0e00000| Untracked 
| 271|0x00000000e0f00000, 0x00000000e1000000, 0x00000000e1000000|100%| O|  |TAMS 0x00000000e0f00000, 0x00000000e0f00000| Untracked 
| 272|0x00000000e1000000, 0x00000000e1100000, 0x00000000e1100000|100%| O|  |TAMS 0x00000000e1000000, 0x00000000e1000000| Untracked 
| 273|0x00000000e1100000, 0x00000000e1200000, 0x00000000e1200000|100%| O|  |TAMS 0x00000000e1100000, 0x00000000e1100000| Untracked 
| 274|0x00000000e1200000, 0x00000000e1300000, 0x00000000e1300000|100%| O|  |TAMS 0x00000000e1200000, 0x00000000e1200000| Untracked 
| 275|0x00000000e1300000, 0x00000000e1400000, 0x00000000e1400000|100%| O|  |TAMS 0x00000000e1300000, 0x00000000e1300000| Untracked 
| 276|0x00000000e1400000, 0x00000000e1500000, 0x00000000e1500000|100%| O|  |TAMS 0x00000000e1400000, 0x00000000e1400000| Untracked 
| 277|0x00000000e1500000, 0x00000000e1600000, 0x00000000e1600000|100%| O|  |TAMS 0x00000000e1500000, 0x00000000e1500000| Untracked 
| 278|0x00000000e1600000, 0x00000000e1700000, 0x00000000e1700000|100%| O|  |TAMS 0x00000000e1600000, 0x00000000e1600000| Untracked 
| 279|0x00000000e1700000, 0x00000000e1800000, 0x00000000e1800000|100%| O|  |TAMS 0x00000000e1700000, 0x00000000e1700000| Untracked 
| 280|0x00000000e1800000, 0x00000000e1900000, 0x00000000e1900000|100%| O|  |TAMS 0x00000000e1800000, 0x00000000e1800000| Untracked 
| 281|0x00000000e1900000, 0x00000000e1a00000, 0x00000000e1a00000|100%| O|  |TAMS 0x00000000e1900000, 0x00000000e1900000| Untracked 
| 282|0x00000000e1a00000, 0x00000000e1b00000, 0x00000000e1b00000|100%| O|  |TAMS 0x00000000e1a00000, 0x00000000e1a00000| Untracked 
| 283|0x00000000e1b00000, 0x00000000e1c00000, 0x00000000e1c00000|100%| O|  |TAMS 0x00000000e1b00000, 0x00000000e1b00000| Untracked 
| 284|0x00000000e1c00000, 0x00000000e1d00000, 0x00000000e1d00000|100%| O|  |TAMS 0x00000000e1c00000, 0x00000000e1c00000| Untracked 
| 285|0x00000000e1d00000, 0x00000000e1e00000, 0x00000000e1e00000|100%| O|  |TAMS 0x00000000e1d00000, 0x00000000e1d00000| Untracked 
| 286|0x00000000e1e00000, 0x00000000e1f00000, 0x00000000e1f00000|100%| O|  |TAMS 0x00000000e1e00000, 0x00000000e1e00000| Untracked 
| 287|0x00000000e1f00000, 0x00000000e2000000, 0x00000000e2000000|100%| O|  |TAMS 0x00000000e1f00000, 0x00000000e1f00000| Untracked 
| 288|0x00000000e2000000, 0x00000000e2100000, 0x00000000e2100000|100%| O|  |TAMS 0x00000000e2000000, 0x00000000e2000000| Untracked 
| 289|0x00000000e2100000, 0x00000000e2200000, 0x00000000e2200000|100%| O|  |TAMS 0x00000000e2100000, 0x00000000e2100000| Untracked 
| 290|0x00000000e2200000, 0x00000000e2300000, 0x00000000e2300000|100%| O|  |TAMS 0x00000000e2200000, 0x00000000e2200000| Untracked 
| 291|0x00000000e2300000, 0x00000000e2400000, 0x00000000e2400000|100%| O|  |TAMS 0x00000000e2300000, 0x00000000e2300000| Untracked 
| 292|0x00000000e2400000, 0x00000000e2500000, 0x00000000e2500000|100%| O|  |TAMS 0x00000000e2400000, 0x00000000e2400000| Untracked 
| 293|0x00000000e2500000, 0x00000000e2600000, 0x00000000e2600000|100%| O|  |TAMS 0x00000000e2500000, 0x00000000e2500000| Untracked 
| 294|0x00000000e2600000, 0x00000000e2700000, 0x00000000e2700000|100%| O|  |TAMS 0x00000000e2600000, 0x00000000e2600000| Untracked 
| 295|0x00000000e2700000, 0x00000000e2800000, 0x00000000e2800000|100%| O|  |TAMS 0x00000000e2700000, 0x00000000e2700000| Untracked 
| 296|0x00000000e2800000, 0x00000000e2900000, 0x00000000e2900000|100%| O|  |TAMS 0x00000000e2800000, 0x00000000e2800000| Untracked 
| 297|0x00000000e2900000, 0x00000000e2a00000, 0x00000000e2a00000|100%| O|  |TAMS 0x00000000e2900000, 0x00000000e2900000| Untracked 
| 298|0x00000000e2a00000, 0x00000000e2b00000, 0x00000000e2b00000|100%| O|  |TAMS 0x00000000e2a00000, 0x00000000e2a00000| Untracked 
| 299|0x00000000e2b00000, 0x00000000e2c00000, 0x00000000e2c00000|100%| O|  |TAMS 0x00000000e2b00000, 0x00000000e2b00000| Untracked 
| 300|0x00000000e2c00000, 0x00000000e2d00000, 0x00000000e2d00000|100%| O|  |TAMS 0x00000000e2c00000, 0x00000000e2c00000| Untracked 
| 301|0x00000000e2d00000, 0x00000000e2e00000, 0x00000000e2e00000|100%| O|  |TAMS 0x00000000e2d00000, 0x00000000e2d00000| Untracked 
| 302|0x00000000e2e00000, 0x00000000e2f00000, 0x00000000e2f00000|100%| O|  |TAMS 0x00000000e2e00000, 0x00000000e2e00000| Untracked 
| 303|0x00000000e2f00000, 0x00000000e3000000, 0x00000000e3000000|100%| O|  |TAMS 0x00000000e2f00000, 0x00000000e2f00000| Untracked 
| 304|0x00000000e3000000, 0x00000000e3100000, 0x00000000e3100000|100%| O|  |TAMS 0x00000000e3000000, 0x00000000e3000000| Untracked 
| 305|0x00000000e3100000, 0x00000000e3100000, 0x00000000e3200000|  0%| F|  |TAMS 0x00000000e3100000, 0x00000000e3100000| Untracked 
| 306|0x00000000e3200000, 0x00000000e3200000, 0x00000000e3300000|  0%| F|  |TAMS 0x00000000e3200000, 0x00000000e3200000| Untracked 
| 307|0x00000000e3300000, 0x00000000e3300000, 0x00000000e3400000|  0%| F|  |TAMS 0x00000000e3300000, 0x00000000e3300000| Untracked 
| 308|0x00000000e3400000, 0x00000000e3400000, 0x00000000e3500000|  0%| F|  |TAMS 0x00000000e3400000, 0x00000000e3400000| Untracked 
| 309|0x00000000e3500000, 0x00000000e3500000, 0x00000000e3600000|  0%| F|  |TAMS 0x00000000e3500000, 0x00000000e3500000| Untracked 
| 310|0x00000000e3600000, 0x00000000e3600000, 0x00000000e3700000|  0%| F|  |TAMS 0x00000000e3600000, 0x00000000e3600000| Untracked 
| 311|0x00000000e3700000, 0x00000000e3700000, 0x00000000e3800000|  0%| F|  |TAMS 0x00000000e3700000, 0x00000000e3700000| Untracked 
| 312|0x00000000e3800000, 0x00000000e3800000, 0x00000000e3900000|  0%| F|  |TAMS 0x00000000e3800000, 0x00000000e3800000| Untracked 
| 313|0x00000000e3900000, 0x00000000e3900000, 0x00000000e3a00000|  0%| F|  |TAMS 0x00000000e3900000, 0x00000000e3900000| Untracked 
| 314|0x00000000e3a00000, 0x00000000e3a00000, 0x00000000e3b00000|  0%| F|  |TAMS 0x00000000e3a00000, 0x00000000e3a00000| Untracked 
| 315|0x00000000e3b00000, 0x00000000e3b00000, 0x00000000e3c00000|  0%| F|  |TAMS 0x00000000e3b00000, 0x00000000e3b00000| Untracked 
| 316|0x00000000e3c00000, 0x00000000e3c00000, 0x00000000e3d00000|  0%| F|  |TAMS 0x00000000e3c00000, 0x00000000e3c00000| Untracked 
| 317|0x00000000e3d00000, 0x00000000e3d00000, 0x00000000e3e00000|  0%| F|  |TAMS 0x00000000e3d00000, 0x00000000e3d00000| Untracked 
| 318|0x00000000e3e00000, 0x00000000e3e00000, 0x00000000e3f00000|  0%| F|  |TAMS 0x00000000e3e00000, 0x00000000e3e00000| Untracked 
| 319|0x00000000e3f00000, 0x00000000e3f00000, 0x00000000e4000000|  0%| F|  |TAMS 0x00000000e3f00000, 0x00000000e3f00000| Untracked 
| 320|0x00000000e4000000, 0x00000000e4000000, 0x00000000e4100000|  0%| F|  |TAMS 0x00000000e4000000, 0x00000000e4000000| Untracked 
| 321|0x00000000e4100000, 0x00000000e4100000, 0x00000000e4200000|  0%| F|  |TAMS 0x00000000e4100000, 0x00000000e4100000| Untracked 
| 322|0x00000000e4200000, 0x00000000e4200000, 0x00000000e4300000|  0%| F|  |TAMS 0x00000000e4200000, 0x00000000e4200000| Untracked 
| 323|0x00000000e4300000, 0x00000000e4300000, 0x00000000e4400000|  0%| F|  |TAMS 0x00000000e4300000, 0x00000000e4300000| Untracked 
| 324|0x00000000e4400000, 0x00000000e4400000, 0x00000000e4500000|  0%| F|  |TAMS 0x00000000e4400000, 0x00000000e4400000| Untracked 
| 325|0x00000000e4500000, 0x00000000e4500000, 0x00000000e4600000|  0%| F|  |TAMS 0x00000000e4500000, 0x00000000e4500000| Untracked 
| 326|0x00000000e4600000, 0x00000000e4600000, 0x00000000e4700000|  0%| F|  |TAMS 0x00000000e4600000, 0x00000000e4600000| Untracked 
| 327|0x00000000e4700000, 0x00000000e4700000, 0x00000000e4800000|  0%| F|  |TAMS 0x00000000e4700000, 0x00000000e4700000| Untracked 
| 328|0x00000000e4800000, 0x00000000e4800000, 0x00000000e4900000|  0%| F|  |TAMS 0x00000000e4800000, 0x00000000e4800000| Untracked 
| 329|0x00000000e4900000, 0x00000000e4900000, 0x00000000e4a00000|  0%| F|  |TAMS 0x00000000e4900000, 0x00000000e4900000| Untracked 
| 330|0x00000000e4a00000, 0x00000000e4a00000, 0x00000000e4b00000|  0%| F|  |TAMS 0x00000000e4a00000, 0x00000000e4a00000| Untracked 
| 331|0x00000000e4b00000, 0x00000000e4b00000, 0x00000000e4c00000|  0%| F|  |TAMS 0x00000000e4b00000, 0x00000000e4b00000| Untracked 
| 332|0x00000000e4c00000, 0x00000000e4c00000, 0x00000000e4d00000|  0%| F|  |TAMS 0x00000000e4c00000, 0x00000000e4c00000| Untracked 
| 333|0x00000000e4d00000, 0x00000000e4d00000, 0x00000000e4e00000|  0%| F|  |TAMS 0x00000000e4d00000, 0x00000000e4d00000| Untracked 
| 334|0x00000000e4e00000, 0x00000000e4e00000, 0x00000000e4f00000|  0%| F|  |TAMS 0x00000000e4e00000, 0x00000000e4e00000| Untracked 
| 335|0x00000000e4f00000, 0x00000000e4f00000, 0x00000000e5000000|  0%| F|  |TAMS 0x00000000e4f00000, 0x00000000e4f00000| Untracked 
| 336|0x00000000e5000000, 0x00000000e5000000, 0x00000000e5100000|  0%| F|  |TAMS 0x00000000e5000000, 0x00000000e5000000| Untracked 
| 337|0x00000000e5100000, 0x00000000e5100000, 0x00000000e5200000|  0%| F|  |TAMS 0x00000000e5100000, 0x00000000e5100000| Untracked 
| 338|0x00000000e5200000, 0x00000000e5200000, 0x00000000e5300000|  0%| F|  |TAMS 0x00000000e5200000, 0x00000000e5200000| Untracked 
| 339|0x00000000e5300000, 0x00000000e5300000, 0x00000000e5400000|  0%| F|  |TAMS 0x00000000e5300000, 0x00000000e5300000| Untracked 
| 340|0x00000000e5400000, 0x00000000e5400000, 0x00000000e5500000|  0%| F|  |TAMS 0x00000000e5400000, 0x00000000e5400000| Untracked 
| 341|0x00000000e5500000, 0x00000000e5500000, 0x00000000e5600000|  0%| F|  |TAMS 0x00000000e5500000, 0x00000000e5500000| Untracked 
| 342|0x00000000e5600000, 0x00000000e5600000, 0x00000000e5700000|  0%| F|  |TAMS 0x00000000e5600000, 0x00000000e5600000| Untracked 
| 343|0x00000000e5700000, 0x00000000e5700000, 0x00000000e5800000|  0%| F|  |TAMS 0x00000000e5700000, 0x00000000e5700000| Untracked 
| 344|0x00000000e5800000, 0x00000000e5800000, 0x00000000e5900000|  0%| F|  |TAMS 0x00000000e5800000, 0x00000000e5800000| Untracked 
| 345|0x00000000e5900000, 0x00000000e5900000, 0x00000000e5a00000|  0%| F|  |TAMS 0x00000000e5900000, 0x00000000e5900000| Untracked 
| 346|0x00000000e5a00000, 0x00000000e5a00000, 0x00000000e5b00000|  0%| F|  |TAMS 0x00000000e5a00000, 0x00000000e5a00000| Untracked 
| 347|0x00000000e5b00000, 0x00000000e5b00000, 0x00000000e5c00000|  0%| F|  |TAMS 0x00000000e5b00000, 0x00000000e5b00000| Untracked 
| 348|0x00000000e5c00000, 0x00000000e5c00000, 0x00000000e5d00000|  0%| F|  |TAMS 0x00000000e5c00000, 0x00000000e5c00000| Untracked 
| 349|0x00000000e5d00000, 0x00000000e5d00000, 0x00000000e5e00000|  0%| F|  |TAMS 0x00000000e5d00000, 0x00000000e5d00000| Untracked 
| 350|0x00000000e5e00000, 0x00000000e5e00000, 0x00000000e5f00000|  0%| F|  |TAMS 0x00000000e5e00000, 0x00000000e5e00000| Untracked 
| 351|0x00000000e5f00000, 0x00000000e5f00000, 0x00000000e6000000|  0%| F|  |TAMS 0x00000000e5f00000, 0x00000000e5f00000| Untracked 
| 352|0x00000000e6000000, 0x00000000e6000000, 0x00000000e6100000|  0%| F|  |TAMS 0x00000000e6000000, 0x00000000e6000000| Untracked 
| 353|0x00000000e6100000, 0x00000000e6100000, 0x00000000e6200000|  0%| F|  |TAMS 0x00000000e6100000, 0x00000000e6100000| Untracked 
| 354|0x00000000e6200000, 0x00000000e6200000, 0x00000000e6300000|  0%| F|  |TAMS 0x00000000e6200000, 0x00000000e6200000| Untracked 
| 355|0x00000000e6300000, 0x00000000e6300000, 0x00000000e6400000|  0%| F|  |TAMS 0x00000000e6300000, 0x00000000e6300000| Untracked 
| 356|0x00000000e6400000, 0x00000000e6400000, 0x00000000e6500000|  0%| F|  |TAMS 0x00000000e6400000, 0x00000000e6400000| Untracked 
| 357|0x00000000e6500000, 0x00000000e6500000, 0x00000000e6600000|  0%| F|  |TAMS 0x00000000e6500000, 0x00000000e6500000| Untracked 
| 358|0x00000000e6600000, 0x00000000e6600000, 0x00000000e6700000|  0%| F|  |TAMS 0x00000000e6600000, 0x00000000e6600000| Untracked 
| 359|0x00000000e6700000, 0x00000000e6700000, 0x00000000e6800000|  0%| F|  |TAMS 0x00000000e6700000, 0x00000000e6700000| Untracked 
| 360|0x00000000e6800000, 0x00000000e6800000, 0x00000000e6900000|  0%| F|  |TAMS 0x00000000e6800000, 0x00000000e6800000| Untracked 
| 361|0x00000000e6900000, 0x00000000e6900000, 0x00000000e6a00000|  0%| F|  |TAMS 0x00000000e6900000, 0x00000000e6900000| Untracked 
| 362|0x00000000e6a00000, 0x00000000e6a00000, 0x00000000e6b00000|  0%| F|  |TAMS 0x00000000e6a00000, 0x00000000e6a00000| Untracked 
| 363|0x00000000e6b00000, 0x00000000e6b00000, 0x00000000e6c00000|  0%| F|  |TAMS 0x00000000e6b00000, 0x00000000e6b00000| Untracked 
| 364|0x00000000e6c00000, 0x00000000e6c00000, 0x00000000e6d00000|  0%| F|  |TAMS 0x00000000e6c00000, 0x00000000e6c00000| Untracked 
| 365|0x00000000e6d00000, 0x00000000e6d00000, 0x00000000e6e00000|  0%| F|  |TAMS 0x00000000e6d00000, 0x00000000e6d00000| Untracked 
| 366|0x00000000e6e00000, 0x00000000e6e00000, 0x00000000e6f00000|  0%| F|  |TAMS 0x00000000e6e00000, 0x00000000e6e00000| Untracked 
| 367|0x00000000e6f00000, 0x00000000e6f00000, 0x00000000e7000000|  0%| F|  |TAMS 0x00000000e6f00000, 0x00000000e6f00000| Untracked 
| 368|0x00000000e7000000, 0x00000000e7000000, 0x00000000e7100000|  0%| F|  |TAMS 0x00000000e7000000, 0x00000000e7000000| Untracked 
| 369|0x00000000e7100000, 0x00000000e7100000, 0x00000000e7200000|  0%| F|  |TAMS 0x00000000e7100000, 0x00000000e7100000| Untracked 
| 370|0x00000000e7200000, 0x00000000e7200000, 0x00000000e7300000|  0%| F|  |TAMS 0x00000000e7200000, 0x00000000e7200000| Untracked 
| 371|0x00000000e7300000, 0x00000000e7300000, 0x00000000e7400000|  0%| F|  |TAMS 0x00000000e7300000, 0x00000000e7300000| Untracked 
| 372|0x00000000e7400000, 0x00000000e7400000, 0x00000000e7500000|  0%| F|  |TAMS 0x00000000e7400000, 0x00000000e7400000| Untracked 
| 373|0x00000000e7500000, 0x00000000e7500000, 0x00000000e7600000|  0%| F|  |TAMS 0x00000000e7500000, 0x00000000e7500000| Untracked 
| 374|0x00000000e7600000, 0x00000000e7600000, 0x00000000e7700000|  0%| F|  |TAMS 0x00000000e7600000, 0x00000000e7600000| Untracked 
| 375|0x00000000e7700000, 0x00000000e7700000, 0x00000000e7800000|  0%| F|  |TAMS 0x00000000e7700000, 0x00000000e7700000| Untracked 
| 376|0x00000000e7800000, 0x00000000e7800000, 0x00000000e7900000|  0%| F|  |TAMS 0x00000000e7800000, 0x00000000e7800000| Untracked 
| 377|0x00000000e7900000, 0x00000000e7900000, 0x00000000e7a00000|  0%| F|  |TAMS 0x00000000e7900000, 0x00000000e7900000| Untracked 
| 378|0x00000000e7a00000, 0x00000000e7a00000, 0x00000000e7b00000|  0%| F|  |TAMS 0x00000000e7a00000, 0x00000000e7a00000| Untracked 
| 379|0x00000000e7b00000, 0x00000000e7b00000, 0x00000000e7c00000|  0%| F|  |TAMS 0x00000000e7b00000, 0x00000000e7b00000| Untracked 
| 380|0x00000000e7c00000, 0x00000000e7c00000, 0x00000000e7d00000|  0%| F|  |TAMS 0x00000000e7c00000, 0x00000000e7c00000| Untracked 
| 381|0x00000000e7d00000, 0x00000000e7d00000, 0x00000000e7e00000|  0%| F|  |TAMS 0x00000000e7d00000, 0x00000000e7d00000| Untracked 
| 382|0x00000000e7e00000, 0x00000000e7e00000, 0x00000000e7f00000|  0%| F|  |TAMS 0x00000000e7e00000, 0x00000000e7e00000| Untracked 
| 383|0x00000000e7f00000, 0x00000000e7f00000, 0x00000000e8000000|  0%| F|  |TAMS 0x00000000e7f00000, 0x00000000e7f00000| Untracked 
| 384|0x00000000e8000000, 0x00000000e8000000, 0x00000000e8100000|  0%| F|  |TAMS 0x00000000e8000000, 0x00000000e8000000| Untracked 
| 385|0x00000000e8100000, 0x00000000e8100000, 0x00000000e8200000|  0%| F|  |TAMS 0x00000000e8100000, 0x00000000e8100000| Untracked 
| 386|0x00000000e8200000, 0x00000000e8200000, 0x00000000e8300000|  0%| F|  |TAMS 0x00000000e8200000, 0x00000000e8200000| Untracked 
| 387|0x00000000e8300000, 0x00000000e8300000, 0x00000000e8400000|  0%| F|  |TAMS 0x00000000e8300000, 0x00000000e8300000| Untracked 
| 388|0x00000000e8400000, 0x00000000e8400000, 0x00000000e8500000|  0%| F|  |TAMS 0x00000000e8400000, 0x00000000e8400000| Untracked 
| 389|0x00000000e8500000, 0x00000000e8500000, 0x00000000e8600000|  0%| F|  |TAMS 0x00000000e8500000, 0x00000000e8500000| Untracked 
| 390|0x00000000e8600000, 0x00000000e8600000, 0x00000000e8700000|  0%| F|  |TAMS 0x00000000e8600000, 0x00000000e8600000| Untracked 
| 391|0x00000000e8700000, 0x00000000e8700000, 0x00000000e8800000|  0%| F|  |TAMS 0x00000000e8700000, 0x00000000e8700000| Untracked 
| 392|0x00000000e8800000, 0x00000000e8800000, 0x00000000e8900000|  0%| F|  |TAMS 0x00000000e8800000, 0x00000000e8800000| Untracked 
| 393|0x00000000e8900000, 0x00000000e8900000, 0x00000000e8a00000|  0%| F|  |TAMS 0x00000000e8900000, 0x00000000e8900000| Untracked 
| 394|0x00000000e8a00000, 0x00000000e8a00000, 0x00000000e8b00000|  0%| F|  |TAMS 0x00000000e8a00000, 0x00000000e8a00000| Untracked 
| 395|0x00000000e8b00000, 0x00000000e8b00000, 0x00000000e8c00000|  0%| F|  |TAMS 0x00000000e8b00000, 0x00000000e8b00000| Untracked 
| 396|0x00000000e8c00000, 0x00000000e8c00000, 0x00000000e8d00000|  0%| F|  |TAMS 0x00000000e8c00000, 0x00000000e8c00000| Untracked 
| 397|0x00000000e8d00000, 0x00000000e8d00000, 0x00000000e8e00000|  0%| F|  |TAMS 0x00000000e8d00000, 0x00000000e8d00000| Untracked 
| 398|0x00000000e8e00000, 0x00000000e8e00000, 0x00000000e8f00000|  0%| F|  |TAMS 0x00000000e8e00000, 0x00000000e8e00000| Untracked 
| 399|0x00000000e8f00000, 0x00000000e8f00000, 0x00000000e9000000|  0%| F|  |TAMS 0x00000000e8f00000, 0x00000000e8f00000| Untracked 
| 400|0x00000000e9000000, 0x00000000e9000000, 0x00000000e9100000|  0%| F|  |TAMS 0x00000000e9000000, 0x00000000e9000000| Untracked 
| 401|0x00000000e9100000, 0x00000000e9100000, 0x00000000e9200000|  0%| F|  |TAMS 0x00000000e9100000, 0x00000000e9100000| Untracked 
| 402|0x00000000e9200000, 0x00000000e9200000, 0x00000000e9300000|  0%| F|  |TAMS 0x00000000e9200000, 0x00000000e9200000| Untracked 
| 403|0x00000000e9300000, 0x00000000e9300000, 0x00000000e9400000|  0%| F|  |TAMS 0x00000000e9300000, 0x00000000e9300000| Untracked 
| 404|0x00000000e9400000, 0x00000000e9400000, 0x00000000e9500000|  0%| F|  |TAMS 0x00000000e9400000, 0x00000000e9400000| Untracked 
| 405|0x00000000e9500000, 0x00000000e9500000, 0x00000000e9600000|  0%| F|  |TAMS 0x00000000e9500000, 0x00000000e9500000| Untracked 
| 406|0x00000000e9600000, 0x00000000e9600000, 0x00000000e9700000|  0%| F|  |TAMS 0x00000000e9600000, 0x00000000e9600000| Untracked 
| 407|0x00000000e9700000, 0x00000000e9700000, 0x00000000e9800000|  0%| F|  |TAMS 0x00000000e9700000, 0x00000000e9700000| Untracked 
| 408|0x00000000e9800000, 0x00000000e9800000, 0x00000000e9900000|  0%| F|  |TAMS 0x00000000e9800000, 0x00000000e9800000| Untracked 
| 409|0x00000000e9900000, 0x00000000e9900000, 0x00000000e9a00000|  0%| F|  |TAMS 0x00000000e9900000, 0x00000000e9900000| Untracked 
| 410|0x00000000e9a00000, 0x00000000e9a00000, 0x00000000e9b00000|  0%| F|  |TAMS 0x00000000e9a00000, 0x00000000e9a00000| Untracked 
| 411|0x00000000e9b00000, 0x00000000e9b00000, 0x00000000e9c00000|  0%| F|  |TAMS 0x00000000e9b00000, 0x00000000e9b00000| Untracked 
| 412|0x00000000e9c00000, 0x00000000e9c00000, 0x00000000e9d00000|  0%| F|  |TAMS 0x00000000e9c00000, 0x00000000e9c00000| Untracked 
| 413|0x00000000e9d00000, 0x00000000e9d00000, 0x00000000e9e00000|  0%| F|  |TAMS 0x00000000e9d00000, 0x00000000e9d00000| Untracked 
| 414|0x00000000e9e00000, 0x00000000e9e00000, 0x00000000e9f00000|  0%| F|  |TAMS 0x00000000e9e00000, 0x00000000e9e00000| Untracked 
| 415|0x00000000e9f00000, 0x00000000e9f00000, 0x00000000ea000000|  0%| F|  |TAMS 0x00000000e9f00000, 0x00000000e9f00000| Untracked 
| 416|0x00000000ea000000, 0x00000000ea000000, 0x00000000ea100000|  0%| F|  |TAMS 0x00000000ea000000, 0x00000000ea000000| Untracked 
| 417|0x00000000ea100000, 0x00000000ea100000, 0x00000000ea200000|  0%| F|  |TAMS 0x00000000ea100000, 0x00000000ea100000| Untracked 
| 418|0x00000000ea200000, 0x00000000ea200000, 0x00000000ea300000|  0%| F|  |TAMS 0x00000000ea200000, 0x00000000ea200000| Untracked 
| 419|0x00000000ea300000, 0x00000000ea300000, 0x00000000ea400000|  0%| F|  |TAMS 0x00000000ea300000, 0x00000000ea300000| Untracked 
| 420|0x00000000ea400000, 0x00000000ea400000, 0x00000000ea500000|  0%| F|  |TAMS 0x00000000ea400000, 0x00000000ea400000| Untracked 
| 421|0x00000000ea500000, 0x00000000ea500000, 0x00000000ea600000|  0%| F|  |TAMS 0x00000000ea500000, 0x00000000ea500000| Untracked 
| 422|0x00000000ea600000, 0x00000000ea600000, 0x00000000ea700000|  0%| F|  |TAMS 0x00000000ea600000, 0x00000000ea600000| Untracked 
| 423|0x00000000ea700000, 0x00000000ea700000, 0x00000000ea800000|  0%| F|  |TAMS 0x00000000ea700000, 0x00000000ea700000| Untracked 
| 424|0x00000000ea800000, 0x00000000ea800000, 0x00000000ea900000|  0%| F|  |TAMS 0x00000000ea800000, 0x00000000ea800000| Untracked 
| 425|0x00000000ea900000, 0x00000000ea900000, 0x00000000eaa00000|  0%| F|  |TAMS 0x00000000ea900000, 0x00000000ea900000| Untracked 
| 426|0x00000000eaa00000, 0x00000000eaa00000, 0x00000000eab00000|  0%| F|  |TAMS 0x00000000eaa00000, 0x00000000eaa00000| Untracked 
| 427|0x00000000eab00000, 0x00000000eab00000, 0x00000000eac00000|  0%| F|  |TAMS 0x00000000eab00000, 0x00000000eab00000| Untracked 
| 428|0x00000000eac00000, 0x00000000eac00000, 0x00000000ead00000|  0%| F|  |TAMS 0x00000000eac00000, 0x00000000eac00000| Untracked 
| 429|0x00000000ead00000, 0x00000000ead00000, 0x00000000eae00000|  0%| F|  |TAMS 0x00000000ead00000, 0x00000000ead00000| Untracked 
| 430|0x00000000eae00000, 0x00000000eae00000, 0x00000000eaf00000|  0%| F|  |TAMS 0x00000000eae00000, 0x00000000eae00000| Untracked 
| 431|0x00000000eaf00000, 0x00000000eaf00000, 0x00000000eb000000|  0%| F|  |TAMS 0x00000000eaf00000, 0x00000000eaf00000| Untracked 
| 432|0x00000000eb000000, 0x00000000eb000000, 0x00000000eb100000|  0%| F|  |TAMS 0x00000000eb000000, 0x00000000eb000000| Untracked 
| 433|0x00000000eb100000, 0x00000000eb200000, 0x00000000eb200000|100%| S|CS|TAMS 0x00000000eb100000, 0x00000000eb100000| Complete 
| 434|0x00000000eb200000, 0x00000000eb300000, 0x00000000eb300000|100%| S|CS|TAMS 0x00000000eb200000, 0x00000000eb200000| Complete 
| 435|0x00000000eb300000, 0x00000000eb400000, 0x00000000eb400000|100%| S|CS|TAMS 0x00000000eb300000, 0x00000000eb300000| Complete 
| 436|0x00000000eb400000, 0x00000000eb500000, 0x00000000eb500000|100%| S|CS|TAMS 0x00000000eb400000, 0x00000000eb400000| Complete 
| 437|0x00000000eb500000, 0x00000000eb600000, 0x00000000eb600000|100%| S|CS|TAMS 0x00000000eb500000, 0x00000000eb500000| Complete 
| 438|0x00000000eb600000, 0x00000000eb700000, 0x00000000eb700000|100%| S|CS|TAMS 0x00000000eb600000, 0x00000000eb600000| Complete 
| 439|0x00000000eb700000, 0x00000000eb800000, 0x00000000eb800000|100%| S|CS|TAMS 0x00000000eb700000, 0x00000000eb700000| Complete 
| 440|0x00000000eb800000, 0x00000000eb900000, 0x00000000eb900000|100%| S|CS|TAMS 0x00000000eb800000, 0x00000000eb800000| Complete 
| 441|0x00000000eb900000, 0x00000000eba00000, 0x00000000eba00000|100%| S|CS|TAMS 0x00000000eb900000, 0x00000000eb900000| Complete 
| 442|0x00000000eba00000, 0x00000000ebb00000, 0x00000000ebb00000|100%| S|CS|TAMS 0x00000000eba00000, 0x00000000eba00000| Complete 
| 443|0x00000000ebb00000, 0x00000000ebc00000, 0x00000000ebc00000|100%| S|CS|TAMS 0x00000000ebb00000, 0x00000000ebb00000| Complete 
| 444|0x00000000ebc00000, 0x00000000ebd00000, 0x00000000ebd00000|100%| S|CS|TAMS 0x00000000ebc00000, 0x00000000ebc00000| Complete 
| 445|0x00000000ebd00000, 0x00000000ebe00000, 0x00000000ebe00000|100%| S|CS|TAMS 0x00000000ebd00000, 0x00000000ebd00000| Complete 
| 446|0x00000000ebe00000, 0x00000000ebf00000, 0x00000000ebf00000|100%| S|CS|TAMS 0x00000000ebe00000, 0x00000000ebe00000| Complete 
| 447|0x00000000ebf00000, 0x00000000ec000000, 0x00000000ec000000|100%| S|CS|TAMS 0x00000000ebf00000, 0x00000000ebf00000| Complete 
| 448|0x00000000ec000000, 0x00000000ec000000, 0x00000000ec100000|  0%| F|  |TAMS 0x00000000ec000000, 0x00000000ec000000| Untracked 
| 449|0x00000000ec100000, 0x00000000ec100000, 0x00000000ec200000|  0%| F|  |TAMS 0x00000000ec100000, 0x00000000ec100000| Untracked 
| 450|0x00000000ec200000, 0x00000000ec200000, 0x00000000ec300000|  0%| F|  |TAMS 0x00000000ec200000, 0x00000000ec200000| Untracked 
| 451|0x00000000ec300000, 0x00000000ec300000, 0x00000000ec400000|  0%| F|  |TAMS 0x00000000ec300000, 0x00000000ec300000| Untracked 
| 452|0x00000000ec400000, 0x00000000ec400000, 0x00000000ec500000|  0%| F|  |TAMS 0x00000000ec400000, 0x00000000ec400000| Untracked 
| 453|0x00000000ec500000, 0x00000000ec500000, 0x00000000ec600000|  0%| F|  |TAMS 0x00000000ec500000, 0x00000000ec500000| Untracked 
| 454|0x00000000ec600000, 0x00000000ec600000, 0x00000000ec700000|  0%| F|  |TAMS 0x00000000ec600000, 0x00000000ec600000| Untracked 
| 455|0x00000000ec700000, 0x00000000ec700000, 0x00000000ec800000|  0%| F|  |TAMS 0x00000000ec700000, 0x00000000ec700000| Untracked 
| 456|0x00000000ec800000, 0x00000000ec800000, 0x00000000ec900000|  0%| F|  |TAMS 0x00000000ec800000, 0x00000000ec800000| Untracked 
| 457|0x00000000ec900000, 0x00000000ec900000, 0x00000000eca00000|  0%| F|  |TAMS 0x00000000ec900000, 0x00000000ec900000| Untracked 
| 458|0x00000000eca00000, 0x00000000eca00000, 0x00000000ecb00000|  0%| F|  |TAMS 0x00000000eca00000, 0x00000000eca00000| Untracked 
| 459|0x00000000ecb00000, 0x00000000ecb00000, 0x00000000ecc00000|  0%| F|  |TAMS 0x00000000ecb00000, 0x00000000ecb00000| Untracked 
| 460|0x00000000ecc00000, 0x00000000ecc00000, 0x00000000ecd00000|  0%| F|  |TAMS 0x00000000ecc00000, 0x00000000ecc00000| Untracked 
| 461|0x00000000ecd00000, 0x00000000ecd00000, 0x00000000ece00000|  0%| F|  |TAMS 0x00000000ecd00000, 0x00000000ecd00000| Untracked 
| 462|0x00000000ece00000, 0x00000000ece00000, 0x00000000ecf00000|  0%| F|  |TAMS 0x00000000ece00000, 0x00000000ece00000| Untracked 
| 463|0x00000000ecf00000, 0x00000000ecf00000, 0x00000000ed000000|  0%| F|  |TAMS 0x00000000ecf00000, 0x00000000ecf00000| Untracked 
| 464|0x00000000ed000000, 0x00000000ed000000, 0x00000000ed100000|  0%| F|  |TAMS 0x00000000ed000000, 0x00000000ed000000| Untracked 
| 465|0x00000000ed100000, 0x00000000ed100000, 0x00000000ed200000|  0%| F|  |TAMS 0x00000000ed100000, 0x00000000ed100000| Untracked 
| 466|0x00000000ed200000, 0x00000000ed200000, 0x00000000ed300000|  0%| F|  |TAMS 0x00000000ed200000, 0x00000000ed200000| Untracked 
| 467|0x00000000ed300000, 0x00000000ed300000, 0x00000000ed400000|  0%| F|  |TAMS 0x00000000ed300000, 0x00000000ed300000| Untracked 
| 468|0x00000000ed400000, 0x00000000ed400000, 0x00000000ed500000|  0%| F|  |TAMS 0x00000000ed400000, 0x00000000ed400000| Untracked 
| 469|0x00000000ed500000, 0x00000000ed500000, 0x00000000ed600000|  0%| F|  |TAMS 0x00000000ed500000, 0x00000000ed500000| Untracked 
| 470|0x00000000ed600000, 0x00000000ed600000, 0x00000000ed700000|  0%| F|  |TAMS 0x00000000ed600000, 0x00000000ed600000| Untracked 
| 471|0x00000000ed700000, 0x00000000ed700000, 0x00000000ed800000|  0%| F|  |TAMS 0x00000000ed700000, 0x00000000ed700000| Untracked 
| 472|0x00000000ed800000, 0x00000000ed800000, 0x00000000ed900000|  0%| F|  |TAMS 0x00000000ed800000, 0x00000000ed800000| Untracked 
| 473|0x00000000ed900000, 0x00000000ed900000, 0x00000000eda00000|  0%| F|  |TAMS 0x00000000ed900000, 0x00000000ed900000| Untracked 
| 474|0x00000000eda00000, 0x00000000eda00000, 0x00000000edb00000|  0%| F|  |TAMS 0x00000000eda00000, 0x00000000eda00000| Untracked 
| 475|0x00000000edb00000, 0x00000000edb00000, 0x00000000edc00000|  0%| F|  |TAMS 0x00000000edb00000, 0x00000000edb00000| Untracked 
| 476|0x00000000edc00000, 0x00000000edc00000, 0x00000000edd00000|  0%| F|  |TAMS 0x00000000edc00000, 0x00000000edc00000| Untracked 
| 477|0x00000000edd00000, 0x00000000edd00000, 0x00000000ede00000|  0%| F|  |TAMS 0x00000000edd00000, 0x00000000edd00000| Untracked 
| 478|0x00000000ede00000, 0x00000000ede00000, 0x00000000edf00000|  0%| F|  |TAMS 0x00000000ede00000, 0x00000000ede00000| Untracked 
| 479|0x00000000edf00000, 0x00000000edf00000, 0x00000000ee000000|  0%| F|  |TAMS 0x00000000edf00000, 0x00000000edf00000| Untracked 
| 480|0x00000000ee000000, 0x00000000ee000000, 0x00000000ee100000|  0%| F|  |TAMS 0x00000000ee000000, 0x00000000ee000000| Untracked 
| 481|0x00000000ee100000, 0x00000000ee100000, 0x00000000ee200000|  0%| F|  |TAMS 0x00000000ee100000, 0x00000000ee100000| Untracked 
| 482|0x00000000ee200000, 0x00000000ee200000, 0x00000000ee300000|  0%| F|  |TAMS 0x00000000ee200000, 0x00000000ee200000| Untracked 
| 483|0x00000000ee300000, 0x00000000ee300000, 0x00000000ee400000|  0%| F|  |TAMS 0x00000000ee300000, 0x00000000ee300000| Untracked 
| 484|0x00000000ee400000, 0x00000000ee400000, 0x00000000ee500000|  0%| F|  |TAMS 0x00000000ee400000, 0x00000000ee400000| Untracked 
| 485|0x00000000ee500000, 0x00000000ee500000, 0x00000000ee600000|  0%| F|  |TAMS 0x00000000ee500000, 0x00000000ee500000| Untracked 
| 486|0x00000000ee600000, 0x00000000ee600000, 0x00000000ee700000|  0%| F|  |TAMS 0x00000000ee600000, 0x00000000ee600000| Untracked 
| 487|0x00000000ee700000, 0x00000000ee700000, 0x00000000ee800000|  0%| F|  |TAMS 0x00000000ee700000, 0x00000000ee700000| Untracked 
| 488|0x00000000ee800000, 0x00000000ee800000, 0x00000000ee900000|  0%| F|  |TAMS 0x00000000ee800000, 0x00000000ee800000| Untracked 
| 489|0x00000000ee900000, 0x00000000ee900000, 0x00000000eea00000|  0%| F|  |TAMS 0x00000000ee900000, 0x00000000ee900000| Untracked 
| 490|0x00000000eea00000, 0x00000000eea00000, 0x00000000eeb00000|  0%| F|  |TAMS 0x00000000eea00000, 0x00000000eea00000| Untracked 
| 491|0x00000000eeb00000, 0x00000000eeb00000, 0x00000000eec00000|  0%| F|  |TAMS 0x00000000eeb00000, 0x00000000eeb00000| Untracked 
| 492|0x00000000eec00000, 0x00000000eec00000, 0x00000000eed00000|  0%| F|  |TAMS 0x00000000eec00000, 0x00000000eec00000| Untracked 
| 493|0x00000000eed00000, 0x00000000eed00000, 0x00000000eee00000|  0%| F|  |TAMS 0x00000000eed00000, 0x00000000eed00000| Untracked 
| 494|0x00000000eee00000, 0x00000000eee00000, 0x00000000eef00000|  0%| F|  |TAMS 0x00000000eee00000, 0x00000000eee00000| Untracked 
| 495|0x00000000eef00000, 0x00000000eef00000, 0x00000000ef000000|  0%| F|  |TAMS 0x00000000eef00000, 0x00000000eef00000| Untracked 
| 496|0x00000000ef000000, 0x00000000ef000000, 0x00000000ef100000|  0%| F|  |TAMS 0x00000000ef000000, 0x00000000ef000000| Untracked 
| 497|0x00000000ef100000, 0x00000000ef100000, 0x00000000ef200000|  0%| F|  |TAMS 0x00000000ef100000, 0x00000000ef100000| Untracked 
| 498|0x00000000ef200000, 0x00000000ef200000, 0x00000000ef300000|  0%| F|  |TAMS 0x00000000ef200000, 0x00000000ef200000| Untracked 
| 499|0x00000000ef300000, 0x00000000ef300000, 0x00000000ef400000|  0%| F|  |TAMS 0x00000000ef300000, 0x00000000ef300000| Untracked 
| 500|0x00000000ef400000, 0x00000000ef400000, 0x00000000ef500000|  0%| F|  |TAMS 0x00000000ef400000, 0x00000000ef400000| Untracked 
| 501|0x00000000ef500000, 0x00000000ef500000, 0x00000000ef600000|  0%| F|  |TAMS 0x00000000ef500000, 0x00000000ef500000| Untracked 
| 502|0x00000000ef600000, 0x00000000ef600000, 0x00000000ef700000|  0%| F|  |TAMS 0x00000000ef600000, 0x00000000ef600000| Untracked 
| 503|0x00000000ef700000, 0x00000000ef700000, 0x00000000ef800000|  0%| F|  |TAMS 0x00000000ef700000, 0x00000000ef700000| Untracked 
| 504|0x00000000ef800000, 0x00000000ef800000, 0x00000000ef900000|  0%| F|  |TAMS 0x00000000ef800000, 0x00000000ef800000| Untracked 
| 505|0x00000000ef900000, 0x00000000ef900000, 0x00000000efa00000|  0%| F|  |TAMS 0x00000000ef900000, 0x00000000ef900000| Untracked 
| 506|0x00000000efa00000, 0x00000000efa00000, 0x00000000efb00000|  0%| F|  |TAMS 0x00000000efa00000, 0x00000000efa00000| Untracked 
| 507|0x00000000efb00000, 0x00000000efb00000, 0x00000000efc00000|  0%| F|  |TAMS 0x00000000efb00000, 0x00000000efb00000| Untracked 
| 508|0x00000000efc00000, 0x00000000efc00000, 0x00000000efd00000|  0%| F|  |TAMS 0x00000000efc00000, 0x00000000efc00000| Untracked 
| 509|0x00000000efd00000, 0x00000000efd00000, 0x00000000efe00000|  0%| F|  |TAMS 0x00000000efd00000, 0x00000000efd00000| Untracked 
| 510|0x00000000efe00000, 0x00000000efe00000, 0x00000000eff00000|  0%| F|  |TAMS 0x00000000efe00000, 0x00000000efe00000| Untracked 
| 511|0x00000000eff00000, 0x00000000eff00000, 0x00000000f0000000|  0%| F|  |TAMS 0x00000000eff00000, 0x00000000eff00000| Untracked 
| 512|0x00000000f0000000, 0x00000000f0000000, 0x00000000f0100000|  0%| F|  |TAMS 0x00000000f0000000, 0x00000000f0000000| Untracked 
| 513|0x00000000f0100000, 0x00000000f0100000, 0x00000000f0200000|  0%| F|  |TAMS 0x00000000f0100000, 0x00000000f0100000| Untracked 
| 514|0x00000000f0200000, 0x00000000f0200000, 0x00000000f0300000|  0%| F|  |TAMS 0x00000000f0200000, 0x00000000f0200000| Untracked 
| 515|0x00000000f0300000, 0x00000000f0300000, 0x00000000f0400000|  0%| F|  |TAMS 0x00000000f0300000, 0x00000000f0300000| Untracked 
| 516|0x00000000f0400000, 0x00000000f0400000, 0x00000000f0500000|  0%| F|  |TAMS 0x00000000f0400000, 0x00000000f0400000| Untracked 
| 517|0x00000000f0500000, 0x00000000f0500000, 0x00000000f0600000|  0%| F|  |TAMS 0x00000000f0500000, 0x00000000f0500000| Untracked 
| 518|0x00000000f0600000, 0x00000000f0600000, 0x00000000f0700000|  0%| F|  |TAMS 0x00000000f0600000, 0x00000000f0600000| Untracked 
| 519|0x00000000f0700000, 0x00000000f0700000, 0x00000000f0800000|  0%| F|  |TAMS 0x00000000f0700000, 0x00000000f0700000| Untracked 
| 520|0x00000000f0800000, 0x00000000f0800000, 0x00000000f0900000|  0%| F|  |TAMS 0x00000000f0800000, 0x00000000f0800000| Untracked 
| 521|0x00000000f0900000, 0x00000000f0900000, 0x00000000f0a00000|  0%| F|  |TAMS 0x00000000f0900000, 0x00000000f0900000| Untracked 
| 522|0x00000000f0a00000, 0x00000000f0a00000, 0x00000000f0b00000|  0%| F|  |TAMS 0x00000000f0a00000, 0x00000000f0a00000| Untracked 
| 523|0x00000000f0b00000, 0x00000000f0b00000, 0x00000000f0c00000|  0%| F|  |TAMS 0x00000000f0b00000, 0x00000000f0b00000| Untracked 
| 524|0x00000000f0c00000, 0x00000000f0c00000, 0x00000000f0d00000|  0%| F|  |TAMS 0x00000000f0c00000, 0x00000000f0c00000| Untracked 
| 525|0x00000000f0d00000, 0x00000000f0d00000, 0x00000000f0e00000|  0%| F|  |TAMS 0x00000000f0d00000, 0x00000000f0d00000| Untracked 
| 526|0x00000000f0e00000, 0x00000000f0e00000, 0x00000000f0f00000|  0%| F|  |TAMS 0x00000000f0e00000, 0x00000000f0e00000| Untracked 
| 527|0x00000000f0f00000, 0x00000000f0f00000, 0x00000000f1000000|  0%| F|  |TAMS 0x00000000f0f00000, 0x00000000f0f00000| Untracked 
| 528|0x00000000f1000000, 0x00000000f1000000, 0x00000000f1100000|  0%| F|  |TAMS 0x00000000f1000000, 0x00000000f1000000| Untracked 
| 529|0x00000000f1100000, 0x00000000f1100000, 0x00000000f1200000|  0%| F|  |TAMS 0x00000000f1100000, 0x00000000f1100000| Untracked 
| 530|0x00000000f1200000, 0x00000000f1200000, 0x00000000f1300000|  0%| F|  |TAMS 0x00000000f1200000, 0x00000000f1200000| Untracked 
| 531|0x00000000f1300000, 0x00000000f1300000, 0x00000000f1400000|  0%| F|  |TAMS 0x00000000f1300000, 0x00000000f1300000| Untracked 
| 532|0x00000000f1400000, 0x00000000f1400000, 0x00000000f1500000|  0%| F|  |TAMS 0x00000000f1400000, 0x00000000f1400000| Untracked 
| 533|0x00000000f1500000, 0x00000000f1500000, 0x00000000f1600000|  0%| F|  |TAMS 0x00000000f1500000, 0x00000000f1500000| Untracked 
| 534|0x00000000f1600000, 0x00000000f1600000, 0x00000000f1700000|  0%| F|  |TAMS 0x00000000f1600000, 0x00000000f1600000| Untracked 
| 535|0x00000000f1700000, 0x00000000f1700000, 0x00000000f1800000|  0%| F|  |TAMS 0x00000000f1700000, 0x00000000f1700000| Untracked 
| 536|0x00000000f1800000, 0x00000000f1800000, 0x00000000f1900000|  0%| F|  |TAMS 0x00000000f1800000, 0x00000000f1800000| Untracked 
| 537|0x00000000f1900000, 0x00000000f1900000, 0x00000000f1a00000|  0%| F|  |TAMS 0x00000000f1900000, 0x00000000f1900000| Untracked 
| 538|0x00000000f1a00000, 0x00000000f1a00000, 0x00000000f1b00000|  0%| F|  |TAMS 0x00000000f1a00000, 0x00000000f1a00000| Untracked 
| 539|0x00000000f1b00000, 0x00000000f1b00000, 0x00000000f1c00000|  0%| F|  |TAMS 0x00000000f1b00000, 0x00000000f1b00000| Untracked 
| 540|0x00000000f1c00000, 0x00000000f1c00000, 0x00000000f1d00000|  0%| F|  |TAMS 0x00000000f1c00000, 0x00000000f1c00000| Untracked 
| 541|0x00000000f1d00000, 0x00000000f1d00000, 0x00000000f1e00000|  0%| F|  |TAMS 0x00000000f1d00000, 0x00000000f1d00000| Untracked 
| 542|0x00000000f1e00000, 0x00000000f1e00000, 0x00000000f1f00000|  0%| F|  |TAMS 0x00000000f1e00000, 0x00000000f1e00000| Untracked 
| 543|0x00000000f1f00000, 0x00000000f1f00000, 0x00000000f2000000|  0%| F|  |TAMS 0x00000000f1f00000, 0x00000000f1f00000| Untracked 
| 544|0x00000000f2000000, 0x00000000f2000000, 0x00000000f2100000|  0%| F|  |TAMS 0x00000000f2000000, 0x00000000f2000000| Untracked 
| 545|0x00000000f2100000, 0x00000000f2100000, 0x00000000f2200000|  0%| F|  |TAMS 0x00000000f2100000, 0x00000000f2100000| Untracked 
| 546|0x00000000f2200000, 0x00000000f2200000, 0x00000000f2300000|  0%| F|  |TAMS 0x00000000f2200000, 0x00000000f2200000| Untracked 
| 547|0x00000000f2300000, 0x00000000f2300000, 0x00000000f2400000|  0%| F|  |TAMS 0x00000000f2300000, 0x00000000f2300000| Untracked 
| 548|0x00000000f2400000, 0x00000000f2400000, 0x00000000f2500000|  0%| F|  |TAMS 0x00000000f2400000, 0x00000000f2400000| Untracked 
| 549|0x00000000f2500000, 0x00000000f2500000, 0x00000000f2600000|  0%| F|  |TAMS 0x00000000f2500000, 0x00000000f2500000| Untracked 
| 550|0x00000000f2600000, 0x00000000f2600000, 0x00000000f2700000|  0%| F|  |TAMS 0x00000000f2600000, 0x00000000f2600000| Untracked 
| 551|0x00000000f2700000, 0x00000000f2700000, 0x00000000f2800000|  0%| F|  |TAMS 0x00000000f2700000, 0x00000000f2700000| Untracked 
| 552|0x00000000f2800000, 0x00000000f2800000, 0x00000000f2900000|  0%| F|  |TAMS 0x00000000f2800000, 0x00000000f2800000| Untracked 
| 553|0x00000000f2900000, 0x00000000f2900000, 0x00000000f2a00000|  0%| F|  |TAMS 0x00000000f2900000, 0x00000000f2900000| Untracked 
| 554|0x00000000f2a00000, 0x00000000f2a00000, 0x00000000f2b00000|  0%| F|  |TAMS 0x00000000f2a00000, 0x00000000f2a00000| Untracked 
| 555|0x00000000f2b00000, 0x00000000f2b00000, 0x00000000f2c00000|  0%| F|  |TAMS 0x00000000f2b00000, 0x00000000f2b00000| Untracked 
| 556|0x00000000f2c00000, 0x00000000f2c00000, 0x00000000f2d00000|  0%| F|  |TAMS 0x00000000f2c00000, 0x00000000f2c00000| Untracked 
| 557|0x00000000f2d00000, 0x00000000f2d00000, 0x00000000f2e00000|  0%| F|  |TAMS 0x00000000f2d00000, 0x00000000f2d00000| Untracked 
| 558|0x00000000f2e00000, 0x00000000f2e00000, 0x00000000f2f00000|  0%| F|  |TAMS 0x00000000f2e00000, 0x00000000f2e00000| Untracked 
| 559|0x00000000f2f00000, 0x00000000f2f00000, 0x00000000f3000000|  0%| F|  |TAMS 0x00000000f2f00000, 0x00000000f2f00000| Untracked 
| 560|0x00000000f3000000, 0x00000000f3000000, 0x00000000f3100000|  0%| F|  |TAMS 0x00000000f3000000, 0x00000000f3000000| Untracked 
| 561|0x00000000f3100000, 0x00000000f3100000, 0x00000000f3200000|  0%| F|  |TAMS 0x00000000f3100000, 0x00000000f3100000| Untracked 
| 562|0x00000000f3200000, 0x00000000f3200000, 0x00000000f3300000|  0%| F|  |TAMS 0x00000000f3200000, 0x00000000f3200000| Untracked 
| 563|0x00000000f3300000, 0x00000000f3300000, 0x00000000f3400000|  0%| F|  |TAMS 0x00000000f3300000, 0x00000000f3300000| Untracked 
| 760|0x00000000ff800000, 0x00000000ff900000, 0x00000000ff900000|100%| O|  |TAMS 0x00000000ff8ff600, 0x00000000ff800000| Untracked 
| 761|0x00000000ff900000, 0x00000000ffa00000, 0x00000000ffa00000|100%| O|  |TAMS 0x00000000ffa00000, 0x00000000ff900000| Untracked 
| 762|0x00000000ffa00000, 0x00000000ffb00000, 0x00000000ffb00000|100%| O|  |TAMS 0x00000000ffb00000, 0x00000000ffa00000| Untracked 
| 763|0x00000000ffb00000, 0x00000000ffc00000, 0x00000000ffc00000|100%| O|  |TAMS 0x00000000ffc00000, 0x00000000ffb00000| Untracked 
| 764|0x00000000ffc00000, 0x00000000ffd00000, 0x00000000ffd00000|100%| O|  |TAMS 0x00000000ffd00000, 0x00000000ffc00000| Untracked 
| 765|0x00000000ffd00000, 0x00000000ffe00000, 0x00000000ffe00000|100%| O|  |TAMS 0x00000000ffe00000, 0x00000000ffd00000| Untracked 
| 766|0x00000000ffe00000, 0x00000000ffe75000, 0x00000000fff00000| 45%|OA|  |TAMS 0x00000000ffe75000, 0x00000000ffe00000| Untracked 
| 767|0x00000000fff00000, 0x00000000fff78000, 0x0000000100000000| 46%|CA|  |TAMS 0x00000000fff78000, 0x00000000fff00000| Untracked 

Card table byte_map: [0x00007f09fd211000,0x00007f09fd391000] _byte_map_base: 0x00007f09fcb91000

Marking Bits (Prev, Next): (CMBitMap*) 0x00007f0a14050230, (CMBitMap*) 0x00007f0a140501f0
 Prev Bits: [0x00007f09fb891000, 0x00007f09fc491000)
 Next Bits: [0x00007f09fc491000, 0x00007f09fd091000)

Polling page: 0x00007f0a19def000

Metaspace:

Usage:
  Non-class:     90.86 MB used.
      Class:     14.49 MB used.
       Both:    105.35 MB used.

Virtual space:
  Non-class space:      128.00 MB reserved,      91.19 MB ( 71%) committed,  2 nodes.
      Class space:      320.00 MB reserved,      14.81 MB (  5%) committed,  1 nodes.
             Both:      448.00 MB reserved,     106.00 MB ( 24%) committed. 

Chunk freelists:
   Non-Class:  4.62 MB
       Class:  1.16 MB
        Both:  5.78 MB

MaxMetaspaceSize: 384.00 MB
CompressedClassSpaceSize: 320.00 MB
Initial GC threshold: 21.00 MB
Current GC threshold: 176.69 MB
CDS: on
MetaspaceReclaimPolicy: balanced
 - commit_granule_bytes: 65536.
 - commit_granule_words: 8192.
 - virtual_space_node_default_size: 8388608.
 - enlarge_chunks_in_place: 1.
 - new_chunks_are_fully_committed: 0.
 - uncommit_free_chunks: 1.
 - use_allocation_guard: 0.
 - handle_deallocations: 1.


Internal statistics:

num_allocs_failed_limit: 0.
num_arena_births: 1038.
num_arena_deaths: 0.
num_vsnodes_births: 3.
num_vsnodes_deaths: 0.
num_space_committed: 1695.
num_space_uncommitted: 0.
num_chunks_returned_to_freelist: 0.
num_chunks_taken_from_freelist: 5472.
num_chunk_merges: 0.
num_chunk_splits: 3685.
num_chunks_enlarged: 2601.
num_inconsistent_stats: 0.

CodeHeap 'non-profiled nmethods': size=120036Kb used=9072Kb max_used=9072Kb free=110963Kb
 bounds [0x00007f0a04fd8000, 0x00007f0a058b8000, 0x00007f0a0c511000]
CodeHeap 'profiled nmethods': size=120032Kb used=31742Kb max_used=32992Kb free=88289Kb
 bounds [0x00007f09fd511000, 0x00007f09ff551000, 0x00007f0a04a49000]
CodeHeap 'non-nmethods': size=5692Kb used=1719Kb max_used=1835Kb free=3972Kb
 bounds [0x00007f0a04a49000, 0x00007f0a04cb9000, 0x00007f0a04fd8000]
 total_blobs=15544 nmethods=14748 adapters=708
 compilation: enabled
              stopped_count=0, restarted_count=0
 full_count=0

Compilation events (20 events):
Event: 76.818 Thread 0x00007f0a140ac140 nmethod 19308 0x00007f0a0574d410 code [0x00007f0a0574d5a0, 0x00007f0a0574d648]
Event: 76.818 Thread 0x00007f0a140ac140 17756       4       com.android.tools.r8.internal.D7::a (9 bytes)
Event: 76.819 Thread 0x00007f0a140ac140 nmethod 17756 0x00007f0a0574d110 code [0x00007f0a0574d2a0, 0x00007f0a0574d358]
Event: 76.819 Thread 0x00007f0a140ac140 17726       4       com.android.tools.r8.internal.o10::E (2 bytes)
Event: 76.819 Thread 0x00007f0a140ac140 nmethod 17726 0x00007f0a0574cc90 code [0x00007f0a0574ce00, 0x00007f0a0574ce78]
Event: 76.819 Thread 0x00007f0a140ac140 17858       4       com.android.tools.r8.internal.tI::a (4 bytes)
Event: 76.819 Thread 0x00007f0a140ac140 nmethod 17858 0x00007f0a058aca90 code [0x00007f0a058acc20, 0x00007f0a058acc98]
Event: 76.819 Thread 0x00007f0a140ac140 17724       4       com.android.tools.r8.internal.Ym::size (10 bytes)
Event: 76.819 Thread 0x00007f0a140ac140 nmethod 17724 0x00007f0a058acd90 code [0x00007f0a058acf20, 0x00007f0a058acfb8]
Event: 76.819 Thread 0x00007f0a140ac140 19652       4       com.android.tools.r8.graph.j4::a (166 bytes)
Event: 76.916 Thread 0x00007f0a140ac140 nmethod 19652 0x00007f0a058ad090 code [0x00007f0a058ad400, 0x00007f0a058afa60]
Event: 76.916 Thread 0x00007f0a140ac140 19653       4       com.android.tools.r8.graph.j4$$Lambda$1677/0x00007f09d0d50580::apply (12 bytes)
Event: 76.917 Thread 0x00007f0a140ac140 nmethod 19653 0x00007f0a058b1610 code [0x00007f0a058b17a0, 0x00007f0a058b1858]
Event: 76.917 Thread 0x00007f0a140ac140 19654       4       com.android.tools.r8.graph.h1::<init> (44 bytes)
Event: 76.924 Thread 0x00007f0a140ac140 nmethod 19654 0x00007f0a058b1910 code [0x00007f0a058b1ac0, 0x00007f0a058b21a8]
Event: 76.924 Thread 0x00007f0a140ac140 19655       4       com.android.tools.r8.graph.y1::a (31 bytes)
Event: 76.983 Thread 0x00007f0a140ac140 nmethod 19655 0x00007f0a058b2510 code [0x00007f0a058b26e0, 0x00007f0a058b2f78]
Event: 76.983 Thread 0x00007f0a140ac140 19656       4       com.android.tools.r8.graph.h1::o0 (34 bytes)
Event: 76.992 Thread 0x00007f0a140ac140 nmethod 19656 0x00007f0a058b3410 code [0x00007f0a058b35a0, 0x00007f0a058b3c38]
Event: 76.992 Thread 0x00007f0a140ac140 19657       4       com.android.tools.r8.graph.k4::H (53 bytes)

GC Heap History (20 events):
Event: 64.486 GC heap after
{Heap after GC invocations=83 (full 0):
 garbage-first heap   total 517120K, used 171956K [0x00000000d0000000, 0x0000000100000000)
  region size 1024K, 8 young (8192K), 8 survivors (8192K)
 Metaspace       used 105679K, committed 106368K, reserved 458752K
  class space    used 14526K, committed 14848K, reserved 327680K
}
Event: 66.009 GC heap before
{Heap before GC invocations=83 (full 0):
 garbage-first heap   total 517120K, used 455604K [0x00000000d0000000, 0x0000000100000000)
  region size 1024K, 285 young (291840K), 8 survivors (8192K)
 Metaspace       used 105683K, committed 106368K, reserved 458752K
  class space    used 14526K, committed 14848K, reserved 327680K
}
Event: 66.093 GC heap after
{Heap after GC invocations=84 (full 0):
 garbage-first heap   total 517120K, used 172980K [0x00000000d0000000, 0x0000000100000000)
  region size 1024K, 9 young (9216K), 9 survivors (9216K)
 Metaspace       used 105683K, committed 106368K, reserved 458752K
  class space    used 14526K, committed 14848K, reserved 327680K
}
Event: 69.403 GC heap before
{Heap before GC invocations=84 (full 0):
 garbage-first heap   total 517120K, used 456628K [0x00000000d0000000, 0x0000000100000000)
  region size 1024K, 284 young (290816K), 9 survivors (9216K)
 Metaspace       used 107533K, committed 108224K, reserved 458752K
  class space    used 14788K, committed 15104K, reserved 327680K
}
Event: 69.515 GC heap after
{Heap after GC invocations=85 (full 0):
 garbage-first heap   total 517120K, used 183092K [0x00000000d0000000, 0x0000000100000000)
  region size 1024K, 16 young (16384K), 16 survivors (16384K)
 Metaspace       used 107533K, committed 108224K, reserved 458752K
  class space    used 14788K, committed 15104K, reserved 327680K
}
Event: 71.415 GC heap before
{Heap before GC invocations=85 (full 0):
 garbage-first heap   total 517120K, used 384820K [0x00000000d0000000, 0x0000000100000000)
  region size 1024K, 213 young (218112K), 16 survivors (16384K)
 Metaspace       used 107871K, committed 108544K, reserved 458752K
  class space    used 14842K, committed 15168K, reserved 327680K
}
Event: 71.508 GC heap after
{Heap after GC invocations=86 (full 0):
 garbage-first heap   total 517120K, used 176062K [0x00000000d0000000, 0x0000000100000000)
  region size 1024K, 12 young (12288K), 12 survivors (12288K)
 Metaspace       used 107871K, committed 108544K, reserved 458752K
  class space    used 14842K, committed 15168K, reserved 327680K
}
Event: 73.220 GC heap before
{Heap before GC invocations=86 (full 0):
 garbage-first heap   total 517120K, used 448446K [0x00000000d0000000, 0x0000000100000000)
  region size 1024K, 275 young (281600K), 12 survivors (12288K)
 Metaspace       used 107876K, committed 108544K, reserved 458752K
  class space    used 14842K, committed 15168K, reserved 327680K
}
Event: 73.293 GC heap after
{Heap after GC invocations=87 (full 0):
 garbage-first heap   total 517120K, used 183230K [0x00000000d0000000, 0x0000000100000000)
  region size 1024K, 17 young (17408K), 17 survivors (17408K)
 Metaspace       used 107876K, committed 108544K, reserved 458752K
  class space    used 14842K, committed 15168K, reserved 327680K
}
Event: 73.820 GC heap before
{Heap before GC invocations=87 (full 0):
 garbage-first heap   total 517120K, used 436158K [0x00000000d0000000, 0x0000000100000000)
  region size 1024K, 264 young (270336K), 17 survivors (17408K)
 Metaspace       used 107876K, committed 108544K, reserved 458752K
  class space    used 14842K, committed 15168K, reserved 327680K
}
Event: 73.903 GC heap after
{Heap after GC invocations=88 (full 0):
 garbage-first heap   total 523264K, used 251825K [0x00000000d0000000, 0x0000000100000000)
  region size 1024K, 33 young (33792K), 33 survivors (33792K)
 Metaspace       used 107876K, committed 108544K, reserved 458752K
  class space    used 14842K, committed 15168K, reserved 327680K
}
Event: 74.786 GC heap before
{Heap before GC invocations=88 (full 0):
 garbage-first heap   total 523264K, used 407473K [0x00000000d0000000, 0x0000000100000000)
  region size 1024K, 185 young (189440K), 33 survivors (33792K)
 Metaspace       used 107879K, committed 108544K, reserved 458752K
  class space    used 14842K, committed 15168K, reserved 327680K
}
Event: 74.894 GC heap after
{Heap after GC invocations=89 (full 0):
 garbage-first heap   total 523264K, used 285974K [0x00000000d0000000, 0x0000000100000000)
  region size 1024K, 24 young (24576K), 24 survivors (24576K)
 Metaspace       used 107879K, committed 108544K, reserved 458752K
  class space    used 14842K, committed 15168K, reserved 327680K
}
Event: 75.198 GC heap before
{Heap before GC invocations=89 (full 0):
 garbage-first heap   total 523264K, used 328982K [0x00000000d0000000, 0x0000000100000000)
  region size 1024K, 66 young (67584K), 24 survivors (24576K)
 Metaspace       used 107879K, committed 108544K, reserved 458752K
  class space    used 14842K, committed 15168K, reserved 327680K
}
Event: 75.297 GC heap after
{Heap after GC invocations=90 (full 0):
 garbage-first heap   total 523264K, used 295348K [0x00000000d0000000, 0x0000000100000000)
  region size 1024K, 9 young (9216K), 9 survivors (9216K)
 Metaspace       used 107879K, committed 108544K, reserved 458752K
  class space    used 14842K, committed 15168K, reserved 327680K
}
Event: 76.302 GC heap before
{Heap before GC invocations=91 (full 0):
 garbage-first heap   total 585728K, used 413108K [0x00000000d0000000, 0x0000000100000000)
  region size 1024K, 124 young (126976K), 9 survivors (9216K)
 Metaspace       used 107879K, committed 108544K, reserved 458752K
  class space    used 14842K, committed 15168K, reserved 327680K
}
Event: 76.485 GC heap after
{Heap after GC invocations=92 (full 0):
 garbage-first heap   total 585728K, used 318900K [0x00000000d0000000, 0x0000000100000000)
  region size 1024K, 16 young (16384K), 16 survivors (16384K)
 Metaspace       used 107879K, committed 108544K, reserved 458752K
  class space    used 14842K, committed 15168K, reserved 327680K
}
Event: 76.522 GC heap before
{Heap before GC invocations=92 (full 0):
 garbage-first heap   total 585728K, used 331188K [0x00000000d0000000, 0x0000000100000000)
  region size 1024K, 28 young (28672K), 16 survivors (16384K)
 Metaspace       used 107879K, committed 108544K, reserved 458752K
  class space    used 14842K, committed 15168K, reserved 327680K
}
Event: 76.610 GC heap after
{Heap after GC invocations=93 (full 0):
 garbage-first heap   total 585728K, used 310196K [0x00000000d0000000, 0x0000000100000000)
  region size 1024K, 3 young (3072K), 3 survivors (3072K)
 Metaspace       used 107879K, committed 108544K, reserved 458752K
  class space    used 14842K, committed 15168K, reserved 327680K
}
Event: 77.003 GC heap before
{Heap before GC invocations=93 (full 0):
 garbage-first heap   total 585728K, used 425908K [0x00000000d0000000, 0x0000000100000000)
  region size 1024K, 116 young (118784K), 3 survivors (3072K)
 Metaspace       used 107879K, committed 108544K, reserved 458752K
  class space    used 14842K, committed 15168K, reserved 327680K
}

Dll operation events (14 events):
Event: 0.004 Loaded shared library /usr/lib/jvm/java-17-openjdk-amd64/lib/libjava.so
Event: 0.034 Loaded shared library /usr/lib/jvm/java-17-openjdk-amd64/lib/libjsvml.so
Event: 0.118 Loaded shared library /usr/lib/jvm/java-17-openjdk-amd64/lib/libzip.so
Event: 0.120 Loaded shared library /usr/lib/jvm/java-17-openjdk-amd64/lib/libinstrument.so
Event: 0.123 Loaded shared library /usr/lib/jvm/java-17-openjdk-amd64/lib/libnio.so
Event: 0.127 Loaded shared library /usr/lib/jvm/java-17-openjdk-amd64/lib/libzip.so
Event: 0.312 Loaded shared library /usr/lib/jvm/java-17-openjdk-amd64/lib/libjimage.so
Event: 0.407 Loaded shared library /usr/lib/jvm/java-17-openjdk-amd64/lib/libverify.so
Event: 0.615 Loaded shared library /usr/lib/jvm/java-17-openjdk-amd64/lib/libnet.so
Event: 0.617 Loaded shared library /root/.gradle/native/c067742578af261105cb4f569cf0c3c89f3d7b1fecec35dd04571415982c5e48/linux-amd64/libnative-platform.so
Event: 0.624 Loaded shared library /root/.gradle/native/38dada09dfb8b06ba9b0570ebf7e218e3eb74d4ef43ca46872605cf95ebc2f47/linux-amd64/libnative-platform-file-events.so
Event: 2.199 Loaded shared library /usr/lib/jvm/java-17-openjdk-amd64/lib/libmanagement.so
Event: 2.201 Loaded shared library /usr/lib/jvm/java-17-openjdk-amd64/lib/libmanagement_ext.so
Event: 2.511 Loaded shared library /usr/lib/jvm/java-17-openjdk-amd64/lib/libextnet.so

Deoptimization events (20 events):
Event: 73.020 Thread 0x00007f09e9d3f2c0 Uncommon trap: trap_request=0xffffffde fr.pc=0x00007f0a05667918 relative=0x0000000000001678
Event: 73.020 Thread 0x00007f09e9d3f2c0 Uncommon trap: reason=class_check action=maybe_recompile pc=0x00007f0a05667918 method=com.android.tools.r8.graph.m0.a(Lcom/android/tools/r8/dex/X;)V @ 2 c2
Event: 73.020 Thread 0x00007f09e9d3f2c0 DEOPT PACKING pc=0x00007f0a05667918 sp=0x00007f09c8fdd1e0
Event: 73.020 Thread 0x00007f09e9d3f2c0 DEOPT UNPACKING pc=0x00007f0a04aa2b19 sp=0x00007f09c8fdd1d8 mode 2
Event: 73.020 Thread 0x00007f09e9d3f2c0 Uncommon trap: trap_request=0xffffffde fr.pc=0x00007f0a05667918 relative=0x0000000000001678
Event: 73.020 Thread 0x00007f09e9d3f2c0 Uncommon trap: reason=class_check action=maybe_recompile pc=0x00007f0a05667918 method=com.android.tools.r8.graph.m0.a(Lcom/android/tools/r8/dex/X;)V @ 2 c2
Event: 73.020 Thread 0x00007f09e9d3f2c0 DEOPT PACKING pc=0x00007f0a05667918 sp=0x00007f09c8fdd360
Event: 73.020 Thread 0x00007f09e9d3f2c0 DEOPT UNPACKING pc=0x00007f0a04aa2b19 sp=0x00007f09c8fdd358 mode 2
Event: 73.020 Thread 0x00007f09e9d3f2c0 Uncommon trap: trap_request=0xffffffde fr.pc=0x00007f0a05667918 relative=0x0000000000001678
Event: 73.020 Thread 0x00007f09e9d3f2c0 Uncommon trap: reason=class_check action=maybe_recompile pc=0x00007f0a05667918 method=com.android.tools.r8.graph.m0.a(Lcom/android/tools/r8/dex/X;)V @ 2 c2
Event: 73.020 Thread 0x00007f09e9d3f2c0 DEOPT PACKING pc=0x00007f0a05667918 sp=0x00007f09c8fdd360
Event: 73.020 Thread 0x00007f09e9d3f2c0 DEOPT UNPACKING pc=0x00007f0a04aa2b19 sp=0x00007f09c8fdd358 mode 2
Event: 73.020 Thread 0x00007f09e9d3f2c0 Uncommon trap: trap_request=0xffffffde fr.pc=0x00007f0a05667918 relative=0x0000000000001678
Event: 73.020 Thread 0x00007f09e9d3f2c0 Uncommon trap: reason=class_check action=maybe_recompile pc=0x00007f0a05667918 method=com.android.tools.r8.graph.m0.a(Lcom/android/tools/r8/dex/X;)V @ 2 c2
Event: 73.020 Thread 0x00007f09e9d3f2c0 DEOPT PACKING pc=0x00007f0a05667918 sp=0x00007f09c8fdd420
Event: 73.020 Thread 0x00007f09e9d3f2c0 DEOPT UNPACKING pc=0x00007f0a04aa2b19 sp=0x00007f09c8fdd418 mode 2
Event: 73.091 Thread 0x00007f09e9d3f2c0 Uncommon trap: trap_request=0xffffff45 fr.pc=0x00007f0a05778e94 relative=0x0000000000000074
Event: 73.091 Thread 0x00007f09e9d3f2c0 Uncommon trap: reason=unstable_if action=reinterpret pc=0x00007f0a05778e94 method=com.android.tools.r8.dex.y.c(I)V @ 11 c2
Event: 73.091 Thread 0x00007f09e9d3f2c0 DEOPT PACKING pc=0x00007f0a05778e94 sp=0x00007f09c8fdcda0
Event: 73.091 Thread 0x00007f09e9d3f2c0 DEOPT UNPACKING pc=0x00007f0a04aa2b19 sp=0x00007f09c8fdcd38 mode 2

Classes loaded (20 events):
Event: 38.515 Loading class java/util/stream/SliceOps$1
Event: 38.516 Loading class java/util/stream/SliceOps$1 done
Event: 38.516 Loading class java/util/stream/SliceOps$1$1
Event: 38.516 Loading class java/util/stream/SliceOps$1$1 done
Event: 38.516 Loading class java/util/stream/SortedOps$RefSortingSink
Event: 38.516 Loading class java/util/stream/SortedOps$RefSortingSink done
Event: 38.528 Loading class java/util/PriorityQueue
Event: 38.529 Loading class java/util/PriorityQueue done
Event: 38.586 Loading class java/util/IdentityHashMap$ValueIterator
Event: 38.586 Loading class java/util/IdentityHashMap$ValueIterator done
Event: 67.104 Loading class java/util/IdentityHashMap$EntrySet
Event: 67.104 Loading class java/util/IdentityHashMap$EntrySet done
Event: 68.587 Loading class java/nio/ShortBuffer
Event: 68.588 Loading class java/nio/ShortBuffer done
Event: 69.185 Loading class java/nio/ByteBufferAsShortBufferL
Event: 69.188 Loading class java/nio/ByteBufferAsShortBufferL done
Event: 69.890 Loading class java/util/zip/Adler32
Event: 69.891 Loading class java/util/zip/Adler32 done
Event: 69.895 Loading class java/nio/file/Files$2
Event: 69.896 Loading class java/nio/file/Files$2 done

Classes unloaded (0 events):
No events

Classes redefined (0 events):
No events

Internal exceptions (20 events):
Event: 41.985 Thread 0x00007f09e9d3f2c0 Implicit null exception at 0x00007f0a05204f6b to 0x00007f0a05204f90
Event: 44.008 Thread 0x00007f09e9d3f2c0 Exception <a 'java/lang/NoSuchMethodError'{0x00000000ed117f98}: 'int java.lang.invoke.DirectMethodHandle$Holder.invokeSpecial(java.lang.Object, java.lang.Object, int)'> (0x00000000ed117f98) 
thrown [./src/hotspot/share/interpreter/linkResolver.cpp, line 758]
Event: 44.017 Thread 0x00007f09e9d3f2c0 Exception <a 'java/lang/IncompatibleClassChangeError'{0x00000000ed19e758}: Found class java.lang.Object, but interface was expected> (0x00000000ed19e758) 
thrown [./src/hotspot/share/interpreter/linkResolver.cpp, line 826]
Event: 44.031 Thread 0x00007f09e9d3f2c0 Exception <a 'java/lang/NoSuchMethodError'{0x00000000ed081288}: 'java.lang.Object java.lang.invoke.DirectMethodHandle$Holder.newInvokeSpecial(java.lang.Object, long)'> (0x00000000ed081288) 
thrown [./src/hotspot/share/interpreter/linkResolver.cpp, line 758]
Event: 55.228 Thread 0x00007f09e9d3f2c0 Exception <a 'java/lang/NoSuchMethodError'{0x00000000ed6d49e8}: 'void java.lang.invoke.DirectMethodHandle$Holder.invokeSpecialIFC(java.lang.Object, java.lang.Object, java.lang.Object, java.lang.Object)'> (0x00000000ed6d49e8) 
thrown [./src/hotspot/share/interpreter/linkResolver.cpp, line 758]
Event: 60.413 Thread 0x00007f09e9d3f2c0 Exception <a 'java/lang/NoSuchMethodError'{0x00000000e675d850}: 'int java.lang.invoke.DirectMethodHandle$Holder.invokeStatic(java.lang.Object, java.lang.Object, int, java.lang.Object)'> (0x00000000e675d850) 
thrown [./src/hotspot/share/interpreter/linkResolver.cpp, line 758]
Event: 64.603 Thread 0x00007f09e9d3f2c0 Implicit null exception at 0x00007f0a05778424 to 0x00007f0a0577b2dc
Event: 67.213 Thread 0x00007f09e9d3f2c0 Exception <a 'java/lang/NoSuchMethodError'{0x00000000e3080038}: 'java.lang.Object java.lang.invoke.DirectMethodHandle$Holder.newInvokeSpecial(java.lang.Object, java.lang.Object, int, java.lang.Object, java.lang.Object, java.lang.Object)'> (0x00000000e3080038) 
thrown [./src/hotspot/share/interpreter/linkResolver.cpp, line 758]
Event: 67.214 Thread 0x00007f09e9d3f2c0 Exception <a 'java/lang/NoSuchMethodError'{0x00000000e3088d90}: 'java.lang.Object java.lang.invoke.Invokers$Holder.linkToTargetMethod(java.lang.Object, int, java.lang.Object, java.lang.Object, java.lang.Object, java.lang.Object)'> (0x00000000e3088d90) 
thrown [./src/hotspot/share/interpreter/linkResolver.cpp, line 758]
Event: 67.215 Thread 0x00007f09e9d3f2c0 Exception <a 'java/lang/NoSuchMethodError'{0x00000000e3097840}: 'java.lang.Object java.lang.invoke.DirectMethodHandle$Holder.newInvokeSpecial(java.lang.Object, int, java.lang.Object, java.lang.Object)'> (0x00000000e3097840) 
thrown [./src/hotspot/share/interpreter/linkResolver.cpp, line 758]
Event: 67.215 Thread 0x00007f09e9d3f2c0 Exception <a 'java/lang/NoSuchMethodError'{0x00000000e309cbc8}: 'java.lang.Object java.lang.invoke.DirectMethodHandle$Holder.invokeSpecial(java.lang.Object, java.lang.Object, int, java.lang.Object, java.lang.Object)'> (0x00000000e309cbc8) 
thrown [./src/hotspot/share/interpreter/linkResolver.cpp, line 758]
Event: 67.220 Thread 0x00007f09e9d3f2c0 Exception <a 'java/lang/NoSuchMethodError'{0x00000000e30cf5d0}: 'void java.lang.invoke.DirectMethodHandle$Holder.invokeSpecial(java.lang.Object, java.lang.Object, java.lang.Object, int, java.lang.Object, java.lang.Object, java.lang.Object, java.lang.Object)'> (0x00000000e30cf5d0) 
thrown [./src/hotspot/share/interpreter/linkResolver.cpp, line 758]
Event: 67.223 Thread 0x00007f09e9d3f2c0 Implicit null exception at 0x00007f0a055a3f4f to 0x00007f0a055a4070
Event: 67.231 Thread 0x00007f09e9d3f2c0 Exception <a 'java/lang/NoSuchMethodError'{0x00000000e2f77370}: 'void java.lang.invoke.DirectMethodHandle$Holder.invokeStatic(java.lang.Object, java.lang.Object, java.lang.Object, java.lang.Object, java.lang.Object, java.lang.Object, java.lang.Object, java.lang.Object)'> (0x00000000e2f77370) 
thrown [./src/hotspot/share/interpreter/linkResolver.cpp, line 758]
Event: 68.203 Thread 0x00007f09e9d3f2c0 Exception <a 'java/lang/IncompatibleClassChangeError'{0x00000000e031a730}: Found class java.lang.Object, but interface was expected> (0x00000000e031a730) 
thrown [./src/hotspot/share/interpreter/linkResolver.cpp, line 826]
Event: 69.526 Thread 0x00007f09e9d3f2c0 Exception <a 'java/lang/NoSuchMethodError'{0x00000000ef6eff90}: 'void java.lang.invoke.DirectMethodHandle$Holder.invokeSpecial(java.lang.Object, java.lang.Object, int)'> (0x00000000ef6eff90) 
thrown [./src/hotspot/share/interpreter/linkResolver.cpp, line 758]
Event: 69.897 Thread 0x00007f09e9d3f2c0 Exception <a 'sun/nio/fs/UnixException'{0x00000000ef2d4d00}> (0x00000000ef2d4d00) 
thrown [./src/hotspot/share/prims/jni.cpp, line 516]
Event: 70.300 Thread 0x00007f09e9d3f2c0 Exception <a 'sun/nio/fs/UnixException'{0x00000000ed635098}> (0x00000000ed635098) 
thrown [./src/hotspot/share/prims/jni.cpp, line 516]
Event: 70.694 Thread 0x00007f09e9d3f2c0 Exception <a 'sun/nio/fs/UnixException'{0x00000000eb073eb0}> (0x00000000eb073eb0) 
thrown [./src/hotspot/share/prims/jni.cpp, line 516]
Event: 73.099 Thread 0x00007f09e9d3f2c0 Exception <a 'sun/nio/fs/UnixException'{0x00000000e0b0aaa8}> (0x00000000e0b0aaa8) 
thrown [./src/hotspot/share/prims/jni.cpp, line 516]

VM Operations (20 events):
Event: 72.508 Executing VM operation: Cleanup done
Event: 73.220 Executing VM operation: G1CollectForAllocation
Event: 73.293 Executing VM operation: G1CollectForAllocation done
Event: 73.820 Executing VM operation: G1CollectForAllocation
Event: 73.903 Executing VM operation: G1CollectForAllocation done
Event: 74.786 Executing VM operation: G1CollectForAllocation
Event: 74.894 Executing VM operation: G1CollectForAllocation done
Event: 75.198 Executing VM operation: G1CollectForAllocation
Event: 75.297 Executing VM operation: G1CollectForAllocation done
Event: 75.615 Executing VM operation: G1PauseRemark
Event: 75.682 Executing VM operation: G1PauseRemark done
Event: 76.200 Executing VM operation: G1PauseCleanup
Event: 76.200 Executing VM operation: G1PauseCleanup done
Event: 76.302 Executing VM operation: G1CollectForAllocation
Event: 76.485 Executing VM operation: G1CollectForAllocation done
Event: 76.522 Executing VM operation: G1CollectForAllocation
Event: 76.610 Executing VM operation: G1CollectForAllocation done
Event: 76.616 Executing VM operation: HandshakeAllThreads
Event: 76.616 Executing VM operation: HandshakeAllThreads done
Event: 77.003 Executing VM operation: G1CollectForAllocation

Memory protections (20 events):
Event: 5.720 Protecting memory [0x00007f09c97f1000,0x00007f09c97f5000] with protection modes 0
Event: 7.124 Protecting memory [0x00007f09c96f0000,0x00007f09c96f4000] with protection modes 0
Event: 7.894 Protecting memory [0x00007f09c95ef000,0x00007f09c95f3000] with protection modes 0
Event: 7.901 Protecting memory [0x00007f09c94ee000,0x00007f09c94f2000] with protection modes 0
Event: 8.620 Protecting memory [0x00007f09c93ed000,0x00007f09c93f1000] with protection modes 0
Event: 9.318 Protecting memory [0x00007f09c92ec000,0x00007f09c92f0000] with protection modes 0
Event: 10.926 Protecting memory [0x00007f09c91eb000,0x00007f09c91ef000] with protection modes 0
Event: 13.884 Protecting memory [0x00007f09c90ea000,0x00007f09c90ee000] with protection modes 0
Event: 16.635 Protecting memory [0x00007f09c8fe9000,0x00007f09c8fed000] with protection modes 0
Event: 25.913 Protecting memory [0x00007f09c8ee8000,0x00007f09c8eec000] with protection modes 0
Event: 25.991 Protecting memory [0x00007f09c8de7000,0x00007f09c8deb000] with protection modes 0
Event: 27.113 Protecting memory [0x00007f09c8ce6000,0x00007f09c8cea000] with protection modes 0
Event: 28.443 Protecting memory [0x00007f09c8be5000,0x00007f09c8be9000] with protection modes 0
Event: 28.919 Protecting memory [0x00007f09c8ae4000,0x00007f09c8ae8000] with protection modes 0
Event: 29.010 Protecting memory [0x00007f09c89e3000,0x00007f09c89e7000] with protection modes 0
Event: 29.223 Protecting memory [0x00007f09c88e2000,0x00007f09c88e6000] with protection modes 0
Event: 29.513 Protecting memory [0x00007f09c87e1000,0x00007f09c87e5000] with protection modes 0
Event: 29.531 Protecting memory [0x00007f09c86e0000,0x00007f09c86e4000] with protection modes 0
Event: 29.751 Protecting memory [0x00007f09c85df000,0x00007f09c85e3000] with protection modes 0
Event: 30.328 Protecting memory [0x00007f09c84de000,0x00007f09c84e2000] with protection modes 0

Nmethod flushes (20 events):
Event: 76.711 Thread 0x00007f0a140aeae0 flushing  nmethod 0x00007f09ff529710
Event: 76.711 Thread 0x00007f0a140aeae0 flushing  nmethod 0x00007f09ff52a210
Event: 76.711 Thread 0x00007f0a140aeae0 flushing  nmethod 0x00007f09ff52ab90
Event: 76.711 Thread 0x00007f0a140aeae0 flushing  nmethod 0x00007f09ff52b910
Event: 76.711 Thread 0x00007f0a140aeae0 flushing  nmethod 0x00007f09ff52bf10
Event: 76.711 Thread 0x00007f0a140aeae0 flushing  nmethod 0x00007f09ff52c490
Event: 76.711 Thread 0x00007f0a140aeae0 flushing  nmethod 0x00007f09ff52c890
Event: 76.711 Thread 0x00007f0a140aeae0 flushing  nmethod 0x00007f09ff52ce90
Event: 76.711 Thread 0x00007f0a140aeae0 flushing  nmethod 0x00007f09ff52e310
Event: 76.711 Thread 0x00007f0a140aeae0 flushing  nmethod 0x00007f09ff52e710
Event: 76.711 Thread 0x00007f0a140aeae0 flushing  nmethod 0x00007f09ff52f310
Event: 76.711 Thread 0x00007f0a140aeae0 flushing  nmethod 0x00007f09ff52f790
Event: 76.711 Thread 0x00007f0a140aeae0 flushing  nmethod 0x00007f09ff530090
Event: 76.711 Thread 0x00007f0a140aeae0 flushing  nmethod 0x00007f09ff530710
Event: 76.711 Thread 0x00007f0a140aeae0 flushing  nmethod 0x00007f09ff531610
Event: 76.711 Thread 0x00007f0a140aeae0 flushing  nmethod 0x00007f09ff533690
Event: 76.711 Thread 0x00007f0a140aeae0 flushing  nmethod 0x00007f09ff534f90
Event: 76.711 Thread 0x00007f0a140aeae0 flushing  nmethod 0x00007f09ff535390
Event: 76.711 Thread 0x00007f0a140aeae0 flushing  nmethod 0x00007f09ff535d10
Event: 76.711 Thread 0x00007f0a140aeae0 flushing  nmethod 0x00007f09ff537e10

Events (20 events):
Event: 5.720 Thread 0x00007f09c00092c0 Thread added: 0x00007f09e87d9480
Event: 7.123 Thread 0x00007f09c00092c0 Thread added: 0x00007f09e8a35080
Event: 7.893 Thread 0x00007f09c00092c0 Thread added: 0x00007f09e8b70050
Event: 7.900 Thread 0x00007f09c00092c0 Thread added: 0x00007f09e8b78190
Event: 8.620 Thread 0x00007f09c00092c0 Thread added: 0x00007f09e8c99860
Event: 9.317 Thread 0x00007f09c00092c0 Thread added: 0x00007f09e8da3be0
Event: 10.922 Thread 0x00007f09c00092c0 Thread added: 0x00007f09e82185a0
Event: 13.831 Thread 0x00007f09c00092c0 Thread added: 0x00007f09e960fee0
Event: 16.631 Thread 0x00007f09c00092c0 Thread added: 0x00007f09e98b3ab0
Event: 25.913 Thread 0x00007f09c00092c0 Thread added: 0x00007f09e9d3f2c0
Event: 25.990 Thread 0x00007f09e9d3f2c0 Thread added: 0x00007f0a151a1600
Event: 27.111 Thread 0x00007f09e9d3f2c0 Thread added: 0x00007f0a1535efb0
Event: 28.436 Thread 0x00007f09e9d3f2c0 Thread added: 0x00007f0a15371b50
Event: 28.919 Thread 0x00007f09e9d3f2c0 Thread added: 0x00007f0a1537e910
Event: 29.002 Thread 0x00007f09e9d3f2c0 Thread added: 0x00007f0a153800d0
Event: 29.223 Thread 0x00007f09e9d3f2c0 Thread added: 0x00007f0a15381120
Event: 29.512 Thread 0x00007f09e9d3f2c0 Thread added: 0x00007f0a15376530
Event: 29.525 Thread 0x00007f09e9d3f2c0 Thread added: 0x00007f0a1538cf70
Event: 29.751 Thread 0x00007f09e9d3f2c0 Thread added: 0x00007f0a1538dba0
Event: 30.328 Thread 0x00007f09e9d3f2c0 Thread added: 0x00007f0a1538b440


Dynamic libraries:
d0000000-f3400000 rw-p 00000000 00:00 0 
f8300000-ff800000 ---p 00000000 00:00 0 
ff800000-ffe00000 rw-p 00000000 00:00 0 
ffe00000-ffe75000 rw-p 00c7a000 00:25 13853                              /usr/lib/jvm/java-17-openjdk-amd64/lib/server/classes.jsa
ffe75000-fff00000 rw-p 00000000 00:00 0 
fff00000-fff78000 rw-p 00c02000 00:25 13853                              /usr/lib/jvm/java-17-openjdk-amd64/lib/server/classes.jsa
fff78000-100000000 rw-p 00000000 00:00 0 
55c8d6884000-55c8d6885000 r--p 00000000 00:25 13495                      /usr/lib/jvm/java-17-openjdk-amd64/bin/java
55c8d6885000-55c8d6886000 r-xp 00001000 00:25 13495                      /usr/lib/jvm/java-17-openjdk-amd64/bin/java
55c8d6886000-55c8d6887000 r--p 00002000 00:25 13495                      /usr/lib/jvm/java-17-openjdk-amd64/bin/java
55c8d6887000-55c8d6888000 r--p 00002000 00:25 13495                      /usr/lib/jvm/java-17-openjdk-amd64/bin/java
55c8d6888000-55c8d6889000 rw-p 00003000 00:25 13495                      /usr/lib/jvm/java-17-openjdk-amd64/bin/java
55c8d69a9000-55c8d6a90000 rw-p 00000000 00:00 0                          [heap]
7f09a0000000-7f09a0300000 rw-p 00000000 00:00 0 
7f09a0300000-7f09a03d0000 rw-p 00000000 00:00 0 
7f09a03d0000-7f09a0400000 ---p 00000000 00:00 0 
7f09a0400000-7f09a0bc0000 rw-p 00000000 00:00 0 
7f09a0bc0000-7f09a1b60000 rw-p 00000000 00:00 0 
7f09a1b60000-7f09a4000000 ---p 00000000 00:00 0 
7f09a4000000-7f09a51a7000 rw-p 00000000 00:00 0 
7f09a51a7000-7f09a8000000 ---p 00000000 00:00 0 
7f09a8000000-7f09a806d000 rw-p 00000000 00:00 0 
7f09a806d000-7f09ac000000 ---p 00000000 00:00 0 
7f09ac000000-7f09ac021000 rw-p 00000000 00:00 0 
7f09ac021000-7f09b0000000 ---p 00000000 00:00 0 
7f09b0000000-7f09b35c4000 rw-p 00000000 00:00 0 
7f09b35c4000-7f09b4000000 ---p 00000000 00:00 0 
7f09b4000000-7f09b4021000 rw-p 00000000 00:00 0 
7f09b4021000-7f09b8000000 ---p 00000000 00:00 0 
7f09b8000000-7f09b8054000 rw-p 00000000 00:00 0 
7f09b8054000-7f09bc000000 ---p 00000000 00:00 0 
7f09bc000000-7f09bc033000 rw-p 00000000 00:00 0 
7f09bc033000-7f09c0000000 ---p 00000000 00:00 0 
7f09c0000000-7f09c002f000 rw-p 00000000 00:00 0 
7f09c002f000-7f09c4000000 ---p 00000000 00:00 0 
7f09c4000000-7f09c4567000 rw-p 00000000 00:00 0 
7f09c4567000-7f09c8000000 ---p 00000000 00:00 0 
7f09c80cb000-7f09c80cc000 ---p 00000000 00:00 0 
7f09c80cc000-7f09c81cc000 rw-p 00000000 00:00 0 
7f09c84dd000-7f09c84de000 ---p 00000000 00:00 0 
7f09c84de000-7f09c84e2000 ---p 00000000 00:00 0 
7f09c84e2000-7f09c85de000 rw-p 00000000 00:00 0 
7f09c85de000-7f09c85df000 ---p 00000000 00:00 0 
7f09c85df000-7f09c85e3000 ---p 00000000 00:00 0 
7f09c85e3000-7f09c86df000 rw-p 00000000 00:00 0 
7f09c86df000-7f09c86e0000 ---p 00000000 00:00 0 
7f09c86e0000-7f09c86e4000 ---p 00000000 00:00 0 
7f09c86e4000-7f09c87e0000 rw-p 00000000 00:00 0 
7f09c87e0000-7f09c87e1000 ---p 00000000 00:00 0 
7f09c87e1000-7f09c87e5000 ---p 00000000 00:00 0 
7f09c87e5000-7f09c88e1000 rw-p 00000000 00:00 0 
7f09c88e1000-7f09c88e2000 ---p 00000000 00:00 0 
7f09c88e2000-7f09c88e6000 ---p 00000000 00:00 0 
7f09c88e6000-7f09c89e2000 rw-p 00000000 00:00 0 
7f09c89e2000-7f09c89e3000 ---p 00000000 00:00 0 
7f09c89e3000-7f09c89e7000 ---p 00000000 00:00 0 
7f09c89e7000-7f09c8ae3000 rw-p 00000000 00:00 0 
7f09c8ae3000-7f09c8ae4000 ---p 00000000 00:00 0 
7f09c8ae4000-7f09c8ae8000 ---p 00000000 00:00 0 
7f09c8ae8000-7f09c8be4000 rw-p 00000000 00:00 0 
7f09c8be4000-7f09c8be5000 ---p 00000000 00:00 0 
7f09c8be5000-7f09c8be9000 ---p 00000000 00:00 0 
7f09c8be9000-7f09c8ce5000 rw-p 00000000 00:00 0 
7f09c8ce5000-7f09c8ce6000 ---p 00000000 00:00 0 
7f09c8ce6000-7f09c8cea000 ---p 00000000 00:00 0 
7f09c8cea000-7f09c8de6000 rw-p 00000000 00:00 0 
7f09c8de6000-7f09c8de7000 ---p 00000000 00:00 0 
7f09c8de7000-7f09c8deb000 ---p 00000000 00:00 0 
7f09c8deb000-7f09c8ee7000 rw-p 00000000 00:00 0 
7f09c8ee7000-7f09c8ee8000 ---p 00000000 00:00 0 
7f09c8ee8000-7f09c8eec000 ---p 00000000 00:00 0 
7f09c8eec000-7f09c8fe8000 rw-p 00000000 00:00 0 
7f09c8fe8000-7f09c8fe9000 ---p 00000000 00:00 0 
7f09c8fe9000-7f09c8fed000 ---p 00000000 00:00 0 
7f09c8fed000-7f09c90e9000 rw-p 00000000 00:00 0 
7f09c90e9000-7f09c90ea000 ---p 00000000 00:00 0 
7f09c90ea000-7f09c90ee000 ---p 00000000 00:00 0 
7f09c90ee000-7f09c91ea000 rw-p 00000000 00:00 0 
7f09c91ea000-7f09c91eb000 ---p 00000000 00:00 0 
7f09c91eb000-7f09c91ef000 ---p 00000000 00:00 0 
7f09c91ef000-7f09c92eb000 rw-p 00000000 00:00 0 
7f09c92eb000-7f09c92ec000 ---p 00000000 00:00 0 
7f09c92ec000-7f09c92f0000 ---p 00000000 00:00 0 
7f09c92f0000-7f09c93ec000 rw-p 00000000 00:00 0 
7f09c93ec000-7f09c93ed000 ---p 00000000 00:00 0 
7f09c93ed000-7f09c93f1000 ---p 00000000 00:00 0 
7f09c93f1000-7f09c94ed000 rw-p 00000000 00:00 0 
7f09c94ed000-7f09c94ee000 ---p 00000000 00:00 0 
7f09c94ee000-7f09c94f2000 ---p 00000000 00:00 0 
7f09c94f2000-7f09c95ee000 rw-p 00000000 00:00 0 
7f09c95ee000-7f09c95ef000 ---p 00000000 00:00 0 
7f09c95ef000-7f09c95f3000 ---p 00000000 00:00 0 
7f09c95f3000-7f09c96ef000 rw-p 00000000 00:00 0 
7f09c96ef000-7f09c96f0000 ---p 00000000 00:00 0 
7f09c96f0000-7f09c96f4000 ---p 00000000 00:00 0 
7f09c96f4000-7f09c97f0000 rw-p 00000000 00:00 0 
7f09c97f0000-7f09c97f1000 ---p 00000000 00:00 0 
7f09c97f1000-7f09c97f5000 ---p 00000000 00:00 0 
7f09c97f5000-7f09c98f1000 rw-p 00000000 00:00 0 
7f09c98f1000-7f09c98f2000 ---p 00000000 00:00 0 
7f09c98f2000-7f09c98f6000 ---p 00000000 00:00 0 
7f09c98f6000-7f09c99f2000 rw-p 00000000 00:00 0 
7f09c99f2000-7f09c99f3000 ---p 00000000 00:00 0 
7f09c99f3000-7f09c99f7000 ---p 00000000 00:00 0 
7f09c99f7000-7f09c9af3000 rw-p 00000000 00:00 0 
7f09c9af3000-7f09c9af4000 ---p 00000000 00:00 0 
7f09c9af4000-7f09c9af8000 ---p 00000000 00:00 0 
7f09c9af8000-7f09c9bf4000 rw-p 00000000 00:00 0 
7f09c9bf4000-7f09c9bf5000 ---p 00000000 00:00 0 
7f09c9bf5000-7f09c9bf9000 ---p 00000000 00:00 0 
7f09c9bf9000-7f09c9cf5000 rw-p 00000000 00:00 0 
7f09c9cf5000-7f09c9cf6000 ---p 00000000 00:00 0 
7f09c9cf6000-7f09c9cfa000 ---p 00000000 00:00 0 
7f09c9cfa000-7f09c9df6000 rw-p 00000000 00:00 0 
7f09c9df6000-7f09c9df7000 ---p 00000000 00:00 0 
7f09c9df7000-7f09c9dfb000 ---p 00000000 00:00 0 
7f09c9dfb000-7f09c9ef7000 rw-p 00000000 00:00 0 
7f09c9ef7000-7f09c9ef8000 ---p 00000000 00:00 0 
7f09c9ef8000-7f09c9efc000 ---p 00000000 00:00 0 
7f09c9efc000-7f09c9ff8000 rw-p 00000000 00:00 0 
7f09c9ff8000-7f09c9ff9000 ---p 00000000 00:00 0 
7f09c9ff9000-7f09c9ffd000 ---p 00000000 00:00 0 
7f09c9ffd000-7f09ca0f9000 rw-p 00000000 00:00 0 
7f09ca0f9000-7f09ca0fa000 ---p 00000000 00:00 0 
7f09ca0fa000-7f09ca0fe000 ---p 00000000 00:00 0 
7f09ca0fe000-7f09ca1fa000 rw-p 00000000 00:00 0 
7f09ca1fa000-7f09ca1fb000 ---p 00000000 00:00 0 
7f09ca1fb000-7f09ca1ff000 ---p 00000000 00:00 0 
7f09ca1ff000-7f09ca2fb000 rw-p 00000000 00:00 0 
7f09ca2fb000-7f09ca2fc000 ---p 00000000 00:00 0 
7f09ca2fc000-7f09ca300000 ---p 00000000 00:00 0 
7f09ca300000-7f09ca3fc000 rw-p 00000000 00:00 0 
7f09ca3fc000-7f09ca3fd000 ---p 00000000 00:00 0 
7f09ca3fd000-7f09ca401000 ---p 00000000 00:00 0 
7f09ca401000-7f09ca4fd000 rw-p 00000000 00:00 0 
7f09ca4fd000-7f09ca4fe000 ---p 00000000 00:00 0 
7f09ca4fe000-7f09ca502000 ---p 00000000 00:00 0 
7f09ca502000-7f09ca5fe000 rw-p 00000000 00:00 0 
7f09ca5fe000-7f09ca5ff000 ---p 00000000 00:00 0 
7f09ca5ff000-7f09ca603000 ---p 00000000 00:00 0 
7f09ca603000-7f09ca6ff000 rw-p 00000000 00:00 0 
7f09ca6ff000-7f09ca700000 ---p 00000000 00:00 0 
7f09ca700000-7f09ca704000 ---p 00000000 00:00 0 
7f09ca704000-7f09ca800000 rw-p 00000000 00:00 0 
7f09ca800000-7f09ca853000 r-xp 00000000 fe:00 396867                     /root/.gradle/native/38dada09dfb8b06ba9b0570ebf7e218e3eb74d4ef43ca46872605cf95ebc2f47/linux-amd64/libnative-platform-file-events.so
7f09ca853000-7f09caa52000 ---p 00053000 fe:00 396867                     /root/.gradle/native/38dada09dfb8b06ba9b0570ebf7e218e3eb74d4ef43ca46872605cf95ebc2f47/linux-amd64/libnative-platform-file-events.so
7f09caa52000-7f09caa53000 r--p 00052000 fe:00 396867                     /root/.gradle/native/38dada09dfb8b06ba9b0570ebf7e218e3eb74d4ef43ca46872605cf95ebc2f47/linux-amd64/libnative-platform-file-events.so
7f09caa53000-7f09caa55000 rw-p 00053000 fe:00 396867                     /root/.gradle/native/38dada09dfb8b06ba9b0570ebf7e218e3eb74d4ef43ca46872605cf95ebc2f47/linux-amd64/libnative-platform-file-events.so
7f09caaff000-7f09cab00000 ---p 00000000 00:00 0 
7f09cab00000-7f09cab04000 ---p 00000000 00:00 0 
7f09cab04000-7f09cac00000 rw-p 00000000 00:00 0 
7f09cac00000-7f09cac05000 r-xp 00000000 fe:00 396850                     /root/.gradle/native/c067742578af261105cb4f569cf0c3c89f3d7b1fecec35dd04571415982c5e48/linux-amd64/libnative-platform.so
7f09cac05000-7f09cae05000 ---p 00005000 fe:00 396850                     /root/.gradle/native/c067742578af261105cb4f569cf0c3c89f3d7b1fecec35dd04571415982c5e48/linux-amd64/libnative-platform.so
7f09cae05000-7f09cae06000 r--p 00005000 fe:00 396850                     /root/.gradle/native/c067742578af261105cb4f569cf0c3c89f3d7b1fecec35dd04571415982c5e48/linux-amd64/libnative-platform.so
7f09cae06000-7f09cae07000 rw-p 00006000 fe:00 396850                     /root/.gradle/native/c067742578af261105cb4f569cf0c3c89f3d7b1fecec35dd04571415982c5e48/linux-amd64/libnative-platform.so
7f09caeff000-7f09caf00000 ---p 00000000 00:00 0 
7f09caf00000-7f09caf04000 ---p 00000000 00:00 0 
7f09caf04000-7f09cb400000 rw-p 00000000 00:00 0 
7f09cb400000-7f09cb900000 rw-p 00000000 00:00 0 
7f09cb900000-7f09cba00000 rw-p 00000000 00:00 0 
7f09cba00000-7f09cc580000 rw-p 00000000 00:00 0 
7f09cc580000-7f09cc600000 rw-p 00000000 00:00 0 
7f09cc600000-7f09cc700000 rw-p 00000000 00:00 0 
7f09cc700000-7f09cc900000 rw-p 00000000 00:00 0 
7f09cc900000-7f09cca00000 rw-p 00000000 00:00 0 
7f09cca00000-7f09cd700000 rw-p 00000000 00:00 0 
7f09cd700000-7f09cd800000 rw-p 00000000 00:00 0 
7f09cd800000-7f09cdb00000 rw-p 00000000 00:00 0 
7f09cdb00000-7f09cdc00000 rw-p 00000000 00:00 0 
7f09cdc00000-7f09cdf00000 rw-p 00000000 00:00 0 
7f09cdf00000-7f09ce000000 rw-p 00000000 00:00 0 
7f09ce000000-7f09cef00000 rw-p 00000000 00:00 0 
7f09cef00000-7f09cf000000 rw-p 00000000 00:00 0 
7f09cf000000-7f09cf455000 rw-p 00001000 00:25 13853                      /usr/lib/jvm/java-17-openjdk-amd64/lib/server/classes.jsa
7f09cf455000-7f09cfbca000 rw-p 00456000 00:25 13853                      /usr/lib/jvm/java-17-openjdk-amd64/lib/server/classes.jsa
7f09cfbca000-7f09d0000000 ---p 00000000 00:00 0 
7f09d0000000-7f09d0040000 rw-p 00000000 00:00 0 
7f09d0040000-7f09d0080000 rw-p 00000000 00:00 0 
7f09d0080000-7f09d0140000 rw-p 00000000 00:00 0 
7f09d0140000-7f09d0180000 rw-p 00000000 00:00 0 
7f09d0180000-7f09d0400000 rw-p 00000000 00:00 0 
7f09d0400000-7f09d0440000 rw-p 00000000 00:00 0 
7f09d0440000-7f09d0480000 rw-p 00000000 00:00 0 
7f09d0480000-7f09d0740000 rw-p 00000000 00:00 0 
7f09d0740000-7f09d0780000 rw-p 00000000 00:00 0 
7f09d0780000-7f09d0ac0000 rw-p 00000000 00:00 0 
7f09d0ac0000-7f09d0af0000 rw-p 00000000 00:00 0 
7f09d0af0000-7f09d0b00000 ---p 00000000 00:00 0 
7f09d0b00000-7f09d0ee0000 rw-p 00000000 00:00 0 
7f09d0ee0000-7f09e4000000 ---p 00000000 00:00 0 
7f09e4000000-7f09e402e000 rw-p 00000000 00:00 0 
7f09e402e000-7f09e8000000 ---p 00000000 00:00 0 
7f09e8000000-7f09ea259000 rw-p 00000000 00:00 0 
7f09ea259000-7f09ec000000 ---p 00000000 00:00 0 
7f09ec000000-7f09ec021000 rw-p 00000000 00:00 0 
7f09ec021000-7f09f0000000 ---p 00000000 00:00 0 
7f09f0000000-7f09f00ad000 rw-p 00000000 00:00 0 
7f09f00ad000-7f09f4000000 ---p 00000000 00:00 0 
7f09f4000000-7f09f4082000 rw-p 00000000 00:00 0 
7f09f4082000-7f09f8000000 ---p 00000000 00:00 0 
7f09f80d6000-7f09f80d7000 r--p 00000000 00:25 13813                      /usr/lib/jvm/java-17-openjdk-amd64/lib/libextnet.so
7f09f80d7000-7f09f80d8000 r-xp 00001000 00:25 13813                      /usr/lib/jvm/java-17-openjdk-amd64/lib/libextnet.so
7f09f80d8000-7f09f80d9000 r--p 00002000 00:25 13813                      /usr/lib/jvm/java-17-openjdk-amd64/lib/libextnet.so
7f09f80d9000-7f09f80da000 r--p 00002000 00:25 13813                      /usr/lib/jvm/java-17-openjdk-amd64/lib/libextnet.so
7f09f80da000-7f09f80db000 rw-p 00003000 00:25 13813                      /usr/lib/jvm/java-17-openjdk-amd64/lib/libextnet.so
7f09f80db000-7f09f80dc000 ---p 00000000 00:00 0 
7f09f80dc000-7f09f80e0000 ---p 00000000 00:00 0 
7f09f80e0000-7f09f81dc000 rw-p 00000000 00:00 0 
7f09f81dc000-7f09f81de000 r--p 00000000 00:25 13832                      /usr/lib/jvm/java-17-openjdk-amd64/lib/libmanagement_ext.so
7f09f81de000-7f09f81e1000 r-xp 00002000 00:25 13832                      /usr/lib/jvm/java-17-openjdk-amd64/lib/libmanagement_ext.so
7f09f81e1000-7f09f81e2000 r--p 00005000 00:25 13832                      /usr/lib/jvm/java-17-openjdk-amd64/lib/libmanagement_ext.so
7f09f81e2000-7f09f81e3000 r--p 00006000 00:25 13832                      /usr/lib/jvm/java-17-openjdk-amd64/lib/libmanagement_ext.so
7f09f81e3000-7f09f81e4000 rw-p 00007000 00:25 13832                      /usr/lib/jvm/java-17-openjdk-amd64/lib/libmanagement_ext.so
7f09f81e4000-7f09f81e5000 r--p 00000000 00:25 18162                      /usr/lib/x86_64-linux-gnu/libpthread.so.0
7f09f81e5000-7f09f81e6000 r-xp 00001000 00:25 18162                      /usr/lib/x86_64-linux-gnu/libpthread.so.0
7f09f81e6000-7f09f81e7000 r--p 00002000 00:25 18162                      /usr/lib/x86_64-linux-gnu/libpthread.so.0
7f09f81e7000-7f09f81e8000 r--p 00002000 00:25 18162                      /usr/lib/x86_64-linux-gnu/libpthread.so.0
7f09f81e8000-7f09f81e9000 rw-p 00003000 00:25 18162                      /usr/lib/x86_64-linux-gnu/libpthread.so.0
7f09f81e9000-7f09f81ea000 ---p 00000000 00:00 0 
7f09f81ea000-7f09f82ea000 rw-p 00000000 00:00 0 
7f09f82ea000-7f09f82eb000 ---p 00000000 00:00 0 
7f09f82eb000-7f09f83eb000 rw-p 00000000 00:00 0 
7f09f83eb000-7f09f83ec000 ---p 00000000 00:00 0 
7f09f83ec000-7f09f83f0000 ---p 00000000 00:00 0 
7f09f83f0000-7f09f84ec000 rw-p 00000000 00:00 0 
7f09f84ec000-7f09f84f0000 r--p 00000000 00:25 13834                      /usr/lib/jvm/java-17-openjdk-amd64/lib/libnet.so
7f09f84f0000-7f09f84fe000 r-xp 00004000 00:25 13834                      /usr/lib/jvm/java-17-openjdk-amd64/lib/libnet.so
7f09f84fe000-7f09f8502000 r--p 00012000 00:25 13834                      /usr/lib/jvm/java-17-openjdk-amd64/lib/libnet.so
7f09f8502000-7f09f8503000 r--p 00015000 00:25 13834                      /usr/lib/jvm/java-17-openjdk-amd64/lib/libnet.so
7f09f8503000-7f09f8504000 rw-p 00016000 00:25 13834                      /usr/lib/jvm/java-17-openjdk-amd64/lib/libnet.so
7f09f8504000-7f09f8505000 ---p 00000000 00:00 0 
7f09f8505000-7f09f8509000 ---p 00000000 00:00 0 
7f09f8509000-7f09f8605000 rw-p 00000000 00:00 0 
7f09f8605000-7f09f8606000 ---p 00000000 00:00 0 
7f09f8606000-7f09f860a000 ---p 00000000 00:00 0 
7f09f860a000-7f09f8706000 rw-p 00000000 00:00 0 
7f09f8706000-7f09f8707000 ---p 00000000 00:00 0 
7f09f8707000-7f09f870b000 ---p 00000000 00:00 0 
7f09f870b000-7f09f8807000 rw-p 00000000 00:00 0 
7f09f8807000-7f09f8808000 ---p 00000000 00:00 0 
7f09f8808000-7f09f880c000 ---p 00000000 00:00 0 
7f09f880c000-7f09f8908000 rw-p 00000000 00:00 0 
7f09f8908000-7f09f8909000 ---p 00000000 00:00 0 
7f09f8909000-7f09f890d000 ---p 00000000 00:00 0 
7f09f890d000-7f09f8a09000 rw-p 00000000 00:00 0 
7f09f8a09000-7f09f8a0a000 ---p 00000000 00:00 0 
7f09f8a0a000-7f09f8a0e000 ---p 00000000 00:00 0 
7f09f8a0e000-7f09f8b0a000 rw-p 00000000 00:00 0 
7f09f8b0a000-7f09f8b0b000 ---p 00000000 00:00 0 
7f09f8b0b000-7f09f8b0f000 ---p 00000000 00:00 0 
7f09f8b0f000-7f09f8c0b000 rw-p 00000000 00:00 0 
7f09f8c0b000-7f09f8c62000 r--p 00000000 00:25 13893                      /usr/lib/locale/C.utf8/LC_CTYPE
7f09f8c62000-7f09f8c63000 ---p 00000000 00:00 0 
7f09f8c63000-7f09f8c67000 ---p 00000000 00:00 0 
7f09f8c67000-7f09f8d63000 rw-p 00000000 00:00 0 
7f09f8d63000-7f09f8d64000 ---p 00000000 00:00 0 
7f09f8d64000-7f09f8d68000 ---p 00000000 00:00 0 
7f09f8d68000-7f09f8e64000 rw-p 00000000 00:00 0 
7f09f8e64000-7f09f8e65000 ---p 00000000 00:00 0 
7f09f8e65000-7f09f8f65000 rw-p 00000000 00:00 0 
7f09f8f65000-7f09f8f6a000 r--p 00000000 00:25 13828                      /usr/lib/jvm/java-17-openjdk-amd64/lib/libjsvml.so
7f09f8f6a000-7f09f8fab000 r-xp 00005000 00:25 13828                      /usr/lib/jvm/java-17-openjdk-amd64/lib/libjsvml.so
7f09f8fab000-7f09f9034000 r--p 00046000 00:25 13828                      /usr/lib/jvm/java-17-openjdk-amd64/lib/libjsvml.so
7f09f9034000-7f09f9035000 r--p 000ce000 00:25 13828                      /usr/lib/jvm/java-17-openjdk-amd64/lib/libjsvml.so
7f09f9035000-7f09f9036000 rw-p 000cf000 00:25 13828                      /usr/lib/jvm/java-17-openjdk-amd64/lib/libjsvml.so
7f09f9036000-7f09f9153000 rw-p 00000000 00:00 0 
7f09f9154000-7f09f9156000 r--p 00000000 00:25 13830                      /usr/lib/jvm/java-17-openjdk-amd64/lib/libmanagement.so
7f09f9156000-7f09f9157000 r-xp 00002000 00:25 13830                      /usr/lib/jvm/java-17-openjdk-amd64/lib/libmanagement.so
7f09f9157000-7f09f9158000 r--p 00003000 00:25 13830                      /usr/lib/jvm/java-17-openjdk-amd64/lib/libmanagement.so
7f09f9158000-7f09f9159000 r--p 00003000 00:25 13830                      /usr/lib/jvm/java-17-openjdk-amd64/lib/libmanagement.so
7f09f9159000-7f09f915a000 rw-p 00004000 00:25 13830                      /usr/lib/jvm/java-17-openjdk-amd64/lib/libmanagement.so
7f09f915a000-7f09f915e000 r--p 00000000 00:25 13842                      /usr/lib/jvm/java-17-openjdk-amd64/lib/libverify.so
7f09f915e000-7f09f9165000 r-xp 00004000 00:25 13842                      /usr/lib/jvm/java-17-openjdk-amd64/lib/libverify.so
7f09f9165000-7f09f9167000 r--p 0000b000 00:25 13842                      /usr/lib/jvm/java-17-openjdk-amd64/lib/libverify.so
7f09f9167000-7f09f9169000 r--p 0000c000 00:25 13842                      /usr/lib/jvm/java-17-openjdk-amd64/lib/libverify.so
7f09f9169000-7f09f916a000 rw-p 0000e000 00:25 13842                      /usr/lib/jvm/java-17-openjdk-amd64/lib/libverify.so
7f09f916a000-7f09f9171000 r--p 00000000 00:25 13835                      /usr/lib/jvm/java-17-openjdk-amd64/lib/libnio.so
7f09f9171000-7f09f917a000 r-xp 00007000 00:25 13835                      /usr/lib/jvm/java-17-openjdk-amd64/lib/libnio.so
7f09f917a000-7f09f917e000 r--p 00010000 00:25 13835                      /usr/lib/jvm/java-17-openjdk-amd64/lib/libnio.so
7f09f917e000-7f09f917f000 r--p 00014000 00:25 13835                      /usr/lib/jvm/java-17-openjdk-amd64/lib/libnio.so
7f09f917f000-7f09f9180000 rw-p 00015000 00:25 13835                      /usr/lib/jvm/java-17-openjdk-amd64/lib/libnio.so
7f09f9180000-7f09f9182000 r--p 00000000 00:25 13843                      /usr/lib/jvm/java-17-openjdk-amd64/lib/libzip.so
7f09f9182000-7f09f9186000 r-xp 00002000 00:25 13843                      /usr/lib/jvm/java-17-openjdk-amd64/lib/libzip.so
7f09f9186000-7f09f9188000 r--p 00006000 00:25 13843                      /usr/lib/jvm/java-17-openjdk-amd64/lib/libzip.so
7f09f9188000-7f09f9189000 r--p 00007000 00:25 13843                      /usr/lib/jvm/java-17-openjdk-amd64/lib/libzip.so
7f09f9189000-7f09f918a000 rw-p 00008000 00:25 13843                      /usr/lib/jvm/java-17-openjdk-amd64/lib/libzip.so
7f09f918a000-7f09f918b000 ---p 00000000 00:00 0 
7f09f918b000-7f09f928b000 rw-p 00000000 00:00 0 
7f09f928b000-7f09f928c000 ---p 00000000 00:00 0 
7f09f928c000-7f09fb58e000 rw-p 00000000 00:00 0 
7f09fb58e000-7f09fb58f000 ---p 00000000 00:00 0 
7f09fb58f000-7f09fb68f000 rw-p 00000000 00:00 0 
7f09fb68f000-7f09fb690000 ---p 00000000 00:00 0 
7f09fb690000-7f09fb790000 rw-p 00000000 00:00 0 
7f09fb790000-7f09fb791000 ---p 00000000 00:00 0 
7f09fb791000-7f09fc161000 rw-p 00000000 00:00 0 
7f09fc161000-7f09fc471000 ---p 00000000 00:00 0 
7f09fc471000-7f09fcd61000 rw-p 00000000 00:00 0 
7f09fcd61000-7f09fd071000 ---p 00000000 00:00 0 
7f09fd071000-7f09fd1ab000 rw-p 00000000 00:00 0 
7f09fd1ab000-7f09fd20d000 ---p 00000000 00:00 0 
7f09fd20d000-7f09fd32b000 rw-p 00000000 00:00 0 
7f09fd32b000-7f09fd38d000 ---p 00000000 00:00 0 
7f09fd38d000-7f09fd4ab000 rw-p 00000000 00:00 0 
7f09fd4ab000-7f09fd50d000 ---p 00000000 00:00 0 
7f09fd50d000-7f09fd511000 rw-p 00000000 00:00 0 
7f09fd511000-7f09ff551000 rwxp 00000000 00:00 0 
7f09ff551000-7f0a04a49000 ---p 00000000 00:00 0 
7f0a04a49000-7f0a04cb9000 rwxp 00000000 00:00 0 
7f0a04cb9000-7f0a04fd8000 ---p 00000000 00:00 0 
7f0a04fd8000-7f0a058b8000 rwxp 00000000 00:00 0 
7f0a058b8000-7f0a0c511000 ---p 00000000 00:00 0 
7f0a0c511000-7f0a14000000 r--s 00000000 00:25 13844                      /usr/lib/jvm/java-17-openjdk-amd64/lib/modules
7f0a14000000-7f0a1593c000 rw-p 00000000 00:00 0 
7f0a1593c000-7f0a18000000 ---p 00000000 00:00 0 
7f0a18004000-7f0a18005000 r--p 00000000 00:25 13899                      /usr/lib/locale/C.utf8/LC_NUMERIC
7f0a18005000-7f0a18006000 r--p 00000000 00:25 13902                      /usr/lib/locale/C.utf8/LC_TIME
7f0a18006000-7f0a18007000 r--p 00000000 00:25 13892                      /usr/lib/locale/C.utf8/LC_COLLATE
7f0a18007000-7f0a18008000 r--p 00000000 00:25 13897                      /usr/lib/locale/C.utf8/LC_MONETARY
7f0a18008000-7f0a18009000 r--p 00000000 00:25 13896                      /usr/lib/locale/C.utf8/LC_MESSAGES/SYS_LC_MESSAGES
7f0a18009000-7f0a1800a000 r--p 00000000 00:25 13900                      /usr/lib/locale/C.utf8/LC_PAPER
7f0a1800a000-7f0a1800b000 r--p 00000000 00:25 13898                      /usr/lib/locale/C.utf8/LC_NAME
7f0a1800b000-7f0a18012000 r--s 00000000 00:25 17585                      /usr/lib/x86_64-linux-gnu/gconv/gconv-modules.cache
7f0a18012000-7f0a18240000 rw-p 00000000 00:00 0 
7f0a18240000-7f0a18319000 ---p 00000000 00:00 0 
7f0a18319000-7f0a1835a000 rw-p 00000000 00:00 0 
7f0a1835a000-7f0a18404000 ---p 00000000 00:00 0 
7f0a18404000-7f0a18409000 rw-p 00000000 00:00 0 
7f0a18409000-7f0a18410000 ---p 00000000 00:00 0 
7f0a18410000-7f0a18418000 rw-s 00000000 fe:00 395382                     /tmp/hsperfdata_root/9874
7f0a18418000-7f0a18424000 r--p 00000000 00:25 13820                      /usr/lib/jvm/java-17-openjdk-amd64/lib/libjava.so
7f0a18424000-7f0a18435000 r-xp 0000c000 00:25 13820                      /usr/lib/jvm/java-17-openjdk-amd64/lib/libjava.so
7f0a18435000-7f0a1843b000 r--p 0001d000 00:25 13820                      /usr/lib/jvm/java-17-openjdk-amd64/lib/libjava.so
7f0a1843b000-7f0a1843c000 r--p 00022000 00:25 13820                      /usr/lib/jvm/java-17-openjdk-amd64/lib/libjava.so
7f0a1843c000-7f0a1843d000 rw-p 00023000 00:25 13820                      /usr/lib/jvm/java-17-openjdk-amd64/lib/libjava.so
7f0a1843d000-7f0a1843e000 rw-p 00000000 00:00 0 
7f0a1843e000-7f0a1843f000 r--p 00000000 00:25 13815                      /usr/lib/jvm/java-17-openjdk-amd64/lib/libinstrument.so
7f0a1843f000-7f0a18445000 r-xp 00001000 00:25 13815                      /usr/lib/jvm/java-17-openjdk-amd64/lib/libinstrument.so
7f0a18445000-7f0a18448000 r--p 00007000 00:25 13815                      /usr/lib/jvm/java-17-openjdk-amd64/lib/libinstrument.so
7f0a18448000-7f0a18449000 r--p 00009000 00:25 13815                      /usr/lib/jvm/java-17-openjdk-amd64/lib/libinstrument.so
7f0a18449000-7f0a1844a000 rw-p 0000a000 00:25 13815                      /usr/lib/jvm/java-17-openjdk-amd64/lib/libinstrument.so
7f0a1844a000-7f0a1844c000 r--p 00000000 00:25 13824                      /usr/lib/jvm/java-17-openjdk-amd64/lib/libjimage.so
7f0a1844c000-7f0a1844f000 r-xp 00002000 00:25 13824                      /usr/lib/jvm/java-17-openjdk-amd64/lib/libjimage.so
7f0a1844f000-7f0a18450000 r--p 00005000 00:25 13824                      /usr/lib/jvm/java-17-openjdk-amd64/lib/libjimage.so
7f0a18450000-7f0a18451000 r--p 00006000 00:25 13824                      /usr/lib/jvm/java-17-openjdk-amd64/lib/libjimage.so
7f0a18451000-7f0a18452000 rw-p 00007000 00:25 13824                      /usr/lib/jvm/java-17-openjdk-amd64/lib/libjimage.so
7f0a18452000-7f0a18456000 ---p 00000000 00:00 0 
7f0a18456000-7f0a18552000 rw-p 00000000 00:00 0 
7f0a18552000-7f0a18555000 r--p 00000000 00:25 17971                      /usr/lib/x86_64-linux-gnu/libgcc_s.so.1
7f0a18555000-7f0a1856c000 r-xp 00003000 00:25 17971                      /usr/lib/x86_64-linux-gnu/libgcc_s.so.1
7f0a1856c000-7f0a18570000 r--p 0001a000 00:25 17971                      /usr/lib/x86_64-linux-gnu/libgcc_s.so.1
7f0a18570000-7f0a18571000 r--p 0001d000 00:25 17971                      /usr/lib/x86_64-linux-gnu/libgcc_s.so.1
7f0a18571000-7f0a18572000 rw-p 0001e000 00:25 17971                      /usr/lib/x86_64-linux-gnu/libgcc_s.so.1
7f0a18572000-7f0a18582000 r--p 00000000 00:25 18072                      /usr/lib/x86_64-linux-gnu/libm.so.6
7f0a18582000-7f0a185f6000 r-xp 00010000 00:25 18072                      /usr/lib/x86_64-linux-gnu/libm.so.6
7f0a185f6000-7f0a18650000 r--p 00084000 00:25 18072                      /usr/lib/x86_64-linux-gnu/libm.so.6
7f0a18650000-7f0a18651000 r--p 000dd000 00:25 18072                      /usr/lib/x86_64-linux-gnu/libm.so.6
7f0a18651000-7f0a18652000 rw-p 000de000 00:25 18072                      /usr/lib/x86_64-linux-gnu/libm.so.6
7f0a18652000-7f0a186eb000 r--p 00000000 00:25 18239                      /usr/lib/x86_64-linux-gnu/libstdc++.so.6.0.30
7f0a186eb000-7f0a187ec000 r-xp 00099000 00:25 18239                      /usr/lib/x86_64-linux-gnu/libstdc++.so.6.0.30
7f0a187ec000-7f0a1885b000 r--p 0019a000 00:25 18239                      /usr/lib/x86_64-linux-gnu/libstdc++.so.6.0.30
7f0a1885b000-7f0a18866000 r--p 00209000 00:25 18239                      /usr/lib/x86_64-linux-gnu/libstdc++.so.6.0.30
7f0a18866000-7f0a18869000 rw-p 00214000 00:25 18239                      /usr/lib/x86_64-linux-gnu/libstdc++.so.6.0.30
7f0a18869000-7f0a1886c000 rw-p 00000000 00:00 0 
7f0a1886c000-7f0a18abd000 r--p 00000000 00:25 13856                      /usr/lib/jvm/java-17-openjdk-amd64/lib/server/libjvm.so
7f0a18abd000-7f0a1980f000 r-xp 00251000 00:25 13856                      /usr/lib/jvm/java-17-openjdk-amd64/lib/server/libjvm.so
7f0a1980f000-7f0a19a91000 r--p 00fa3000 00:25 13856                      /usr/lib/jvm/java-17-openjdk-amd64/lib/server/libjvm.so
7f0a19a91000-7f0a19b49000 r--p 01225000 00:25 13856                      /usr/lib/jvm/java-17-openjdk-amd64/lib/server/libjvm.so
7f0a19b49000-7f0a19b7e000 rw-p 012dd000 00:25 13856                      /usr/lib/jvm/java-17-openjdk-amd64/lib/server/libjvm.so
7f0a19b7e000-7f0a19bda000 rw-p 00000000 00:00 0 
7f0a19bda000-7f0a19c00000 r--p 00000000 00:25 17860                      /usr/lib/x86_64-linux-gnu/libc.so.6
7f0a19c00000-7f0a19d56000 r-xp 00026000 00:25 17860                      /usr/lib/x86_64-linux-gnu/libc.so.6
7f0a19d56000-7f0a19da9000 r--p 0017c000 00:25 17860                      /usr/lib/x86_64-linux-gnu/libc.so.6
7f0a19da9000-7f0a19dad000 r--p 001cf000 00:25 17860                      /usr/lib/x86_64-linux-gnu/libc.so.6
7f0a19dad000-7f0a19daf000 rw-p 001d3000 00:25 17860                      /usr/lib/x86_64-linux-gnu/libc.so.6
7f0a19daf000-7f0a19dbc000 rw-p 00000000 00:00 0 
7f0a19dbc000-7f0a19dbe000 r--p 00000000 00:25 13825                      /usr/lib/jvm/java-17-openjdk-amd64/lib/libjli.so
7f0a19dbe000-7f0a19dc7000 r-xp 00002000 00:25 13825                      /usr/lib/jvm/java-17-openjdk-amd64/lib/libjli.so
7f0a19dc7000-7f0a19dca000 r--p 0000b000 00:25 13825                      /usr/lib/jvm/java-17-openjdk-amd64/lib/libjli.so
7f0a19dca000-7f0a19dcb000 r--p 0000d000 00:25 13825                      /usr/lib/jvm/java-17-openjdk-amd64/lib/libjli.so
7f0a19dcb000-7f0a19dcc000 rw-p 0000e000 00:25 13825                      /usr/lib/jvm/java-17-openjdk-amd64/lib/libjli.so
7f0a19dcc000-7f0a19dcf000 r--p 00000000 00:25 1006                       /usr/lib/x86_64-linux-gnu/libz.so.1.2.13
7f0a19dcf000-7f0a19de2000 r-xp 00003000 00:25 1006                       /usr/lib/x86_64-linux-gnu/libz.so.1.2.13
7f0a19de2000-7f0a19de9000 r--p 00016000 00:25 1006                       /usr/lib/x86_64-linux-gnu/libz.so.1.2.13
7f0a19de9000-7f0a19dea000 r--p 0001c000 00:25 1006                       /usr/lib/x86_64-linux-gnu/libz.so.1.2.13
7f0a19dea000-7f0a19deb000 rw-p 0001d000 00:25 1006                       /usr/lib/x86_64-linux-gnu/libz.so.1.2.13
7f0a19deb000-7f0a19dec000 r--p 00000000 00:25 13891                      /usr/lib/locale/C.utf8/LC_ADDRESS
7f0a19dec000-7f0a19ded000 r--p 00000000 00:25 13901                      /usr/lib/locale/C.utf8/LC_TELEPHONE
7f0a19ded000-7f0a19dee000 r--p 00000000 00:25 13895                      /usr/lib/locale/C.utf8/LC_MEASUREMENT
7f0a19dee000-7f0a19def000 r--p 00000000 00:25 13894                      /usr/lib/locale/C.utf8/LC_IDENTIFICATION
7f0a19def000-7f0a19df0000 ---p 00000000 00:00 0 
7f0a19df0000-7f0a19df1000 r--p 00000000 00:00 0 
7f0a19df1000-7f0a19df2000 ---p 00000000 00:00 0 
7f0a19df2000-7f0a19df4000 rw-p 00000000 00:00 0 
7f0a19df4000-7f0a19df5000 r--p 00000000 00:25 17646                      /usr/lib/x86_64-linux-gnu/ld-linux-x86-64.so.2
7f0a19df5000-7f0a19e1b000 r-xp 00001000 00:25 17646                      /usr/lib/x86_64-linux-gnu/ld-linux-x86-64.so.2
7f0a19e1b000-7f0a19e25000 r--p 00027000 00:25 17646                      /usr/lib/x86_64-linux-gnu/ld-linux-x86-64.so.2
7f0a19e25000-7f0a19e27000 r--p 00031000 00:25 17646                      /usr/lib/x86_64-linux-gnu/ld-linux-x86-64.so.2
7f0a19e27000-7f0a19e29000 rw-p 00033000 00:25 17646                      /usr/lib/x86_64-linux-gnu/ld-linux-x86-64.so.2
7ffc4ae75000-7ffc4ae96000 rw-p 00000000 00:00 0                          [stack]
7ffc4aef3000-7ffc4aef6000 r--p 00000000 00:00 0                          [vvar]
7ffc4aef6000-7ffc4aef8000 r-xp 00000000 00:00 0                          [vdso]
ffffffffff600000-ffffffffff601000 r-xp 00000000 00:00 0                  [vsyscall]


VM Arguments:
jvm_args: -XX:MaxMetaspaceSize=384m --add-opens=java.base/java.util=ALL-UNNAMED --add-opens=java.base/java.lang=ALL-UNNAMED --add-opens=java.base/java.lang.invoke=ALL-UNNAMED --add-opens=java.prefs/java.util.prefs=ALL-UNNAMED --add-opens=java.base/java.nio.charset=ALL-UNNAMED --add-opens=java.base/java.net=ALL-UNNAMED --add-opens=java.base/java.util.concurrent.atomic=ALL-UNNAMED -Xmx768m -Dfile.encoding=UTF-8 -Duser.country -Duser.language=en -Duser.variant -javaagent:/root/.gradle/wrapper/dists/gradle-8.5-bin/5t9huq95ubn472n8rpzujfbqh/gradle-8.5/lib/agents/gradle-instrumentation-agent-8.5.jar 
java_command: org.gradle.launcher.daemon.bootstrap.GradleDaemon 8.5
java_class_path (initial): /root/.gradle/wrapper/dists/gradle-8.5-bin/5t9huq95ubn472n8rpzujfbqh/gradle-8.5/lib/gradle-launcher-8.5.jar
Launcher Type: SUN_STANDARD

[Global flags]
     intx CICompilerCount                          = 2                                         {product} {ergonomic}
   size_t CompressedClassSpaceSize                 = 335544320                                 {product} {ergonomic}
     uint ConcGCThreads                            = 1                                         {product} {ergonomic}
     uint G1ConcRefinementThreads                  = 2                                         {product} {ergonomic}
   size_t G1HeapRegionSize                         = 1048576                                   {product} {ergonomic}
    uintx GCDrainStackTargetSize                   = 64                                        {product} {ergonomic}
   size_t InitialHeapSize                          = 33554432                                  {product} {ergonomic}
   size_t MarkStackSize                            = 4194304                                   {product} {ergonomic}
   size_t MaxHeapSize                              = 805306368                                 {product} {command line}
   size_t MaxMetaspaceSize                         = 402653184                                 {product} {command line}
   size_t MaxNewSize                               = 482344960                                 {product} {ergonomic}
   size_t MinHeapDeltaBytes                        = 1048576                                   {product} {ergonomic}
   size_t MinHeapSize                              = 8388608                                   {product} {ergonomic}
    uintx NonNMethodCodeHeapSize                   = 5826188                                {pd product} {ergonomic}
    uintx NonProfiledCodeHeapSize                  = 122916026                              {pd product} {ergonomic}
    uintx ProfiledCodeHeapSize                     = 122916026                              {pd product} {ergonomic}
    uintx ReservedCodeCacheSize                    = 251658240                              {pd product} {ergonomic}
     bool SegmentedCodeCache                       = true                                      {product} {ergonomic}
   size_t SoftMaxHeapSize                          = 805306368                              {manageable} {ergonomic}
     bool UseCompressedClassPointers               = true                           {product lp64_product} {ergonomic}
     bool UseCompressedOops                        = true                           {product lp64_product} {ergonomic}
     bool UseG1GC                                  = true                                      {product} {ergonomic}

Logging:
Log output configuration:
 #0: stdout all=warning uptime,level,tags
 #1: stderr all=off uptime,level,tags

Environment Variables:
PATH=/usr/local/sbin:/usr/local/bin:/usr/sbin:/usr/bin:/sbin:/bin
SHELL=/bin/bash
LANG=C.UTF-8
LC_ALL=C.UTF-8
TERM=tmux-256color

Active Locale:
LC_ALL=C.UTF-8
LC_COLLATE=C.UTF-8
LC_CTYPE=C.UTF-8
LC_MESSAGES=C.UTF-8
LC_MONETARY=C.UTF-8
LC_NUMERIC=C.UTF-8
LC_TIME=C.UTF-8

Signal Handlers:
   SIGSEGV: crash_handler in libjvm.so, mask=11100100010111111101111111111110, flags=SA_RESTART|SA_SIGINFO, unblocked
    SIGBUS: crash_handler in libjvm.so, mask=11100100010111111101111111111110, flags=SA_RESTART|SA_SIGINFO, unblocked
    SIGFPE: crash_handler in libjvm.so, mask=11100100010111111101111111111110, flags=SA_RESTART|SA_SIGINFO, unblocked
   SIGPIPE: javaSignalHandler in libjvm.so, mask=11100100010111111101111111111110, flags=SA_RESTART|SA_SIGINFO, unblocked
   SIGXFSZ: javaSignalHandler in libjvm.so, mask=11100100010111111101111111111110, flags=SA_RESTART|SA_SIGINFO, unblocked
    SIGILL: crash_handler in libjvm.so, mask=11100100010111111101111111111110, flags=SA_RESTART|SA_SIGINFO, unblocked
   SIGUSR2: SR_handler in libjvm.so, mask=00100000000000000000000000000000, flags=SA_RESTART|SA_SIGINFO, unblocked
    SIGHUP: UserHandler in libjvm.so, mask=11100100010111111101111111111110, flags=SA_RESTART|SA_SIGINFO, unblocked
    SIGINT: UserHandler in libjvm.so, mask=11100100010111111101111111111110, flags=SA_RESTART|SA_SIGINFO, unblocked
   SIGTERM: UserHandler in libjvm.so, mask=11100100010111111101111111111110, flags=SA_RESTART|SA_SIGINFO, unblocked
   SIGQUIT: UserHandler in libjvm.so, mask=11100100010111111101111111111110, flags=SA_RESTART|SA_SIGINFO, unblocked
   SIGTRAP: crash_handler in libjvm.so, mask=11100100010111111101111111111110, flags=SA_RESTART|SA_SIGINFO, unblocked


Periodic native trim disabled


---------------  S Y S T E M  ---------------

OS:
PRETTY_NAME="Debian GNU/Linux 12 (bookworm)"
NAME="Debian GNU/Linux"
VERSION_ID="12"
VERSION="12 (bookworm)"
VERSION_CODENAME=bookworm
ID=debian
HOME_URL="https://www.debian.org/"
SUPPORT_URL="https://www.debian.org/support"
BUG_REPORT_URL="https://bugs.debian.org/"
uname: Linux 4.19.91-c8dfc93.al7.x86_64 #1 SMP Tue Sep 26 10:25:51 UTC 2023 x86_64
OS uptime: 0 days 1:57 hours
libc: glibc 2.36 NPTL 2.36 
rlimit (soft/hard): STACK 8192k/infinity , CORE 0k/0k , NPROC 100000/100000 , NOFILE 100000/100000 , AS infinity/infinity , CPU infinity/infinity , DATA infinity/infinity , FSIZE infinity/infinity , MEMLOCK 64k/64k
load average: 2.16 1.43 0.76

/proc/meminfo:
MemTotal:        2152516 kB
MemFree:           40824 kB
MemAvailable:      41116 kB
Buffers:             644 kB
Cached:            51096 kB
SwapCached:            0 kB
Active:          2001500 kB
Inactive:          29516 kB
Active(anon):    1979280 kB
Inactive(anon):       16 kB
Active(file):      22220 kB
Inactive(file):    29500 kB
Unevictable:           0 kB
Mlocked:               0 kB
SwapTotal:             0 kB
SwapFree:              0 kB
Dirty:               160 kB
Writeback:             0 kB
AnonPages:       1978168 kB
Mapped:            15228 kB
Shmem:                36 kB
Slab:              29588 kB
SReclaimable:      16324 kB
SUnreclaim:        13264 kB
KernelStack:        3216 kB
PageTables:         5804 kB
NFS_Unstable:          0 kB
Bounce:                0 kB
WritebackTmp:          0 kB
CommitLimit:     1076256 kB
Committed_AS:    2267460 kB
VmallocTotal:   34359738367 kB
VmallocUsed:           0 kB
VmallocChunk:          0 kB
Percpu:              384 kB
AnonHugePages:    215040 kB
ShmemHugePages:        0 kB
ShmemPmdMapped:        0 kB
HugePages_Total:       0
HugePages_Free:        0
HugePages_Rsvd:        0
HugePages_Surp:        0
Hugepagesize:       2048 kB
Hugetlb:               0 kB
DirectMap4k:        8192 kB
DirectMap2M:     2523136 kB
DirectMap1G:           0 kB

/sys/kernel/mm/transparent_hugepage/enabled: [always] madvise never
/sys/kernel/mm/transparent_hugepage/hpage_pmd_size: 2097152
/sys/kernel/mm/transparent_hugepage/defrag (defrag/compaction efforts parameter): always defer defer+madvise madvise [never]

Process Memory:
Virtual Size: 2697096K (peak: 2784428K)
Resident Set Size: 900664K (peak: 900664K) (anon: 889068K, file: 11596K, shmem: 0K)
Swapped out: 0K
C-Heap outstanding allocations: 96074K, retained: 43217K
glibc malloc tunables: (default)

/proc/sys/kernel/threads-max (system-wide limit on the number of threads): 1129
/proc/sys/vm/max_map_count (maximum number of memory map areas a process may have): 65530
/proc/sys/vm/swappiness (control to define how aggressively the kernel swaps out anonymous memory): 60
/proc/sys/kernel/pid_max (system-wide limit on number of process identifiers): 32768

container (cgroup) information:
container_type: cgroupv1
cpu_cpuset_cpus: 0-1
cpu_memory_nodes: 0
active_processor_count: 2
cpu_quota: no quota
cpu_period: 100000
cpu_shares: 12288
memory_limit_in_bytes: 2097152 k
memory_and_swap_limit_in_bytes: unlimited
memory_soft_limit_in_bytes: unlimited
memory_usage_in_bytes: 2045328 k
memory_max_usage_in_bytes: 2059408 k
rss_usage_in_bytes: 1968828 k
cache_usage_in_bytes: 51268 k
kernel_memory_limit_in_bytes: unlimited
kernel_memory_usage_in_bytes: 25060 k
kernel_memory_max_usage_in_bytes: 103676 k
maximum number of tasks: unlimited
current number of tasks: 123

KVM virtualization detected
Steal ticks since vm start: 6998
Steal ticks percentage since vm start:  0.443

CPU: total 2 (initial active 2) (2 cores per cpu, 1 threads per core) family 6 model 85 stepping 7 microcode 0x1, cx8, cmov, fxsr, mmx, 3dnowpref, sse, sse2, sse3, ssse3, sse4.1, sse4.2, popcnt, lzcnt, tsc, tscinvbit, avx, avx2, aes, erms, clmul, bmi1, bmi2, adx, avx512f, avx512dq, avx512cd, avx512bw, avx512vl, fma, vzeroupper, avx512_vnni, clflush, clflushopt, clwb, hv
CPU Model and flags from /proc/cpuinfo:
model name	: Intel(R) Xeon(R) Processor @ 2.50GHz
flags		: fpu vme de pse tsc msr pae mce cx8 apic sep mtrr pge mca cmov pat pse36 clflush mmx fxsr sse sse2 ss ht syscall nx pdpe1gb rdtscp lm constant_tsc rep_good nopl xtopology nonstop_tsc cpuid tsc_known_freq pni pclmulqdq ssse3 fma cx16 pcid sse4_1 sse4_2 x2apic movbe popcnt tsc_deadline_timer aes xsave avx f16c rdrand hypervisor lahf_lm abm 3dnowprefetch cpuid_fault invpcid_single ssbd ibrs ibpb stibp ibrs_enhanced fsgsbase tsc_adjust bmi1 avx2 smep bmi2 erms invpcid mpx avx512f avx512dq rdseed adx smap clflushopt clwb avx512cd avx512bw avx512vl xsaveopt xsavec xgetbv1 xsaves umip avx512_vnni md_clear arch_capabilities

Online cpus: 0-1
Offline cpus: 
BIOS frequency limitation: <Not Available>
Frequency switch latency (ns): <Not Available>
Available cpu frequencies: <Not Available>
Current governor: <Not Available>
Core performance/turbo boost: <Not Available>

Memory: 4k page, physical 2097152k(51824k free), swap 0k(0k free)
Page Sizes: 4k

vm_info: OpenJDK 64-Bit Server VM (17.0.20+8-1-deb12u1-Debian) for linux-amd64 JRE (17.0.20+8-1-deb12u1-Debian), built on Jul 28 2026 07:08:51 by "buildd" with gcc 12.2.0

END.
