#
# There is insufficient memory for the Java Runtime Environment to continue.
# Native memory allocation (mmap) failed to map 16777216 bytes. Error detail: committing reserved memory.
# Possible reasons:
#   The system is out of physical RAM or swap space
#   This process is running with CompressedOops enabled, and the Java Heap may be blocking the growth of the native heap
# Possible solutions:
#   Reduce memory load on the system
#   Increase physical memory or swap space
#   Check if swap backing store is full
#   Decrease Java heap size (-Xmx/-Xms)
#   Decrease number of Java threads
#   Decrease Java thread stack sizes (-Xss)
#   Set larger code cache with -XX:ReservedCodeCacheSize=
#   JVM is running with Unscaled Compressed Oops mode in which the Java heap is
#     placed in the first 4GB address space. The Java Heap base address is the
#     maximum limit for the native heap growth. Please use -XX:HeapBaseMinAddress
#     to set the Java Heap base and to place the Java Heap above 4GB virtual address.
# This output file may be truncated or incomplete.
#
#  Out of Memory Error (os_linux.cpp:2834), pid=10884, tid=10894
#
# JRE version: OpenJDK Runtime Environment (17.0.20+8) (build 17.0.20+8-1-deb12u1-Debian)
# Java VM: OpenJDK 64-Bit Server VM (17.0.20+8-1-deb12u1-Debian, mixed mode, sharing, tiered, compressed oops, compressed class ptrs, g1 gc, linux-amd64)
# No core dump will be written. Core dumps have been disabled. To enable core dumping, try "ulimit -c unlimited" before starting Java again
#

---------------  S U M M A R Y ------------

Command Line: -XX:MaxMetaspaceSize=320m --add-opens=java.base/java.util=ALL-UNNAMED --add-opens=java.base/java.lang=ALL-UNNAMED --add-opens=java.base/java.lang.invoke=ALL-UNNAMED --add-opens=java.prefs/java.util.prefs=ALL-UNNAMED --add-opens=java.base/java.nio.charset=ALL-UNNAMED --add-opens=java.base/java.net=ALL-UNNAMED --add-opens=java.base/java.util.concurrent.atomic=ALL-UNNAMED -Xmx640m -Dfile.encoding=UTF-8 -Duser.country -Duser.language=en -Duser.variant -javaagent:/root/.gradle/wrapper/dists/gradle-8.5-bin/5t9huq95ubn472n8rpzujfbqh/gradle-8.5/lib/agents/gradle-instrumentation-agent-8.5.jar org.gradle.launcher.daemon.bootstrap.GradleDaemon 8.5

Host: Intel(R) Xeon(R) Processor @ 2.50GHz, 2 cores, 2G, Debian GNU/Linux 12 (bookworm)
Time: Tue Sep 29 19:41:11 2026 UTC elapsed time: 159.889422 seconds (0d 0h 2m 39s)

---------------  T H R E A D  ---------------

Current thread (0x00007fc8280969b0):  VMThread "VM Thread" [stack: 0x00007fc82d3e5000,0x00007fc82d4e5000] [id=10894]

Stack: [0x00007fc82d3e5000,0x00007fc82d4e5000],  sp=0x00007fc82d4e2d70,  free space=1015k
Native frames: (J=compiled Java code, j=interpreted, Vv=VM code, C=native code)
V  [libjvm.so+0xf21211]  VMError::report_and_die(int, char const*, char const*, __va_list_tag*, Thread*, unsigned char*, void*, void*, char const*, int, unsigned long)+0x171
V  [libjvm.so+0xf21d7d]  VMError::report_and_die(Thread*, char const*, int, unsigned long, VMErrorType, char const*, __va_list_tag*)+0x2d
V  [libjvm.so+0x60378c]  report_vm_out_of_memory(char const*, int, unsigned long, VMErrorType, char const*, ...)+0xdc
V  [libjvm.so+0xc2a14b]  os::pd_commit_memory_or_exit(char*, unsigned long, unsigned long, bool, char const*)+0xeb
V  [libjvm.so+0xc23ffb]  os::commit_memory_or_exit(char*, unsigned long, unsigned long, bool, char const*)+0x1b
V  [libjvm.so+0x733436]  G1PageBasedVirtualSpace::commit(unsigned long, unsigned long)+0x66
V  [libjvm.so+0x7473e0]  G1RegionsLargerThanCommitSizeMapper::commit_regions(unsigned int, unsigned long, WorkGang*)+0x110
V  [libjvm.so+0x7dadc8]  HeapRegionManager::commit_regions(unsigned int, unsigned long, WorkGang*)+0x88
V  [libjvm.so+0x7dcc0b]  HeapRegionManager::expand(unsigned int, unsigned int, WorkGang*)+0x2b
V  [libjvm.so+0x7dce27]  HeapRegionManager::expand_by(unsigned int, WorkGang*)+0x77
V  [libjvm.so+0x6ebed8]  G1CollectedHeap::expand(unsigned long, WorkGang*, double*)+0xe8
V  [libjvm.so+0x6efb29]  G1CollectedHeap::do_collection_pause_at_safepoint_helper(double)+0x8a9
V  [libjvm.so+0x6efb8f]  G1CollectedHeap::do_collection_pause_at_safepoint(double)+0x2f
V  [libjvm.so+0x76b9d7]  VM_G1CollectForAllocation::doit()+0x47
V  [libjvm.so+0xf26715]  VM_Operation::evaluate()+0xe5
V  [libjvm.so+0xf28005]  VMThread::evaluate_operation(VM_Operation*)+0x105
V  [libjvm.so+0xf2857f]  VMThread::inner_execute(VM_Operation*)+0x28f
V  [libjvm.so+0xf2878f]  VMThread::run()+0xbf
V  [libjvm.so+0xea40a5]  Thread::call_run()+0xa5
V  [libjvm.so+0xc2c8f3]  thread_native_entry(Thread*)+0xe3

VM_Operation (0x00007fc800deb450): G1CollectForAllocation, mode: safepoint, requested by thread 0x00007fc7fc03a6a0


---------------  P R O C E S S  ---------------

Threads class SMR info:
_java_thread_list=0x00007fc7fc01b6d0, length=52, elements={
0x00007fc82801a7c0, 0x00007fc82809aab0, 0x00007fc82809be90, 0x00007fc8280a2760,
0x00007fc8280a3b10, 0x00007fc8280a4f20, 0x00007fc8280a68d0, 0x00007fc8280a7e00,
0x00007fc8280a9270, 0x00007fc8280b4470, 0x00007fc82819c4a0, 0x00007fc829180d50,
0x00007fc8291fb760, 0x00007fc829225110, 0x00007fc7d0016ef0, 0x00007fc7d8002c50,
0x00007fc7d8007ca0, 0x00007fc7d80092c0, 0x00007fc7f40042e0, 0x00007fc7f400db00,
0x00007fc7f418f2c0, 0x00007fc7f4199090, 0x00007fc7f4466dc0, 0x00007fc7f47d0150,
0x00007fc7f47e1900, 0x00007fc7f47ee490, 0x00007fc7f47f1630, 0x00007fc7f451dc30,
0x00007fc7f456ed40, 0x00007fc7f49e0de0, 0x00007fc7f4b53570, 0x00007fc7f4b5b6b0,
0x00007fc7f4c7c8f0, 0x00007fc7f4d86c90, 0x00007fc7f45b0930, 0x00007fc7f5521aa0,
0x00007fc7f5876d80, 0x00007fc7f62c2940, 0x00007fc828f2d8a0, 0x00007fc8280ca970,
0x00007fc82912d680, 0x00007fc828f00950, 0x00007fc828760d10, 0x00007fc82875e8c0,
0x00007fc8287647b0, 0x00007fc828765b00, 0x00007fc828769390, 0x00007fc82876b470,
0x00007fc8293ab150, 0x00007fc7f44d5a90, 0x00007fc7fc03a6a0, 0x00007fc7fc040690
}

Java Threads: ( => current thread )
  0x00007fc82801a7c0 JavaThread "main" [_thread_blocked, id=10885, stack(0x00007fc82fa0d000,0x00007fc82fb0d000)]
  0x00007fc82809aab0 JavaThread "Reference Handler" daemon [_thread_blocked, id=10895, stack(0x00007fc82d2e4000,0x00007fc82d3e4000)]
  0x00007fc82809be90 JavaThread "Finalizer" daemon [_thread_blocked, id=10896, stack(0x00007fc82d1e3000,0x00007fc82d2e3000)]
  0x00007fc8280a2760 JavaThread "Signal Dispatcher" daemon [_thread_blocked, id=10897, stack(0x00007fc82d08b000,0x00007fc82d18b000)]
  0x00007fc8280a3b10 JavaThread "Service Thread" daemon [_thread_blocked, id=10898, stack(0x00007fc82cf8a000,0x00007fc82d08a000)]
  0x00007fc8280a4f20 JavaThread "Monitor Deflation Thread" daemon [_thread_blocked, id=10899, stack(0x00007fc82ce89000,0x00007fc82cf89000)]
  0x00007fc8280a68d0 JavaThread "C2 CompilerThread0" daemon [_thread_in_native, id=10900, stack(0x00007fc82cd88000,0x00007fc82ce88000)]
  0x00007fc8280a7e00 JavaThread "C1 CompilerThread0" daemon [_thread_blocked, id=10901, stack(0x00007fc82cc87000,0x00007fc82cd87000)]
  0x00007fc8280a9270 JavaThread "Sweeper thread" daemon [_thread_blocked, id=10902, stack(0x00007fc82cb86000,0x00007fc82cc86000)]
  0x00007fc8280b4470 JavaThread "Common-Cleaner" daemon [_thread_blocked, id=10903, stack(0x00007fc82ca85000,0x00007fc82cb85000)]
  0x00007fc82819c4a0 JavaThread "Notification Thread" daemon [_thread_blocked, id=10904, stack(0x00007fc82c96c000,0x00007fc82ca6c000)]
  0x00007fc829180d50 JavaThread "Daemon health stats" [_thread_blocked, id=10912, stack(0x00007fc82c64c000,0x00007fc82c74c000)]
  0x00007fc8291fb760 JavaThread "Incoming local TCP Connector on port 43707" [_thread_in_native, id=10913, stack(0x00007fc82c300000,0x00007fc82c400000)]
  0x00007fc829225110 JavaThread "Daemon periodic checks" [_thread_blocked, id=10914, stack(0x00007fc82c1ff000,0x00007fc82c2ff000)]
  0x00007fc7d0016ef0 JavaThread "Daemon" [_thread_blocked, id=10915, stack(0x00007fc82c0fe000,0x00007fc82c1fe000)]
  0x00007fc7d8002c50 JavaThread "Handler for socket connection from /127.0.0.1:43707 to /127.0.0.1:42984" [_thread_in_native, id=10916, stack(0x00007fc811100000,0x00007fc811200000)]
  0x00007fc7d8007ca0 JavaThread "Cancel handler" [_thread_blocked, id=10917, stack(0x00007fc810fff000,0x00007fc8110ff000)]
  0x00007fc7d80092c0 JavaThread "Daemon worker" [_thread_blocked, id=10919, stack(0x00007fc810efe000,0x00007fc810ffe000)]
  0x00007fc7f40042e0 JavaThread "Asynchronous log dispatcher for DefaultDaemonConnection: socket connection from /127.0.0.1:43707 to /127.0.0.1:42984" [_thread_blocked, id=10922, stack(0x00007fc810dfd000,0x00007fc810efd000)]
  0x00007fc7f400db00 JavaThread "Daemon client event forwarder" [_thread_blocked, id=10924, stack(0x00007fc810bfb000,0x00007fc810cfb000)]
  0x00007fc7f418f2c0 JavaThread "Cache worker for journal cache (/root/.gradle/caches/journal-1)" [_thread_blocked, id=10926, stack(0x00007fc810afa000,0x00007fc810bfa000)]
  0x00007fc7f4199090 JavaThread "File lock request listener" [_thread_in_native, id=10927, stack(0x00007fc8109f9000,0x00007fc810af9000)]
  0x00007fc7f4466dc0 JavaThread "Cache worker for file hash cache (/root/.gradle/caches/8.5/fileHashes)" [_thread_blocked, id=10929, stack(0x00007fc8108f8000,0x00007fc8109f8000)]
  0x00007fc7f47d0150 JavaThread "Cache worker for checksums cache (/workspace/android/.gradle/8.5/checksums)" [_thread_blocked, id=10932, stack(0x00007fc8107f7000,0x00007fc8108f7000)]
  0x00007fc7f47e1900 JavaThread "Cache worker for file hash cache (/workspace/android/.gradle/8.5/fileHashes)" [_thread_blocked, id=10933, stack(0x00007fc8106f6000,0x00007fc8107f6000)]
  0x00007fc7f47ee490 JavaThread "Cache worker for cache directory md-supplier (/root/.gradle/caches/8.5/md-supplier)" [_thread_blocked, id=10934, stack(0x00007fc8105f5000,0x00007fc8106f5000)]
  0x00007fc7f47f1630 JavaThread "Cache worker for cache directory md-rule (/root/.gradle/caches/8.5/md-rule)" [_thread_blocked, id=10935, stack(0x00007fc8104f4000,0x00007fc8105f4000)]
  0x00007fc7f451dc30 JavaThread "Cache worker for file content cache (/root/.gradle/caches/8.5/fileContent)" [_thread_blocked, id=10937, stack(0x00007fc8103f3000,0x00007fc8104f3000)]
  0x00007fc7f456ed40 JavaThread "Cache worker for execution history cache (/root/.gradle/caches/8.5/executionHistory)" [_thread_blocked, id=10938, stack(0x00007fc8102f2000,0x00007fc8103f2000)]
  0x00007fc7f49e0de0 JavaThread "Cache worker for kotlin-dsl (/root/.gradle/caches/8.5/kotlin-dsl)" [_thread_blocked, id=10942, stack(0x00007fc8101f1000,0x00007fc8102f1000)]
  0x00007fc7f4b53570 JavaThread "jar transforms" [_thread_blocked, id=10944, stack(0x00007fc8100f0000,0x00007fc8101f0000)]
  0x00007fc7f4b5b6b0 JavaThread "jar transforms Thread 2" [_thread_blocked, id=10945, stack(0x00007fc801f00000,0x00007fc802000000)]
  0x00007fc7f4c7c8f0 JavaThread "Cache worker for dependencies-accessors (/workspace/android/.gradle/8.5/dependencies-accessors)" [_thread_blocked, id=10948, stack(0x00007fc801dff000,0x00007fc801eff000)]
  0x00007fc7f4d86c90 JavaThread "Cache worker for Build Output Cleanup Cache (/workspace/android/.gradle/buildOutputCleanup)" [_thread_blocked, id=10950, stack(0x00007fc801cfe000,0x00007fc801dfe000)]
  0x00007fc7f45b0930 JavaThread "Unconstrained build operations" [_thread_blocked, id=10954, stack(0x00007fc801bfd000,0x00007fc801cfd000)]
  0x00007fc7f5521aa0 JavaThread "Memory manager" [_thread_blocked, id=10961, stack(0x00007fc801afc000,0x00007fc801bfc000)]
  0x00007fc7f5876d80 JavaThread "build event listener" [_thread_blocked, id=10967, stack(0x00007fc8019fb000,0x00007fc801afb000)]
  0x00007fc7f62c2940 JavaThread "included builds" [_thread_blocked, id=10987, stack(0x00007fc8018fa000,0x00007fc8019fa000)]
  0x00007fc828f2d8a0 JavaThread "Cache worker for execution history cache (/workspace/android/.gradle/8.5/executionHistory)" [_thread_blocked, id=10988, stack(0x00007fc8017f9000,0x00007fc8018f9000)]
  0x00007fc8280ca970 JavaThread "Unconstrained build operations Thread 2" [_thread_blocked, id=10991, stack(0x00007fc8016f8000,0x00007fc8017f8000)]
  0x00007fc82912d680 JavaThread "Unconstrained build operations Thread 3" [_thread_blocked, id=10994, stack(0x00007fc8015f7000,0x00007fc8016f7000)]
  0x00007fc828f00950 JavaThread "Unconstrained build operations Thread 4" [_thread_blocked, id=10997, stack(0x00007fc8014f6000,0x00007fc8015f6000)]
  0x00007fc828760d10 JavaThread "Unconstrained build operations Thread 5" [_thread_blocked, id=10998, stack(0x00007fc8013f5000,0x00007fc8014f5000)]
  0x00007fc82875e8c0 JavaThread "Unconstrained build operations Thread 6" [_thread_blocked, id=11000, stack(0x00007fc8012f4000,0x00007fc8013f4000)]
  0x00007fc8287647b0 JavaThread "Unconstrained build operations Thread 7" [_thread_blocked, id=11001, stack(0x00007fc8011f3000,0x00007fc8012f3000)]
  0x00007fc828765b00 JavaThread "Unconstrained build operations Thread 8" [_thread_blocked, id=11002, stack(0x00007fc8010f2000,0x00007fc8011f2000)]
  0x00007fc828769390 JavaThread "Unconstrained build operations Thread 9" [_thread_blocked, id=11004, stack(0x00007fc800ff1000,0x00007fc8010f1000)]
  0x00007fc82876b470 JavaThread "Unconstrained build operations Thread 10" [_thread_blocked, id=11005, stack(0x00007fc800ef0000,0x00007fc800ff0000)]
  0x00007fc8293ab150 JavaThread "WorkerExecutor Queue" [_thread_blocked, id=11235, stack(0x00007fc810cfc000,0x00007fc810dfc000)]
  0x00007fc7f44d5a90 JavaThread "WorkerExecutor Queue Thread 2" [_thread_blocked, id=11236, stack(0x00007fc800def000,0x00007fc800eef000)]
  0x00007fc7fc03a6a0 JavaThread "ForkJoinPool-1-worker-1" daemon [_thread_blocked, id=11244, stack(0x00007fc800cee000,0x00007fc800dee000)]
  0x00007fc7fc040690 JavaThread "ForkJoinPool-1-worker-2" daemon [_thread_blocked, id=11245, stack(0x00007fc800bed000,0x00007fc800ced000)]

Other Threads:
=>0x00007fc8280969b0 VMThread "VM Thread" [stack: 0x00007fc82d3e5000,0x00007fc82d4e5000] [id=10894]
  0x00007fc82801cb30 WatcherThread [stack: 0x00007fc82c86b000,0x00007fc82c96b000] [id=10905]
  0x00007fc82804ba30 GCTaskThread "GC Thread#0" [stack: 0x00007fc82dd11000,0x00007fc82de11000] [id=10886]
  0x00007fc7dc004990 GCTaskThread "GC Thread#1" [stack: 0x00007fc82c76a000,0x00007fc82c86a000] [id=10906]
  0x00007fc828052010 ConcurrentGCThread "G1 Main Marker" [stack: 0x00007fc82dc10000,0x00007fc82dd10000] [id=10887]
  0x00007fc828052f80 ConcurrentGCThread "G1 Conc#0" [stack: 0x00007fc82db0f000,0x00007fc82dc0f000] [id=10888]
  0x00007fc828071bb0 ConcurrentGCThread "G1 Refine#0" [stack: 0x00007fc82d80c000,0x00007fc82d90c000] [id=10889]
  0x00007fc7fc048050 ConcurrentGCThread "G1 Refine#1" [stack: 0x00007fc800aec000,0x00007fc800bec000] [id=11249]
  0x00007fc828072ab0 ConcurrentGCThread "G1 Service" [stack: 0x00007fc82d70b000,0x00007fc82d80b000] [id=10890]

Threads with active compile tasks:
C2 CompilerThread0  159966 23230 %     4       com.android.tools.r8.dex.C::a @ 292 (992 bytes)

VM state: at safepoint (normal execution)

VM Mutex/Monitor currently owned by a thread:  ([mutex/lock_event])
[0x00007fc8280175b0] Threads_lock - owner thread: 0x00007fc8280969b0
[0x00007fc828017d60] Heap_lock - owner thread: 0x00007fc7fc03a6a0

Heap address: 0x00000000d8000000, size: 640 MB, Compressed Oops mode: 32-bit

CDS archive(s) mapped at: [0x00007fc7e3000000-0x00007fc7e3bca000-0x00007fc7e3bca000), size 12361728, SharedBaseAddress: 0x00007fc7e3000000, ArchiveRelocationMode: 1.
Compressed class space mapped at: 0x00007fc7e4000000-0x00007fc7f4000000, reserved size: 268435456
Narrow klass base: 0x00007fc7e3000000, Narrow klass shift: 0, Narrow klass range: 0x100000000

GC Precious Log:
 CPUs: 2 total, 2 available
 Memory: 2048M
 Large Page Support: Disabled
 NUMA Support: Disabled
 Compressed Oops: Enabled (32-bit)
 Heap Region Size: 1M
 Heap Min Capacity: 8M
 Heap Initial Capacity: 32M
 Heap Max Capacity: 640M
 Pre-touch: Disabled
 Parallel Workers: 2
 Concurrent Workers: 1
 Concurrent Refinement Workers: 2
 Periodic GC: Disabled

Heap:
 garbage-first heap   total 609280K, used 425396K [0x00000000d8000000, 0x0000000100000000)
  region size 1024K, 4 young (4096K), 4 survivors (4096K)
 Metaspace       used 109959K, committed 110720K, reserved 393216K
  class space    used 15034K, committed 15424K, reserved 262144K

Heap Regions: E=young(eden), S=young(survivor), O=old, HS=humongous(starts), HC=humongous(continues), CS=collection set, F=free, OA=open archive, CA=closed archive, TAMS=top-at-mark-start (previous, next)
|   0|0x00000000d8000000, 0x00000000d8100000, 0x00000000d8100000|100%| O|  |TAMS 0x00000000d8100000, 0x00000000d8100000| Untracked 
|   1|0x00000000d8100000, 0x00000000d8200000, 0x00000000d8200000|100%| O|  |TAMS 0x00000000d8200000, 0x00000000d8200000| Untracked 
|   2|0x00000000d8200000, 0x00000000d8300000, 0x00000000d8300000|100%|HS|  |TAMS 0x00000000d8300000, 0x00000000d8300000| Complete 
|   3|0x00000000d8300000, 0x00000000d8400000, 0x00000000d8400000|100%|HC|  |TAMS 0x00000000d8400000, 0x00000000d8400000| Complete 
|   4|0x00000000d8400000, 0x00000000d8500000, 0x00000000d8500000|100%|HC|  |TAMS 0x00000000d8500000, 0x00000000d8500000| Complete 
|   5|0x00000000d8500000, 0x00000000d8600000, 0x00000000d8600000|100%|HC|  |TAMS 0x00000000d8600000, 0x00000000d8600000| Complete 
|   6|0x00000000d8600000, 0x00000000d8700000, 0x00000000d8700000|100%| O|  |TAMS 0x00000000d8700000, 0x00000000d8700000| Untracked 
|   7|0x00000000d8700000, 0x00000000d8800000, 0x00000000d8800000|100%| O|  |TAMS 0x00000000d8800000, 0x00000000d8800000| Untracked 
|   8|0x00000000d8800000, 0x00000000d8900000, 0x00000000d8900000|100%| O|  |TAMS 0x00000000d8900000, 0x00000000d8900000| Untracked 
|   9|0x00000000d8900000, 0x00000000d8a00000, 0x00000000d8a00000|100%| O|  |TAMS 0x00000000d8a00000, 0x00000000d8a00000| Untracked 
|  10|0x00000000d8a00000, 0x00000000d8b00000, 0x00000000d8b00000|100%| O|  |TAMS 0x00000000d8b00000, 0x00000000d8b00000| Untracked 
|  11|0x00000000d8b00000, 0x00000000d8c00000, 0x00000000d8c00000|100%| O|  |TAMS 0x00000000d8c00000, 0x00000000d8c00000| Untracked 
|  12|0x00000000d8c00000, 0x00000000d8d00000, 0x00000000d8d00000|100%| O|  |TAMS 0x00000000d8d00000, 0x00000000d8d00000| Untracked 
|  13|0x00000000d8d00000, 0x00000000d8e00000, 0x00000000d8e00000|100%| O|  |TAMS 0x00000000d8e00000, 0x00000000d8e00000| Untracked 
|  14|0x00000000d8e00000, 0x00000000d8f00000, 0x00000000d8f00000|100%| O|  |TAMS 0x00000000d8f00000, 0x00000000d8f00000| Untracked 
|  15|0x00000000d8f00000, 0x00000000d9000000, 0x00000000d9000000|100%| O|  |TAMS 0x00000000d9000000, 0x00000000d9000000| Untracked 
|  16|0x00000000d9000000, 0x00000000d9100000, 0x00000000d9100000|100%| O|  |TAMS 0x00000000d9100000, 0x00000000d9100000| Untracked 
|  17|0x00000000d9100000, 0x00000000d9200000, 0x00000000d9200000|100%| O|  |TAMS 0x00000000d9200000, 0x00000000d9200000| Untracked 
|  18|0x00000000d9200000, 0x00000000d9300000, 0x00000000d9300000|100%| O|  |TAMS 0x00000000d9300000, 0x00000000d9300000| Untracked 
|  19|0x00000000d9300000, 0x00000000d9400000, 0x00000000d9400000|100%| O|  |TAMS 0x00000000d9400000, 0x00000000d9400000| Untracked 
|  20|0x00000000d9400000, 0x00000000d9500000, 0x00000000d9500000|100%| O|  |TAMS 0x00000000d9500000, 0x00000000d9500000| Untracked 
|  21|0x00000000d9500000, 0x00000000d9600000, 0x00000000d9600000|100%| O|  |TAMS 0x00000000d9600000, 0x00000000d9600000| Untracked 
|  22|0x00000000d9600000, 0x00000000d9700000, 0x00000000d9700000|100%| O|  |TAMS 0x00000000d9700000, 0x00000000d9700000| Untracked 
|  23|0x00000000d9700000, 0x00000000d9800000, 0x00000000d9800000|100%| O|  |TAMS 0x00000000d9800000, 0x00000000d9800000| Untracked 
|  24|0x00000000d9800000, 0x00000000d9900000, 0x00000000d9900000|100%| O|  |TAMS 0x00000000d9900000, 0x00000000d9900000| Untracked 
|  25|0x00000000d9900000, 0x00000000d9a00000, 0x00000000d9a00000|100%| O|  |TAMS 0x00000000d9a00000, 0x00000000d9a00000| Untracked 
|  26|0x00000000d9a00000, 0x00000000d9b00000, 0x00000000d9b00000|100%| O|  |TAMS 0x00000000d9b00000, 0x00000000d9b00000| Untracked 
|  27|0x00000000d9b00000, 0x00000000d9c00000, 0x00000000d9c00000|100%| O|  |TAMS 0x00000000d9c00000, 0x00000000d9c00000| Untracked 
|  28|0x00000000d9c00000, 0x00000000d9d00000, 0x00000000d9d00000|100%| O|  |TAMS 0x00000000d9d00000, 0x00000000d9d00000| Untracked 
|  29|0x00000000d9d00000, 0x00000000d9e00000, 0x00000000d9e00000|100%| O|  |TAMS 0x00000000d9e00000, 0x00000000d9e00000| Untracked 
|  30|0x00000000d9e00000, 0x00000000d9f00000, 0x00000000d9f00000|100%| O|  |TAMS 0x00000000d9f00000, 0x00000000d9f00000| Untracked 
|  31|0x00000000d9f00000, 0x00000000da000000, 0x00000000da000000|100%| O|  |TAMS 0x00000000da000000, 0x00000000da000000| Untracked 
|  32|0x00000000da000000, 0x00000000da100000, 0x00000000da100000|100%| O|  |TAMS 0x00000000da100000, 0x00000000da100000| Untracked 
|  33|0x00000000da100000, 0x00000000da200000, 0x00000000da200000|100%| O|  |TAMS 0x00000000da200000, 0x00000000da200000| Untracked 
|  34|0x00000000da200000, 0x00000000da300000, 0x00000000da300000|100%|HS|  |TAMS 0x00000000da300000, 0x00000000da300000| Complete 
|  35|0x00000000da300000, 0x00000000da400000, 0x00000000da400000|100%|HS|  |TAMS 0x00000000da400000, 0x00000000da400000| Complete 
|  36|0x00000000da400000, 0x00000000da500000, 0x00000000da500000|100%|HS|  |TAMS 0x00000000da500000, 0x00000000da500000| Complete 
|  37|0x00000000da500000, 0x00000000da600000, 0x00000000da600000|100%|HC|  |TAMS 0x00000000da600000, 0x00000000da600000| Complete 
|  38|0x00000000da600000, 0x00000000da700000, 0x00000000da700000|100%|HS|  |TAMS 0x00000000da700000, 0x00000000da700000| Complete 
|  39|0x00000000da700000, 0x00000000da800000, 0x00000000da800000|100%|HC|  |TAMS 0x00000000da800000, 0x00000000da800000| Complete 
|  40|0x00000000da800000, 0x00000000da900000, 0x00000000da900000|100%|HS|  |TAMS 0x00000000da900000, 0x00000000da900000| Complete 
|  41|0x00000000da900000, 0x00000000daa00000, 0x00000000daa00000|100%| O|  |TAMS 0x00000000daa00000, 0x00000000daa00000| Untracked 
|  42|0x00000000daa00000, 0x00000000dab00000, 0x00000000dab00000|100%|HS|  |TAMS 0x00000000dab00000, 0x00000000dab00000| Complete 
|  43|0x00000000dab00000, 0x00000000dac00000, 0x00000000dac00000|100%|HC|  |TAMS 0x00000000dac00000, 0x00000000dac00000| Complete 
|  44|0x00000000dac00000, 0x00000000dad00000, 0x00000000dad00000|100%|HC|  |TAMS 0x00000000dad00000, 0x00000000dad00000| Complete 
|  45|0x00000000dad00000, 0x00000000dae00000, 0x00000000dae00000|100%|HC|  |TAMS 0x00000000dae00000, 0x00000000dae00000| Complete 
|  46|0x00000000dae00000, 0x00000000daf00000, 0x00000000daf00000|100%|HS|  |TAMS 0x00000000daf00000, 0x00000000daf00000| Complete 
|  47|0x00000000daf00000, 0x00000000db000000, 0x00000000db000000|100%| O|  |TAMS 0x00000000db000000, 0x00000000db000000| Untracked 
|  48|0x00000000db000000, 0x00000000db100000, 0x00000000db100000|100%| O|  |TAMS 0x00000000db100000, 0x00000000db100000| Untracked 
|  49|0x00000000db100000, 0x00000000db200000, 0x00000000db200000|100%| O|  |TAMS 0x00000000db200000, 0x00000000db200000| Untracked 
|  50|0x00000000db200000, 0x00000000db300000, 0x00000000db300000|100%| O|  |TAMS 0x00000000db300000, 0x00000000db300000| Untracked 
|  51|0x00000000db300000, 0x00000000db400000, 0x00000000db400000|100%| O|  |TAMS 0x00000000db400000, 0x00000000db400000| Untracked 
|  52|0x00000000db400000, 0x00000000db500000, 0x00000000db500000|100%| O|  |TAMS 0x00000000db500000, 0x00000000db500000| Untracked 
|  53|0x00000000db500000, 0x00000000db600000, 0x00000000db600000|100%|HS|  |TAMS 0x00000000db600000, 0x00000000db600000| Complete 
|  54|0x00000000db600000, 0x00000000db700000, 0x00000000db700000|100%| O|  |TAMS 0x00000000db700000, 0x00000000db700000| Untracked 
|  55|0x00000000db700000, 0x00000000db800000, 0x00000000db800000|100%| O|  |TAMS 0x00000000db800000, 0x00000000db800000| Untracked 
|  56|0x00000000db800000, 0x00000000db900000, 0x00000000db900000|100%|HS|  |TAMS 0x00000000db900000, 0x00000000db900000| Complete 
|  57|0x00000000db900000, 0x00000000dba00000, 0x00000000dba00000|100%|HC|  |TAMS 0x00000000dba00000, 0x00000000dba00000| Complete 
|  58|0x00000000dba00000, 0x00000000dbb00000, 0x00000000dbb00000|100%|HC|  |TAMS 0x00000000dbb00000, 0x00000000dbb00000| Complete 
|  59|0x00000000dbb00000, 0x00000000dbc00000, 0x00000000dbc00000|100%|HC|  |TAMS 0x00000000dbc00000, 0x00000000dbc00000| Complete 
|  60|0x00000000dbc00000, 0x00000000dbd00000, 0x00000000dbd00000|100%| O|  |TAMS 0x00000000dbd00000, 0x00000000dbd00000| Untracked 
|  61|0x00000000dbd00000, 0x00000000dbe00000, 0x00000000dbe00000|100%| O|  |TAMS 0x00000000dbe00000, 0x00000000dbe00000| Untracked 
|  62|0x00000000dbe00000, 0x00000000dbf00000, 0x00000000dbf00000|100%| O|  |TAMS 0x00000000dbf00000, 0x00000000dbf00000| Untracked 
|  63|0x00000000dbf00000, 0x00000000dc000000, 0x00000000dc000000|100%| O|  |TAMS 0x00000000dc000000, 0x00000000dc000000| Untracked 
|  64|0x00000000dc000000, 0x00000000dc100000, 0x00000000dc100000|100%| O|  |TAMS 0x00000000dc100000, 0x00000000dc100000| Untracked 
|  65|0x00000000dc100000, 0x00000000dc200000, 0x00000000dc200000|100%| O|  |TAMS 0x00000000dc200000, 0x00000000dc200000| Untracked 
|  66|0x00000000dc200000, 0x00000000dc300000, 0x00000000dc300000|100%| O|  |TAMS 0x00000000dc300000, 0x00000000dc300000| Untracked 
|  67|0x00000000dc300000, 0x00000000dc400000, 0x00000000dc400000|100%| O|  |TAMS 0x00000000dc400000, 0x00000000dc400000| Untracked 
|  68|0x00000000dc400000, 0x00000000dc500000, 0x00000000dc500000|100%| O|  |TAMS 0x00000000dc500000, 0x00000000dc500000| Untracked 
|  69|0x00000000dc500000, 0x00000000dc600000, 0x00000000dc600000|100%| O|  |TAMS 0x00000000dc600000, 0x00000000dc600000| Untracked 
|  70|0x00000000dc600000, 0x00000000dc700000, 0x00000000dc700000|100%| O|  |TAMS 0x00000000dc700000, 0x00000000dc700000| Untracked 
|  71|0x00000000dc700000, 0x00000000dc800000, 0x00000000dc800000|100%| O|  |TAMS 0x00000000dc800000, 0x00000000dc800000| Untracked 
|  72|0x00000000dc800000, 0x00000000dc900000, 0x00000000dc900000|100%| O|  |TAMS 0x00000000dc900000, 0x00000000dc900000| Untracked 
|  73|0x00000000dc900000, 0x00000000dca00000, 0x00000000dca00000|100%| O|  |TAMS 0x00000000dca00000, 0x00000000dca00000| Untracked 
|  74|0x00000000dca00000, 0x00000000dcb00000, 0x00000000dcb00000|100%| O|  |TAMS 0x00000000dcb00000, 0x00000000dcb00000| Untracked 
|  75|0x00000000dcb00000, 0x00000000dcc00000, 0x00000000dcc00000|100%| O|  |TAMS 0x00000000dcc00000, 0x00000000dcc00000| Untracked 
|  76|0x00000000dcc00000, 0x00000000dcd00000, 0x00000000dcd00000|100%| O|  |TAMS 0x00000000dcd00000, 0x00000000dcd00000| Untracked 
|  77|0x00000000dcd00000, 0x00000000dce00000, 0x00000000dce00000|100%| O|  |TAMS 0x00000000dce00000, 0x00000000dce00000| Untracked 
|  78|0x00000000dce00000, 0x00000000dcf00000, 0x00000000dcf00000|100%| O|  |TAMS 0x00000000dcf00000, 0x00000000dcf00000| Untracked 
|  79|0x00000000dcf00000, 0x00000000dd000000, 0x00000000dd000000|100%| O|  |TAMS 0x00000000dd000000, 0x00000000dd000000| Untracked 
|  80|0x00000000dd000000, 0x00000000dd100000, 0x00000000dd100000|100%| O|  |TAMS 0x00000000dd100000, 0x00000000dd100000| Untracked 
|  81|0x00000000dd100000, 0x00000000dd200000, 0x00000000dd200000|100%| O|  |TAMS 0x00000000dd200000, 0x00000000dd200000| Untracked 
|  82|0x00000000dd200000, 0x00000000dd300000, 0x00000000dd300000|100%| O|  |TAMS 0x00000000dd300000, 0x00000000dd300000| Untracked 
|  83|0x00000000dd300000, 0x00000000dd400000, 0x00000000dd400000|100%| O|  |TAMS 0x00000000dd400000, 0x00000000dd400000| Untracked 
|  84|0x00000000dd400000, 0x00000000dd500000, 0x00000000dd500000|100%| O|  |TAMS 0x00000000dd500000, 0x00000000dd500000| Untracked 
|  85|0x00000000dd500000, 0x00000000dd600000, 0x00000000dd600000|100%| O|  |TAMS 0x00000000dd600000, 0x00000000dd600000| Untracked 
|  86|0x00000000dd600000, 0x00000000dd700000, 0x00000000dd700000|100%| O|  |TAMS 0x00000000dd700000, 0x00000000dd700000| Untracked 
|  87|0x00000000dd700000, 0x00000000dd800000, 0x00000000dd800000|100%| O|  |TAMS 0x00000000dd800000, 0x00000000dd800000| Untracked 
|  88|0x00000000dd800000, 0x00000000dd900000, 0x00000000dd900000|100%| O|  |TAMS 0x00000000dd900000, 0x00000000dd900000| Untracked 
|  89|0x00000000dd900000, 0x00000000dda00000, 0x00000000dda00000|100%| O|  |TAMS 0x00000000dda00000, 0x00000000dda00000| Untracked 
|  90|0x00000000dda00000, 0x00000000ddb00000, 0x00000000ddb00000|100%| O|  |TAMS 0x00000000dda00000, 0x00000000ddb00000| Untracked 
|  91|0x00000000ddb00000, 0x00000000ddc00000, 0x00000000ddc00000|100%| O|  |TAMS 0x00000000ddb00000, 0x00000000ddc00000| Untracked 
|  92|0x00000000ddc00000, 0x00000000ddd00000, 0x00000000ddd00000|100%| O|  |TAMS 0x00000000ddc00000, 0x00000000ddd00000| Untracked 
|  93|0x00000000ddd00000, 0x00000000dde00000, 0x00000000dde00000|100%| O|  |TAMS 0x00000000ddd00000, 0x00000000dde00000| Untracked 
|  94|0x00000000dde00000, 0x00000000ddf00000, 0x00000000ddf00000|100%| O|  |TAMS 0x00000000dde00000, 0x00000000ddf00000| Untracked 
|  95|0x00000000ddf00000, 0x00000000de000000, 0x00000000de000000|100%| O|  |TAMS 0x00000000de000000, 0x00000000de000000| Untracked 
|  96|0x00000000de000000, 0x00000000de100000, 0x00000000de100000|100%| O|  |TAMS 0x00000000de100000, 0x00000000de100000| Untracked 
|  97|0x00000000de100000, 0x00000000de200000, 0x00000000de200000|100%| O|  |TAMS 0x00000000de200000, 0x00000000de200000| Untracked 
|  98|0x00000000de200000, 0x00000000de300000, 0x00000000de300000|100%| O|  |TAMS 0x00000000de300000, 0x00000000de300000| Untracked 
|  99|0x00000000de300000, 0x00000000de400000, 0x00000000de400000|100%| O|  |TAMS 0x00000000de400000, 0x00000000de400000| Untracked 
| 100|0x00000000de400000, 0x00000000de500000, 0x00000000de500000|100%| O|  |TAMS 0x00000000de400000, 0x00000000de500000| Untracked 
| 101|0x00000000de500000, 0x00000000de600000, 0x00000000de600000|100%| O|  |TAMS 0x00000000de500000, 0x00000000de600000| Untracked 
| 102|0x00000000de600000, 0x00000000de700000, 0x00000000de700000|100%| O|  |TAMS 0x00000000de700000, 0x00000000de700000| Untracked 
| 103|0x00000000de700000, 0x00000000de800000, 0x00000000de800000|100%| O|  |TAMS 0x00000000de700000, 0x00000000de800000| Untracked 
| 104|0x00000000de800000, 0x00000000de900000, 0x00000000de900000|100%| O|  |TAMS 0x00000000de900000, 0x00000000de900000| Untracked 
| 105|0x00000000de900000, 0x00000000dea00000, 0x00000000dea00000|100%| O|  |TAMS 0x00000000dea00000, 0x00000000dea00000| Untracked 
| 106|0x00000000dea00000, 0x00000000deb00000, 0x00000000deb00000|100%| O|  |TAMS 0x00000000dea00000, 0x00000000deb00000| Untracked 
| 107|0x00000000deb00000, 0x00000000dec00000, 0x00000000dec00000|100%| O|  |TAMS 0x00000000deb00000, 0x00000000dec00000| Untracked 
| 108|0x00000000dec00000, 0x00000000ded00000, 0x00000000ded00000|100%| O|  |TAMS 0x00000000dec00000, 0x00000000ded00000| Untracked 
| 109|0x00000000ded00000, 0x00000000dee00000, 0x00000000dee00000|100%|HS|  |TAMS 0x00000000ded00000, 0x00000000dee00000| Complete 
| 110|0x00000000dee00000, 0x00000000def00000, 0x00000000def00000|100%|HS|  |TAMS 0x00000000dee00000, 0x00000000def00000| Complete 
| 111|0x00000000def00000, 0x00000000df000000, 0x00000000df000000|100%|HS|  |TAMS 0x00000000def00000, 0x00000000df000000| Complete 
| 112|0x00000000df000000, 0x00000000df100000, 0x00000000df100000|100%| O|  |TAMS 0x00000000df100000, 0x00000000df100000| Untracked 
| 113|0x00000000df100000, 0x00000000df200000, 0x00000000df200000|100%| O|  |TAMS 0x00000000df200000, 0x00000000df200000| Untracked 
| 114|0x00000000df200000, 0x00000000df300000, 0x00000000df300000|100%|HS|  |TAMS 0x00000000df200000, 0x00000000df300000| Complete 
| 115|0x00000000df300000, 0x00000000df400000, 0x00000000df400000|100%| O|  |TAMS 0x00000000df300000, 0x00000000df400000| Untracked 
| 116|0x00000000df400000, 0x00000000df500000, 0x00000000df500000|100%| O|  |TAMS 0x00000000df400000, 0x00000000df500000| Untracked 
| 117|0x00000000df500000, 0x00000000df600000, 0x00000000df600000|100%|HS|  |TAMS 0x00000000df500000, 0x00000000df600000| Complete 
| 118|0x00000000df600000, 0x00000000df700000, 0x00000000df700000|100%| O|  |TAMS 0x00000000df600000, 0x00000000df700000| Untracked 
| 119|0x00000000df700000, 0x00000000df800000, 0x00000000df800000|100%| O|  |TAMS 0x00000000df800000, 0x00000000df800000| Untracked 
| 120|0x00000000df800000, 0x00000000df900000, 0x00000000df900000|100%| O|  |TAMS 0x00000000df900000, 0x00000000df900000| Untracked 
| 121|0x00000000df900000, 0x00000000dfa00000, 0x00000000dfa00000|100%| O|  |TAMS 0x00000000df900000, 0x00000000dfa00000| Untracked 
| 122|0x00000000dfa00000, 0x00000000dfb00000, 0x00000000dfb00000|100%| O|  |TAMS 0x00000000dfa00000, 0x00000000dfb00000| Untracked 
| 123|0x00000000dfb00000, 0x00000000dfc00000, 0x00000000dfc00000|100%| O|  |TAMS 0x00000000dfb00000, 0x00000000dfc00000| Untracked 
| 124|0x00000000dfc00000, 0x00000000dfd00000, 0x00000000dfd00000|100%| O|  |TAMS 0x00000000dfc00000, 0x00000000dfd00000| Untracked 
| 125|0x00000000dfd00000, 0x00000000dfe00000, 0x00000000dfe00000|100%| O|  |TAMS 0x00000000dfd00000, 0x00000000dfe00000| Untracked 
| 126|0x00000000dfe00000, 0x00000000dff00000, 0x00000000dff00000|100%| O|  |TAMS 0x00000000dfe00000, 0x00000000dff00000| Untracked 
| 127|0x00000000dff00000, 0x00000000e0000000, 0x00000000e0000000|100%| O|  |TAMS 0x00000000dff00000, 0x00000000e0000000| Untracked 
| 128|0x00000000e0000000, 0x00000000e0100000, 0x00000000e0100000|100%| O|  |TAMS 0x00000000e0100000, 0x00000000e0100000| Untracked 
| 129|0x00000000e0100000, 0x00000000e0200000, 0x00000000e0200000|100%|HS|  |TAMS 0x00000000e0100000, 0x00000000e0200000| Complete 
| 130|0x00000000e0200000, 0x00000000e0300000, 0x00000000e0300000|100%|HC|  |TAMS 0x00000000e0200000, 0x00000000e0300000| Complete 
| 131|0x00000000e0300000, 0x00000000e0400000, 0x00000000e0400000|100%|HS|  |TAMS 0x00000000e0300000, 0x00000000e0400000| Complete 
| 132|0x00000000e0400000, 0x00000000e0500000, 0x00000000e0500000|100%|HC|  |TAMS 0x00000000e0400000, 0x00000000e0500000| Complete 
| 133|0x00000000e0500000, 0x00000000e0600000, 0x00000000e0600000|100%| O|  |TAMS 0x00000000e0500000, 0x00000000e0600000| Untracked 
| 134|0x00000000e0600000, 0x00000000e0700000, 0x00000000e0700000|100%| O|  |TAMS 0x00000000e0600000, 0x00000000e0700000| Untracked 
| 135|0x00000000e0700000, 0x00000000e0800000, 0x00000000e0800000|100%| O|  |TAMS 0x00000000e0700000, 0x00000000e0800000| Untracked 
| 136|0x00000000e0800000, 0x00000000e0900000, 0x00000000e0900000|100%| O|  |TAMS 0x00000000e0800000, 0x00000000e0900000| Untracked 
| 137|0x00000000e0900000, 0x00000000e0a00000, 0x00000000e0a00000|100%| O|  |TAMS 0x00000000e0900000, 0x00000000e0a00000| Untracked 
| 138|0x00000000e0a00000, 0x00000000e0b00000, 0x00000000e0b00000|100%| O|  |TAMS 0x00000000e0a00000, 0x00000000e0b00000| Untracked 
| 139|0x00000000e0b00000, 0x00000000e0c00000, 0x00000000e0c00000|100%| O|  |TAMS 0x00000000e0b00000, 0x00000000e0c00000| Untracked 
| 140|0x00000000e0c00000, 0x00000000e0d00000, 0x00000000e0d00000|100%| O|  |TAMS 0x00000000e0c00000, 0x00000000e0d00000| Untracked 
| 141|0x00000000e0d00000, 0x00000000e0e00000, 0x00000000e0e00000|100%| O|  |TAMS 0x00000000e0d00000, 0x00000000e0e00000| Untracked 
| 142|0x00000000e0e00000, 0x00000000e0f00000, 0x00000000e0f00000|100%| O|  |TAMS 0x00000000e0f00000, 0x00000000e0f00000| Untracked 
| 143|0x00000000e0f00000, 0x00000000e1000000, 0x00000000e1000000|100%| O|  |TAMS 0x00000000e0f00000, 0x00000000e1000000| Untracked 
| 144|0x00000000e1000000, 0x00000000e1100000, 0x00000000e1100000|100%| O|  |TAMS 0x00000000e1000000, 0x00000000e1100000| Untracked 
| 145|0x00000000e1100000, 0x00000000e1200000, 0x00000000e1200000|100%| O|  |TAMS 0x00000000e1200000, 0x00000000e1200000| Untracked 
| 146|0x00000000e1200000, 0x00000000e1300000, 0x00000000e1300000|100%| O|  |TAMS 0x00000000e1200000, 0x00000000e1300000| Untracked 
| 147|0x00000000e1300000, 0x00000000e1400000, 0x00000000e1400000|100%| O|  |TAMS 0x00000000e1300000, 0x00000000e1400000| Untracked 
| 148|0x00000000e1400000, 0x00000000e1500000, 0x00000000e1500000|100%| O|  |TAMS 0x00000000e1400000, 0x00000000e1500000| Untracked 
| 149|0x00000000e1500000, 0x00000000e1600000, 0x00000000e1600000|100%| O|  |TAMS 0x00000000e1500000, 0x00000000e1600000| Untracked 
| 150|0x00000000e1600000, 0x00000000e1700000, 0x00000000e1700000|100%| O|  |TAMS 0x00000000e1600000, 0x00000000e1700000| Untracked 
| 151|0x00000000e1700000, 0x00000000e1800000, 0x00000000e1800000|100%| O|  |TAMS 0x00000000e1700000, 0x00000000e1800000| Untracked 
| 152|0x00000000e1800000, 0x00000000e1900000, 0x00000000e1900000|100%| O|  |TAMS 0x00000000e1800000, 0x00000000e1900000| Untracked 
| 153|0x00000000e1900000, 0x00000000e1a00000, 0x00000000e1a00000|100%| O|  |TAMS 0x00000000e1900000, 0x00000000e1a00000| Untracked 
| 154|0x00000000e1a00000, 0x00000000e1b00000, 0x00000000e1b00000|100%| O|  |TAMS 0x00000000e1a00000, 0x00000000e1b00000| Untracked 
| 155|0x00000000e1b00000, 0x00000000e1c00000, 0x00000000e1c00000|100%| O|  |TAMS 0x00000000e1b00000, 0x00000000e1c00000| Untracked 
| 156|0x00000000e1c00000, 0x00000000e1d00000, 0x00000000e1d00000|100%| O|  |TAMS 0x00000000e1c00000, 0x00000000e1d00000| Untracked 
| 157|0x00000000e1d00000, 0x00000000e1e00000, 0x00000000e1e00000|100%| O|  |TAMS 0x00000000e1d00000, 0x00000000e1e00000| Untracked 
| 158|0x00000000e1e00000, 0x00000000e1f00000, 0x00000000e1f00000|100%| O|  |TAMS 0x00000000e1e00000, 0x00000000e1f00000| Untracked 
| 159|0x00000000e1f00000, 0x00000000e2000000, 0x00000000e2000000|100%| O|  |TAMS 0x00000000e1f00000, 0x00000000e2000000| Untracked 
| 160|0x00000000e2000000, 0x00000000e2100000, 0x00000000e2100000|100%| O|  |TAMS 0x00000000e2000000, 0x00000000e2100000| Untracked 
| 161|0x00000000e2100000, 0x00000000e2200000, 0x00000000e2200000|100%| O|  |TAMS 0x00000000e2100000, 0x00000000e2200000| Untracked 
| 162|0x00000000e2200000, 0x00000000e2300000, 0x00000000e2300000|100%| O|  |TAMS 0x00000000e2200000, 0x00000000e2300000| Untracked 
| 163|0x00000000e2300000, 0x00000000e2400000, 0x00000000e2400000|100%| O|  |TAMS 0x00000000e2300000, 0x00000000e2400000| Untracked 
| 164|0x00000000e2400000, 0x00000000e2500000, 0x00000000e2500000|100%| O|  |TAMS 0x00000000e2400000, 0x00000000e2500000| Untracked 
| 165|0x00000000e2500000, 0x00000000e2600000, 0x00000000e2600000|100%| O|  |TAMS 0x00000000e2500000, 0x00000000e2600000| Untracked 
| 166|0x00000000e2600000, 0x00000000e2700000, 0x00000000e2700000|100%| O|  |TAMS 0x00000000e2600000, 0x00000000e2700000| Untracked 
| 167|0x00000000e2700000, 0x00000000e2800000, 0x00000000e2800000|100%| O|  |TAMS 0x00000000e2700000, 0x00000000e2800000| Untracked 
| 168|0x00000000e2800000, 0x00000000e2900000, 0x00000000e2900000|100%| O|  |TAMS 0x00000000e2800000, 0x00000000e2900000| Untracked 
| 169|0x00000000e2900000, 0x00000000e2a00000, 0x00000000e2a00000|100%| O|  |TAMS 0x00000000e2900000, 0x00000000e2a00000| Untracked 
| 170|0x00000000e2a00000, 0x00000000e2b00000, 0x00000000e2b00000|100%| O|  |TAMS 0x00000000e2a00000, 0x00000000e2b00000| Untracked 
| 171|0x00000000e2b00000, 0x00000000e2c00000, 0x00000000e2c00000|100%| O|  |TAMS 0x00000000e2b00000, 0x00000000e2c00000| Untracked 
| 172|0x00000000e2c00000, 0x00000000e2d00000, 0x00000000e2d00000|100%| O|  |TAMS 0x00000000e2c00000, 0x00000000e2d00000| Untracked 
| 173|0x00000000e2d00000, 0x00000000e2e00000, 0x00000000e2e00000|100%| O|  |TAMS 0x00000000e2d00000, 0x00000000e2e00000| Untracked 
| 174|0x00000000e2e00000, 0x00000000e2f00000, 0x00000000e2f00000|100%| O|  |TAMS 0x00000000e2e00000, 0x00000000e2f00000| Untracked 
| 175|0x00000000e2f00000, 0x00000000e3000000, 0x00000000e3000000|100%| O|  |TAMS 0x00000000e2f00000, 0x00000000e3000000| Untracked 
| 176|0x00000000e3000000, 0x00000000e3100000, 0x00000000e3100000|100%| O|  |TAMS 0x00000000e3000000, 0x00000000e3100000| Untracked 
| 177|0x00000000e3100000, 0x00000000e3200000, 0x00000000e3200000|100%| O|  |TAMS 0x00000000e3100000, 0x00000000e3200000| Untracked 
| 178|0x00000000e3200000, 0x00000000e3300000, 0x00000000e3300000|100%| O|  |TAMS 0x00000000e3200000, 0x00000000e3300000| Untracked 
| 179|0x00000000e3300000, 0x00000000e3400000, 0x00000000e3400000|100%| O|  |TAMS 0x00000000e3300000, 0x00000000e3400000| Untracked 
| 180|0x00000000e3400000, 0x00000000e3500000, 0x00000000e3500000|100%| O|  |TAMS 0x00000000e3400000, 0x00000000e3500000| Untracked 
| 181|0x00000000e3500000, 0x00000000e3600000, 0x00000000e3600000|100%| O|  |TAMS 0x00000000e3500000, 0x00000000e3600000| Untracked 
| 182|0x00000000e3600000, 0x00000000e3700000, 0x00000000e3700000|100%| O|  |TAMS 0x00000000e3600000, 0x00000000e3700000| Untracked 
| 183|0x00000000e3700000, 0x00000000e3800000, 0x00000000e3800000|100%| O|  |TAMS 0x00000000e3700000, 0x00000000e3800000| Untracked 
| 184|0x00000000e3800000, 0x00000000e3900000, 0x00000000e3900000|100%| O|  |TAMS 0x00000000e3800000, 0x00000000e3900000| Untracked 
| 185|0x00000000e3900000, 0x00000000e3a00000, 0x00000000e3a00000|100%| O|  |TAMS 0x00000000e3900000, 0x00000000e3a00000| Untracked 
| 186|0x00000000e3a00000, 0x00000000e3b00000, 0x00000000e3b00000|100%| O|  |TAMS 0x00000000e3a00000, 0x00000000e3b00000| Untracked 
| 187|0x00000000e3b00000, 0x00000000e3c00000, 0x00000000e3c00000|100%| O|  |TAMS 0x00000000e3b00000, 0x00000000e3c00000| Untracked 
| 188|0x00000000e3c00000, 0x00000000e3d00000, 0x00000000e3d00000|100%| O|  |TAMS 0x00000000e3c00000, 0x00000000e3d00000| Untracked 
| 189|0x00000000e3d00000, 0x00000000e3e00000, 0x00000000e3e00000|100%| O|  |TAMS 0x00000000e3d00000, 0x00000000e3e00000| Untracked 
| 190|0x00000000e3e00000, 0x00000000e3f00000, 0x00000000e3f00000|100%| O|  |TAMS 0x00000000e3e00000, 0x00000000e3f00000| Untracked 
| 191|0x00000000e3f00000, 0x00000000e4000000, 0x00000000e4000000|100%| O|  |TAMS 0x00000000e3f00000, 0x00000000e4000000| Untracked 
| 192|0x00000000e4000000, 0x00000000e4100000, 0x00000000e4100000|100%| O|  |TAMS 0x00000000e4000000, 0x00000000e4100000| Untracked 
| 193|0x00000000e4100000, 0x00000000e4200000, 0x00000000e4200000|100%| O|  |TAMS 0x00000000e4100000, 0x00000000e4200000| Untracked 
| 194|0x00000000e4200000, 0x00000000e4300000, 0x00000000e4300000|100%| O|  |TAMS 0x00000000e4200000, 0x00000000e4300000| Untracked 
| 195|0x00000000e4300000, 0x00000000e4400000, 0x00000000e4400000|100%| O|  |TAMS 0x00000000e4300000, 0x00000000e4400000| Untracked 
| 196|0x00000000e4400000, 0x00000000e4500000, 0x00000000e4500000|100%| O|  |TAMS 0x00000000e4400000, 0x00000000e4500000| Untracked 
| 197|0x00000000e4500000, 0x00000000e4600000, 0x00000000e4600000|100%| O|  |TAMS 0x00000000e4500000, 0x00000000e4600000| Untracked 
| 198|0x00000000e4600000, 0x00000000e4700000, 0x00000000e4700000|100%| O|  |TAMS 0x00000000e4600000, 0x00000000e4700000| Untracked 
| 199|0x00000000e4700000, 0x00000000e4800000, 0x00000000e4800000|100%| O|  |TAMS 0x00000000e4700000, 0x00000000e4800000| Untracked 
| 200|0x00000000e4800000, 0x00000000e4900000, 0x00000000e4900000|100%| O|  |TAMS 0x00000000e4800000, 0x00000000e4900000| Untracked 
| 201|0x00000000e4900000, 0x00000000e4a00000, 0x00000000e4a00000|100%| O|  |TAMS 0x00000000e4900000, 0x00000000e4a00000| Untracked 
| 202|0x00000000e4a00000, 0x00000000e4b00000, 0x00000000e4b00000|100%| O|  |TAMS 0x00000000e4a00000, 0x00000000e4b00000| Untracked 
| 203|0x00000000e4b00000, 0x00000000e4c00000, 0x00000000e4c00000|100%| O|  |TAMS 0x00000000e4b00000, 0x00000000e4c00000| Untracked 
| 204|0x00000000e4c00000, 0x00000000e4d00000, 0x00000000e4d00000|100%| O|  |TAMS 0x00000000e4c00000, 0x00000000e4d00000| Untracked 
| 205|0x00000000e4d00000, 0x00000000e4e00000, 0x00000000e4e00000|100%| O|  |TAMS 0x00000000e4d00000, 0x00000000e4e00000| Untracked 
| 206|0x00000000e4e00000, 0x00000000e4f00000, 0x00000000e4f00000|100%| O|  |TAMS 0x00000000e4e00000, 0x00000000e4f00000| Untracked 
| 207|0x00000000e4f00000, 0x00000000e5000000, 0x00000000e5000000|100%| O|  |TAMS 0x00000000e4f00000, 0x00000000e5000000| Untracked 
| 208|0x00000000e5000000, 0x00000000e5100000, 0x00000000e5100000|100%| O|  |TAMS 0x00000000e5000000, 0x00000000e5100000| Untracked 
| 209|0x00000000e5100000, 0x00000000e5200000, 0x00000000e5200000|100%| O|  |TAMS 0x00000000e5100000, 0x00000000e5200000| Untracked 
| 210|0x00000000e5200000, 0x00000000e5300000, 0x00000000e5300000|100%| O|  |TAMS 0x00000000e5200000, 0x00000000e5300000| Untracked 
| 211|0x00000000e5300000, 0x00000000e5400000, 0x00000000e5400000|100%| O|  |TAMS 0x00000000e5300000, 0x00000000e5400000| Untracked 
| 212|0x00000000e5400000, 0x00000000e5500000, 0x00000000e5500000|100%| O|  |TAMS 0x00000000e5400000, 0x00000000e5500000| Untracked 
| 213|0x00000000e5500000, 0x00000000e5600000, 0x00000000e5600000|100%| O|  |TAMS 0x00000000e5500000, 0x00000000e5500000| Untracked 
| 214|0x00000000e5600000, 0x00000000e5700000, 0x00000000e5700000|100%| O|  |TAMS 0x00000000e5600000, 0x00000000e5600000| Untracked 
| 215|0x00000000e5700000, 0x00000000e5800000, 0x00000000e5800000|100%| O|  |TAMS 0x00000000e5700000, 0x00000000e5700000| Untracked 
| 216|0x00000000e5800000, 0x00000000e5900000, 0x00000000e5900000|100%| O|  |TAMS 0x00000000e5800000, 0x00000000e5800000| Untracked 
| 217|0x00000000e5900000, 0x00000000e5a00000, 0x00000000e5a00000|100%| O|  |TAMS 0x00000000e5900000, 0x00000000e5900000| Untracked 
| 218|0x00000000e5a00000, 0x00000000e5b00000, 0x00000000e5b00000|100%| O|  |TAMS 0x00000000e5a00000, 0x00000000e5a00000| Untracked 
| 219|0x00000000e5b00000, 0x00000000e5c00000, 0x00000000e5c00000|100%| O|  |TAMS 0x00000000e5b00000, 0x00000000e5b00000| Untracked 
| 220|0x00000000e5c00000, 0x00000000e5d00000, 0x00000000e5d00000|100%| O|  |TAMS 0x00000000e5c00000, 0x00000000e5c00000| Untracked 
| 221|0x00000000e5d00000, 0x00000000e5e00000, 0x00000000e5e00000|100%| O|  |TAMS 0x00000000e5d00000, 0x00000000e5d00000| Untracked 
| 222|0x00000000e5e00000, 0x00000000e5f00000, 0x00000000e5f00000|100%| O|  |TAMS 0x00000000e5e00000, 0x00000000e5e00000| Untracked 
| 223|0x00000000e5f00000, 0x00000000e6000000, 0x00000000e6000000|100%| O|  |TAMS 0x00000000e5f00000, 0x00000000e5f00000| Untracked 
| 224|0x00000000e6000000, 0x00000000e6100000, 0x00000000e6100000|100%| O|  |TAMS 0x00000000e6000000, 0x00000000e6000000| Untracked 
| 225|0x00000000e6100000, 0x00000000e6200000, 0x00000000e6200000|100%| O|  |TAMS 0x00000000e6100000, 0x00000000e6100000| Untracked 
| 226|0x00000000e6200000, 0x00000000e6300000, 0x00000000e6300000|100%| O|  |TAMS 0x00000000e6200000, 0x00000000e6200000| Untracked 
| 227|0x00000000e6300000, 0x00000000e6400000, 0x00000000e6400000|100%| O|  |TAMS 0x00000000e6300000, 0x00000000e6300000| Untracked 
| 228|0x00000000e6400000, 0x00000000e6500000, 0x00000000e6500000|100%| O|  |TAMS 0x00000000e6400000, 0x00000000e6400000| Untracked 
| 229|0x00000000e6500000, 0x00000000e6600000, 0x00000000e6600000|100%| O|  |TAMS 0x00000000e6500000, 0x00000000e6500000| Untracked 
| 230|0x00000000e6600000, 0x00000000e6700000, 0x00000000e6700000|100%| O|  |TAMS 0x00000000e6600000, 0x00000000e6600000| Untracked 
| 231|0x00000000e6700000, 0x00000000e6800000, 0x00000000e6800000|100%| O|  |TAMS 0x00000000e6700000, 0x00000000e6700000| Untracked 
| 232|0x00000000e6800000, 0x00000000e6900000, 0x00000000e6900000|100%| O|  |TAMS 0x00000000e6800000, 0x00000000e6800000| Untracked 
| 233|0x00000000e6900000, 0x00000000e6a00000, 0x00000000e6a00000|100%| O|  |TAMS 0x00000000e6900000, 0x00000000e6900000| Untracked 
| 234|0x00000000e6a00000, 0x00000000e6b00000, 0x00000000e6b00000|100%| O|  |TAMS 0x00000000e6a00000, 0x00000000e6a00000| Untracked 
| 235|0x00000000e6b00000, 0x00000000e6c00000, 0x00000000e6c00000|100%| O|  |TAMS 0x00000000e6b00000, 0x00000000e6b00000| Untracked 
| 236|0x00000000e6c00000, 0x00000000e6d00000, 0x00000000e6d00000|100%| O|  |TAMS 0x00000000e6c00000, 0x00000000e6c00000| Untracked 
| 237|0x00000000e6d00000, 0x00000000e6e00000, 0x00000000e6e00000|100%| O|  |TAMS 0x00000000e6d00000, 0x00000000e6d00000| Untracked 
| 238|0x00000000e6e00000, 0x00000000e6f00000, 0x00000000e6f00000|100%| O|  |TAMS 0x00000000e6e00000, 0x00000000e6e00000| Untracked 
| 239|0x00000000e6f00000, 0x00000000e7000000, 0x00000000e7000000|100%| O|  |TAMS 0x00000000e6f00000, 0x00000000e7000000| Untracked 
| 240|0x00000000e7000000, 0x00000000e7100000, 0x00000000e7100000|100%| O|  |TAMS 0x00000000e7000000, 0x00000000e7100000| Untracked 
| 241|0x00000000e7100000, 0x00000000e7200000, 0x00000000e7200000|100%| O|  |TAMS 0x00000000e7100000, 0x00000000e7200000| Untracked 
| 242|0x00000000e7200000, 0x00000000e7300000, 0x00000000e7300000|100%| O|  |TAMS 0x00000000e7200000, 0x00000000e7300000| Untracked 
| 243|0x00000000e7300000, 0x00000000e7400000, 0x00000000e7400000|100%| O|  |TAMS 0x00000000e7300000, 0x00000000e7400000| Untracked 
| 244|0x00000000e7400000, 0x00000000e7500000, 0x00000000e7500000|100%| O|  |TAMS 0x00000000e7400000, 0x00000000e7500000| Untracked 
| 245|0x00000000e7500000, 0x00000000e7600000, 0x00000000e7600000|100%| O|  |TAMS 0x00000000e7500000, 0x00000000e7600000| Untracked 
| 246|0x00000000e7600000, 0x00000000e7700000, 0x00000000e7700000|100%| O|  |TAMS 0x00000000e7600000, 0x00000000e7700000| Untracked 
| 247|0x00000000e7700000, 0x00000000e7800000, 0x00000000e7800000|100%| O|  |TAMS 0x00000000e7700000, 0x00000000e7800000| Untracked 
| 248|0x00000000e7800000, 0x00000000e7900000, 0x00000000e7900000|100%| O|  |TAMS 0x00000000e7800000, 0x00000000e7900000| Untracked 
| 249|0x00000000e7900000, 0x00000000e7a00000, 0x00000000e7a00000|100%| O|  |TAMS 0x00000000e7900000, 0x00000000e7a00000| Untracked 
| 250|0x00000000e7a00000, 0x00000000e7b00000, 0x00000000e7b00000|100%| O|  |TAMS 0x00000000e7a00000, 0x00000000e7b00000| Untracked 
| 251|0x00000000e7b00000, 0x00000000e7c00000, 0x00000000e7c00000|100%| O|  |TAMS 0x00000000e7b00000, 0x00000000e7c00000| Untracked 
| 252|0x00000000e7c00000, 0x00000000e7d00000, 0x00000000e7d00000|100%| O|  |TAMS 0x00000000e7c00000, 0x00000000e7d00000| Untracked 
| 253|0x00000000e7d00000, 0x00000000e7e00000, 0x00000000e7e00000|100%| O|  |TAMS 0x00000000e7d00000, 0x00000000e7e00000| Untracked 
| 254|0x00000000e7e00000, 0x00000000e7f00000, 0x00000000e7f00000|100%| O|  |TAMS 0x00000000e7e00000, 0x00000000e7f00000| Untracked 
| 255|0x00000000e7f00000, 0x00000000e8000000, 0x00000000e8000000|100%| O|  |TAMS 0x00000000e7f00000, 0x00000000e8000000| Untracked 
| 256|0x00000000e8000000, 0x00000000e8100000, 0x00000000e8100000|100%| O|  |TAMS 0x00000000e8000000, 0x00000000e8100000| Untracked 
| 257|0x00000000e8100000, 0x00000000e8200000, 0x00000000e8200000|100%| O|  |TAMS 0x00000000e8100000, 0x00000000e8200000| Untracked 
| 258|0x00000000e8200000, 0x00000000e8300000, 0x00000000e8300000|100%| O|  |TAMS 0x00000000e8200000, 0x00000000e8300000| Untracked 
| 259|0x00000000e8300000, 0x00000000e8400000, 0x00000000e8400000|100%| O|  |TAMS 0x00000000e8300000, 0x00000000e8400000| Untracked 
| 260|0x00000000e8400000, 0x00000000e8500000, 0x00000000e8500000|100%| O|  |TAMS 0x00000000e8400000, 0x00000000e8500000| Untracked 
| 261|0x00000000e8500000, 0x00000000e8600000, 0x00000000e8600000|100%| O|  |TAMS 0x00000000e8500000, 0x00000000e8600000| Untracked 
| 262|0x00000000e8600000, 0x00000000e8700000, 0x00000000e8700000|100%| O|  |TAMS 0x00000000e8600000, 0x00000000e8700000| Untracked 
| 263|0x00000000e8700000, 0x00000000e8800000, 0x00000000e8800000|100%| O|  |TAMS 0x00000000e8700000, 0x00000000e8800000| Untracked 
| 264|0x00000000e8800000, 0x00000000e8900000, 0x00000000e8900000|100%| O|  |TAMS 0x00000000e8800000, 0x00000000e8900000| Untracked 
| 265|0x00000000e8900000, 0x00000000e8a00000, 0x00000000e8a00000|100%| O|  |TAMS 0x00000000e8900000, 0x00000000e8a00000| Untracked 
| 266|0x00000000e8a00000, 0x00000000e8b00000, 0x00000000e8b00000|100%| O|  |TAMS 0x00000000e8a00000, 0x00000000e8b00000| Untracked 
| 267|0x00000000e8b00000, 0x00000000e8c00000, 0x00000000e8c00000|100%| O|  |TAMS 0x00000000e8b00000, 0x00000000e8c00000| Untracked 
| 268|0x00000000e8c00000, 0x00000000e8d00000, 0x00000000e8d00000|100%| O|  |TAMS 0x00000000e8c00000, 0x00000000e8d00000| Untracked 
| 269|0x00000000e8d00000, 0x00000000e8e00000, 0x00000000e8e00000|100%| O|  |TAMS 0x00000000e8d00000, 0x00000000e8e00000| Untracked 
| 270|0x00000000e8e00000, 0x00000000e8f00000, 0x00000000e8f00000|100%| O|  |TAMS 0x00000000e8e00000, 0x00000000e8e80000| Untracked 
| 271|0x00000000e8f00000, 0x00000000e9000000, 0x00000000e9000000|100%| O|  |TAMS 0x00000000e8f00000, 0x00000000e8f00000| Untracked 
| 272|0x00000000e9000000, 0x00000000e9100000, 0x00000000e9100000|100%| O|  |TAMS 0x00000000e9000000, 0x00000000e9000000| Untracked 
| 273|0x00000000e9100000, 0x00000000e9200000, 0x00000000e9200000|100%| O|  |TAMS 0x00000000e9100000, 0x00000000e9100000| Untracked 
| 274|0x00000000e9200000, 0x00000000e9300000, 0x00000000e9300000|100%| O|  |TAMS 0x00000000e9200000, 0x00000000e9200000| Untracked 
| 275|0x00000000e9300000, 0x00000000e9400000, 0x00000000e9400000|100%|HS|  |TAMS 0x00000000e9300000, 0x00000000e9300000| Complete 
| 276|0x00000000e9400000, 0x00000000e9500000, 0x00000000e9500000|100%|HS|  |TAMS 0x00000000e9400000, 0x00000000e9400000| Complete 
| 277|0x00000000e9500000, 0x00000000e9600000, 0x00000000e9600000|100%| O|  |TAMS 0x00000000e9500000, 0x00000000e9500000| Untracked 
| 278|0x00000000e9600000, 0x00000000e9700000, 0x00000000e9700000|100%| O|  |TAMS 0x00000000e9600000, 0x00000000e9600000| Untracked 
| 279|0x00000000e9700000, 0x00000000e9800000, 0x00000000e9800000|100%| O|  |TAMS 0x00000000e9700000, 0x00000000e9700000| Untracked 
| 280|0x00000000e9800000, 0x00000000e9900000, 0x00000000e9900000|100%| O|  |TAMS 0x00000000e9800000, 0x00000000e9800000| Untracked 
| 281|0x00000000e9900000, 0x00000000e9a00000, 0x00000000e9a00000|100%| O|  |TAMS 0x00000000e9900000, 0x00000000e9900000| Untracked 
| 282|0x00000000e9a00000, 0x00000000e9b00000, 0x00000000e9b00000|100%| O|  |TAMS 0x00000000e9a00000, 0x00000000e9a00000| Untracked 
| 283|0x00000000e9b00000, 0x00000000e9c00000, 0x00000000e9c00000|100%| O|  |TAMS 0x00000000e9b00000, 0x00000000e9b00000| Untracked 
| 284|0x00000000e9c00000, 0x00000000e9d00000, 0x00000000e9d00000|100%| O|  |TAMS 0x00000000e9c00000, 0x00000000e9c00000| Untracked 
| 285|0x00000000e9d00000, 0x00000000e9e00000, 0x00000000e9e00000|100%| O|  |TAMS 0x00000000e9d00000, 0x00000000e9d00000| Untracked 
| 286|0x00000000e9e00000, 0x00000000e9f00000, 0x00000000e9f00000|100%| O|  |TAMS 0x00000000e9e00000, 0x00000000e9e00000| Untracked 
| 287|0x00000000e9f00000, 0x00000000ea000000, 0x00000000ea000000|100%| O|  |TAMS 0x00000000e9f00000, 0x00000000e9f00000| Untracked 
| 288|0x00000000ea000000, 0x00000000ea100000, 0x00000000ea100000|100%| O|  |TAMS 0x00000000ea000000, 0x00000000ea000000| Untracked 
| 289|0x00000000ea100000, 0x00000000ea200000, 0x00000000ea200000|100%| O|  |TAMS 0x00000000ea100000, 0x00000000ea100000| Untracked 
| 290|0x00000000ea200000, 0x00000000ea280000, 0x00000000ea300000| 50%| O|  |TAMS 0x00000000ea200000, 0x00000000ea200000| Untracked 
| 291|0x00000000ea300000, 0x00000000ea300000, 0x00000000ea400000|  0%| F|  |TAMS 0x00000000ea300000, 0x00000000ea300000| Untracked 
| 292|0x00000000ea400000, 0x00000000ea400000, 0x00000000ea500000|  0%| F|  |TAMS 0x00000000ea400000, 0x00000000ea400000| Untracked 
| 293|0x00000000ea500000, 0x00000000ea500000, 0x00000000ea600000|  0%| F|  |TAMS 0x00000000ea500000, 0x00000000ea500000| Untracked 
| 294|0x00000000ea600000, 0x00000000ea600000, 0x00000000ea700000|  0%| F|  |TAMS 0x00000000ea600000, 0x00000000ea600000| Untracked 
| 295|0x00000000ea700000, 0x00000000ea700000, 0x00000000ea800000|  0%| F|  |TAMS 0x00000000ea700000, 0x00000000ea700000| Untracked 
| 296|0x00000000ea800000, 0x00000000ea800000, 0x00000000ea900000|  0%| F|  |TAMS 0x00000000ea800000, 0x00000000ea800000| Untracked 
| 297|0x00000000ea900000, 0x00000000ea900000, 0x00000000eaa00000|  0%| F|  |TAMS 0x00000000ea900000, 0x00000000ea900000| Untracked 
| 298|0x00000000eaa00000, 0x00000000eaa00000, 0x00000000eab00000|  0%| F|  |TAMS 0x00000000eaa00000, 0x00000000eaa00000| Untracked 
| 299|0x00000000eab00000, 0x00000000eab00000, 0x00000000eac00000|  0%| F|  |TAMS 0x00000000eab00000, 0x00000000eab00000| Untracked 
| 300|0x00000000eac00000, 0x00000000eac00000, 0x00000000ead00000|  0%| F|  |TAMS 0x00000000eac00000, 0x00000000eac00000| Untracked 
| 301|0x00000000ead00000, 0x00000000ead00000, 0x00000000eae00000|  0%| F|  |TAMS 0x00000000ead00000, 0x00000000ead00000| Untracked 
| 302|0x00000000eae00000, 0x00000000eae00000, 0x00000000eaf00000|  0%| F|  |TAMS 0x00000000eae00000, 0x00000000eae00000| Untracked 
| 303|0x00000000eaf00000, 0x00000000eaf00000, 0x00000000eb000000|  0%| F|  |TAMS 0x00000000eaf00000, 0x00000000eaf00000| Untracked 
| 304|0x00000000eb000000, 0x00000000eb000000, 0x00000000eb100000|  0%| F|  |TAMS 0x00000000eb000000, 0x00000000eb000000| Untracked 
| 305|0x00000000eb100000, 0x00000000eb100000, 0x00000000eb200000|  0%| F|  |TAMS 0x00000000eb100000, 0x00000000eb100000| Untracked 
| 306|0x00000000eb200000, 0x00000000eb200000, 0x00000000eb300000|  0%| F|  |TAMS 0x00000000eb200000, 0x00000000eb200000| Untracked 
| 307|0x00000000eb300000, 0x00000000eb300000, 0x00000000eb400000|  0%| F|  |TAMS 0x00000000eb300000, 0x00000000eb300000| Untracked 
| 308|0x00000000eb400000, 0x00000000eb400000, 0x00000000eb500000|  0%| F|  |TAMS 0x00000000eb400000, 0x00000000eb400000| Untracked 
| 309|0x00000000eb500000, 0x00000000eb500000, 0x00000000eb600000|  0%| F|  |TAMS 0x00000000eb500000, 0x00000000eb500000| Untracked 
| 310|0x00000000eb600000, 0x00000000eb600000, 0x00000000eb700000|  0%| F|  |TAMS 0x00000000eb600000, 0x00000000eb600000| Untracked 
| 311|0x00000000eb700000, 0x00000000eb700000, 0x00000000eb800000|  0%| F|  |TAMS 0x00000000eb700000, 0x00000000eb700000| Untracked 
| 312|0x00000000eb800000, 0x00000000eb800000, 0x00000000eb900000|  0%| F|  |TAMS 0x00000000eb800000, 0x00000000eb800000| Untracked 
| 313|0x00000000eb900000, 0x00000000eb900000, 0x00000000eba00000|  0%| F|  |TAMS 0x00000000eb900000, 0x00000000eb900000| Untracked 
| 314|0x00000000eba00000, 0x00000000eba00000, 0x00000000ebb00000|  0%| F|  |TAMS 0x00000000eba00000, 0x00000000eba00000| Untracked 
| 315|0x00000000ebb00000, 0x00000000ebb00000, 0x00000000ebc00000|  0%| F|  |TAMS 0x00000000ebb00000, 0x00000000ebb00000| Untracked 
| 316|0x00000000ebc00000, 0x00000000ebc00000, 0x00000000ebd00000|  0%| F|  |TAMS 0x00000000ebc00000, 0x00000000ebc00000| Untracked 
| 317|0x00000000ebd00000, 0x00000000ebd00000, 0x00000000ebe00000|  0%| F|  |TAMS 0x00000000ebd00000, 0x00000000ebd00000| Untracked 
| 318|0x00000000ebe00000, 0x00000000ebe00000, 0x00000000ebf00000|  0%| F|  |TAMS 0x00000000ebe00000, 0x00000000ebe00000| Untracked 
| 319|0x00000000ebf00000, 0x00000000ebf00000, 0x00000000ec000000|  0%| F|  |TAMS 0x00000000ebf00000, 0x00000000ebf00000| Untracked 
| 320|0x00000000ec000000, 0x00000000ec000000, 0x00000000ec100000|  0%| F|  |TAMS 0x00000000ec000000, 0x00000000ec000000| Untracked 
| 321|0x00000000ec100000, 0x00000000ec100000, 0x00000000ec200000|  0%| F|  |TAMS 0x00000000ec100000, 0x00000000ec100000| Untracked 
| 322|0x00000000ec200000, 0x00000000ec200000, 0x00000000ec300000|  0%| F|  |TAMS 0x00000000ec200000, 0x00000000ec200000| Untracked 
| 323|0x00000000ec300000, 0x00000000ec300000, 0x00000000ec400000|  0%| F|  |TAMS 0x00000000ec300000, 0x00000000ec300000| Untracked 
| 324|0x00000000ec400000, 0x00000000ec400000, 0x00000000ec500000|  0%| F|  |TAMS 0x00000000ec400000, 0x00000000ec400000| Untracked 
| 325|0x00000000ec500000, 0x00000000ec500000, 0x00000000ec600000|  0%| F|  |TAMS 0x00000000ec500000, 0x00000000ec500000| Untracked 
| 326|0x00000000ec600000, 0x00000000ec600000, 0x00000000ec700000|  0%| F|  |TAMS 0x00000000ec600000, 0x00000000ec600000| Untracked 
| 327|0x00000000ec700000, 0x00000000ec700000, 0x00000000ec800000|  0%| F|  |TAMS 0x00000000ec700000, 0x00000000ec700000| Untracked 
| 328|0x00000000ec800000, 0x00000000ec800000, 0x00000000ec900000|  0%| F|  |TAMS 0x00000000ec800000, 0x00000000ec800000| Untracked 
| 329|0x00000000ec900000, 0x00000000ec900000, 0x00000000eca00000|  0%| F|  |TAMS 0x00000000ec900000, 0x00000000ec900000| Untracked 
| 330|0x00000000eca00000, 0x00000000ecb00000, 0x00000000ecb00000|100%| O|  |TAMS 0x00000000ecb00000, 0x00000000ecb00000| Untracked 
| 331|0x00000000ecb00000, 0x00000000ecc00000, 0x00000000ecc00000|100%| O|  |TAMS 0x00000000ecc00000, 0x00000000ecc00000| Untracked 
| 332|0x00000000ecc00000, 0x00000000ecd00000, 0x00000000ecd00000|100%| O|  |TAMS 0x00000000ecd00000, 0x00000000ecd00000| Untracked 
| 333|0x00000000ecd00000, 0x00000000ece00000, 0x00000000ece00000|100%| O|  |TAMS 0x00000000ece00000, 0x00000000ece00000| Untracked 
| 334|0x00000000ece00000, 0x00000000ecf00000, 0x00000000ecf00000|100%| O|  |TAMS 0x00000000ecf00000, 0x00000000ecf00000| Untracked 
| 335|0x00000000ecf00000, 0x00000000ed000000, 0x00000000ed000000|100%| O|  |TAMS 0x00000000ed000000, 0x00000000ed000000| Untracked 
| 336|0x00000000ed000000, 0x00000000ed100000, 0x00000000ed100000|100%| O|  |TAMS 0x00000000ed100000, 0x00000000ed100000| Untracked 
| 337|0x00000000ed100000, 0x00000000ed200000, 0x00000000ed200000|100%| O|  |TAMS 0x00000000ed200000, 0x00000000ed200000| Untracked 
| 338|0x00000000ed200000, 0x00000000ed200000, 0x00000000ed300000|  0%| F|  |TAMS 0x00000000ed200000, 0x00000000ed200000| Untracked 
| 339|0x00000000ed300000, 0x00000000ed400000, 0x00000000ed400000|100%| O|  |TAMS 0x00000000ed400000, 0x00000000ed400000| Untracked 
| 340|0x00000000ed400000, 0x00000000ed500000, 0x00000000ed500000|100%| O|  |TAMS 0x00000000ed500000, 0x00000000ed500000| Untracked 
| 341|0x00000000ed500000, 0x00000000ed600000, 0x00000000ed600000|100%| O|  |TAMS 0x00000000ed600000, 0x00000000ed600000| Untracked 
| 342|0x00000000ed600000, 0x00000000ed700000, 0x00000000ed700000|100%| O|  |TAMS 0x00000000ed700000, 0x00000000ed700000| Untracked 
| 343|0x00000000ed700000, 0x00000000ed800000, 0x00000000ed800000|100%| O|  |TAMS 0x00000000ed800000, 0x00000000ed800000| Untracked 
| 344|0x00000000ed800000, 0x00000000ed900000, 0x00000000ed900000|100%| O|  |TAMS 0x00000000ed900000, 0x00000000ed900000| Untracked 
| 345|0x00000000ed900000, 0x00000000eda00000, 0x00000000eda00000|100%| O|  |TAMS 0x00000000eda00000, 0x00000000eda00000| Untracked 
| 346|0x00000000eda00000, 0x00000000edb00000, 0x00000000edb00000|100%| O|  |TAMS 0x00000000edb00000, 0x00000000edb00000| Untracked 
| 347|0x00000000edb00000, 0x00000000edc00000, 0x00000000edc00000|100%| O|  |TAMS 0x00000000edc00000, 0x00000000edc00000| Untracked 
| 348|0x00000000edc00000, 0x00000000edd00000, 0x00000000edd00000|100%| O|  |TAMS 0x00000000edd00000, 0x00000000edd00000| Untracked 
| 349|0x00000000edd00000, 0x00000000ede00000, 0x00000000ede00000|100%| O|  |TAMS 0x00000000ede00000, 0x00000000ede00000| Untracked 
| 350|0x00000000ede00000, 0x00000000edf00000, 0x00000000edf00000|100%| O|  |TAMS 0x00000000edf00000, 0x00000000edf00000| Untracked 
| 351|0x00000000edf00000, 0x00000000edf00000, 0x00000000ee000000|  0%| F|  |TAMS 0x00000000edf00000, 0x00000000edf00000| Untracked 
| 352|0x00000000ee000000, 0x00000000ee100000, 0x00000000ee100000|100%| O|  |TAMS 0x00000000ee100000, 0x00000000ee100000| Untracked 
| 353|0x00000000ee100000, 0x00000000ee100000, 0x00000000ee200000|  0%| F|  |TAMS 0x00000000ee100000, 0x00000000ee100000| Untracked 
| 354|0x00000000ee200000, 0x00000000ee200000, 0x00000000ee300000|  0%| F|  |TAMS 0x00000000ee200000, 0x00000000ee200000| Untracked 
| 355|0x00000000ee300000, 0x00000000ee300000, 0x00000000ee400000|  0%| F|  |TAMS 0x00000000ee300000, 0x00000000ee300000| Untracked 
| 356|0x00000000ee400000, 0x00000000ee400000, 0x00000000ee500000|  0%| F|  |TAMS 0x00000000ee400000, 0x00000000ee400000| Untracked 
| 357|0x00000000ee500000, 0x00000000ee500000, 0x00000000ee600000|  0%| F|  |TAMS 0x00000000ee500000, 0x00000000ee500000| Untracked 
| 358|0x00000000ee600000, 0x00000000ee600000, 0x00000000ee700000|  0%| F|  |TAMS 0x00000000ee600000, 0x00000000ee600000| Untracked 
| 359|0x00000000ee700000, 0x00000000ee700000, 0x00000000ee800000|  0%| F|  |TAMS 0x00000000ee700000, 0x00000000ee700000| Untracked 
| 360|0x00000000ee800000, 0x00000000ee800000, 0x00000000ee900000|  0%| F|  |TAMS 0x00000000ee800000, 0x00000000ee800000| Untracked 
| 361|0x00000000ee900000, 0x00000000ee900000, 0x00000000eea00000|  0%| F|  |TAMS 0x00000000ee900000, 0x00000000ee900000| Untracked 
| 362|0x00000000eea00000, 0x00000000eea00000, 0x00000000eeb00000|  0%| F|  |TAMS 0x00000000eea00000, 0x00000000eea00000| Untracked 
| 363|0x00000000eeb00000, 0x00000000eec00000, 0x00000000eec00000|100%| O|  |TAMS 0x00000000eec00000, 0x00000000eec00000| Untracked 
| 364|0x00000000eec00000, 0x00000000eec00000, 0x00000000eed00000|  0%| F|  |TAMS 0x00000000eec00000, 0x00000000eec00000| Untracked 
| 365|0x00000000eed00000, 0x00000000eed00000, 0x00000000eee00000|  0%| F|  |TAMS 0x00000000eed00000, 0x00000000eed00000| Untracked 
| 366|0x00000000eee00000, 0x00000000eef00000, 0x00000000eef00000|100%| O|  |TAMS 0x00000000eef00000, 0x00000000eef00000| Untracked 
| 367|0x00000000eef00000, 0x00000000ef000000, 0x00000000ef000000|100%| O|  |TAMS 0x00000000ef000000, 0x00000000ef000000| Untracked 
| 368|0x00000000ef000000, 0x00000000ef100000, 0x00000000ef100000|100%| O|  |TAMS 0x00000000ef100000, 0x00000000ef100000| Untracked 
| 369|0x00000000ef100000, 0x00000000ef200000, 0x00000000ef200000|100%| O|  |TAMS 0x00000000ef200000, 0x00000000ef200000| Untracked 
| 370|0x00000000ef200000, 0x00000000ef300000, 0x00000000ef300000|100%| O|  |TAMS 0x00000000ef271400, 0x00000000ef300000| Untracked 
| 371|0x00000000ef300000, 0x00000000ef400000, 0x00000000ef400000|100%|HS|  |TAMS 0x00000000ef400000, 0x00000000ef400000| Complete 
| 372|0x00000000ef400000, 0x00000000ef500000, 0x00000000ef500000|100%|HC|  |TAMS 0x00000000ef500000, 0x00000000ef500000| Complete 
| 373|0x00000000ef500000, 0x00000000ef600000, 0x00000000ef600000|100%|HC|  |TAMS 0x00000000ef600000, 0x00000000ef600000| Complete 
| 374|0x00000000ef600000, 0x00000000ef700000, 0x00000000ef700000|100%|HC|  |TAMS 0x00000000ef700000, 0x00000000ef700000| Complete 
| 375|0x00000000ef700000, 0x00000000ef800000, 0x00000000ef800000|100%|HC|  |TAMS 0x00000000ef800000, 0x00000000ef800000| Complete 
| 376|0x00000000ef800000, 0x00000000ef900000, 0x00000000ef900000|100%|HC|  |TAMS 0x00000000ef900000, 0x00000000ef900000| Complete 
| 377|0x00000000ef900000, 0x00000000efa00000, 0x00000000efa00000|100%|HC|  |TAMS 0x00000000efa00000, 0x00000000efa00000| Complete 
| 378|0x00000000efa00000, 0x00000000efb00000, 0x00000000efb00000|100%|HC|  |TAMS 0x00000000efb00000, 0x00000000efb00000| Complete 
| 379|0x00000000efb00000, 0x00000000efc00000, 0x00000000efc00000|100%|HC|  |TAMS 0x00000000efc00000, 0x00000000efc00000| Complete 
| 380|0x00000000efc00000, 0x00000000efd00000, 0x00000000efd00000|100%|HC|  |TAMS 0x00000000efd00000, 0x00000000efd00000| Complete 
| 381|0x00000000efd00000, 0x00000000efe00000, 0x00000000efe00000|100%|HC|  |TAMS 0x00000000efe00000, 0x00000000efe00000| Complete 
| 382|0x00000000efe00000, 0x00000000eff00000, 0x00000000eff00000|100%|HC|  |TAMS 0x00000000eff00000, 0x00000000eff00000| Complete 
| 383|0x00000000eff00000, 0x00000000f0000000, 0x00000000f0000000|100%|HC|  |TAMS 0x00000000f0000000, 0x00000000f0000000| Complete 
| 384|0x00000000f0000000, 0x00000000f0100000, 0x00000000f0100000|100%|HC|  |TAMS 0x00000000f0100000, 0x00000000f0100000| Complete 
| 385|0x00000000f0100000, 0x00000000f0200000, 0x00000000f0200000|100%|HC|  |TAMS 0x00000000f0200000, 0x00000000f0200000| Complete 
| 386|0x00000000f0200000, 0x00000000f0300000, 0x00000000f0300000|100%|HC|  |TAMS 0x00000000f0300000, 0x00000000f0300000| Complete 
| 387|0x00000000f0300000, 0x00000000f0400000, 0x00000000f0400000|100%|HC|  |TAMS 0x00000000f0400000, 0x00000000f0400000| Complete 
| 388|0x00000000f0400000, 0x00000000f0500000, 0x00000000f0500000|100%|HC|  |TAMS 0x00000000f0500000, 0x00000000f0500000| Complete 
| 389|0x00000000f0500000, 0x00000000f0600000, 0x00000000f0600000|100%|HC|  |TAMS 0x00000000f0600000, 0x00000000f0600000| Complete 
| 390|0x00000000f0600000, 0x00000000f0700000, 0x00000000f0700000|100%|HC|  |TAMS 0x00000000f0700000, 0x00000000f0700000| Complete 
| 391|0x00000000f0700000, 0x00000000f0800000, 0x00000000f0800000|100%|HC|  |TAMS 0x00000000f0800000, 0x00000000f0800000| Complete 
| 392|0x00000000f0800000, 0x00000000f0900000, 0x00000000f0900000|100%|HC|  |TAMS 0x00000000f0900000, 0x00000000f0900000| Complete 
| 393|0x00000000f0900000, 0x00000000f0a00000, 0x00000000f0a00000|100%|HC|  |TAMS 0x00000000f0a00000, 0x00000000f0a00000| Complete 
| 394|0x00000000f0a00000, 0x00000000f0b00000, 0x00000000f0b00000|100%|HC|  |TAMS 0x00000000f0b00000, 0x00000000f0b00000| Complete 
| 395|0x00000000f0b00000, 0x00000000f0c00000, 0x00000000f0c00000|100%|HC|  |TAMS 0x00000000f0c00000, 0x00000000f0c00000| Complete 
| 396|0x00000000f0c00000, 0x00000000f0d00000, 0x00000000f0d00000|100%|HC|  |TAMS 0x00000000f0d00000, 0x00000000f0d00000| Complete 
| 397|0x00000000f0d00000, 0x00000000f0e00000, 0x00000000f0e00000|100%|HC|  |TAMS 0x00000000f0e00000, 0x00000000f0e00000| Complete 
| 398|0x00000000f0e00000, 0x00000000f0f00000, 0x00000000f0f00000|100%|HC|  |TAMS 0x00000000f0f00000, 0x00000000f0f00000| Complete 
| 399|0x00000000f0f00000, 0x00000000f1000000, 0x00000000f1000000|100%|HC|  |TAMS 0x00000000f1000000, 0x00000000f1000000| Complete 
| 400|0x00000000f1000000, 0x00000000f1100000, 0x00000000f1100000|100%|HC|  |TAMS 0x00000000f1100000, 0x00000000f1100000| Complete 
| 401|0x00000000f1100000, 0x00000000f1200000, 0x00000000f1200000|100%|HC|  |TAMS 0x00000000f1200000, 0x00000000f1200000| Complete 
| 402|0x00000000f1200000, 0x00000000f1300000, 0x00000000f1300000|100%|HS|  |TAMS 0x00000000f1200000, 0x00000000f1300000| Complete 
| 403|0x00000000f1300000, 0x00000000f1400000, 0x00000000f1400000|100%|HC|  |TAMS 0x00000000f1300000, 0x00000000f1400000| Complete 
| 404|0x00000000f1400000, 0x00000000f1500000, 0x00000000f1500000|100%|HC|  |TAMS 0x00000000f1400000, 0x00000000f1500000| Complete 
| 405|0x00000000f1500000, 0x00000000f1600000, 0x00000000f1600000|100%|HC|  |TAMS 0x00000000f1500000, 0x00000000f1600000| Complete 
| 406|0x00000000f1600000, 0x00000000f1700000, 0x00000000f1700000|100%|HC|  |TAMS 0x00000000f1600000, 0x00000000f1700000| Complete 
| 407|0x00000000f1700000, 0x00000000f1800000, 0x00000000f1800000|100%|HC|  |TAMS 0x00000000f1700000, 0x00000000f1800000| Complete 
| 408|0x00000000f1800000, 0x00000000f1900000, 0x00000000f1900000|100%|HC|  |TAMS 0x00000000f1800000, 0x00000000f1900000| Complete 
| 409|0x00000000f1900000, 0x00000000f1a00000, 0x00000000f1a00000|100%|HC|  |TAMS 0x00000000f1900000, 0x00000000f1a00000| Complete 
| 410|0x00000000f1a00000, 0x00000000f1b00000, 0x00000000f1b00000|100%|HC|  |TAMS 0x00000000f1a00000, 0x00000000f1b00000| Complete 
| 411|0x00000000f1b00000, 0x00000000f1c00000, 0x00000000f1c00000|100%|HS|  |TAMS 0x00000000f1b00000, 0x00000000f1c00000| Complete 
| 412|0x00000000f1c00000, 0x00000000f1d00000, 0x00000000f1d00000|100%|HC|  |TAMS 0x00000000f1c00000, 0x00000000f1d00000| Complete 
| 413|0x00000000f1d00000, 0x00000000f1e00000, 0x00000000f1e00000|100%|HC|  |TAMS 0x00000000f1d00000, 0x00000000f1e00000| Complete 
| 414|0x00000000f1e00000, 0x00000000f1e00000, 0x00000000f1f00000|  0%| F|  |TAMS 0x00000000f1e00000, 0x00000000f1e00000| Untracked 
| 415|0x00000000f1f00000, 0x00000000f1f00000, 0x00000000f2000000|  0%| F|  |TAMS 0x00000000f1f00000, 0x00000000f1f00000| Untracked 
| 416|0x00000000f2000000, 0x00000000f2000000, 0x00000000f2100000|  0%| F|  |TAMS 0x00000000f2000000, 0x00000000f2000000| Untracked 
| 417|0x00000000f2100000, 0x00000000f2100000, 0x00000000f2200000|  0%| F|  |TAMS 0x00000000f2100000, 0x00000000f2100000| Untracked 
| 418|0x00000000f2200000, 0x00000000f2200000, 0x00000000f2300000|  0%| F|  |TAMS 0x00000000f2200000, 0x00000000f2200000| Untracked 
| 419|0x00000000f2300000, 0x00000000f2300000, 0x00000000f2400000|  0%| F|  |TAMS 0x00000000f2300000, 0x00000000f2300000| Untracked 
| 420|0x00000000f2400000, 0x00000000f2400000, 0x00000000f2500000|  0%| F|  |TAMS 0x00000000f2400000, 0x00000000f2400000| Untracked 
| 421|0x00000000f2500000, 0x00000000f2500000, 0x00000000f2600000|  0%| F|  |TAMS 0x00000000f2500000, 0x00000000f2500000| Untracked 
| 422|0x00000000f2600000, 0x00000000f2600000, 0x00000000f2700000|  0%| F|  |TAMS 0x00000000f2600000, 0x00000000f2600000| Untracked 
| 423|0x00000000f2700000, 0x00000000f2700000, 0x00000000f2800000|  0%| F|  |TAMS 0x00000000f2700000, 0x00000000f2700000| Untracked 
| 424|0x00000000f2800000, 0x00000000f2800000, 0x00000000f2900000|  0%| F|  |TAMS 0x00000000f2800000, 0x00000000f2800000| Untracked 
| 425|0x00000000f2900000, 0x00000000f2900000, 0x00000000f2a00000|  0%| F|  |TAMS 0x00000000f2900000, 0x00000000f2900000| Untracked 
| 426|0x00000000f2a00000, 0x00000000f2a00000, 0x00000000f2b00000|  0%| F|  |TAMS 0x00000000f2a00000, 0x00000000f2a00000| Untracked 
| 427|0x00000000f2b00000, 0x00000000f2b00000, 0x00000000f2c00000|  0%| F|  |TAMS 0x00000000f2b00000, 0x00000000f2b00000| Untracked 
| 428|0x00000000f2c00000, 0x00000000f2c00000, 0x00000000f2d00000|  0%| F|  |TAMS 0x00000000f2c00000, 0x00000000f2c00000| Untracked 
| 429|0x00000000f2d00000, 0x00000000f2d00000, 0x00000000f2e00000|  0%| F|  |TAMS 0x00000000f2d00000, 0x00000000f2d00000| Untracked 
| 430|0x00000000f2e00000, 0x00000000f2e00000, 0x00000000f2f00000|  0%| F|  |TAMS 0x00000000f2e00000, 0x00000000f2e00000| Untracked 
| 431|0x00000000f2f00000, 0x00000000f2f00000, 0x00000000f3000000|  0%| F|  |TAMS 0x00000000f2f00000, 0x00000000f2f00000| Untracked 
| 432|0x00000000f3000000, 0x00000000f3000000, 0x00000000f3100000|  0%| F|  |TAMS 0x00000000f3000000, 0x00000000f3000000| Untracked 
| 433|0x00000000f3100000, 0x00000000f3100000, 0x00000000f3200000|  0%| F|  |TAMS 0x00000000f3100000, 0x00000000f3100000| Untracked 
| 434|0x00000000f3200000, 0x00000000f3200000, 0x00000000f3300000|  0%| F|  |TAMS 0x00000000f3200000, 0x00000000f3200000| Untracked 
| 435|0x00000000f3300000, 0x00000000f3300000, 0x00000000f3400000|  0%| F|  |TAMS 0x00000000f3300000, 0x00000000f3300000| Untracked 
| 436|0x00000000f3400000, 0x00000000f3400000, 0x00000000f3500000|  0%| F|  |TAMS 0x00000000f3400000, 0x00000000f3400000| Untracked 
| 437|0x00000000f3500000, 0x00000000f3500000, 0x00000000f3600000|  0%| F|  |TAMS 0x00000000f3500000, 0x00000000f3500000| Untracked 
| 438|0x00000000f3600000, 0x00000000f3600000, 0x00000000f3700000|  0%| F|  |TAMS 0x00000000f3600000, 0x00000000f3600000| Untracked 
| 439|0x00000000f3700000, 0x00000000f3700000, 0x00000000f3800000|  0%| F|  |TAMS 0x00000000f3700000, 0x00000000f3700000| Untracked 
| 440|0x00000000f3800000, 0x00000000f3800000, 0x00000000f3900000|  0%| F|  |TAMS 0x00000000f3800000, 0x00000000f3800000| Untracked 
| 441|0x00000000f3900000, 0x00000000f3900000, 0x00000000f3a00000|  0%| F|  |TAMS 0x00000000f3900000, 0x00000000f3900000| Untracked 
| 442|0x00000000f3a00000, 0x00000000f3a00000, 0x00000000f3b00000|  0%| F|  |TAMS 0x00000000f3a00000, 0x00000000f3a00000| Untracked 
| 443|0x00000000f3b00000, 0x00000000f3b00000, 0x00000000f3c00000|  0%| F|  |TAMS 0x00000000f3b00000, 0x00000000f3b00000| Untracked 
| 444|0x00000000f3c00000, 0x00000000f3c00000, 0x00000000f3d00000|  0%| F|  |TAMS 0x00000000f3c00000, 0x00000000f3c00000| Untracked 
| 445|0x00000000f3d00000, 0x00000000f3d00000, 0x00000000f3e00000|  0%| F|  |TAMS 0x00000000f3d00000, 0x00000000f3d00000| Untracked 
| 446|0x00000000f3e00000, 0x00000000f3e00000, 0x00000000f3f00000|  0%| F|  |TAMS 0x00000000f3e00000, 0x00000000f3e00000| Untracked 
| 447|0x00000000f3f00000, 0x00000000f3f00000, 0x00000000f4000000|  0%| F|  |TAMS 0x00000000f3f00000, 0x00000000f3f00000| Untracked 
| 448|0x00000000f4000000, 0x00000000f4000000, 0x00000000f4100000|  0%| F|  |TAMS 0x00000000f4000000, 0x00000000f4000000| Untracked 
| 449|0x00000000f4100000, 0x00000000f4100000, 0x00000000f4200000|  0%| F|  |TAMS 0x00000000f4100000, 0x00000000f4100000| Untracked 
| 450|0x00000000f4200000, 0x00000000f4200000, 0x00000000f4300000|  0%| F|  |TAMS 0x00000000f4200000, 0x00000000f4200000| Untracked 
| 451|0x00000000f4300000, 0x00000000f4400000, 0x00000000f4400000|100%|HS|  |TAMS 0x00000000f4300000, 0x00000000f4400000| Complete 
| 452|0x00000000f4400000, 0x00000000f4500000, 0x00000000f4500000|100%|HC|  |TAMS 0x00000000f4400000, 0x00000000f4500000| Complete 
| 453|0x00000000f4500000, 0x00000000f4600000, 0x00000000f4600000|100%|HC|  |TAMS 0x00000000f4500000, 0x00000000f4600000| Complete 
| 454|0x00000000f4600000, 0x00000000f4700000, 0x00000000f4700000|100%|HC|  |TAMS 0x00000000f4600000, 0x00000000f4700000| Complete 
| 455|0x00000000f4700000, 0x00000000f4800000, 0x00000000f4800000|100%|HC|  |TAMS 0x00000000f4700000, 0x00000000f4800000| Complete 
| 456|0x00000000f4800000, 0x00000000f4900000, 0x00000000f4900000|100%|HC|  |TAMS 0x00000000f4800000, 0x00000000f4900000| Complete 
| 457|0x00000000f4900000, 0x00000000f4a00000, 0x00000000f4a00000|100%|HC|  |TAMS 0x00000000f4900000, 0x00000000f4a00000| Complete 
| 458|0x00000000f4a00000, 0x00000000f4b00000, 0x00000000f4b00000|100%|HC|  |TAMS 0x00000000f4a00000, 0x00000000f4b00000| Complete 
| 459|0x00000000f4b00000, 0x00000000f4c00000, 0x00000000f4c00000|100%|HC|  |TAMS 0x00000000f4b00000, 0x00000000f4c00000| Complete 
| 460|0x00000000f4c00000, 0x00000000f4d00000, 0x00000000f4d00000|100%|HC|  |TAMS 0x00000000f4c00000, 0x00000000f4d00000| Complete 
| 461|0x00000000f4d00000, 0x00000000f4e00000, 0x00000000f4e00000|100%|HC|  |TAMS 0x00000000f4d00000, 0x00000000f4e00000| Complete 
| 462|0x00000000f4e00000, 0x00000000f4f00000, 0x00000000f4f00000|100%|HC|  |TAMS 0x00000000f4e00000, 0x00000000f4f00000| Complete 
| 463|0x00000000f4f00000, 0x00000000f5000000, 0x00000000f5000000|100%|HC|  |TAMS 0x00000000f4f00000, 0x00000000f5000000| Complete 
| 464|0x00000000f5000000, 0x00000000f5100000, 0x00000000f5100000|100%|HC|  |TAMS 0x00000000f5000000, 0x00000000f5100000| Complete 
| 465|0x00000000f5100000, 0x00000000f5200000, 0x00000000f5200000|100%|HC|  |TAMS 0x00000000f5100000, 0x00000000f5200000| Complete 
| 466|0x00000000f5200000, 0x00000000f5300000, 0x00000000f5300000|100%|HC|  |TAMS 0x00000000f5200000, 0x00000000f5300000| Complete 
| 467|0x00000000f5300000, 0x00000000f5400000, 0x00000000f5400000|100%|HC|  |TAMS 0x00000000f5300000, 0x00000000f5400000| Complete 
| 468|0x00000000f5400000, 0x00000000f5500000, 0x00000000f5500000|100%|HC|  |TAMS 0x00000000f5400000, 0x00000000f5500000| Complete 
| 469|0x00000000f5500000, 0x00000000f5600000, 0x00000000f5600000|100%|HC|  |TAMS 0x00000000f5500000, 0x00000000f5600000| Complete 
| 470|0x00000000f5600000, 0x00000000f5700000, 0x00000000f5700000|100%|HC|  |TAMS 0x00000000f5600000, 0x00000000f5700000| Complete 
| 471|0x00000000f5700000, 0x00000000f5800000, 0x00000000f5800000|100%|HC|  |TAMS 0x00000000f5700000, 0x00000000f5800000| Complete 
| 472|0x00000000f5800000, 0x00000000f5900000, 0x00000000f5900000|100%|HC|  |TAMS 0x00000000f5800000, 0x00000000f5900000| Complete 
| 473|0x00000000f5900000, 0x00000000f5a00000, 0x00000000f5a00000|100%|HC|  |TAMS 0x00000000f5900000, 0x00000000f5a00000| Complete 
| 474|0x00000000f5a00000, 0x00000000f5b00000, 0x00000000f5b00000|100%|HC|  |TAMS 0x00000000f5a00000, 0x00000000f5b00000| Complete 
| 475|0x00000000f5b00000, 0x00000000f5c00000, 0x00000000f5c00000|100%|HC|  |TAMS 0x00000000f5b00000, 0x00000000f5c00000| Complete 
| 476|0x00000000f5c00000, 0x00000000f5d00000, 0x00000000f5d00000|100%|HC|  |TAMS 0x00000000f5c00000, 0x00000000f5d00000| Complete 
| 477|0x00000000f5d00000, 0x00000000f5e00000, 0x00000000f5e00000|100%|HC|  |TAMS 0x00000000f5d00000, 0x00000000f5e00000| Complete 
| 478|0x00000000f5e00000, 0x00000000f5f00000, 0x00000000f5f00000|100%|HC|  |TAMS 0x00000000f5e00000, 0x00000000f5f00000| Complete 
| 479|0x00000000f5f00000, 0x00000000f6000000, 0x00000000f6000000|100%|HC|  |TAMS 0x00000000f5f00000, 0x00000000f6000000| Complete 
| 480|0x00000000f6000000, 0x00000000f6100000, 0x00000000f6100000|100%|HC|  |TAMS 0x00000000f6000000, 0x00000000f6100000| Complete 
| 481|0x00000000f6100000, 0x00000000f6200000, 0x00000000f6200000|100%|HC|  |TAMS 0x00000000f6100000, 0x00000000f6200000| Complete 
| 482|0x00000000f6200000, 0x00000000f6200000, 0x00000000f6300000|  0%| F|  |TAMS 0x00000000f6200000, 0x00000000f6200000| Untracked 
| 483|0x00000000f6300000, 0x00000000f6300000, 0x00000000f6400000|  0%| F|  |TAMS 0x00000000f6300000, 0x00000000f6300000| Untracked 
| 484|0x00000000f6400000, 0x00000000f6400000, 0x00000000f6500000|  0%| F|  |TAMS 0x00000000f6400000, 0x00000000f6400000| Untracked 
| 485|0x00000000f6500000, 0x00000000f6500000, 0x00000000f6600000|  0%| F|  |TAMS 0x00000000f6500000, 0x00000000f6500000| Untracked 
| 486|0x00000000f6600000, 0x00000000f6600000, 0x00000000f6700000|  0%| F|  |TAMS 0x00000000f6600000, 0x00000000f6600000| Untracked 
| 487|0x00000000f6700000, 0x00000000f6700000, 0x00000000f6800000|  0%| F|  |TAMS 0x00000000f6700000, 0x00000000f6700000| Untracked 
| 488|0x00000000f6800000, 0x00000000f6800000, 0x00000000f6900000|  0%| F|  |TAMS 0x00000000f6800000, 0x00000000f6800000| Untracked 
| 489|0x00000000f6900000, 0x00000000f6900000, 0x00000000f6a00000|  0%| F|  |TAMS 0x00000000f6900000, 0x00000000f6900000| Untracked 
| 490|0x00000000f6a00000, 0x00000000f6a00000, 0x00000000f6b00000|  0%| F|  |TAMS 0x00000000f6a00000, 0x00000000f6a00000| Untracked 
| 491|0x00000000f6b00000, 0x00000000f6b00000, 0x00000000f6c00000|  0%| F|  |TAMS 0x00000000f6b00000, 0x00000000f6b00000| Untracked 
| 492|0x00000000f6c00000, 0x00000000f6c00000, 0x00000000f6d00000|  0%| F|  |TAMS 0x00000000f6c00000, 0x00000000f6c00000| Untracked 
| 493|0x00000000f6d00000, 0x00000000f6d00000, 0x00000000f6e00000|  0%| F|  |TAMS 0x00000000f6d00000, 0x00000000f6d00000| Untracked 
| 494|0x00000000f6e00000, 0x00000000f6e00000, 0x00000000f6f00000|  0%| F|  |TAMS 0x00000000f6e00000, 0x00000000f6e00000| Untracked 
| 495|0x00000000f6f00000, 0x00000000f6f00000, 0x00000000f7000000|  0%| F|  |TAMS 0x00000000f6f00000, 0x00000000f6f00000| Untracked 
| 496|0x00000000f7000000, 0x00000000f7000000, 0x00000000f7100000|  0%| F|  |TAMS 0x00000000f7000000, 0x00000000f7000000| Untracked 
| 497|0x00000000f7100000, 0x00000000f7100000, 0x00000000f7200000|  0%| F|  |TAMS 0x00000000f7100000, 0x00000000f7100000| Untracked 
| 498|0x00000000f7200000, 0x00000000f7200000, 0x00000000f7300000|  0%| F|  |TAMS 0x00000000f7200000, 0x00000000f7200000| Untracked 
| 499|0x00000000f7300000, 0x00000000f7300000, 0x00000000f7400000|  0%| F|  |TAMS 0x00000000f7300000, 0x00000000f7300000| Untracked 
| 500|0x00000000f7400000, 0x00000000f7400000, 0x00000000f7500000|  0%| F|  |TAMS 0x00000000f7400000, 0x00000000f7400000| Untracked 
| 501|0x00000000f7500000, 0x00000000f7500000, 0x00000000f7600000|  0%| F|  |TAMS 0x00000000f7500000, 0x00000000f7500000| Untracked 
| 502|0x00000000f7600000, 0x00000000f7700000, 0x00000000f7700000|100%|HS|  |TAMS 0x00000000f7600000, 0x00000000f7700000| Complete 
| 503|0x00000000f7700000, 0x00000000f7800000, 0x00000000f7800000|100%|HC|  |TAMS 0x00000000f7700000, 0x00000000f7800000| Complete 
| 504|0x00000000f7800000, 0x00000000f7900000, 0x00000000f7900000|100%|HC|  |TAMS 0x00000000f7800000, 0x00000000f7900000| Complete 
| 505|0x00000000f7900000, 0x00000000f7a00000, 0x00000000f7a00000|100%|HC|  |TAMS 0x00000000f7900000, 0x00000000f7a00000| Complete 
| 506|0x00000000f7a00000, 0x00000000f7b00000, 0x00000000f7b00000|100%|HC|  |TAMS 0x00000000f7a00000, 0x00000000f7b00000| Complete 
| 507|0x00000000f7b00000, 0x00000000f7c00000, 0x00000000f7c00000|100%|HC|  |TAMS 0x00000000f7b00000, 0x00000000f7c00000| Complete 
| 508|0x00000000f7c00000, 0x00000000f7d00000, 0x00000000f7d00000|100%|HC|  |TAMS 0x00000000f7c00000, 0x00000000f7d00000| Complete 
| 509|0x00000000f7d00000, 0x00000000f7e00000, 0x00000000f7e00000|100%|HC|  |TAMS 0x00000000f7d00000, 0x00000000f7e00000| Complete 
| 510|0x00000000f7e00000, 0x00000000f7f00000, 0x00000000f7f00000|100%|HC|  |TAMS 0x00000000f7e00000, 0x00000000f7f00000| Complete 
| 511|0x00000000f7f00000, 0x00000000f7f00000, 0x00000000f8000000|  0%| F|  |TAMS 0x00000000f7f00000, 0x00000000f7f00000| Untracked 
| 512|0x00000000f8000000, 0x00000000f8000000, 0x00000000f8100000|  0%| F|  |TAMS 0x00000000f8000000, 0x00000000f8000000| Untracked 
| 513|0x00000000f8100000, 0x00000000f8100000, 0x00000000f8200000|  0%| F|  |TAMS 0x00000000f8100000, 0x00000000f8100000| Untracked 
| 514|0x00000000f8200000, 0x00000000f8200000, 0x00000000f8300000|  0%| F|  |TAMS 0x00000000f8200000, 0x00000000f8200000| Untracked 
| 515|0x00000000f8300000, 0x00000000f8300000, 0x00000000f8400000|  0%| F|  |TAMS 0x00000000f8300000, 0x00000000f8300000| Untracked 
| 516|0x00000000f8400000, 0x00000000f8400000, 0x00000000f8500000|  0%| F|  |TAMS 0x00000000f8400000, 0x00000000f8400000| Untracked 
| 517|0x00000000f8500000, 0x00000000f8600000, 0x00000000f8600000|100%|HS|  |TAMS 0x00000000f8500000, 0x00000000f8600000| Complete 
| 518|0x00000000f8600000, 0x00000000f8700000, 0x00000000f8700000|100%|HC|  |TAMS 0x00000000f8600000, 0x00000000f8700000| Complete 
| 519|0x00000000f8700000, 0x00000000f8800000, 0x00000000f8800000|100%|HC|  |TAMS 0x00000000f8700000, 0x00000000f8800000| Complete 
| 520|0x00000000f8800000, 0x00000000f8800000, 0x00000000f8900000|  0%| F|  |TAMS 0x00000000f8800000, 0x00000000f8800000| Untracked 
| 521|0x00000000f8900000, 0x00000000f8900000, 0x00000000f8a00000|  0%| F|  |TAMS 0x00000000f8900000, 0x00000000f8900000| Untracked 
| 522|0x00000000f8a00000, 0x00000000f8a00000, 0x00000000f8b00000|  0%| F|  |TAMS 0x00000000f8a00000, 0x00000000f8a00000| Untracked 
| 523|0x00000000f8b00000, 0x00000000f8b00000, 0x00000000f8c00000|  0%| F|  |TAMS 0x00000000f8b00000, 0x00000000f8b00000| Untracked 
| 524|0x00000000f8c00000, 0x00000000f8c00000, 0x00000000f8d00000|  0%| F|  |TAMS 0x00000000f8c00000, 0x00000000f8c00000| Untracked 
| 525|0x00000000f8d00000, 0x00000000f8d00000, 0x00000000f8e00000|  0%| F|  |TAMS 0x00000000f8d00000, 0x00000000f8d00000| Untracked 
| 526|0x00000000f8e00000, 0x00000000f8e00000, 0x00000000f8f00000|  0%| F|  |TAMS 0x00000000f8e00000, 0x00000000f8e00000| Untracked 
| 527|0x00000000f8f00000, 0x00000000f8f00000, 0x00000000f9000000|  0%| F|  |TAMS 0x00000000f8f00000, 0x00000000f8f00000| Untracked 
| 528|0x00000000f9000000, 0x00000000f9000000, 0x00000000f9100000|  0%| F|  |TAMS 0x00000000f9000000, 0x00000000f9000000| Untracked 
| 529|0x00000000f9100000, 0x00000000f9100000, 0x00000000f9200000|  0%| F|  |TAMS 0x00000000f9100000, 0x00000000f9100000| Untracked 
| 530|0x00000000f9200000, 0x00000000f9200000, 0x00000000f9300000|  0%| F|  |TAMS 0x00000000f9200000, 0x00000000f9200000| Untracked 
| 531|0x00000000f9300000, 0x00000000f9300000, 0x00000000f9400000|  0%| F|  |TAMS 0x00000000f9300000, 0x00000000f9300000| Untracked 
| 532|0x00000000f9400000, 0x00000000f9400000, 0x00000000f9500000|  0%| F|  |TAMS 0x00000000f9400000, 0x00000000f9400000| Untracked 
| 533|0x00000000f9500000, 0x00000000f9500000, 0x00000000f9600000|  0%| F|  |TAMS 0x00000000f9500000, 0x00000000f9500000| Untracked 
| 534|0x00000000f9600000, 0x00000000f9600000, 0x00000000f9700000|  0%| F|  |TAMS 0x00000000f9600000, 0x00000000f9600000| Untracked 
| 535|0x00000000f9700000, 0x00000000f9700000, 0x00000000f9800000|  0%| F|  |TAMS 0x00000000f9700000, 0x00000000f9700000| Untracked 
| 536|0x00000000f9800000, 0x00000000f9800000, 0x00000000f9900000|  0%| F|  |TAMS 0x00000000f9800000, 0x00000000f9800000| Untracked 
| 537|0x00000000f9900000, 0x00000000f9900000, 0x00000000f9a00000|  0%| F|  |TAMS 0x00000000f9900000, 0x00000000f9900000| Untracked 
| 538|0x00000000f9a00000, 0x00000000f9a00000, 0x00000000f9b00000|  0%| F|  |TAMS 0x00000000f9a00000, 0x00000000f9a00000| Untracked 
| 539|0x00000000f9b00000, 0x00000000f9b00000, 0x00000000f9c00000|  0%| F|  |TAMS 0x00000000f9b00000, 0x00000000f9b00000| Untracked 
| 540|0x00000000f9c00000, 0x00000000f9c00000, 0x00000000f9d00000|  0%| F|  |TAMS 0x00000000f9c00000, 0x00000000f9c00000| Untracked 
| 541|0x00000000f9d00000, 0x00000000f9d00000, 0x00000000f9e00000|  0%| F|  |TAMS 0x00000000f9d00000, 0x00000000f9d00000| Untracked 
| 542|0x00000000f9e00000, 0x00000000f9e00000, 0x00000000f9f00000|  0%| F|  |TAMS 0x00000000f9e00000, 0x00000000f9e00000| Untracked 
| 543|0x00000000f9f00000, 0x00000000f9f00000, 0x00000000fa000000|  0%| F|  |TAMS 0x00000000f9f00000, 0x00000000f9f00000| Untracked 
| 544|0x00000000fa000000, 0x00000000fa000000, 0x00000000fa100000|  0%| F|  |TAMS 0x00000000fa000000, 0x00000000fa000000| Untracked 
| 545|0x00000000fa100000, 0x00000000fa100000, 0x00000000fa200000|  0%| F|  |TAMS 0x00000000fa100000, 0x00000000fa100000| Untracked 
| 546|0x00000000fa200000, 0x00000000fa200000, 0x00000000fa300000|  0%| F|  |TAMS 0x00000000fa200000, 0x00000000fa200000| Untracked 
| 547|0x00000000fa300000, 0x00000000fa300000, 0x00000000fa400000|  0%| F|  |TAMS 0x00000000fa300000, 0x00000000fa300000| Untracked 
| 548|0x00000000fa400000, 0x00000000fa400000, 0x00000000fa500000|  0%| F|  |TAMS 0x00000000fa400000, 0x00000000fa400000| Untracked 
| 549|0x00000000fa500000, 0x00000000fa500000, 0x00000000fa600000|  0%| F|  |TAMS 0x00000000fa500000, 0x00000000fa500000| Untracked 
| 550|0x00000000fa600000, 0x00000000fa600000, 0x00000000fa700000|  0%| F|  |TAMS 0x00000000fa600000, 0x00000000fa600000| Untracked 
| 551|0x00000000fa700000, 0x00000000fa700000, 0x00000000fa800000|  0%| F|  |TAMS 0x00000000fa700000, 0x00000000fa700000| Untracked 
| 552|0x00000000fa800000, 0x00000000fa800000, 0x00000000fa900000|  0%| F|  |TAMS 0x00000000fa800000, 0x00000000fa800000| Untracked 
| 553|0x00000000fa900000, 0x00000000faa00000, 0x00000000faa00000|100%| S|CS|TAMS 0x00000000fa900000, 0x00000000fa900000| Complete 
| 554|0x00000000faa00000, 0x00000000fab00000, 0x00000000fab00000|100%| S|CS|TAMS 0x00000000faa00000, 0x00000000faa00000| Complete 
| 555|0x00000000fab00000, 0x00000000fac00000, 0x00000000fac00000|100%| S|CS|TAMS 0x00000000fab00000, 0x00000000fab00000| Complete 
| 556|0x00000000fac00000, 0x00000000fad00000, 0x00000000fad00000|100%| S|CS|TAMS 0x00000000fac00000, 0x00000000fac00000| Complete 
| 557|0x00000000fad00000, 0x00000000fad00000, 0x00000000fae00000|  0%| F|  |TAMS 0x00000000fad00000, 0x00000000fad00000| Untracked 
| 558|0x00000000fae00000, 0x00000000fae00000, 0x00000000faf00000|  0%| F|  |TAMS 0x00000000fae00000, 0x00000000fae00000| Untracked 
| 559|0x00000000faf00000, 0x00000000faf00000, 0x00000000fb000000|  0%| F|  |TAMS 0x00000000faf00000, 0x00000000faf00000| Untracked 
| 560|0x00000000fb000000, 0x00000000fb000000, 0x00000000fb100000|  0%| F|  |TAMS 0x00000000fb000000, 0x00000000fb000000| Untracked 
| 561|0x00000000fb100000, 0x00000000fb100000, 0x00000000fb200000|  0%| F|  |TAMS 0x00000000fb100000, 0x00000000fb100000| Untracked 
| 562|0x00000000fb200000, 0x00000000fb200000, 0x00000000fb300000|  0%| F|  |TAMS 0x00000000fb200000, 0x00000000fb200000| Untracked 
| 563|0x00000000fb300000, 0x00000000fb300000, 0x00000000fb400000|  0%| F|  |TAMS 0x00000000fb300000, 0x00000000fb300000| Untracked 
| 564|0x00000000fb400000, 0x00000000fb400000, 0x00000000fb500000|  0%| F|  |TAMS 0x00000000fb400000, 0x00000000fb400000| Untracked 
| 565|0x00000000fb500000, 0x00000000fb500000, 0x00000000fb600000|  0%| F|  |TAMS 0x00000000fb500000, 0x00000000fb500000| Untracked 
| 566|0x00000000fb600000, 0x00000000fb600000, 0x00000000fb700000|  0%| F|  |TAMS 0x00000000fb600000, 0x00000000fb600000| Untracked 
| 567|0x00000000fb700000, 0x00000000fb700000, 0x00000000fb800000|  0%| F|  |TAMS 0x00000000fb700000, 0x00000000fb700000| Untracked 
| 568|0x00000000fb800000, 0x00000000fb800000, 0x00000000fb900000|  0%| F|  |TAMS 0x00000000fb800000, 0x00000000fb800000| Untracked 
| 569|0x00000000fb900000, 0x00000000fb900000, 0x00000000fba00000|  0%| F|  |TAMS 0x00000000fb900000, 0x00000000fb900000| Untracked 
| 570|0x00000000fba00000, 0x00000000fba00000, 0x00000000fbb00000|  0%| F|  |TAMS 0x00000000fba00000, 0x00000000fba00000| Untracked 
| 571|0x00000000fbb00000, 0x00000000fbb00000, 0x00000000fbc00000|  0%| F|  |TAMS 0x00000000fbb00000, 0x00000000fbb00000| Untracked 
| 572|0x00000000fbc00000, 0x00000000fbc00000, 0x00000000fbd00000|  0%| F|  |TAMS 0x00000000fbc00000, 0x00000000fbc00000| Untracked 
| 573|0x00000000fbd00000, 0x00000000fbd00000, 0x00000000fbe00000|  0%| F|  |TAMS 0x00000000fbd00000, 0x00000000fbd00000| Untracked 
| 574|0x00000000fbe00000, 0x00000000fbe00000, 0x00000000fbf00000|  0%| F|  |TAMS 0x00000000fbe00000, 0x00000000fbe00000| Untracked 
| 575|0x00000000fbf00000, 0x00000000fbf00000, 0x00000000fc000000|  0%| F|  |TAMS 0x00000000fbf00000, 0x00000000fbf00000| Untracked 
| 576|0x00000000fc000000, 0x00000000fc000000, 0x00000000fc100000|  0%| F|  |TAMS 0x00000000fc000000, 0x00000000fc000000| Untracked 
| 577|0x00000000fc100000, 0x00000000fc100000, 0x00000000fc200000|  0%| F|  |TAMS 0x00000000fc100000, 0x00000000fc100000| Untracked 
| 578|0x00000000fc200000, 0x00000000fc200000, 0x00000000fc300000|  0%| F|  |TAMS 0x00000000fc200000, 0x00000000fc200000| Untracked 
| 579|0x00000000fc300000, 0x00000000fc300000, 0x00000000fc400000|  0%| F|  |TAMS 0x00000000fc300000, 0x00000000fc300000| Untracked 
| 580|0x00000000fc400000, 0x00000000fc400000, 0x00000000fc500000|  0%| F|  |TAMS 0x00000000fc400000, 0x00000000fc400000| Untracked 
| 581|0x00000000fc500000, 0x00000000fc500000, 0x00000000fc600000|  0%| F|  |TAMS 0x00000000fc500000, 0x00000000fc500000| Untracked 
| 582|0x00000000fc600000, 0x00000000fc600000, 0x00000000fc700000|  0%| F|  |TAMS 0x00000000fc600000, 0x00000000fc600000| Untracked 
| 583|0x00000000fc700000, 0x00000000fc700000, 0x00000000fc800000|  0%| F|  |TAMS 0x00000000fc700000, 0x00000000fc700000| Untracked 
| 584|0x00000000fc800000, 0x00000000fc800000, 0x00000000fc900000|  0%| F|  |TAMS 0x00000000fc800000, 0x00000000fc800000| Untracked 
| 585|0x00000000fc900000, 0x00000000fc900000, 0x00000000fca00000|  0%| F|  |TAMS 0x00000000fc900000, 0x00000000fc900000| Untracked 
| 631|0x00000000ff700000, 0x00000000ff800000, 0x00000000ff800000|100%| O|  |TAMS 0x00000000ff700000, 0x00000000ff800000| Untracked 
| 632|0x00000000ff800000, 0x00000000ff900000, 0x00000000ff900000|100%| O|  |TAMS 0x00000000ff800000, 0x00000000ff900000| Untracked 
| 633|0x00000000ff900000, 0x00000000ffa00000, 0x00000000ffa00000|100%| O|  |TAMS 0x00000000ff900000, 0x00000000ffa00000| Untracked 
| 634|0x00000000ffa00000, 0x00000000ffb00000, 0x00000000ffb00000|100%| O|  |TAMS 0x00000000ffa00000, 0x00000000ffb00000| Untracked 
| 635|0x00000000ffb00000, 0x00000000ffc00000, 0x00000000ffc00000|100%| O|  |TAMS 0x00000000ffb00000, 0x00000000ffc00000| Untracked 
| 636|0x00000000ffc00000, 0x00000000ffd00000, 0x00000000ffd00000|100%| O|  |TAMS 0x00000000ffc00000, 0x00000000ffd00000| Untracked 
| 637|0x00000000ffd00000, 0x00000000ffe00000, 0x00000000ffe00000|100%| O|  |TAMS 0x00000000ffd00000, 0x00000000ffe00000| Untracked 
| 638|0x00000000ffe00000, 0x00000000ffe75000, 0x00000000fff00000| 45%|OA|  |TAMS 0x00000000ffe75000, 0x00000000ffe75000| Untracked 
| 639|0x00000000fff00000, 0x00000000fff78000, 0x0000000100000000| 46%|CA|  |TAMS 0x00000000fff78000, 0x00000000fff78000| Untracked 

Card table byte_map: [0x00007fc82f367000,0x00007fc82f4a7000] _byte_map_base: 0x00007fc82eca7000

Marking Bits (Prev, Next): (CMBitMap*) 0x00007fc82804c500, (CMBitMap*) 0x00007fc82804c4c0
 Prev Bits: [0x00007fc82de27000, 0x00007fc82e827000)
 Next Bits: [0x00007fc82e827000, 0x00007fc82f227000)

Polling page: 0x00007fc8313aa000

Metaspace:

Usage:
  Non-class:     92.70 MB used.
      Class:     14.68 MB used.
       Both:    107.38 MB used.

Virtual space:
  Non-class space:      128.00 MB reserved,      93.06 MB ( 73%) committed,  2 nodes.
      Class space:      256.00 MB reserved,      15.06 MB (  6%) committed,  1 nodes.
             Both:      384.00 MB reserved,     108.12 MB ( 28%) committed. 

Chunk freelists:
   Non-Class:  2.86 MB
       Class:  896.00 KB
        Both:  3.73 MB

MaxMetaspaceSize: 320.00 MB
CompressedClassSpaceSize: 256.00 MB
Initial GC threshold: 21.00 MB
Current GC threshold: 179.62 MB
CDS: on
MetaspaceReclaimPolicy: balanced
 - commit_granule_bytes: 65536.
 - commit_granule_words: 8192.
 - virtual_space_node_default_size: 8388608.
 - enlarge_chunks_in_place: 1.
 - new_chunks_are_fully_committed: 0.
 - uncommit_free_chunks: 1.
 - use_allocation_guard: 0.
 - handle_deallocations: 1.


Internal statistics:

num_allocs_failed_limit: 3.
num_arena_births: 1098.
num_arena_deaths: 0.
num_vsnodes_births: 3.
num_vsnodes_deaths: 0.
num_space_committed: 1729.
num_space_uncommitted: 0.
num_chunks_returned_to_freelist: 3.
num_chunks_taken_from_freelist: 5629.
num_chunk_merges: 3.
num_chunk_splits: 3789.
num_chunks_enlarged: 2651.
num_inconsistent_stats: 0.

CodeHeap 'non-profiled nmethods': size=120036Kb used=14678Kb max_used=14678Kb free=105357Kb
 bounds [0x00007fc818fd8000, 0x00007fc819e48000, 0x00007fc820511000]
CodeHeap 'profiled nmethods': size=120032Kb used=34745Kb max_used=35703Kb free=85286Kb
 bounds [0x00007fc811511000, 0x00007fc8137f1000, 0x00007fc818a49000]
CodeHeap 'non-nmethods': size=5692Kb used=1714Kb max_used=1828Kb free=3977Kb
 bounds [0x00007fc818a49000, 0x00007fc818cb9000, 0x00007fc818fd8000]
 total_blobs=17512 nmethods=16721 adapters=701
 compilation: enabled
              stopped_count=0, restarted_count=0
 full_count=0

Compilation events (20 events):
Event: 157.462 Thread 0x00007fc8280a7e00 23239       2       com.android.tools.r8.dex.code.Y0::<init> (22 bytes)
Event: 157.462 Thread 0x00007fc8280a7e00 nmethod 23239 0x00007fc8134cd390 code [0x00007fc8134cd540, 0x00007fc8134cd6d0]
Event: 157.462 Thread 0x00007fc8280a7e00 23241       2       com.android.tools.r8.dex.code.Y0::hashCode (21 bytes)
Event: 157.462 Thread 0x00007fc8280a7e00 nmethod 23241 0x00007fc8134cd010 code [0x00007fc8134cd1c0, 0x00007fc8134cd300]
Event: 157.481 Thread 0x00007fc8280a68d0 nmethod 22899% 0x00007fc819e36f10 code [0x00007fc819e37620, 0x00007fc819e3ff50]
Event: 157.482 Thread 0x00007fc8280a68d0 23223       4       com.android.tools.r8.dex.code.D1::a (65 bytes)
Event: 157.499 Thread 0x00007fc8280a68d0 nmethod 23223 0x00007fc819b8eb90 code [0x00007fc819b8ed80, 0x00007fc819b8fd48]
Event: 157.499 Thread 0x00007fc8280a68d0 23230 %     4       com.android.tools.r8.dex.C::a @ 292 (992 bytes)
Event: 157.702 Thread 0x00007fc8280a7e00 23243 %     3       com.android.tools.r8.graph.K4::b @ 94 (157 bytes)
Event: 157.704 Thread 0x00007fc8280a7e00 nmethod 23243% 0x00007fc8134cae10 code [0x00007fc8134cb140, 0x00007fc8134cc830]
Event: 157.999 Thread 0x00007fc8280a7e00 23244       2       com.android.tools.r8.dex.code.X0::<init> (20 bytes)
Event: 158.001 Thread 0x00007fc8280a7e00 nmethod 23244 0x00007fc8134ca790 code [0x00007fc8134ca940, 0x00007fc8134caaf0]
Event: 158.077 Thread 0x00007fc8280a7e00 23246       2       com.android.tools.r8.dex.code.b3::<init> (58 bytes)
Event: 158.078 Thread 0x00007fc8280a7e00 nmethod 23246 0x00007fc813362b10 code [0x00007fc813362d00, 0x00007fc813363120]
Event: 158.193 Thread 0x00007fc8280a7e00 23247       3       com.android.tools.r8.dex.code.B1::H (5 bytes)
Event: 158.467 Thread 0x00007fc8280a7e00 nmethod 23247 0x00007fc813362690 code [0x00007fc813362840, 0x00007fc813362a50]
Event: 158.580 Thread 0x00007fc8280a7e00 23248       2       com.android.tools.r8.dex.code.n2::<init> (6 bytes)
Event: 158.591 Thread 0x00007fc8280a7e00 nmethod 23248 0x00007fc813362310 code [0x00007fc8133624c0, 0x00007fc8133625e0]
Event: 158.993 Thread 0x00007fc8280a7e00 23252       3       com.android.tools.r8.graph.U3::a (16 bytes)
Event: 159.162 Thread 0x00007fc8280a7e00 nmethod 23252 0x00007fc813361f10 code [0x00007fc8133620c0, 0x00007fc813362260]

GC Heap History (20 events):
Event: 152.658 GC heap after
{Heap after GC invocations=233 (full 0):
 garbage-first heap   total 570368K, used 386877K [0x00000000d8000000, 0x0000000100000000)
  region size 1024K, 7 young (7168K), 7 survivors (7168K)
 Metaspace       used 109102K, committed 109888K, reserved 393216K
  class space    used 14931K, committed 15360K, reserved 262144K
}
Event: 152.779 GC heap before
{Heap before GC invocations=233 (full 0):
 garbage-first heap   total 570368K, used 418621K [0x00000000d8000000, 0x0000000100000000)
  region size 1024K, 8 young (8192K), 7 survivors (7168K)
 Metaspace       used 109102K, committed 109888K, reserved 393216K
  class space    used 14931K, committed 15360K, reserved 262144K
}
Event: 152.793 GC heap after
{Heap after GC invocations=234 (full 0):
 garbage-first heap   total 570368K, used 418681K [0x00000000d8000000, 0x0000000100000000)
  region size 1024K, 7 young (7168K), 7 survivors (7168K)
 Metaspace       used 109102K, committed 109888K, reserved 393216K
  class space    used 14931K, committed 15360K, reserved 262144K
}
Event: 153.472 GC heap before
{Heap before GC invocations=234 (full 0):
 garbage-first heap   total 570368K, used 556921K [0x00000000d8000000, 0x0000000100000000)
  region size 1024K, 26 young (26624K), 7 survivors (7168K)
 Metaspace       used 109594K, committed 110336K, reserved 393216K
  class space    used 15006K, committed 15424K, reserved 262144K
}
Event: 153.500 GC heap after
{Heap after GC invocations=235 (full 0):
 garbage-first heap   total 573440K, used 480826K [0x00000000d8000000, 0x0000000100000000)
  region size 1024K, 12 young (12288K), 12 survivors (12288K)
 Metaspace       used 109594K, committed 110336K, reserved 393216K
  class space    used 15006K, committed 15424K, reserved 262144K
}
Event: 153.903 GC heap before
{Heap before GC invocations=236 (full 0):
 garbage-first heap   total 573440K, used 355898K [0x00000000d8000000, 0x0000000100000000)
  region size 1024K, 33 young (33792K), 12 survivors (12288K)
 Metaspace       used 109596K, committed 110336K, reserved 393216K
  class space    used 15006K, committed 15424K, reserved 262144K
}
Event: 153.982 GC heap after
{Heap after GC invocations=237 (full 0):
 garbage-first heap   total 573440K, used 337679K [0x00000000d8000000, 0x0000000100000000)
  region size 1024K, 5 young (5120K), 5 survivors (5120K)
 Metaspace       used 109596K, committed 110336K, reserved 393216K
  class space    used 15006K, committed 15424K, reserved 262144K
}
Event: 154.289 GC heap before
{Heap before GC invocations=237 (full 0):
 garbage-first heap   total 573440K, used 362255K [0x00000000d8000000, 0x0000000100000000)
  region size 1024K, 28 young (28672K), 5 survivors (5120K)
 Metaspace       used 109596K, committed 110336K, reserved 393216K
  class space    used 15006K, committed 15424K, reserved 262144K
}
Event: 154.361 GC heap after
{Heap after GC invocations=238 (full 0):
 garbage-first heap   total 573440K, used 288692K [0x00000000d8000000, 0x0000000100000000)
  region size 1024K, 4 young (4096K), 4 survivors (4096K)
 Metaspace       used 109596K, committed 110336K, reserved 393216K
  class space    used 15006K, committed 15424K, reserved 262144K
}
Event: 154.675 GC heap before
{Heap before GC invocations=238 (full 0):
 garbage-first heap   total 573440K, used 313268K [0x00000000d8000000, 0x0000000100000000)
  region size 1024K, 28 young (28672K), 4 survivors (4096K)
 Metaspace       used 109596K, committed 110336K, reserved 393216K
  class space    used 15006K, committed 15424K, reserved 262144K
}
Event: 154.707 GC heap after
{Heap after GC invocations=239 (full 0):
 garbage-first heap   total 573440K, used 256436K [0x00000000d8000000, 0x0000000100000000)
  region size 1024K, 4 young (4096K), 4 survivors (4096K)
 Metaspace       used 109596K, committed 110336K, reserved 393216K
  class space    used 15006K, committed 15424K, reserved 262144K
}
Event: 156.993 GC heap before
{Heap before GC invocations=239 (full 0):
 garbage-first heap   total 573440K, used 471476K [0x00000000d8000000, 0x0000000100000000)
  region size 1024K, 206 young (210944K), 4 survivors (4096K)
 Metaspace       used 109958K, committed 110720K, reserved 393216K
  class space    used 15034K, committed 15424K, reserved 262144K
}
Event: 157.401 GC heap after
{Heap after GC invocations=240 (full 0):
 garbage-first heap   total 609280K, used 368306K [0x00000000d8000000, 0x0000000100000000)
  region size 1024K, 26 young (26624K), 26 survivors (26624K)
 Metaspace       used 109958K, committed 110720K, reserved 393216K
  class space    used 15034K, committed 15424K, reserved 262144K
}
Event: 157.705 GC heap before
{Heap before GC invocations=240 (full 0):
 garbage-first heap   total 609280K, used 388786K [0x00000000d8000000, 0x0000000100000000)
  region size 1024K, 46 young (47104K), 26 survivors (26624K)
 Metaspace       used 109959K, committed 110720K, reserved 393216K
  class space    used 15034K, committed 15424K, reserved 262144K
}
Event: 157.991 GC heap after
{Heap after GC invocations=241 (full 0):
 garbage-first heap   total 609280K, used 380340K [0x00000000d8000000, 0x0000000100000000)
  region size 1024K, 6 young (6144K), 6 survivors (6144K)
 Metaspace       used 109959K, committed 110720K, reserved 393216K
  class space    used 15034K, committed 15424K, reserved 262144K
}
Event: 158.196 GC heap before
{Heap before GC invocations=241 (full 0):
 garbage-first heap   total 609280K, used 403892K [0x00000000d8000000, 0x0000000100000000)
  region size 1024K, 29 young (29696K), 6 survivors (6144K)
 Metaspace       used 109959K, committed 110720K, reserved 393216K
  class space    used 15034K, committed 15424K, reserved 262144K
}
Event: 158.367 GC heap after
{Heap after GC invocations=242 (full 0):
 garbage-first heap   total 609280K, used 393140K [0x00000000d8000000, 0x0000000100000000)
  region size 1024K, 4 young (4096K), 4 survivors (4096K)
 Metaspace       used 109959K, committed 110720K, reserved 393216K
  class space    used 15034K, committed 15424K, reserved 262144K
}
Event: 159.180 GC heap before
{Heap before GC invocations=242 (full 0):
 garbage-first heap   total 609280K, used 418740K [0x00000000d8000000, 0x0000000100000000)
  region size 1024K, 29 young (29696K), 4 survivors (4096K)
 Metaspace       used 109959K, committed 110720K, reserved 393216K
  class space    used 15034K, committed 15424K, reserved 262144K
}
Event: 159.292 GC heap after
{Heap after GC invocations=243 (full 0):
 garbage-first heap   total 609280K, used 408564K [0x00000000d8000000, 0x0000000100000000)
  region size 1024K, 4 young (4096K), 4 survivors (4096K)
 Metaspace       used 109959K, committed 110720K, reserved 393216K
  class space    used 15034K, committed 15424K, reserved 262144K
}
Event: 159.785 GC heap before
{Heap before GC invocations=243 (full 0):
 garbage-first heap   total 609280K, used 436212K [0x00000000d8000000, 0x0000000100000000)
  region size 1024K, 29 young (29696K), 4 survivors (4096K)
 Metaspace       used 109959K, committed 110720K, reserved 393216K
  class space    used 15034K, committed 15424K, reserved 262144K
}

Dll operation events (14 events):
Event: 0.002 Loaded shared library /usr/lib/jvm/java-17-openjdk-amd64/lib/libjava.so
Event: 0.069 Loaded shared library /usr/lib/jvm/java-17-openjdk-amd64/lib/libjsvml.so
Event: 0.158 Loaded shared library /usr/lib/jvm/java-17-openjdk-amd64/lib/libzip.so
Event: 0.159 Loaded shared library /usr/lib/jvm/java-17-openjdk-amd64/lib/libinstrument.so
Event: 0.161 Loaded shared library /usr/lib/jvm/java-17-openjdk-amd64/lib/libnio.so
Event: 0.164 Loaded shared library /usr/lib/jvm/java-17-openjdk-amd64/lib/libzip.so
Event: 0.283 Loaded shared library /usr/lib/jvm/java-17-openjdk-amd64/lib/libjimage.so
Event: 0.369 Loaded shared library /usr/lib/jvm/java-17-openjdk-amd64/lib/libverify.so
Event: 0.605 Loaded shared library /usr/lib/jvm/java-17-openjdk-amd64/lib/libnet.so
Event: 0.606 Loaded shared library /root/.gradle/native/c067742578af261105cb4f569cf0c3c89f3d7b1fecec35dd04571415982c5e48/linux-amd64/libnative-platform.so
Event: 0.659 Loaded shared library /root/.gradle/native/38dada09dfb8b06ba9b0570ebf7e218e3eb74d4ef43ca46872605cf95ebc2f47/linux-amd64/libnative-platform-file-events.so
Event: 2.008 Loaded shared library /usr/lib/jvm/java-17-openjdk-amd64/lib/libmanagement.so
Event: 2.060 Loaded shared library /usr/lib/jvm/java-17-openjdk-amd64/lib/libmanagement_ext.so
Event: 2.303 Loaded shared library /usr/lib/jvm/java-17-openjdk-amd64/lib/libextnet.so

Deoptimization events (20 events):
Event: 155.676 Thread 0x00007fc7fc03a6a0 Uncommon trap: trap_request=0xffffff45 fr.pc=0x00007fc81953a280 relative=0x0000000000000060
Event: 155.676 Thread 0x00007fc7fc03a6a0 Uncommon trap: reason=unstable_if action=reinterpret pc=0x00007fc81953a280 method=com.android.tools.r8.utils.A1$g.b()Z @ 4 c2
Event: 155.676 Thread 0x00007fc7fc03a6a0 DEOPT PACKING pc=0x00007fc81953a280 sp=0x00007fc800debbd0
Event: 155.676 Thread 0x00007fc7fc03a6a0 DEOPT UNPACKING pc=0x00007fc818aa2b19 sp=0x00007fc800debb78 mode 2
Event: 155.801 Thread 0x00007fc7fc040690 DEOPT PACKING pc=0x00007fc8134fbe11 sp=0x00007fc800ceb1c0
Event: 155.801 Thread 0x00007fc7fc040690 DEOPT UNPACKING pc=0x00007fc818aa364f sp=0x00007fc800cea700 mode 0
Event: 155.858 Thread 0x00007fc7fc03a6a0 DEOPT PACKING pc=0x00007fc8134fbe11 sp=0x00007fc800dec1c0
Event: 155.858 Thread 0x00007fc7fc03a6a0 DEOPT UNPACKING pc=0x00007fc818aa364f sp=0x00007fc800deb700 mode 0
Event: 155.870 Thread 0x00007fc7fc040690 DEOPT PACKING pc=0x00007fc813247f01 sp=0x00007fc800ceb2a0
Event: 155.870 Thread 0x00007fc7fc040690 DEOPT UNPACKING pc=0x00007fc818aa364f sp=0x00007fc800cea868 mode 0
Event: 155.882 Thread 0x00007fc7fc040690 DEOPT PACKING pc=0x00007fc813247f01 sp=0x00007fc800ceb2a0
Event: 155.882 Thread 0x00007fc7fc040690 DEOPT UNPACKING pc=0x00007fc818aa364f sp=0x00007fc800cea868 mode 0
Event: 155.888 Thread 0x00007fc7fc040690 DEOPT PACKING pc=0x00007fc813247f01 sp=0x00007fc800ceb290
Event: 155.888 Thread 0x00007fc7fc040690 DEOPT UNPACKING pc=0x00007fc818aa364f sp=0x00007fc800cea858 mode 0
Event: 156.486 Thread 0x00007fc7fc040690 DEOPT PACKING pc=0x00007fc811cc55a3 sp=0x00007fc800ceab70
Event: 156.486 Thread 0x00007fc7fc040690 DEOPT UNPACKING pc=0x00007fc818aa364f sp=0x00007fc800cea0d8 mode 0
Event: 156.690 Thread 0x00007fc7fc03a6a0 Uncommon trap: trap_request=0xffffff45 fr.pc=0x00007fc8192c8610 relative=0x00000000000003f0
Event: 156.690 Thread 0x00007fc7fc03a6a0 Uncommon trap: reason=unstable_if action=reinterpret pc=0x00007fc8192c8610 method=java.util.concurrent.ConcurrentLinkedQueue.offer(Ljava/lang/Object;)Z @ 96 c2
Event: 156.690 Thread 0x00007fc7fc03a6a0 DEOPT PACKING pc=0x00007fc8192c8610 sp=0x00007fc800dec400
Event: 156.690 Thread 0x00007fc7fc03a6a0 DEOPT UNPACKING pc=0x00007fc818aa2b19 sp=0x00007fc800dec398 mode 2

Classes loaded (20 events):
Event: 152.063 Loading class java/util/HashMap$UnsafeHolder
Event: 152.063 Loading class java/util/HashMap$UnsafeHolder done
Event: 152.076 Loading class java/nio/file/FileTreeIterator
Event: 152.077 Loading class java/nio/file/FileTreeIterator done
Event: 152.108 Loading class java/io/PushbackInputStream
Event: 152.109 Loading class java/io/PushbackInputStream done
Event: 153.073 Loading class java/nio/BufferUnderflowException
Event: 153.073 Loading class java/nio/BufferUnderflowException done
Event: 155.584 Loading class java/util/concurrent/ForkJoinTask$AdaptedRunnableAction
Event: 155.585 Loading class java/util/concurrent/ForkJoinTask$AdaptedRunnableAction done
Event: 155.585 Loading class java/util/concurrent/ForkJoinPool$DefaultForkJoinWorkerThreadFactory$1
Event: 155.586 Loading class java/util/concurrent/ForkJoinPool$DefaultForkJoinWorkerThreadFactory$1 done
Event: 155.661 Loading class java/nio/HeapShortBuffer
Event: 155.662 Loading class java/nio/HeapShortBuffer done
Event: 155.671 Loading class java/util/AbstractList$RandomAccessSubList
Event: 155.671 Loading class java/util/AbstractList$SubList
Event: 155.672 Loading class java/util/AbstractList$SubList done
Event: 155.672 Loading class java/util/AbstractList$RandomAccessSubList done
Event: 155.672 Loading class java/util/AbstractList$SubList$1
Event: 155.672 Loading class java/util/AbstractList$SubList$1 done

Classes unloaded (0 events):
No events

Classes redefined (0 events):
No events

Internal exceptions (20 events):
Event: 119.883 Thread 0x00007fc7f62c2940 Exception <a 'sun/nio/fs/UnixException'{0x00000000ec6d38b8}> (0x00000000ec6d38b8) 
thrown [./src/hotspot/share/prims/jni.cpp, line 516]
Event: 120.094 Thread 0x00007fc7f62c2940 Exception <a 'sun/nio/fs/UnixException'{0x00000000f1cc78f0}> (0x00000000f1cc78f0) 
thrown [./src/hotspot/share/prims/jni.cpp, line 516]
Event: 120.364 Thread 0x00007fc7f62c2940 Exception <a 'sun/nio/fs/UnixException'{0x00000000ef6dd258}> (0x00000000ef6dd258) 
thrown [./src/hotspot/share/prims/jni.cpp, line 516]
Event: 125.996 Thread 0x00007fc7f62c2940 Exception <a 'sun/nio/fs/UnixException'{0x00000000efb2d1d8}> (0x00000000efb2d1d8) 
thrown [./src/hotspot/share/prims/jni.cpp, line 516]
Event: 126.082 Thread 0x00007fc7f62c2940 Exception <a 'sun/nio/fs/UnixException'{0x00000000ef6530f8}> (0x00000000ef6530f8) 
thrown [./src/hotspot/share/prims/jni.cpp, line 516]
Event: 126.163 Thread 0x00007fc7f62c2940 Exception <a 'sun/nio/fs/UnixException'{0x00000000ef1d5f30}> (0x00000000ef1d5f30) 
thrown [./src/hotspot/share/prims/jni.cpp, line 516]
Event: 126.192 Thread 0x00007fc7f62c2940 Exception <a 'sun/nio/fs/UnixException'{0x00000000ee9d9c08}> (0x00000000ee9d9c08) 
thrown [./src/hotspot/share/prims/jni.cpp, line 516]
Event: 126.507 Thread 0x00007fc7f62c2940 Exception <a 'sun/nio/fs/UnixException'{0x00000000f1eaf248}> (0x00000000f1eaf248) 
thrown [./src/hotspot/share/prims/jni.cpp, line 516]
Event: 126.673 Thread 0x00007fc7f62c2940 Exception <a 'sun/nio/fs/UnixException'{0x00000000f0656650}> (0x00000000f0656650) 
thrown [./src/hotspot/share/prims/jni.cpp, line 516]
Event: 126.700 Thread 0x00007fc7f62c2940 Exception <a 'sun/nio/fs/UnixException'{0x00000000efed7e08}> (0x00000000efed7e08) 
thrown [./src/hotspot/share/prims/jni.cpp, line 516]
Event: 126.790 Thread 0x00007fc7f62c2940 Exception <a 'sun/nio/fs/UnixException'{0x00000000ef6e4c90}> (0x00000000ef6e4c90) 
thrown [./src/hotspot/share/prims/jni.cpp, line 516]
Event: 126.866 Thread 0x00007fc7f62c2940 Exception <a 'sun/nio/fs/UnixException'{0x00000000ef015b68}> (0x00000000ef015b68) 
thrown [./src/hotspot/share/prims/jni.cpp, line 516]
Event: 136.772 Thread 0x00007fc7f62c2940 Exception <a 'sun/nio/fs/UnixException'{0x00000000f1e389c0}> (0x00000000f1e389c0) 
thrown [./src/hotspot/share/prims/jni.cpp, line 516]
Event: 136.885 Thread 0x00007fc7f62c2940 Exception <a 'sun/nio/fs/UnixException'{0x00000000f1bc3d90}> (0x00000000f1bc3d90) 
thrown [./src/hotspot/share/prims/jni.cpp, line 516]
Event: 148.996 Thread 0x00007fc7f62c2940 Exception <a 'sun/nio/fs/UnixException'{0x00000000f70c1460}> (0x00000000f70c1460) 
thrown [./src/hotspot/share/prims/jni.cpp, line 516]
Event: 150.501 Thread 0x00007fc7f62c2940 Exception <a 'sun/nio/fs/UnixException'{0x00000000f4733810}> (0x00000000f4733810) 
thrown [./src/hotspot/share/prims/jni.cpp, line 516]
Event: 150.569 Thread 0x00007fc7f62c2940 Exception <a 'sun/nio/fs/UnixException'{0x00000000f46627f0}> (0x00000000f46627f0) 
thrown [./src/hotspot/share/prims/jni.cpp, line 516]
Event: 151.397 Thread 0x00007fc82875e8c0 Exception <a 'sun/nio/fs/UnixException'{0x00000000f9569188}> (0x00000000f9569188) 
thrown [./src/hotspot/share/prims/jni.cpp, line 516]
Event: 151.988 Thread 0x00007fc7f62c2940 Exception <a 'java/lang/NoSuchMethodError'{0x00000000f8d71f00}: static Lkotlin/InitializedLazyImpl;.<clinit>()V> (0x00000000f8d71f00) 
thrown [./src/hotspot/share/prims/jni.cpp, line 1112]
Event: 155.588 Thread 0x00007fc7fc03a6a0 Implicit null exception at 0x00007fc819409da0 to 0x00007fc81940a760

VM Operations (20 events):
Event: 154.361 Executing VM operation: G1CollectForAllocation done
Event: 154.675 Executing VM operation: G1CollectForAllocation
Event: 154.707 Executing VM operation: G1CollectForAllocation done
Event: 155.665 Executing VM operation: HandshakeAllThreads
Event: 155.665 Executing VM operation: HandshakeAllThreads done
Event: 155.667 Executing VM operation: HandshakeAllThreads
Event: 155.667 Executing VM operation: HandshakeAllThreads done
Event: 155.688 Executing VM operation: HandshakeAllThreads
Event: 155.689 Executing VM operation: HandshakeAllThreads done
Event: 156.689 Executing VM operation: Cleanup
Event: 156.689 Executing VM operation: Cleanup done
Event: 156.993 Executing VM operation: G1CollectForAllocation
Event: 157.401 Executing VM operation: G1CollectForAllocation done
Event: 157.705 Executing VM operation: G1CollectForAllocation
Event: 157.993 Executing VM operation: G1CollectForAllocation done
Event: 158.194 Executing VM operation: G1CollectForAllocation
Event: 158.368 Executing VM operation: G1CollectForAllocation done
Event: 159.180 Executing VM operation: G1CollectForAllocation
Event: 159.294 Executing VM operation: G1CollectForAllocation done
Event: 159.777 Executing VM operation: G1CollectForAllocation

Memory protections (20 events):
Event: 8.465 Protecting memory [0x00007fc801dff000,0x00007fc801e03000] with protection modes 0
Event: 9.108 Protecting memory [0x00007fc801cfe000,0x00007fc801d02000] with protection modes 0
Event: 10.601 Protecting memory [0x00007fc801bfd000,0x00007fc801c01000] with protection modes 0
Event: 13.971 Protecting memory [0x00007fc801afc000,0x00007fc801b00000] with protection modes 0
Event: 16.468 Protecting memory [0x00007fc8019fb000,0x00007fc8019ff000] with protection modes 0
Event: 26.369 Protecting memory [0x00007fc8018fa000,0x00007fc8018fe000] with protection modes 0
Event: 26.391 Protecting memory [0x00007fc8017f9000,0x00007fc8017fd000] with protection modes 0
Event: 27.289 Protecting memory [0x00007fc8016f8000,0x00007fc8016fc000] with protection modes 0
Event: 28.712 Protecting memory [0x00007fc8015f7000,0x00007fc8015fb000] with protection modes 0
Event: 29.477 Protecting memory [0x00007fc8014f6000,0x00007fc8014fa000] with protection modes 0
Event: 29.686 Protecting memory [0x00007fc8013f5000,0x00007fc8013f9000] with protection modes 0
Event: 30.073 Protecting memory [0x00007fc8012f4000,0x00007fc8012f8000] with protection modes 0
Event: 30.106 Protecting memory [0x00007fc8011f3000,0x00007fc8011f7000] with protection modes 0
Event: 30.292 Protecting memory [0x00007fc8010f2000,0x00007fc8010f6000] with protection modes 0
Event: 30.505 Protecting memory [0x00007fc800ff1000,0x00007fc800ff5000] with protection modes 0
Event: 30.574 Protecting memory [0x00007fc800ef0000,0x00007fc800ef4000] with protection modes 0
Event: 152.001 Protecting memory [0x00007fc810cfc000,0x00007fc810d00000] with protection modes 0
Event: 152.172 Protecting memory [0x00007fc800def000,0x00007fc800df3000] with protection modes 0
Event: 155.587 Protecting memory [0x00007fc800cee000,0x00007fc800cf2000] with protection modes 0
Event: 155.594 Protecting memory [0x00007fc800bed000,0x00007fc800bf1000] with protection modes 0

Nmethod flushes (20 events):
Event: 153.269 Thread 0x00007fc8280a9270 flushing  nmethod 0x00007fc812bbc990
Event: 153.270 Thread 0x00007fc8280a9270 flushing  nmethod 0x00007fc812de4190
Event: 153.270 Thread 0x00007fc8280a9270 flushing  nmethod 0x00007fc812de4d90
Event: 153.270 Thread 0x00007fc8280a9270 flushing  nmethod 0x00007fc812e46510
Event: 153.282 Thread 0x00007fc8280a9270 flushing  nmethod 0x00007fc813057d10
Event: 153.282 Thread 0x00007fc8280a9270 flushing  nmethod 0x00007fc813121590
Event: 153.282 Thread 0x00007fc8280a9270 flushing  nmethod 0x00007fc813123e90
Event: 153.282 Thread 0x00007fc8280a9270 flushing  nmethod 0x00007fc81312b190
Event: 153.282 Thread 0x00007fc8280a9270 flushing  nmethod 0x00007fc81312ba10
Event: 153.282 Thread 0x00007fc8280a9270 flushing  nmethod 0x00007fc81312ce10
Event: 153.282 Thread 0x00007fc8280a9270 flushing  nmethod 0x00007fc81312f110
Event: 153.282 Thread 0x00007fc8280a9270 flushing  nmethod 0x00007fc81313f210
Event: 153.282 Thread 0x00007fc8280a9270 flushing  nmethod 0x00007fc813140290
Event: 153.283 Thread 0x00007fc8280a9270 flushing  nmethod 0x00007fc8133dc810
Event: 153.284 Thread 0x00007fc8280a9270 flushing  nmethod 0x00007fc8134b1a10
Event: 153.284 Thread 0x00007fc8280a9270 flushing  nmethod 0x00007fc8134da710
Event: 153.284 Thread 0x00007fc8280a9270 flushing  nmethod 0x00007fc8134e1290
Event: 153.284 Thread 0x00007fc8280a9270 flushing  nmethod 0x00007fc8134f1a90
Event: 153.284 Thread 0x00007fc8280a9270 flushing  nmethod 0x00007fc813596f90
Event: 153.284 Thread 0x00007fc8280a9270 flushing  nmethod 0x00007fc813597490

Events (20 events):
Event: 9.107 Thread 0x00007fc7d80092c0 Thread added: 0x00007fc7f4d86c90
Event: 10.599 Thread 0x00007fc7d80092c0 Thread added: 0x00007fc7f45b0930
Event: 13.966 Thread 0x00007fc7d80092c0 Thread added: 0x00007fc7f5521aa0
Event: 16.465 Thread 0x00007fc7d80092c0 Thread added: 0x00007fc7f5876d80
Event: 26.369 Thread 0x00007fc7d80092c0 Thread added: 0x00007fc7f62c2940
Event: 26.391 Thread 0x00007fc7f62c2940 Thread added: 0x00007fc828f2d8a0
Event: 27.287 Thread 0x00007fc7f62c2940 Thread added: 0x00007fc8280ca970
Event: 28.704 Thread 0x00007fc7f62c2940 Thread added: 0x00007fc82912d680
Event: 29.471 Thread 0x00007fc7f62c2940 Thread added: 0x00007fc828f00950
Event: 29.680 Thread 0x00007fc7f62c2940 Thread added: 0x00007fc828760d10
Event: 30.072 Thread 0x00007fc7f62c2940 Thread added: 0x00007fc82875e8c0
Event: 30.102 Thread 0x00007fc7f62c2940 Thread added: 0x00007fc8287647b0
Event: 30.288 Thread 0x00007fc7f62c2940 Thread added: 0x00007fc828765b00
Event: 30.505 Thread 0x00007fc7f62c2940 Thread added: 0x00007fc828769390
Event: 30.574 Thread 0x00007fc7f62c2940 Thread added: 0x00007fc82876b470
Event: 62.657 Thread 0x00007fc7f400a8f0 Thread exited: 0x00007fc7f400a8f0
Event: 152.000 Thread 0x00007fc7f62c2940 Thread added: 0x00007fc8293ab150
Event: 152.172 Thread 0x00007fc8293ab150 Thread added: 0x00007fc7f44d5a90
Event: 155.586 Thread 0x00007fc7f44d5a90 Thread added: 0x00007fc7fc03a6a0
Event: 155.589 Thread 0x00007fc7f44d5a90 Thread added: 0x00007fc7fc040690


Dynamic libraries:
d8000000-fca00000 rw-p 00000000 00:00 0 
fda00000-ff700000 ---p 00000000 00:00 0 
ff700000-ffe00000 rw-p 00000000 00:00 0 
ffe00000-ffe75000 rw-p 00c7a000 00:25 13853                              /usr/lib/jvm/java-17-openjdk-amd64/lib/server/classes.jsa
ffe75000-fff00000 rw-p 00000000 00:00 0 
fff00000-fff78000 rw-p 00c02000 00:25 13853                              /usr/lib/jvm/java-17-openjdk-amd64/lib/server/classes.jsa
fff78000-100000000 rw-p 00000000 00:00 0 
5600ee081000-5600ee082000 r--p 00000000 00:25 13495                      /usr/lib/jvm/java-17-openjdk-amd64/bin/java
5600ee082000-5600ee083000 r-xp 00001000 00:25 13495                      /usr/lib/jvm/java-17-openjdk-amd64/bin/java
5600ee083000-5600ee084000 r--p 00002000 00:25 13495                      /usr/lib/jvm/java-17-openjdk-amd64/bin/java
5600ee084000-5600ee085000 r--p 00002000 00:25 13495                      /usr/lib/jvm/java-17-openjdk-amd64/bin/java
5600ee085000-5600ee086000 rw-p 00003000 00:25 13495                      /usr/lib/jvm/java-17-openjdk-amd64/bin/java
5600ef701000-5600ef781000 rw-p 00000000 00:00 0                          [heap]
7fc7b8000000-7fc7b8700000 rw-p 00000000 00:00 0 
7fc7b8700000-7fc7b87e0000 rw-p 00000000 00:00 0 
7fc7b87e0000-7fc7b8800000 ---p 00000000 00:00 0 
7fc7b8800000-7fc7b9d30000 rw-p 00000000 00:00 0 
7fc7b9d30000-7fc7bc000000 ---p 00000000 00:00 0 
7fc7bc000000-7fc7bd230000 rw-p 00000000 00:00 0 
7fc7bd230000-7fc7c0000000 ---p 00000000 00:00 0 
7fc7c0000000-7fc7c00c1000 rw-p 00000000 00:00 0 
7fc7c00c1000-7fc7c4000000 ---p 00000000 00:00 0 
7fc7c4000000-7fc7c4021000 rw-p 00000000 00:00 0 
7fc7c4021000-7fc7c8000000 ---p 00000000 00:00 0 
7fc7c8000000-7fc7cb88b000 rw-p 00000000 00:00 0 
7fc7cb88b000-7fc7cc000000 ---p 00000000 00:00 0 
7fc7cc000000-7fc7cc021000 rw-p 00000000 00:00 0 
7fc7cc021000-7fc7d0000000 ---p 00000000 00:00 0 
7fc7d0000000-7fc7d007d000 rw-p 00000000 00:00 0 
7fc7d007d000-7fc7d4000000 ---p 00000000 00:00 0 
7fc7d4000000-7fc7d402b000 rw-p 00000000 00:00 0 
7fc7d402b000-7fc7d8000000 ---p 00000000 00:00 0 
7fc7d8000000-7fc7d8033000 rw-p 00000000 00:00 0 
7fc7d8033000-7fc7dc000000 ---p 00000000 00:00 0 
7fc7dc000000-7fc7dc571000 rw-p 00000000 00:00 0 
7fc7dc571000-7fc7e0000000 ---p 00000000 00:00 0 
7fc7e3000000-7fc7e3455000 rw-p 00001000 00:25 13853                      /usr/lib/jvm/java-17-openjdk-amd64/lib/server/classes.jsa
7fc7e3455000-7fc7e3bca000 rw-p 00456000 00:25 13853                      /usr/lib/jvm/java-17-openjdk-amd64/lib/server/classes.jsa
7fc7e3bca000-7fc7e4000000 ---p 00000000 00:00 0 
7fc7e4000000-7fc7e4040000 rw-p 00000000 00:00 0 
7fc7e4040000-7fc7e4080000 rw-p 00000000 00:00 0 
7fc7e4080000-7fc7e4140000 rw-p 00000000 00:00 0 
7fc7e4140000-7fc7e4180000 rw-p 00000000 00:00 0 
7fc7e4180000-7fc7e4400000 rw-p 00000000 00:00 0 
7fc7e4400000-7fc7e4440000 rw-p 00000000 00:00 0 
7fc7e4440000-7fc7e4480000 rw-p 00000000 00:00 0 
7fc7e4480000-7fc7e4740000 rw-p 00000000 00:00 0 
7fc7e4740000-7fc7e4780000 rw-p 00000000 00:00 0 
7fc7e4780000-7fc7e4bc0000 rw-p 00000000 00:00 0 
7fc7e4bc0000-7fc7e4bf0000 rw-p 00000000 00:00 0 
7fc7e4bf0000-7fc7e4c00000 ---p 00000000 00:00 0 
7fc7e4c00000-7fc7e4f20000 rw-p 00000000 00:00 0 
7fc7e4f20000-7fc7f4000000 ---p 00000000 00:00 0 
7fc7f4000000-7fc7f62cb000 rw-p 00000000 00:00 0 
7fc7f62cb000-7fc7f8000000 ---p 00000000 00:00 0 
7fc7f8000000-7fc7f8400000 rw-p 00000000 00:00 0 
7fc7f8400000-7fc7f8900000 rw-p 00000000 00:00 0 
7fc7f8900000-7fc7f8a00000 rw-p 00000000 00:00 0 
7fc7f8a00000-7fc7f9500000 rw-p 00000000 00:00 0 
7fc7f9500000-7fc7f9600000 rw-p 00000000 00:00 0 
7fc7f9600000-7fc7f9760000 rw-p 00000000 00:00 0 
7fc7f9760000-7fc7f9780000 rw-p 00000000 00:00 0 
7fc7f9780000-7fc7f9900000 rw-p 00000000 00:00 0 
7fc7f9900000-7fc7f9a00000 rw-p 00000000 00:00 0 
7fc7f9a00000-7fc7fa700000 rw-p 00000000 00:00 0 
7fc7fa700000-7fc7fa800000 rw-p 00000000 00:00 0 
7fc7fa800000-7fc7fab00000 rw-p 00000000 00:00 0 
7fc7fab00000-7fc7fac00000 rw-p 00000000 00:00 0 
7fc7fac00000-7fc7faf00000 rw-p 00000000 00:00 0 
7fc7faf00000-7fc7fb000000 rw-p 00000000 00:00 0 
7fc7fb000000-7fc7fbf00000 rw-p 00000000 00:00 0 
7fc7fbf00000-7fc7fc000000 rw-p 00000000 00:00 0 
7fc7fc000000-7fc7fc8cf000 rw-p 00000000 00:00 0 
7fc7fc8cf000-7fc800000000 ---p 00000000 00:00 0 
7fc800aeb000-7fc800aec000 ---p 00000000 00:00 0 
7fc800aec000-7fc800bec000 rw-p 00000000 00:00 0 
7fc800bec000-7fc800bed000 ---p 00000000 00:00 0 
7fc800bed000-7fc800bf1000 ---p 00000000 00:00 0 
7fc800bf1000-7fc800ced000 rw-p 00000000 00:00 0 
7fc800ced000-7fc800cee000 ---p 00000000 00:00 0 
7fc800cee000-7fc800cf2000 ---p 00000000 00:00 0 
7fc800cf2000-7fc800dee000 rw-p 00000000 00:00 0 
7fc800dee000-7fc800def000 ---p 00000000 00:00 0 
7fc800def000-7fc800df3000 ---p 00000000 00:00 0 
7fc800df3000-7fc800eef000 rw-p 00000000 00:00 0 
7fc800eef000-7fc800ef0000 ---p 00000000 00:00 0 
7fc800ef0000-7fc800ef4000 ---p 00000000 00:00 0 
7fc800ef4000-7fc800ff0000 rw-p 00000000 00:00 0 
7fc800ff0000-7fc800ff1000 ---p 00000000 00:00 0 
7fc800ff1000-7fc800ff5000 ---p 00000000 00:00 0 
7fc800ff5000-7fc8010f1000 rw-p 00000000 00:00 0 
7fc8010f1000-7fc8010f2000 ---p 00000000 00:00 0 
7fc8010f2000-7fc8010f6000 ---p 00000000 00:00 0 
7fc8010f6000-7fc8011f2000 rw-p 00000000 00:00 0 
7fc8011f2000-7fc8011f3000 ---p 00000000 00:00 0 
7fc8011f3000-7fc8011f7000 ---p 00000000 00:00 0 
7fc8011f7000-7fc8012f3000 rw-p 00000000 00:00 0 
7fc8012f3000-7fc8012f4000 ---p 00000000 00:00 0 
7fc8012f4000-7fc8012f8000 ---p 00000000 00:00 0 
7fc8012f8000-7fc8013f4000 rw-p 00000000 00:00 0 
7fc8013f4000-7fc8013f5000 ---p 00000000 00:00 0 
7fc8013f5000-7fc8013f9000 ---p 00000000 00:00 0 
7fc8013f9000-7fc8014f5000 rw-p 00000000 00:00 0 
7fc8014f5000-7fc8014f6000 ---p 00000000 00:00 0 
7fc8014f6000-7fc8014fa000 ---p 00000000 00:00 0 
7fc8014fa000-7fc8015f6000 rw-p 00000000 00:00 0 
7fc8015f6000-7fc8015f7000 ---p 00000000 00:00 0 
7fc8015f7000-7fc8015fb000 ---p 00000000 00:00 0 
7fc8015fb000-7fc8016f7000 rw-p 00000000 00:00 0 
7fc8016f7000-7fc8016f8000 ---p 00000000 00:00 0 
7fc8016f8000-7fc8016fc000 ---p 00000000 00:00 0 
7fc8016fc000-7fc8017f8000 rw-p 00000000 00:00 0 
7fc8017f8000-7fc8017f9000 ---p 00000000 00:00 0 
7fc8017f9000-7fc8017fd000 ---p 00000000 00:00 0 
7fc8017fd000-7fc8018f9000 rw-p 00000000 00:00 0 
7fc8018f9000-7fc8018fa000 ---p 00000000 00:00 0 
7fc8018fa000-7fc8018fe000 ---p 00000000 00:00 0 
7fc8018fe000-7fc8019fa000 rw-p 00000000 00:00 0 
7fc8019fa000-7fc8019fb000 ---p 00000000 00:00 0 
7fc8019fb000-7fc8019ff000 ---p 00000000 00:00 0 
7fc8019ff000-7fc801afb000 rw-p 00000000 00:00 0 
7fc801afb000-7fc801afc000 ---p 00000000 00:00 0 
7fc801afc000-7fc801b00000 ---p 00000000 00:00 0 
7fc801b00000-7fc801bfc000 rw-p 00000000 00:00 0 
7fc801bfc000-7fc801bfd000 ---p 00000000 00:00 0 
7fc801bfd000-7fc801c01000 ---p 00000000 00:00 0 
7fc801c01000-7fc801cfd000 rw-p 00000000 00:00 0 
7fc801cfd000-7fc801cfe000 ---p 00000000 00:00 0 
7fc801cfe000-7fc801d02000 ---p 00000000 00:00 0 
7fc801d02000-7fc801dfe000 rw-p 00000000 00:00 0 
7fc801dfe000-7fc801dff000 ---p 00000000 00:00 0 
7fc801dff000-7fc801e03000 ---p 00000000 00:00 0 
7fc801e03000-7fc801eff000 rw-p 00000000 00:00 0 
7fc801eff000-7fc801f00000 ---p 00000000 00:00 0 
7fc801f00000-7fc801f04000 ---p 00000000 00:00 0 
7fc801f04000-7fc804000000 rw-p 00000000 00:00 0 
7fc804000000-7fc804021000 rw-p 00000000 00:00 0 
7fc804021000-7fc808000000 ---p 00000000 00:00 0 
7fc808000000-7fc80809c000 rw-p 00000000 00:00 0 
7fc80809c000-7fc80c000000 ---p 00000000 00:00 0 
7fc80c000000-7fc80c104000 rw-p 00000000 00:00 0 
7fc80c104000-7fc810000000 ---p 00000000 00:00 0 
7fc8100ef000-7fc8100f0000 ---p 00000000 00:00 0 
7fc8100f0000-7fc8100f4000 ---p 00000000 00:00 0 
7fc8100f4000-7fc8101f0000 rw-p 00000000 00:00 0 
7fc8101f0000-7fc8101f1000 ---p 00000000 00:00 0 
7fc8101f1000-7fc8101f5000 ---p 00000000 00:00 0 
7fc8101f5000-7fc8102f1000 rw-p 00000000 00:00 0 
7fc8102f1000-7fc8102f2000 ---p 00000000 00:00 0 
7fc8102f2000-7fc8102f6000 ---p 00000000 00:00 0 
7fc8102f6000-7fc8103f2000 rw-p 00000000 00:00 0 
7fc8103f2000-7fc8103f3000 ---p 00000000 00:00 0 
7fc8103f3000-7fc8103f7000 ---p 00000000 00:00 0 
7fc8103f7000-7fc8104f3000 rw-p 00000000 00:00 0 
7fc8104f3000-7fc8104f4000 ---p 00000000 00:00 0 
7fc8104f4000-7fc8104f8000 ---p 00000000 00:00 0 
7fc8104f8000-7fc8105f4000 rw-p 00000000 00:00 0 
7fc8105f4000-7fc8105f5000 ---p 00000000 00:00 0 
7fc8105f5000-7fc8105f9000 ---p 00000000 00:00 0 
7fc8105f9000-7fc8106f5000 rw-p 00000000 00:00 0 
7fc8106f5000-7fc8106f6000 ---p 00000000 00:00 0 
7fc8106f6000-7fc8106fa000 ---p 00000000 00:00 0 
7fc8106fa000-7fc8107f6000 rw-p 00000000 00:00 0 
7fc8107f6000-7fc8107f7000 ---p 00000000 00:00 0 
7fc8107f7000-7fc8107fb000 ---p 00000000 00:00 0 
7fc8107fb000-7fc8108f7000 rw-p 00000000 00:00 0 
7fc8108f7000-7fc8108f8000 ---p 00000000 00:00 0 
7fc8108f8000-7fc8108fc000 ---p 00000000 00:00 0 
7fc8108fc000-7fc8109f8000 rw-p 00000000 00:00 0 
7fc8109f8000-7fc8109f9000 ---p 00000000 00:00 0 
7fc8109f9000-7fc8109fd000 ---p 00000000 00:00 0 
7fc8109fd000-7fc810af9000 rw-p 00000000 00:00 0 
7fc810af9000-7fc810afa000 ---p 00000000 00:00 0 
7fc810afa000-7fc810afe000 ---p 00000000 00:00 0 
7fc810afe000-7fc810bfa000 rw-p 00000000 00:00 0 
7fc810bfa000-7fc810bfb000 ---p 00000000 00:00 0 
7fc810bfb000-7fc810bff000 ---p 00000000 00:00 0 
7fc810bff000-7fc810cfb000 rw-p 00000000 00:00 0 
7fc810cfb000-7fc810cfc000 ---p 00000000 00:00 0 
7fc810cfc000-7fc810d00000 ---p 00000000 00:00 0 
7fc810d00000-7fc810dfc000 rw-p 00000000 00:00 0 
7fc810dfc000-7fc810dfd000 ---p 00000000 00:00 0 
7fc810dfd000-7fc810e01000 ---p 00000000 00:00 0 
7fc810e01000-7fc810efd000 rw-p 00000000 00:00 0 
7fc810efd000-7fc810efe000 ---p 00000000 00:00 0 
7fc810efe000-7fc810f02000 ---p 00000000 00:00 0 
7fc810f02000-7fc810ffe000 rw-p 00000000 00:00 0 
7fc810ffe000-7fc810fff000 ---p 00000000 00:00 0 
7fc810fff000-7fc811003000 ---p 00000000 00:00 0 
7fc811003000-7fc8110ff000 rw-p 00000000 00:00 0 
7fc8110ff000-7fc811100000 ---p 00000000 00:00 0 
7fc811100000-7fc811104000 ---p 00000000 00:00 0 
7fc811104000-7fc811200000 rw-p 00000000 00:00 0 
7fc811200000-7fc811253000 r-xp 00000000 fe:00 396867                     /root/.gradle/native/38dada09dfb8b06ba9b0570ebf7e218e3eb74d4ef43ca46872605cf95ebc2f47/linux-amd64/libnative-platform-file-events.so
7fc811253000-7fc811452000 ---p 00053000 fe:00 396867                     /root/.gradle/native/38dada09dfb8b06ba9b0570ebf7e218e3eb74d4ef43ca46872605cf95ebc2f47/linux-amd64/libnative-platform-file-events.so
7fc811452000-7fc811453000 r--p 00052000 fe:00 396867                     /root/.gradle/native/38dada09dfb8b06ba9b0570ebf7e218e3eb74d4ef43ca46872605cf95ebc2f47/linux-amd64/libnative-platform-file-events.so
7fc811453000-7fc811455000 rw-p 00053000 fe:00 396867                     /root/.gradle/native/38dada09dfb8b06ba9b0570ebf7e218e3eb74d4ef43ca46872605cf95ebc2f47/linux-amd64/libnative-platform-file-events.so
7fc811511000-7fc8137f1000 rwxp 00000000 00:00 0 
7fc8137f1000-7fc818a49000 ---p 00000000 00:00 0 
7fc818a49000-7fc818cb9000 rwxp 00000000 00:00 0 
7fc818cb9000-7fc818fd8000 ---p 00000000 00:00 0 
7fc818fd8000-7fc819e48000 rwxp 00000000 00:00 0 
7fc819e48000-7fc820511000 ---p 00000000 00:00 0 
7fc820511000-7fc828000000 r--s 00000000 00:25 13844                      /usr/lib/jvm/java-17-openjdk-amd64/lib/modules
7fc828000000-7fc82bc95000 rw-p 00000000 00:00 0 
7fc82bc95000-7fc82c000000 ---p 00000000 00:00 0 
7fc82c0fd000-7fc82c0fe000 ---p 00000000 00:00 0 
7fc82c0fe000-7fc82c102000 ---p 00000000 00:00 0 
7fc82c102000-7fc82c1fe000 rw-p 00000000 00:00 0 
7fc82c1fe000-7fc82c1ff000 ---p 00000000 00:00 0 
7fc82c1ff000-7fc82c203000 ---p 00000000 00:00 0 
7fc82c203000-7fc82c2ff000 rw-p 00000000 00:00 0 
7fc82c2ff000-7fc82c300000 ---p 00000000 00:00 0 
7fc82c300000-7fc82c304000 ---p 00000000 00:00 0 
7fc82c304000-7fc82c400000 rw-p 00000000 00:00 0 
7fc82c400000-7fc82c405000 r-xp 00000000 fe:00 396850                     /root/.gradle/native/c067742578af261105cb4f569cf0c3c89f3d7b1fecec35dd04571415982c5e48/linux-amd64/libnative-platform.so
7fc82c405000-7fc82c605000 ---p 00005000 fe:00 396850                     /root/.gradle/native/c067742578af261105cb4f569cf0c3c89f3d7b1fecec35dd04571415982c5e48/linux-amd64/libnative-platform.so
7fc82c605000-7fc82c606000 r--p 00005000 fe:00 396850                     /root/.gradle/native/c067742578af261105cb4f569cf0c3c89f3d7b1fecec35dd04571415982c5e48/linux-amd64/libnative-platform.so
7fc82c606000-7fc82c607000 rw-p 00006000 fe:00 396850                     /root/.gradle/native/c067742578af261105cb4f569cf0c3c89f3d7b1fecec35dd04571415982c5e48/linux-amd64/libnative-platform.so
7fc82c646000-7fc82c647000 r--p 00000000 00:25 13813                      /usr/lib/jvm/java-17-openjdk-amd64/lib/libextnet.so
7fc82c647000-7fc82c648000 r-xp 00001000 00:25 13813                      /usr/lib/jvm/java-17-openjdk-amd64/lib/libextnet.so
7fc82c648000-7fc82c649000 r--p 00002000 00:25 13813                      /usr/lib/jvm/java-17-openjdk-amd64/lib/libextnet.so
7fc82c649000-7fc82c64a000 r--p 00002000 00:25 13813                      /usr/lib/jvm/java-17-openjdk-amd64/lib/libextnet.so
7fc82c64a000-7fc82c64b000 rw-p 00003000 00:25 13813                      /usr/lib/jvm/java-17-openjdk-amd64/lib/libextnet.so
7fc82c64b000-7fc82c64c000 ---p 00000000 00:00 0 
7fc82c64c000-7fc82c650000 ---p 00000000 00:00 0 
7fc82c650000-7fc82c74c000 rw-p 00000000 00:00 0 
7fc82c74c000-7fc82c74e000 r--p 00000000 00:25 13832                      /usr/lib/jvm/java-17-openjdk-amd64/lib/libmanagement_ext.so
7fc82c74e000-7fc82c751000 r-xp 00002000 00:25 13832                      /usr/lib/jvm/java-17-openjdk-amd64/lib/libmanagement_ext.so
7fc82c751000-7fc82c752000 r--p 00005000 00:25 13832                      /usr/lib/jvm/java-17-openjdk-amd64/lib/libmanagement_ext.so
7fc82c752000-7fc82c753000 r--p 00006000 00:25 13832                      /usr/lib/jvm/java-17-openjdk-amd64/lib/libmanagement_ext.so
7fc82c753000-7fc82c754000 rw-p 00007000 00:25 13832                      /usr/lib/jvm/java-17-openjdk-amd64/lib/libmanagement_ext.so
7fc82c754000-7fc82c755000 r--p 00000000 00:25 18162                      /usr/lib/x86_64-linux-gnu/libpthread.so.0
7fc82c755000-7fc82c756000 r-xp 00001000 00:25 18162                      /usr/lib/x86_64-linux-gnu/libpthread.so.0
7fc82c756000-7fc82c757000 r--p 00002000 00:25 18162                      /usr/lib/x86_64-linux-gnu/libpthread.so.0
7fc82c757000-7fc82c758000 r--p 00002000 00:25 18162                      /usr/lib/x86_64-linux-gnu/libpthread.so.0
7fc82c758000-7fc82c759000 rw-p 00003000 00:25 18162                      /usr/lib/x86_64-linux-gnu/libpthread.so.0
7fc82c759000-7fc82c75d000 r--p 00000000 00:25 13842                      /usr/lib/jvm/java-17-openjdk-amd64/lib/libverify.so
7fc82c75d000-7fc82c764000 r-xp 00004000 00:25 13842                      /usr/lib/jvm/java-17-openjdk-amd64/lib/libverify.so
7fc82c764000-7fc82c766000 r--p 0000b000 00:25 13842                      /usr/lib/jvm/java-17-openjdk-amd64/lib/libverify.so
7fc82c766000-7fc82c768000 r--p 0000c000 00:25 13842                      /usr/lib/jvm/java-17-openjdk-amd64/lib/libverify.so
7fc82c768000-7fc82c769000 rw-p 0000e000 00:25 13842                      /usr/lib/jvm/java-17-openjdk-amd64/lib/libverify.so
7fc82c769000-7fc82c76a000 ---p 00000000 00:00 0 
7fc82c76a000-7fc82c86a000 rw-p 00000000 00:00 0 
7fc82c86a000-7fc82c86b000 ---p 00000000 00:00 0 
7fc82c86b000-7fc82c96b000 rw-p 00000000 00:00 0 
7fc82c96b000-7fc82c96c000 ---p 00000000 00:00 0 
7fc82c96c000-7fc82c970000 ---p 00000000 00:00 0 
7fc82c970000-7fc82ca6c000 rw-p 00000000 00:00 0 
7fc82ca6c000-7fc82ca70000 r--p 00000000 00:25 13834                      /usr/lib/jvm/java-17-openjdk-amd64/lib/libnet.so
7fc82ca70000-7fc82ca7e000 r-xp 00004000 00:25 13834                      /usr/lib/jvm/java-17-openjdk-amd64/lib/libnet.so
7fc82ca7e000-7fc82ca82000 r--p 00012000 00:25 13834                      /usr/lib/jvm/java-17-openjdk-amd64/lib/libnet.so
7fc82ca82000-7fc82ca83000 r--p 00015000 00:25 13834                      /usr/lib/jvm/java-17-openjdk-amd64/lib/libnet.so
7fc82ca83000-7fc82ca84000 rw-p 00016000 00:25 13834                      /usr/lib/jvm/java-17-openjdk-amd64/lib/libnet.so
7fc82ca84000-7fc82ca85000 ---p 00000000 00:00 0 
7fc82ca85000-7fc82ca89000 ---p 00000000 00:00 0 
7fc82ca89000-7fc82cb85000 rw-p 00000000 00:00 0 
7fc82cb85000-7fc82cb86000 ---p 00000000 00:00 0 
7fc82cb86000-7fc82cb8a000 ---p 00000000 00:00 0 
7fc82cb8a000-7fc82cc86000 rw-p 00000000 00:00 0 
7fc82cc86000-7fc82cc87000 ---p 00000000 00:00 0 
7fc82cc87000-7fc82cc8b000 ---p 00000000 00:00 0 
7fc82cc8b000-7fc82cd87000 rw-p 00000000 00:00 0 
7fc82cd87000-7fc82cd88000 ---p 00000000 00:00 0 
7fc82cd88000-7fc82cd8c000 ---p 00000000 00:00 0 
7fc82cd8c000-7fc82ce88000 rw-p 00000000 00:00 0 
7fc82ce88000-7fc82ce89000 ---p 00000000 00:00 0 
7fc82ce89000-7fc82ce8d000 ---p 00000000 00:00 0 
7fc82ce8d000-7fc82cf89000 rw-p 00000000 00:00 0 
7fc82cf89000-7fc82cf8a000 ---p 00000000 00:00 0 
7fc82cf8a000-7fc82cf8e000 ---p 00000000 00:00 0 
7fc82cf8e000-7fc82d08a000 rw-p 00000000 00:00 0 
7fc82d08a000-7fc82d08b000 ---p 00000000 00:00 0 
7fc82d08b000-7fc82d08f000 ---p 00000000 00:00 0 
7fc82d08f000-7fc82d18b000 rw-p 00000000 00:00 0 
7fc82d18b000-7fc82d1e2000 r--p 00000000 00:25 13893                      /usr/lib/locale/C.utf8/LC_CTYPE
7fc82d1e2000-7fc82d1e3000 ---p 00000000 00:00 0 
7fc82d1e3000-7fc82d1e7000 ---p 00000000 00:00 0 
7fc82d1e7000-7fc82d2e3000 rw-p 00000000 00:00 0 
7fc82d2e3000-7fc82d2e4000 ---p 00000000 00:00 0 
7fc82d2e4000-7fc82d2e8000 ---p 00000000 00:00 0 
7fc82d2e8000-7fc82d3e4000 rw-p 00000000 00:00 0 
7fc82d3e4000-7fc82d3e5000 ---p 00000000 00:00 0 
7fc82d3e5000-7fc82d4e5000 rw-p 00000000 00:00 0 
7fc82d4e5000-7fc82d4ea000 r--p 00000000 00:25 13828                      /usr/lib/jvm/java-17-openjdk-amd64/lib/libjsvml.so
7fc82d4ea000-7fc82d52b000 r-xp 00005000 00:25 13828                      /usr/lib/jvm/java-17-openjdk-amd64/lib/libjsvml.so
7fc82d52b000-7fc82d5b4000 r--p 00046000 00:25 13828                      /usr/lib/jvm/java-17-openjdk-amd64/lib/libjsvml.so
7fc82d5b4000-7fc82d5b5000 r--p 000ce000 00:25 13828                      /usr/lib/jvm/java-17-openjdk-amd64/lib/libjsvml.so
7fc82d5b5000-7fc82d5b6000 rw-p 000cf000 00:25 13828                      /usr/lib/jvm/java-17-openjdk-amd64/lib/libjsvml.so
7fc82d5b6000-7fc82d6d3000 rw-p 00000000 00:00 0 
7fc82d6d6000-7fc82d6d8000 r--p 00000000 00:25 13830                      /usr/lib/jvm/java-17-openjdk-amd64/lib/libmanagement.so
7fc82d6d8000-7fc82d6d9000 r-xp 00002000 00:25 13830                      /usr/lib/jvm/java-17-openjdk-amd64/lib/libmanagement.so
7fc82d6d9000-7fc82d6da000 r--p 00003000 00:25 13830                      /usr/lib/jvm/java-17-openjdk-amd64/lib/libmanagement.so
7fc82d6da000-7fc82d6db000 r--p 00003000 00:25 13830                      /usr/lib/jvm/java-17-openjdk-amd64/lib/libmanagement.so
7fc82d6db000-7fc82d6dc000 rw-p 00004000 00:25 13830                      /usr/lib/jvm/java-17-openjdk-amd64/lib/libmanagement.so
7fc82d6dc000-7fc82d6e3000 r--p 00000000 00:25 13835                      /usr/lib/jvm/java-17-openjdk-amd64/lib/libnio.so
7fc82d6e3000-7fc82d6ec000 r-xp 00007000 00:25 13835                      /usr/lib/jvm/java-17-openjdk-amd64/lib/libnio.so
7fc82d6ec000-7fc82d6f0000 r--p 00010000 00:25 13835                      /usr/lib/jvm/java-17-openjdk-amd64/lib/libnio.so
7fc82d6f0000-7fc82d6f1000 r--p 00014000 00:25 13835                      /usr/lib/jvm/java-17-openjdk-amd64/lib/libnio.so
7fc82d6f1000-7fc82d6f2000 rw-p 00015000 00:25 13835                      /usr/lib/jvm/java-17-openjdk-amd64/lib/libnio.so
7fc82d6f2000-7fc82d6f4000 r--p 00000000 00:25 13843                      /usr/lib/jvm/java-17-openjdk-amd64/lib/libzip.so
7fc82d6f4000-7fc82d6f8000 r-xp 00002000 00:25 13843                      /usr/lib/jvm/java-17-openjdk-amd64/lib/libzip.so
7fc82d6f8000-7fc82d6fa000 r--p 00006000 00:25 13843                      /usr/lib/jvm/java-17-openjdk-amd64/lib/libzip.so
7fc82d6fa000-7fc82d6fb000 r--p 00007000 00:25 13843                      /usr/lib/jvm/java-17-openjdk-amd64/lib/libzip.so
7fc82d6fb000-7fc82d6fc000 rw-p 00008000 00:25 13843                      /usr/lib/jvm/java-17-openjdk-amd64/lib/libzip.so
7fc82d6fc000-7fc82d6fd000 r--p 00000000 00:25 13899                      /usr/lib/locale/C.utf8/LC_NUMERIC
7fc82d6fd000-7fc82d6fe000 r--p 00000000 00:25 13902                      /usr/lib/locale/C.utf8/LC_TIME
7fc82d6fe000-7fc82d6ff000 r--p 00000000 00:25 13892                      /usr/lib/locale/C.utf8/LC_COLLATE
7fc82d6ff000-7fc82d700000 r--p 00000000 00:25 13897                      /usr/lib/locale/C.utf8/LC_MONETARY
7fc82d700000-7fc82d701000 r--p 00000000 00:25 13896                      /usr/lib/locale/C.utf8/LC_MESSAGES/SYS_LC_MESSAGES
7fc82d701000-7fc82d702000 r--p 00000000 00:25 13900                      /usr/lib/locale/C.utf8/LC_PAPER
7fc82d702000-7fc82d703000 r--p 00000000 00:25 13898                      /usr/lib/locale/C.utf8/LC_NAME
7fc82d703000-7fc82d70a000 r--s 00000000 00:25 17585                      /usr/lib/x86_64-linux-gnu/gconv/gconv-modules.cache
7fc82d70a000-7fc82d70b000 ---p 00000000 00:00 0 
7fc82d70b000-7fc82d80b000 rw-p 00000000 00:00 0 
7fc82d80b000-7fc82d80c000 ---p 00000000 00:00 0 
7fc82d80c000-7fc82db0e000 rw-p 00000000 00:00 0 
7fc82db0e000-7fc82db0f000 ---p 00000000 00:00 0 
7fc82db0f000-7fc82dc0f000 rw-p 00000000 00:00 0 
7fc82dc0f000-7fc82dc10000 ---p 00000000 00:00 0 
7fc82dc10000-7fc82dd10000 rw-p 00000000 00:00 0 
7fc82dd10000-7fc82dd11000 ---p 00000000 00:00 0 
7fc82dd11000-7fc82e74f000 rw-p 00000000 00:00 0 
7fc82e74f000-7fc82e803000 ---p 00000000 00:00 0 
7fc82e803000-7fc82f14f000 rw-p 00000000 00:00 0 
7fc82f14f000-7fc82f203000 ---p 00000000 00:00 0 
7fc82f203000-7fc82f34c000 rw-p 00000000 00:00 0 
7fc82f34c000-7fc82f362000 ---p 00000000 00:00 0 
7fc82f362000-7fc82f48c000 rw-p 00000000 00:00 0 
7fc82f48c000-7fc82f4a2000 ---p 00000000 00:00 0 
7fc82f4a2000-7fc82f5cc000 rw-p 00000000 00:00 0 
7fc82f5cc000-7fc82f5e2000 ---p 00000000 00:00 0 
7fc82f5e2000-7fc82f806000 rw-p 00000000 00:00 0 
7fc82f806000-7fc82f8d4000 ---p 00000000 00:00 0 
7fc82f8d4000-7fc82f91a000 rw-p 00000000 00:00 0 
7fc82f91a000-7fc82f9bf000 ---p 00000000 00:00 0 
7fc82f9bf000-7fc82f9c4000 rw-p 00000000 00:00 0 
7fc82f9c4000-7fc82f9cb000 ---p 00000000 00:00 0 
7fc82f9cb000-7fc82f9d3000 rw-s 00000000 fe:00 402345                     /tmp/hsperfdata_root/10884
7fc82f9d3000-7fc82f9df000 r--p 00000000 00:25 13820                      /usr/lib/jvm/java-17-openjdk-amd64/lib/libjava.so
7fc82f9df000-7fc82f9f0000 r-xp 0000c000 00:25 13820                      /usr/lib/jvm/java-17-openjdk-amd64/lib/libjava.so
7fc82f9f0000-7fc82f9f6000 r--p 0001d000 00:25 13820                      /usr/lib/jvm/java-17-openjdk-amd64/lib/libjava.so
7fc82f9f6000-7fc82f9f7000 r--p 00022000 00:25 13820                      /usr/lib/jvm/java-17-openjdk-amd64/lib/libjava.so
7fc82f9f7000-7fc82f9f8000 rw-p 00023000 00:25 13820                      /usr/lib/jvm/java-17-openjdk-amd64/lib/libjava.so
7fc82f9f8000-7fc82f9f9000 rw-p 00000000 00:00 0 
7fc82f9f9000-7fc82f9fa000 r--p 00000000 00:25 13815                      /usr/lib/jvm/java-17-openjdk-amd64/lib/libinstrument.so
7fc82f9fa000-7fc82fa00000 r-xp 00001000 00:25 13815                      /usr/lib/jvm/java-17-openjdk-amd64/lib/libinstrument.so
7fc82fa00000-7fc82fa03000 r--p 00007000 00:25 13815                      /usr/lib/jvm/java-17-openjdk-amd64/lib/libinstrument.so
7fc82fa03000-7fc82fa04000 r--p 00009000 00:25 13815                      /usr/lib/jvm/java-17-openjdk-amd64/lib/libinstrument.so
7fc82fa04000-7fc82fa05000 rw-p 0000a000 00:25 13815                      /usr/lib/jvm/java-17-openjdk-amd64/lib/libinstrument.so
7fc82fa05000-7fc82fa07000 r--p 00000000 00:25 13824                      /usr/lib/jvm/java-17-openjdk-amd64/lib/libjimage.so
7fc82fa07000-7fc82fa0a000 r-xp 00002000 00:25 13824                      /usr/lib/jvm/java-17-openjdk-amd64/lib/libjimage.so
7fc82fa0a000-7fc82fa0b000 r--p 00005000 00:25 13824                      /usr/lib/jvm/java-17-openjdk-amd64/lib/libjimage.so
7fc82fa0b000-7fc82fa0c000 r--p 00006000 00:25 13824                      /usr/lib/jvm/java-17-openjdk-amd64/lib/libjimage.so
7fc82fa0c000-7fc82fa0d000 rw-p 00007000 00:25 13824                      /usr/lib/jvm/java-17-openjdk-amd64/lib/libjimage.so
7fc82fa0d000-7fc82fa11000 ---p 00000000 00:00 0 
7fc82fa11000-7fc82fb0d000 rw-p 00000000 00:00 0 
7fc82fb0d000-7fc82fb10000 r--p 00000000 00:25 17971                      /usr/lib/x86_64-linux-gnu/libgcc_s.so.1
7fc82fb10000-7fc82fb27000 r-xp 00003000 00:25 17971                      /usr/lib/x86_64-linux-gnu/libgcc_s.so.1
7fc82fb27000-7fc82fb2b000 r--p 0001a000 00:25 17971                      /usr/lib/x86_64-linux-gnu/libgcc_s.so.1
7fc82fb2b000-7fc82fb2c000 r--p 0001d000 00:25 17971                      /usr/lib/x86_64-linux-gnu/libgcc_s.so.1
7fc82fb2c000-7fc82fb2d000 rw-p 0001e000 00:25 17971                      /usr/lib/x86_64-linux-gnu/libgcc_s.so.1
7fc82fb2d000-7fc82fb3d000 r--p 00000000 00:25 18072                      /usr/lib/x86_64-linux-gnu/libm.so.6
7fc82fb3d000-7fc82fbb1000 r-xp 00010000 00:25 18072                      /usr/lib/x86_64-linux-gnu/libm.so.6
7fc82fbb1000-7fc82fc0b000 r--p 00084000 00:25 18072                      /usr/lib/x86_64-linux-gnu/libm.so.6
7fc82fc0b000-7fc82fc0c000 r--p 000dd000 00:25 18072                      /usr/lib/x86_64-linux-gnu/libm.so.6
7fc82fc0c000-7fc82fc0d000 rw-p 000de000 00:25 18072                      /usr/lib/x86_64-linux-gnu/libm.so.6
7fc82fc0d000-7fc82fca6000 r--p 00000000 00:25 18239                      /usr/lib/x86_64-linux-gnu/libstdc++.so.6.0.30
7fc82fca6000-7fc82fda7000 r-xp 00099000 00:25 18239                      /usr/lib/x86_64-linux-gnu/libstdc++.so.6.0.30
7fc82fda7000-7fc82fe16000 r--p 0019a000 00:25 18239                      /usr/lib/x86_64-linux-gnu/libstdc++.so.6.0.30
7fc82fe16000-7fc82fe21000 r--p 00209000 00:25 18239                      /usr/lib/x86_64-linux-gnu/libstdc++.so.6.0.30
7fc82fe21000-7fc82fe24000 rw-p 00214000 00:25 18239                      /usr/lib/x86_64-linux-gnu/libstdc++.so.6.0.30
7fc82fe24000-7fc82fe27000 rw-p 00000000 00:00 0 
7fc82fe27000-7fc830078000 r--p 00000000 00:25 13856                      /usr/lib/jvm/java-17-openjdk-amd64/lib/server/libjvm.so
7fc830078000-7fc830dca000 r-xp 00251000 00:25 13856                      /usr/lib/jvm/java-17-openjdk-amd64/lib/server/libjvm.so
7fc830dca000-7fc83104c000 r--p 00fa3000 00:25 13856                      /usr/lib/jvm/java-17-openjdk-amd64/lib/server/libjvm.so
7fc83104c000-7fc831104000 r--p 01225000 00:25 13856                      /usr/lib/jvm/java-17-openjdk-amd64/lib/server/libjvm.so
7fc831104000-7fc831139000 rw-p 012dd000 00:25 13856                      /usr/lib/jvm/java-17-openjdk-amd64/lib/server/libjvm.so
7fc831139000-7fc831195000 rw-p 00000000 00:00 0 
7fc831195000-7fc8311bb000 r--p 00000000 00:25 17860                      /usr/lib/x86_64-linux-gnu/libc.so.6
7fc8311bb000-7fc831311000 r-xp 00026000 00:25 17860                      /usr/lib/x86_64-linux-gnu/libc.so.6
7fc831311000-7fc831364000 r--p 0017c000 00:25 17860                      /usr/lib/x86_64-linux-gnu/libc.so.6
7fc831364000-7fc831368000 r--p 001cf000 00:25 17860                      /usr/lib/x86_64-linux-gnu/libc.so.6
7fc831368000-7fc83136a000 rw-p 001d3000 00:25 17860                      /usr/lib/x86_64-linux-gnu/libc.so.6
7fc83136a000-7fc831377000 rw-p 00000000 00:00 0 
7fc831377000-7fc831379000 r--p 00000000 00:25 13825                      /usr/lib/jvm/java-17-openjdk-amd64/lib/libjli.so
7fc831379000-7fc831382000 r-xp 00002000 00:25 13825                      /usr/lib/jvm/java-17-openjdk-amd64/lib/libjli.so
7fc831382000-7fc831385000 r--p 0000b000 00:25 13825                      /usr/lib/jvm/java-17-openjdk-amd64/lib/libjli.so
7fc831385000-7fc831386000 r--p 0000d000 00:25 13825                      /usr/lib/jvm/java-17-openjdk-amd64/lib/libjli.so
7fc831386000-7fc831387000 rw-p 0000e000 00:25 13825                      /usr/lib/jvm/java-17-openjdk-amd64/lib/libjli.so
7fc831387000-7fc83138a000 r--p 00000000 00:25 1006                       /usr/lib/x86_64-linux-gnu/libz.so.1.2.13
7fc83138a000-7fc83139d000 r-xp 00003000 00:25 1006                       /usr/lib/x86_64-linux-gnu/libz.so.1.2.13
7fc83139d000-7fc8313a4000 r--p 00016000 00:25 1006                       /usr/lib/x86_64-linux-gnu/libz.so.1.2.13
7fc8313a4000-7fc8313a5000 r--p 0001c000 00:25 1006                       /usr/lib/x86_64-linux-gnu/libz.so.1.2.13
7fc8313a5000-7fc8313a6000 rw-p 0001d000 00:25 1006                       /usr/lib/x86_64-linux-gnu/libz.so.1.2.13
7fc8313a6000-7fc8313a7000 r--p 00000000 00:25 13891                      /usr/lib/locale/C.utf8/LC_ADDRESS
7fc8313a7000-7fc8313a8000 r--p 00000000 00:25 13901                      /usr/lib/locale/C.utf8/LC_TELEPHONE
7fc8313a8000-7fc8313a9000 r--p 00000000 00:25 13895                      /usr/lib/locale/C.utf8/LC_MEASUREMENT
7fc8313a9000-7fc8313aa000 r--p 00000000 00:25 13894                      /usr/lib/locale/C.utf8/LC_IDENTIFICATION
7fc8313aa000-7fc8313ab000 ---p 00000000 00:00 0 
7fc8313ab000-7fc8313ac000 r--p 00000000 00:00 0 
7fc8313ac000-7fc8313ad000 ---p 00000000 00:00 0 
7fc8313ad000-7fc8313af000 rw-p 00000000 00:00 0 
7fc8313af000-7fc8313b0000 r--p 00000000 00:25 17646                      /usr/lib/x86_64-linux-gnu/ld-linux-x86-64.so.2
7fc8313b0000-7fc8313d6000 r-xp 00001000 00:25 17646                      /usr/lib/x86_64-linux-gnu/ld-linux-x86-64.so.2
7fc8313d6000-7fc8313e0000 r--p 00027000 00:25 17646                      /usr/lib/x86_64-linux-gnu/ld-linux-x86-64.so.2
7fc8313e0000-7fc8313e2000 r--p 00031000 00:25 17646                      /usr/lib/x86_64-linux-gnu/ld-linux-x86-64.so.2
7fc8313e2000-7fc8313e4000 rw-p 00033000 00:25 17646                      /usr/lib/x86_64-linux-gnu/ld-linux-x86-64.so.2
7ffedb6ca000-7ffedb6eb000 rw-p 00000000 00:00 0                          [stack]
7ffedb79f000-7ffedb7a2000 r--p 00000000 00:00 0                          [vvar]
7ffedb7a2000-7ffedb7a4000 r-xp 00000000 00:00 0                          [vdso]
ffffffffff600000-ffffffffff601000 r-xp 00000000 00:00 0                  [vsyscall]


VM Arguments:
jvm_args: -XX:MaxMetaspaceSize=320m --add-opens=java.base/java.util=ALL-UNNAMED --add-opens=java.base/java.lang=ALL-UNNAMED --add-opens=java.base/java.lang.invoke=ALL-UNNAMED --add-opens=java.prefs/java.util.prefs=ALL-UNNAMED --add-opens=java.base/java.nio.charset=ALL-UNNAMED --add-opens=java.base/java.net=ALL-UNNAMED --add-opens=java.base/java.util.concurrent.atomic=ALL-UNNAMED -Xmx640m -Dfile.encoding=UTF-8 -Duser.country -Duser.language=en -Duser.variant -javaagent:/root/.gradle/wrapper/dists/gradle-8.5-bin/5t9huq95ubn472n8rpzujfbqh/gradle-8.5/lib/agents/gradle-instrumentation-agent-8.5.jar 
java_command: org.gradle.launcher.daemon.bootstrap.GradleDaemon 8.5
java_class_path (initial): /root/.gradle/wrapper/dists/gradle-8.5-bin/5t9huq95ubn472n8rpzujfbqh/gradle-8.5/lib/gradle-launcher-8.5.jar
Launcher Type: SUN_STANDARD

[Global flags]
     intx CICompilerCount                          = 2                                         {product} {ergonomic}
   size_t CompressedClassSpaceSize                 = 268435456                                 {product} {ergonomic}
     uint ConcGCThreads                            = 1                                         {product} {ergonomic}
     uint G1ConcRefinementThreads                  = 2                                         {product} {ergonomic}
   size_t G1HeapRegionSize                         = 1048576                                   {product} {ergonomic}
    uintx GCDrainStackTargetSize                   = 64                                        {product} {ergonomic}
   size_t InitialHeapSize                          = 33554432                                  {product} {ergonomic}
   size_t MarkStackSize                            = 4194304                                   {product} {ergonomic}
   size_t MaxHeapSize                              = 671088640                                 {product} {command line}
   size_t MaxMetaspaceSize                         = 335544320                                 {product} {command line}
   size_t MaxNewSize                               = 402653184                                 {product} {ergonomic}
   size_t MinHeapDeltaBytes                        = 1048576                                   {product} {ergonomic}
   size_t MinHeapSize                              = 8388608                                   {product} {ergonomic}
    uintx NonNMethodCodeHeapSize                   = 5826188                                {pd product} {ergonomic}
    uintx NonProfiledCodeHeapSize                  = 122916026                              {pd product} {ergonomic}
    uintx ProfiledCodeHeapSize                     = 122916026                              {pd product} {ergonomic}
    uintx ReservedCodeCacheSize                    = 251658240                              {pd product} {ergonomic}
     bool SegmentedCodeCache                       = true                                      {product} {ergonomic}
   size_t SoftMaxHeapSize                          = 671088640                              {manageable} {ergonomic}
     bool UseCompressedClassPointers               = true                           {product lp64_product} {ergonomic}
     bool UseCompressedOops                        = true                           {product lp64_product} {ergonomic}
     bool UseG1GC                                  = true                                      {product} {ergonomic}

Logging:
Log output configuration:
 #0: stdout all=warning uptime,level,tags
 #1: stderr all=off uptime,level,tags

Environment Variables:
PATH=/usr/local/sbin:/usr/local/bin:/usr/sbin:/usr/bin:/sbin:/bin
SHELL=/bin/bash
LANG=C.UTF-8
LC_ALL=C.UTF-8
TERM=tmux-256color

Active Locale:
LC_ALL=C.UTF-8
LC_COLLATE=C.UTF-8
LC_CTYPE=C.UTF-8
LC_MESSAGES=C.UTF-8
LC_MONETARY=C.UTF-8
LC_NUMERIC=C.UTF-8
LC_TIME=C.UTF-8

Signal Handlers:
   SIGSEGV: crash_handler in libjvm.so, mask=11100100010111111101111111111110, flags=SA_RESTART|SA_SIGINFO, unblocked
    SIGBUS: crash_handler in libjvm.so, mask=11100100010111111101111111111110, flags=SA_RESTART|SA_SIGINFO, unblocked
    SIGFPE: crash_handler in libjvm.so, mask=11100100010111111101111111111110, flags=SA_RESTART|SA_SIGINFO, unblocked
   SIGPIPE: javaSignalHandler in libjvm.so, mask=11100100010111111101111111111110, flags=SA_RESTART|SA_SIGINFO, unblocked
   SIGXFSZ: javaSignalHandler in libjvm.so, mask=11100100010111111101111111111110, flags=SA_RESTART|SA_SIGINFO, unblocked
    SIGILL: crash_handler in libjvm.so, mask=11100100010111111101111111111110, flags=SA_RESTART|SA_SIGINFO, unblocked
   SIGUSR2: SR_handler in libjvm.so, mask=00100000000000000000000000000000, flags=SA_RESTART|SA_SIGINFO, unblocked
    SIGHUP: SIG_IGN, mask=00000000000000000000000000000000, flags=none, unblocked
    SIGINT: UserHandler in libjvm.so, mask=11100100010111111101111111111110, flags=SA_RESTART|SA_SIGINFO, unblocked
   SIGTERM: UserHandler in libjvm.so, mask=11100100010111111101111111111110, flags=SA_RESTART|SA_SIGINFO, unblocked
   SIGQUIT: UserHandler in libjvm.so, mask=11100100010111111101111111111110, flags=SA_RESTART|SA_SIGINFO, unblocked
   SIGTRAP: crash_handler in libjvm.so, mask=11100100010111111101111111111110, flags=SA_RESTART|SA_SIGINFO, unblocked


Periodic native trim disabled


---------------  S Y S T E M  ---------------

OS:
PRETTY_NAME="Debian GNU/Linux 12 (bookworm)"
NAME="Debian GNU/Linux"
VERSION_ID="12"
VERSION="12 (bookworm)"
VERSION_CODENAME=bookworm
ID=debian
HOME_URL="https://www.debian.org/"
SUPPORT_URL="https://www.debian.org/support"
BUG_REPORT_URL="https://bugs.debian.org/"
uname: Linux 4.19.91-c8dfc93.al7.x86_64 #1 SMP Tue Sep 26 10:25:51 UTC 2023 x86_64
OS uptime: 0 days 2:04 hours
libc: glibc 2.36 NPTL 2.36 
rlimit (soft/hard): STACK 8192k/infinity , CORE 0k/0k , NPROC 100000/100000 , NOFILE 100000/100000 , AS infinity/infinity , CPU infinity/infinity , DATA infinity/infinity , FSIZE infinity/infinity , MEMLOCK 64k/64k
load average: 2.74 2.28 1.40

/proc/meminfo:
MemTotal:        2152516 kB
MemFree:           22932 kB
MemAvailable:       2164 kB
Buffers:             112 kB
Cached:            10788 kB
SwapCached:            0 kB
Active:          2039744 kB
Inactive:          10592 kB
Active(anon):    2039612 kB
Inactive(anon):       16 kB
Active(file):        132 kB
Inactive(file):    10576 kB
Unevictable:           0 kB
Mlocked:               0 kB
SwapTotal:             0 kB
SwapFree:              0 kB
Dirty:                24 kB
Writeback:             0 kB
AnonPages:       2039592 kB
Mapped:             7220 kB
Shmem:                36 kB
Slab:              28692 kB
SReclaimable:      15212 kB
SUnreclaim:        13480 kB
KernelStack:        3280 kB
PageTables:         6008 kB
NFS_Unstable:          0 kB
Bounce:                0 kB
WritebackTmp:          0 kB
CommitLimit:     1076256 kB
Committed_AS:    2307800 kB
VmallocTotal:   34359738367 kB
VmallocUsed:           0 kB
VmallocChunk:          0 kB
Percpu:              384 kB
AnonHugePages:    212992 kB
ShmemHugePages:        0 kB
ShmemPmdMapped:        0 kB
HugePages_Total:       0
HugePages_Free:        0
HugePages_Rsvd:        0
HugePages_Surp:        0
Hugepagesize:       2048 kB
Hugetlb:               0 kB
DirectMap4k:        8192 kB
DirectMap2M:     2523136 kB
DirectMap1G:           0 kB

/sys/kernel/mm/transparent_hugepage/enabled: [always] madvise never
/sys/kernel/mm/transparent_hugepage/hpage_pmd_size: 2097152
/sys/kernel/mm/transparent_hugepage/defrag (defrag/compaction efforts parameter): always defer defer+madvise madvise [never]

Process Memory:
Virtual Size: 2562792K (peak: 2607508K)
Resident Set Size: 971864K (peak: 971864K) (anon: 971864K, file: 0K, shmem: 0K)
Swapped out: 0K
C-Heap outstanding allocations: 107059K, retained: 87188K
glibc malloc tunables: (default)

/proc/sys/kernel/threads-max (system-wide limit on the number of threads): 1129
/proc/sys/vm/max_map_count (maximum number of memory map areas a process may have): 65530
/proc/sys/vm/swappiness (control to define how aggressively the kernel swaps out anonymous memory): 60
/proc/sys/kernel/pid_max (system-wide limit on number of process identifiers): 32768

container (cgroup) information:
container_type: cgroupv1
cpu_cpuset_cpus: 0-1
cpu_memory_nodes: 0
active_processor_count: 2
cpu_quota: no quota
cpu_period: 100000
cpu_shares: 12288
memory_limit_in_bytes: 2097152 k
memory_and_swap_limit_in_bytes: unlimited
memory_soft_limit_in_bytes: unlimited
memory_usage_in_bytes: 2064560 k
memory_max_usage_in_bytes: 2065144 k
rss_usage_in_bytes: 2029024 k
cache_usage_in_bytes: 10780 k
kernel_memory_limit_in_bytes: unlimited
kernel_memory_usage_in_bytes: 24280 k
kernel_memory_max_usage_in_bytes: 103676 k
maximum number of tasks: unlimited
current number of tasks: 127

KVM virtualization detected
Steal ticks since vm start: 15171
Steal ticks percentage since vm start:  0.468

CPU: total 2 (initial active 2) (2 cores per cpu, 1 threads per core) family 6 model 85 stepping 7 microcode 0x1, cx8, cmov, fxsr, mmx, 3dnowpref, sse, sse2, sse3, ssse3, sse4.1, sse4.2, popcnt, lzcnt, tsc, tscinvbit, avx, avx2, aes, erms, clmul, bmi1, bmi2, adx, avx512f, avx512dq, avx512cd, avx512bw, avx512vl, fma, vzeroupper, avx512_vnni, clflush, clflushopt, clwb, hv
CPU Model and flags from /proc/cpuinfo:
model name	: Intel(R) Xeon(R) Processor @ 2.50GHz
flags		: fpu vme de pse tsc msr pae mce cx8 apic sep mtrr pge mca cmov pat pse36 clflush mmx fxsr sse sse2 ss ht syscall nx pdpe1gb rdtscp lm constant_tsc rep_good nopl xtopology nonstop_tsc cpuid tsc_known_freq pni pclmulqdq ssse3 fma cx16 pcid sse4_1 sse4_2 x2apic movbe popcnt tsc_deadline_timer aes xsave avx f16c rdrand hypervisor lahf_lm abm 3dnowprefetch cpuid_fault invpcid_single ssbd ibrs ibpb stibp ibrs_enhanced fsgsbase tsc_adjust bmi1 avx2 smep bmi2 erms invpcid mpx avx512f avx512dq rdseed adx smap clflushopt clwb avx512cd avx512bw avx512vl xsaveopt xsavec xgetbv1 xsaves umip avx512_vnni md_clear arch_capabilities

Online cpus: 0-1
Offline cpus: 
BIOS frequency limitation: <Not Available>
Frequency switch latency (ns): <Not Available>
Available cpu frequencies: <Not Available>
Current governor: <Not Available>
Core performance/turbo boost: <Not Available>

Memory: 4k page, physical 2097152k(32944k free), swap 0k(0k free)
Page Sizes: 4k

vm_info: OpenJDK 64-Bit Server VM (17.0.20+8-1-deb12u1-Debian) for linux-amd64 JRE (17.0.20+8-1-deb12u1-Debian), built on Jul 28 2026 07:08:51 by "buildd" with gcc 12.2.0

END.
