#
# There is insufficient memory for the Java Runtime Environment to continue.
# Native memory allocation (mmap) failed to map 55574528 bytes. Error detail: committing reserved memory.
# Possible reasons:
#   The system is out of physical RAM or swap space
#   This process is running with CompressedOops enabled, and the Java Heap may be blocking the growth of the native heap
# Possible solutions:
#   Reduce memory load on the system
#   Increase physical memory or swap space
#   Check if swap backing store is full
#   Decrease Java heap size (-Xmx/-Xms)
#   Decrease number of Java threads
#   Decrease Java thread stack sizes (-Xss)
#   Set larger code cache with -XX:ReservedCodeCacheSize=
#   JVM is running with Unscaled Compressed Oops mode in which the Java heap is
#     placed in the first 4GB address space. The Java Heap base address is the
#     maximum limit for the native heap growth. Please use -XX:HeapBaseMinAddress
#     to set the Java Heap base and to place the Java Heap above 4GB virtual address.
# This output file may be truncated or incomplete.
#
#  Out of Memory Error (os_linux.cpp:2834), pid=23896, tid=23906
#
# JRE version: OpenJDK Runtime Environment (17.0.20+8) (build 17.0.20+8-1-deb12u1-Debian)
# Java VM: OpenJDK 64-Bit Server VM (17.0.20+8-1-deb12u1-Debian, mixed mode, sharing, tiered, compressed oops, compressed class ptrs, g1 gc, linux-amd64)
# No core dump will be written. Core dumps have been disabled. To enable core dumping, try "ulimit -c unlimited" before starting Java again
#

---------------  S U M M A R Y ------------

Command Line: -XX:MaxMetaspaceSize=256m --add-opens=java.base/java.util=ALL-UNNAMED --add-opens=java.base/java.lang=ALL-UNNAMED --add-opens=java.base/java.lang.invoke=ALL-UNNAMED --add-opens=java.prefs/java.util.prefs=ALL-UNNAMED --add-opens=java.base/java.nio.charset=ALL-UNNAMED --add-opens=java.base/java.net=ALL-UNNAMED --add-opens=java.base/java.util.concurrent.atomic=ALL-UNNAMED -Xmx768m -Dfile.encoding=UTF-8 -Duser.country -Duser.language=en -Duser.variant -javaagent:/root/.gradle/wrapper/dists/gradle-8.5-bin/5t9huq95ubn472n8rpzujfbqh/gradle-8.5/lib/agents/gradle-instrumentation-agent-8.5.jar org.gradle.launcher.daemon.bootstrap.GradleDaemon 8.5

Host: Intel(R) Xeon(R) Processor @ 2.50GHz, 2 cores, 2G, Debian GNU/Linux 12 (bookworm)
Time: Tue Sep 29 21:43:48 2026 UTC elapsed time: 177.707689 seconds (0d 0h 2m 57s)

---------------  T H R E A D  ---------------

Current thread (0x00007fb47809c0d0):  VMThread "VM Thread" [stack: 0x00007fb45db40000,0x00007fb45dc40000] [id=23906]

Stack: [0x00007fb45db40000,0x00007fb45dc40000],  sp=0x00007fb45dc3e020,  free space=1016k
Native frames: (J=compiled Java code, j=interpreted, Vv=VM code, C=native code)
V  [libjvm.so+0xf21211]  VMError::report_and_die(int, char const*, char const*, __va_list_tag*, Thread*, unsigned char*, void*, void*, char const*, int, unsigned long)+0x171
V  [libjvm.so+0xf21d7d]  VMError::report_and_die(Thread*, char const*, int, unsigned long, VMErrorType, char const*, __va_list_tag*)+0x2d
V  [libjvm.so+0x60378c]  report_vm_out_of_memory(char const*, int, unsigned long, VMErrorType, char const*, ...)+0xdc
V  [libjvm.so+0xc2a14b]  os::pd_commit_memory_or_exit(char*, unsigned long, unsigned long, bool, char const*)+0xeb
V  [libjvm.so+0xc23ffb]  os::commit_memory_or_exit(char*, unsigned long, unsigned long, bool, char const*)+0x1b
V  [libjvm.so+0x733436]  G1PageBasedVirtualSpace::commit(unsigned long, unsigned long)+0x66
V  [libjvm.so+0x7473e0]  G1RegionsLargerThanCommitSizeMapper::commit_regions(unsigned int, unsigned long, WorkGang*)+0x110
V  [libjvm.so+0x7dadc8]  HeapRegionManager::commit_regions(unsigned int, unsigned long, WorkGang*)+0x88
V  [libjvm.so+0x7dcc0b]  HeapRegionManager::expand(unsigned int, unsigned int, WorkGang*)+0x2b
V  [libjvm.so+0x7dce27]  HeapRegionManager::expand_by(unsigned int, WorkGang*)+0x77
V  [libjvm.so+0x6ebed8]  G1CollectedHeap::expand(unsigned long, WorkGang*, double*)+0xe8
V  [libjvm.so+0x6eea5d]  G1CollectedHeap::resize_heap_if_necessary()+0x3d
V  [libjvm.so+0x6fbd64]  G1ConcurrentMark::remark()+0x3d4
V  [libjvm.so+0x76b861]  VM_G1PauseConcurrent::doit()+0x181
V  [libjvm.so+0xf26715]  VM_Operation::evaluate()+0xe5
V  [libjvm.so+0xf28005]  VMThread::evaluate_operation(VM_Operation*)+0x105
V  [libjvm.so+0xf2857f]  VMThread::inner_execute(VM_Operation*)+0x28f
V  [libjvm.so+0xf2878f]  VMThread::run()+0xbf
V  [libjvm.so+0xea40a5]  Thread::call_run()+0xa5
V  [libjvm.so+0xc2c8f3]  thread_native_entry(Thread*)+0xe3

VM_Operation (0x00007fb47c7edbf0): G1PauseRemark, mode: safepoint, requested by thread 0x00007fb478056d40


---------------  P R O C E S S  ---------------

Threads class SMR info:
_java_thread_list=0x00007fb449b669a0, length=59, elements={
0x00007fb47801a7c0, 0x00007fb4780a01d0, 0x00007fb4780a15b0, 0x00007fb4780a7e80,
0x00007fb4780a9230, 0x00007fb4780aa640, 0x00007fb4780abff0, 0x00007fb4780ad520,
0x00007fb4780ae990, 0x00007fb4780b9e20, 0x00007fb478172410, 0x00007fb479143980,
0x00007fb4790d47c0, 0x00007fb4792578e0, 0x00007fb424016f30, 0x00007fb42c002c50,
0x00007fb42c007ca0, 0x00007fb42c0092c0, 0x00007fb44c005740, 0x00007fb44c006e70,
0x00007fb44c00a080, 0x00007fb44c18e6d0, 0x00007fb44c197a80, 0x00007fb44c255490,
0x00007fb44c602eb0, 0x00007fb44c613b60, 0x00007fb44c620470, 0x00007fb44c623890,
0x00007fb44c67d9c0, 0x00007fb44c6d98f0, 0x00007fb44c3928a0, 0x00007fb44ca323a0,
0x00007fb44ca3a8c0, 0x00007fb44cba28f0, 0x00007fb44ccaf240, 0x00007fb44cda1d90,
0x00007fb44d7be460, 0x00007fb44da5bad0, 0x00007fb44e3a7650, 0x000056270e928f20,
0x000056270e9989a0, 0x000056270e9ad170, 0x000056270e9b2990, 0x000056270e9af920,
0x000056270e9b6710, 0x000056270e9bbb40, 0x000056270e9c8bb0, 0x000056270e9c2e30,
0x000056270e9cede0, 0x000056270eaa7c40, 0x00007fb448063ef0, 0x00007fb448075770,
0x00007fb448088ac0, 0x00007fb448098e50, 0x00007fb44809a0a0, 0x00007fb4140043d0,
0x000056270ebef570, 0x000056270eb04660, 0x00007fb449b67b40
}

Java Threads: ( => current thread )
  0x00007fb47801a7c0 JavaThread "main" [_thread_blocked, id=23897, stack(0x00007fb47d1b0000,0x00007fb47d2b0000)]
  0x00007fb4780a01d0 JavaThread "Reference Handler" daemon [_thread_blocked, id=23907, stack(0x00007fb45da3f000,0x00007fb45db3f000)]
  0x00007fb4780a15b0 JavaThread "Finalizer" daemon [_thread_blocked, id=23908, stack(0x00007fb45d93e000,0x00007fb45da3e000)]
  0x00007fb4780a7e80 JavaThread "Signal Dispatcher" daemon [_thread_blocked, id=23909, stack(0x00007fb45d83d000,0x00007fb45d93d000)]
  0x00007fb4780a9230 JavaThread "Service Thread" daemon [_thread_blocked, id=23910, stack(0x00007fb45d73c000,0x00007fb45d83c000)]
  0x00007fb4780aa640 JavaThread "Monitor Deflation Thread" daemon [_thread_blocked, id=23911, stack(0x00007fb45d63b000,0x00007fb45d73b000)]
  0x00007fb4780abff0 JavaThread "C2 CompilerThread0" daemon [_thread_blocked, id=23912, stack(0x00007fb45d53a000,0x00007fb45d63a000)]
  0x00007fb4780ad520 JavaThread "C1 CompilerThread0" daemon [_thread_blocked, id=23913, stack(0x00007fb45d439000,0x00007fb45d539000)]
  0x00007fb4780ae990 JavaThread "Sweeper thread" daemon [_thread_blocked, id=23914, stack(0x00007fb45d338000,0x00007fb45d438000)]
  0x00007fb4780b9e20 JavaThread "Common-Cleaner" daemon [_thread_blocked, id=23915, stack(0x00007fb45d237000,0x00007fb45d337000)]
  0x00007fb478172410 JavaThread "Notification Thread" daemon [_thread_blocked, id=23916, stack(0x00007fb45d136000,0x00007fb45d236000)]
  0x00007fb479143980 JavaThread "Daemon health stats" [_thread_blocked, id=23922, stack(0x00007fb45ce33000,0x00007fb45cf33000)]
  0x00007fb4790d47c0 JavaThread "Incoming local TCP Connector on port 38855" [_thread_in_native, id=23924, stack(0x00007fb45cb00000,0x00007fb45cc00000)]
  0x00007fb4792578e0 JavaThread "Daemon periodic checks" [_thread_blocked, id=23925, stack(0x00007fb45c700000,0x00007fb45c800000)]
  0x00007fb424016f30 JavaThread "Daemon" [_thread_blocked, id=23926, stack(0x00007fb45c5ff000,0x00007fb45c6ff000)]
  0x00007fb42c002c50 JavaThread "Handler for socket connection from /127.0.0.1:38855 to /127.0.0.1:39960" [_thread_in_native, id=23927, stack(0x00007fb45c4fe000,0x00007fb45c5fe000)]
  0x00007fb42c007ca0 JavaThread "Cancel handler" [_thread_blocked, id=23928, stack(0x00007fb45c3fd000,0x00007fb45c4fd000)]
  0x00007fb42c0092c0 JavaThread "Daemon worker" [_thread_blocked, id=23929, stack(0x00007fb45c2fc000,0x00007fb45c3fc000)]
  0x00007fb44c005740 JavaThread "Asynchronous log dispatcher for DefaultDaemonConnection: socket connection from /127.0.0.1:38855 to /127.0.0.1:39960" [_thread_blocked, id=23932, stack(0x00007fb45c1fb000,0x00007fb45c2fb000)]
  0x00007fb44c006e70 JavaThread "Stdin handler" [_thread_blocked, id=23933, stack(0x00007fb45c0fa000,0x00007fb45c1fa000)]
  0x00007fb44c00a080 JavaThread "Daemon client event forwarder" [_thread_blocked, id=23934, stack(0x00007fb435f00000,0x00007fb436000000)]
  0x00007fb44c18e6d0 JavaThread "Cache worker for journal cache (/root/.gradle/caches/journal-1)" [_thread_blocked, id=23936, stack(0x00007fb435dff000,0x00007fb435eff000)]
  0x00007fb44c197a80 JavaThread "File lock request listener" [_thread_in_native, id=23937, stack(0x00007fb435cfe000,0x00007fb435dfe000)]
  0x00007fb44c255490 JavaThread "Cache worker for file hash cache (/root/.gradle/caches/8.5/fileHashes)" [_thread_blocked, id=23939, stack(0x00007fb435bfd000,0x00007fb435cfd000)]
  0x00007fb44c602eb0 JavaThread "Cache worker for checksums cache (/workspace/android/.gradle/8.5/checksums)" [_thread_blocked, id=23942, stack(0x00007fb435afc000,0x00007fb435bfc000)]
  0x00007fb44c613b60 JavaThread "Cache worker for file hash cache (/workspace/android/.gradle/8.5/fileHashes)" [_thread_blocked, id=23943, stack(0x00007fb4359fb000,0x00007fb435afb000)]
  0x00007fb44c620470 JavaThread "Cache worker for cache directory md-supplier (/root/.gradle/caches/8.5/md-supplier)" [_thread_blocked, id=23944, stack(0x00007fb4358fa000,0x00007fb4359fa000)]
  0x00007fb44c623890 JavaThread "Cache worker for cache directory md-rule (/root/.gradle/caches/8.5/md-rule)" [_thread_blocked, id=23945, stack(0x00007fb4357f9000,0x00007fb4358f9000)]
  0x00007fb44c67d9c0 JavaThread "Cache worker for file content cache (/root/.gradle/caches/8.5/fileContent)" [_thread_blocked, id=23946, stack(0x00007fb4356f8000,0x00007fb4357f8000)]
  0x00007fb44c6d98f0 JavaThread "Cache worker for execution history cache (/root/.gradle/caches/8.5/executionHistory)" [_thread_blocked, id=23947, stack(0x00007fb4355f7000,0x00007fb4356f7000)]
  0x00007fb44c3928a0 JavaThread "Cache worker for kotlin-dsl (/root/.gradle/caches/8.5/kotlin-dsl)" [_thread_blocked, id=23952, stack(0x00007fb4353f5000,0x00007fb4354f5000)]
  0x00007fb44ca323a0 JavaThread "jar transforms" [_thread_blocked, id=23954, stack(0x00007fb4352f4000,0x00007fb4353f4000)]
  0x00007fb44ca3a8c0 JavaThread "jar transforms Thread 2" [_thread_blocked, id=23955, stack(0x00007fb4351f3000,0x00007fb4352f3000)]
  0x00007fb44cba28f0 JavaThread "Cache worker for dependencies-accessors (/workspace/android/.gradle/8.5/dependencies-accessors)" [_thread_blocked, id=23958, stack(0x00007fb4350f2000,0x00007fb4351f2000)]
  0x00007fb44ccaf240 JavaThread "Cache worker for Build Output Cleanup Cache (/workspace/android/.gradle/buildOutputCleanup)" [_thread_blocked, id=23960, stack(0x00007fb434ff1000,0x00007fb4350f1000)]
  0x00007fb44cda1d90 JavaThread "Unconstrained build operations" [_thread_blocked, id=23963, stack(0x00007fb434ef0000,0x00007fb434ff0000)]
  0x00007fb44d7be460 JavaThread "Memory manager" [_thread_blocked, id=23969, stack(0x00007fb434def000,0x00007fb434eef000)]
  0x00007fb44da5bad0 JavaThread "build event listener" [_thread_blocked, id=23974, stack(0x00007fb434cee000,0x00007fb434dee000)]
  0x00007fb44e3a7650 JavaThread "included builds" [_thread_blocked, id=23991, stack(0x00007fb434bed000,0x00007fb434ced000)]
  0x000056270e928f20 JavaThread "Cache worker for execution history cache (/workspace/android/.gradle/8.5/executionHistory)" [_thread_blocked, id=23992, stack(0x00007fb434aec000,0x00007fb434bec000)]
  0x000056270e9989a0 JavaThread "Unconstrained build operations Thread 2" [_thread_blocked, id=23995, stack(0x00007fb4349eb000,0x00007fb434aeb000)]
  0x000056270e9ad170 JavaThread "Unconstrained build operations Thread 3" [_thread_blocked, id=23998, stack(0x00007fb4348ea000,0x00007fb4349ea000)]
  0x000056270e9b2990 JavaThread "Unconstrained build operations Thread 4" [_thread_blocked, id=23999, stack(0x00007fb4347e9000,0x00007fb4348e9000)]
  0x000056270e9af920 JavaThread "Unconstrained build operations Thread 5" [_thread_blocked, id=24000, stack(0x00007fb4346e8000,0x00007fb4347e8000)]
  0x000056270e9b6710 JavaThread "Unconstrained build operations Thread 6" [_thread_blocked, id=24002, stack(0x00007fb4345e7000,0x00007fb4346e7000)]
  0x000056270e9bbb40 JavaThread "Unconstrained build operations Thread 7" [_thread_blocked, id=24003, stack(0x00007fb4344e6000,0x00007fb4345e6000)]
  0x000056270e9c8bb0 JavaThread "Unconstrained build operations Thread 8" [_thread_blocked, id=24004, stack(0x00007fb4343e5000,0x00007fb4344e5000)]
  0x000056270e9c2e30 JavaThread "Unconstrained build operations Thread 9" [_thread_blocked, id=24006, stack(0x00007fb4342e4000,0x00007fb4343e4000)]
  0x000056270e9cede0 JavaThread "Unconstrained build operations Thread 10" [_thread_blocked, id=24008, stack(0x00007fb4341e3000,0x00007fb4342e3000)]
  0x000056270eaa7c40 JavaThread "WorkerExecutor Queue" [_thread_blocked, id=24012, stack(0x00007fb4340e2000,0x00007fb4341e2000)]
  0x00007fb448063ef0 JavaThread "process reaper (pid 24013)" daemon [_thread_in_native, id=24015, stack(0x00007fb45ce10000,0x00007fb45ce32000)]
  0x00007fb448075770 JavaThread "RMI Scheduler(0)" daemon [_thread_blocked, id=24045, stack(0x00007fb40bf00000,0x00007fb40c000000)]
  0x00007fb448088ac0 JavaThread "RMI GC Daemon" daemon [_thread_blocked, id=24047, stack(0x00007fb40b9ff000,0x00007fb40baff000)]
  0x00007fb448098e50 JavaThread "RMI TCP Accept-0" daemon [_thread_in_native, id=24049, stack(0x00007fb40b8fe000,0x00007fb40b9fe000)]
  0x00007fb44809a0a0 JavaThread "RMI Reaper" [_thread_blocked, id=24050, stack(0x00007fb40b7fd000,0x00007fb40b8fd000)]
  0x00007fb4140043d0 JavaThread "RMI TCP Connection(idle)" daemon [_thread_blocked, id=24053, stack(0x00007fb40b6fc000,0x00007fb40b7fc000)]
  0x000056270ebef570 JavaThread "Cache worker for Java compile cache (/root/.gradle/caches/8.5/javaCompile)" [_thread_blocked, id=24209, stack(0x00007fb40b5fb000,0x00007fb40b6fb000)]
  0x000056270eb04660 JavaThread "Build operations" [_thread_blocked, id=24210, stack(0x00007fb40b4fa000,0x00007fb40b5fa000)]
  0x00007fb449b67b40 JavaThread "WorkerExecutor Queue Thread 2" [_thread_blocked, id=24332, stack(0x00007fb40bb00000,0x00007fb40bc00000)]

Other Threads:
=>0x00007fb47809c0d0 VMThread "VM Thread" [stack: 0x00007fb45db40000,0x00007fb45dc40000] [id=23906]
  0x00007fb47801cb30 WatcherThread [stack: 0x00007fb45d035000,0x00007fb45d135000] [id=23917]
  0x00007fb47804f760 GCTaskThread "GC Thread#0" [stack: 0x00007fb47c7f0000,0x00007fb47c8f0000] [id=23901]
  0x00007fb430004990 GCTaskThread "GC Thread#1" [stack: 0x00007fb45cf34000,0x00007fb45d034000] [id=23919]
  0x00007fb478056d40 ConcurrentGCThread "G1 Main Marker" [stack: 0x00007fb47c6ef000,0x00007fb47c7ef000] [id=23902]
  0x00007fb478057cb0 ConcurrentGCThread "G1 Conc#0" [stack: 0x00007fb47c5ee000,0x00007fb47c6ee000] [id=23903]
  0x00007fb4780768e0 ConcurrentGCThread "G1 Refine#0" [stack: 0x00007fb47c2eb000,0x00007fb47c3eb000] [id=23904]
  0x00007fb448005ab0 ConcurrentGCThread "G1 Refine#1" [stack: 0x00007fb4354f6000,0x00007fb4355f6000] [id=23949]
  0x00007fb4780777e0 ConcurrentGCThread "G1 Service" [stack: 0x00007fb47c1ea000,0x00007fb47c2ea000] [id=23905]

Threads with active compile tasks:

VM state: at safepoint (normal execution)

VM Mutex/Monitor currently owned by a thread:  ([mutex/lock_event])
[0x00007fb4780175b0] Threads_lock - owner thread: 0x00007fb47809c0d0
[0x00007fb478017d60] Heap_lock - owner thread: 0x00007fb478056d40

Heap address: 0x00000000d0000000, size: 768 MB, Compressed Oops mode: 32-bit

CDS archive(s) mapped at: [0x00007fb43a000000-0x00007fb43abca000-0x00007fb43abca000), size 12361728, SharedBaseAddress: 0x00007fb43a000000, ArchiveRelocationMode: 1.
Compressed class space mapped at: 0x00007fb43b000000-0x00007fb448000000, reserved size: 218103808
Narrow klass base: 0x00007fb43a000000, Narrow klass shift: 0, Narrow klass range: 0x100000000

GC Precious Log:
 CPUs: 2 total, 2 available
 Memory: 2048M
 Large Page Support: Disabled
 NUMA Support: Disabled
 Compressed Oops: Enabled (32-bit)
 Heap Region Size: 1M
 Heap Min Capacity: 8M
 Heap Initial Capacity: 32M
 Heap Max Capacity: 768M
 Pre-touch: Disabled
 Parallel Workers: 2
 Concurrent Workers: 1
 Concurrent Refinement Workers: 2
 Periodic GC: Disabled

Heap:
 garbage-first heap   total 416768K, used 280500K [0x00000000d0000000, 0x0000000100000000)
  region size 1024K, 34 young (34816K), 13 survivors (13312K)
 Metaspace       used 181558K, committed 182656K, reserved 409600K
  class space    used 23199K, committed 23744K, reserved 212992K

Heap Regions: E=young(eden), S=young(survivor), O=old, HS=humongous(starts), HC=humongous(continues), CS=collection set, F=free, OA=open archive, CA=closed archive, TAMS=top-at-mark-start (previous, next)
|   0|0x00000000d0000000, 0x00000000d0100000, 0x00000000d0100000|100%| O|  |TAMS 0x00000000d0100000, 0x00000000d0000000| Untracked 
|   1|0x00000000d0100000, 0x00000000d0200000, 0x00000000d0200000|100%| O|  |TAMS 0x00000000d0200000, 0x00000000d0100000| Untracked 
|   2|0x00000000d0200000, 0x00000000d0300000, 0x00000000d0300000|100%|HS|  |TAMS 0x00000000d0300000, 0x00000000d0200000| Complete 
|   3|0x00000000d0300000, 0x00000000d0400000, 0x00000000d0400000|100%|HC|  |TAMS 0x00000000d0400000, 0x00000000d0300000| Complete 
|   4|0x00000000d0400000, 0x00000000d0500000, 0x00000000d0500000|100%|HC|  |TAMS 0x00000000d0500000, 0x00000000d0400000| Complete 
|   5|0x00000000d0500000, 0x00000000d0600000, 0x00000000d0600000|100%|HC|  |TAMS 0x00000000d0600000, 0x00000000d0500000| Complete 
|   6|0x00000000d0600000, 0x00000000d0700000, 0x00000000d0700000|100%| O|  |TAMS 0x00000000d0700000, 0x00000000d0600000| Untracked 
|   7|0x00000000d0700000, 0x00000000d0800000, 0x00000000d0800000|100%| O|  |TAMS 0x00000000d0800000, 0x00000000d0700000| Updating 
|   8|0x00000000d0800000, 0x00000000d0900000, 0x00000000d0900000|100%| O|  |TAMS 0x00000000d0900000, 0x00000000d0800000| Untracked 
|   9|0x00000000d0900000, 0x00000000d0a00000, 0x00000000d0a00000|100%| O|  |TAMS 0x00000000d0a00000, 0x00000000d0900000| Untracked 
|  10|0x00000000d0a00000, 0x00000000d0b00000, 0x00000000d0b00000|100%| O|  |TAMS 0x00000000d0b00000, 0x00000000d0a00000| Untracked 
|  11|0x00000000d0b00000, 0x00000000d0c00000, 0x00000000d0c00000|100%| O|  |TAMS 0x00000000d0c00000, 0x00000000d0b00000| Untracked 
|  12|0x00000000d0c00000, 0x00000000d0d00000, 0x00000000d0d00000|100%| O|  |TAMS 0x00000000d0d00000, 0x00000000d0c00000| Untracked 
|  13|0x00000000d0d00000, 0x00000000d0e00000, 0x00000000d0e00000|100%| O|  |TAMS 0x00000000d0e00000, 0x00000000d0d00000| Untracked 
|  14|0x00000000d0e00000, 0x00000000d0f00000, 0x00000000d0f00000|100%| O|  |TAMS 0x00000000d0f00000, 0x00000000d0e00000| Untracked 
|  15|0x00000000d0f00000, 0x00000000d1000000, 0x00000000d1000000|100%| O|  |TAMS 0x00000000d1000000, 0x00000000d0f00000| Untracked 
|  16|0x00000000d1000000, 0x00000000d1100000, 0x00000000d1100000|100%| O|  |TAMS 0x00000000d1100000, 0x00000000d1000000| Untracked 
|  17|0x00000000d1100000, 0x00000000d1200000, 0x00000000d1200000|100%| O|  |TAMS 0x00000000d1200000, 0x00000000d1100000| Untracked 
|  18|0x00000000d1200000, 0x00000000d1300000, 0x00000000d1300000|100%| O|  |TAMS 0x00000000d1300000, 0x00000000d1200000| Updating 
|  19|0x00000000d1300000, 0x00000000d1400000, 0x00000000d1400000|100%| O|  |TAMS 0x00000000d1400000, 0x00000000d1300000| Untracked 
|  20|0x00000000d1400000, 0x00000000d1500000, 0x00000000d1500000|100%| O|  |TAMS 0x00000000d1500000, 0x00000000d1400000| Updating 
|  21|0x00000000d1500000, 0x00000000d1600000, 0x00000000d1600000|100%| O|  |TAMS 0x00000000d1600000, 0x00000000d1500000| Updating 
|  22|0x00000000d1600000, 0x00000000d1700000, 0x00000000d1700000|100%| O|  |TAMS 0x00000000d1700000, 0x00000000d1600000| Untracked 
|  23|0x00000000d1700000, 0x00000000d1800000, 0x00000000d1800000|100%| O|  |TAMS 0x00000000d1800000, 0x00000000d1700000| Untracked 
|  24|0x00000000d1800000, 0x00000000d1900000, 0x00000000d1900000|100%| O|  |TAMS 0x00000000d1900000, 0x00000000d1800000| Untracked 
|  25|0x00000000d1900000, 0x00000000d1a00000, 0x00000000d1a00000|100%| O|  |TAMS 0x00000000d1a00000, 0x00000000d1900000| Untracked 
|  26|0x00000000d1a00000, 0x00000000d1b00000, 0x00000000d1b00000|100%| O|  |TAMS 0x00000000d1b00000, 0x00000000d1a00000| Untracked 
|  27|0x00000000d1b00000, 0x00000000d1c00000, 0x00000000d1c00000|100%| O|  |TAMS 0x00000000d1c00000, 0x00000000d1b00000| Untracked 
|  28|0x00000000d1c00000, 0x00000000d1d00000, 0x00000000d1d00000|100%| O|  |TAMS 0x00000000d1d00000, 0x00000000d1c00000| Untracked 
|  29|0x00000000d1d00000, 0x00000000d1e00000, 0x00000000d1e00000|100%| O|  |TAMS 0x00000000d1e00000, 0x00000000d1d00000| Updating 
|  30|0x00000000d1e00000, 0x00000000d1f00000, 0x00000000d1f00000|100%|HS|  |TAMS 0x00000000d1f00000, 0x00000000d1e00000| Complete 
|  31|0x00000000d1f00000, 0x00000000d2000000, 0x00000000d2000000|100%|HS|  |TAMS 0x00000000d2000000, 0x00000000d1f00000| Complete 
|  32|0x00000000d2000000, 0x00000000d2100000, 0x00000000d2100000|100%|HS|  |TAMS 0x00000000d2100000, 0x00000000d2000000| Complete 
|  33|0x00000000d2100000, 0x00000000d2200000, 0x00000000d2200000|100%|HC|  |TAMS 0x00000000d2200000, 0x00000000d2100000| Complete 
|  34|0x00000000d2200000, 0x00000000d2300000, 0x00000000d2300000|100%| O|  |TAMS 0x00000000d2300000, 0x00000000d2200000| Untracked 
|  35|0x00000000d2300000, 0x00000000d2400000, 0x00000000d2400000|100%| O|  |TAMS 0x00000000d2400000, 0x00000000d2300000| Untracked 
|  36|0x00000000d2400000, 0x00000000d2500000, 0x00000000d2500000|100%| O|  |TAMS 0x00000000d2500000, 0x00000000d2400000| Untracked 
|  37|0x00000000d2500000, 0x00000000d2600000, 0x00000000d2600000|100%| O|  |TAMS 0x00000000d2600000, 0x00000000d2500000| Untracked 
|  38|0x00000000d2600000, 0x00000000d2700000, 0x00000000d2700000|100%|HS|  |TAMS 0x00000000d2700000, 0x00000000d2600000| Complete 
|  39|0x00000000d2700000, 0x00000000d2800000, 0x00000000d2800000|100%|HC|  |TAMS 0x00000000d2800000, 0x00000000d2700000| Complete 
|  40|0x00000000d2800000, 0x00000000d2900000, 0x00000000d2900000|100%|HS|  |TAMS 0x00000000d2900000, 0x00000000d2800000| Complete 
|  41|0x00000000d2900000, 0x00000000d2a00000, 0x00000000d2a00000|100%|HS|  |TAMS 0x00000000d2a00000, 0x00000000d2900000| Complete 
|  42|0x00000000d2a00000, 0x00000000d2b00000, 0x00000000d2b00000|100%|HC|  |TAMS 0x00000000d2b00000, 0x00000000d2a00000| Complete 
|  43|0x00000000d2b00000, 0x00000000d2c00000, 0x00000000d2c00000|100%|HC|  |TAMS 0x00000000d2c00000, 0x00000000d2b00000| Complete 
|  44|0x00000000d2c00000, 0x00000000d2d00000, 0x00000000d2d00000|100%|HC|  |TAMS 0x00000000d2d00000, 0x00000000d2c00000| Complete 
|  45|0x00000000d2d00000, 0x00000000d2e00000, 0x00000000d2e00000|100%| O|  |TAMS 0x00000000d2e00000, 0x00000000d2d00000| Untracked 
|  46|0x00000000d2e00000, 0x00000000d2f00000, 0x00000000d2f00000|100%| O|  |TAMS 0x00000000d2f00000, 0x00000000d2e00000| Updating 
|  47|0x00000000d2f00000, 0x00000000d3000000, 0x00000000d3000000|100%| O|  |TAMS 0x00000000d3000000, 0x00000000d2f00000| Untracked 
|  48|0x00000000d3000000, 0x00000000d3100000, 0x00000000d3100000|100%|HS|  |TAMS 0x00000000d3100000, 0x00000000d3000000| Complete 
|  49|0x00000000d3100000, 0x00000000d3200000, 0x00000000d3200000|100%| O|  |TAMS 0x00000000d3200000, 0x00000000d3100000| Untracked 
|  50|0x00000000d3200000, 0x00000000d3300000, 0x00000000d3300000|100%| O|  |TAMS 0x00000000d3300000, 0x00000000d3200000| Untracked 
|  51|0x00000000d3300000, 0x00000000d3400000, 0x00000000d3400000|100%| O|  |TAMS 0x00000000d3400000, 0x00000000d3300000| Untracked 
|  52|0x00000000d3400000, 0x00000000d3500000, 0x00000000d3500000|100%| O|  |TAMS 0x00000000d3500000, 0x00000000d3400000| Updating 
|  53|0x00000000d3500000, 0x00000000d3600000, 0x00000000d3600000|100%| O|  |TAMS 0x00000000d3600000, 0x00000000d3500000| Updating 
|  54|0x00000000d3600000, 0x00000000d3700000, 0x00000000d3700000|100%|HS|  |TAMS 0x00000000d3700000, 0x00000000d3600000| Complete 
|  55|0x00000000d3700000, 0x00000000d3800000, 0x00000000d3800000|100%| O|  |TAMS 0x00000000d3800000, 0x00000000d3700000| Untracked 
|  56|0x00000000d3800000, 0x00000000d3900000, 0x00000000d3900000|100%| O|  |TAMS 0x00000000d3900000, 0x00000000d3800000| Untracked 
|  57|0x00000000d3900000, 0x00000000d3a00000, 0x00000000d3a00000|100%| O|  |TAMS 0x00000000d3a00000, 0x00000000d3900000| Untracked 
|  58|0x00000000d3a00000, 0x00000000d3b00000, 0x00000000d3b00000|100%| O|  |TAMS 0x00000000d3b00000, 0x00000000d3a00000| Updating 
|  59|0x00000000d3b00000, 0x00000000d3c00000, 0x00000000d3c00000|100%| O|  |TAMS 0x00000000d3c00000, 0x00000000d3b00000| Untracked 
|  60|0x00000000d3c00000, 0x00000000d3d00000, 0x00000000d3d00000|100%| O|  |TAMS 0x00000000d3d00000, 0x00000000d3c00000| Untracked 
|  61|0x00000000d3d00000, 0x00000000d3e00000, 0x00000000d3e00000|100%|HS|  |TAMS 0x00000000d3e00000, 0x00000000d3d00000| Complete 
|  62|0x00000000d3e00000, 0x00000000d3f00000, 0x00000000d3f00000|100%|HC|  |TAMS 0x00000000d3f00000, 0x00000000d3e00000| Complete 
|  63|0x00000000d3f00000, 0x00000000d4000000, 0x00000000d4000000|100%|HC|  |TAMS 0x00000000d4000000, 0x00000000d3f00000| Complete 
|  64|0x00000000d4000000, 0x00000000d4100000, 0x00000000d4100000|100%|HC|  |TAMS 0x00000000d4100000, 0x00000000d4000000| Complete 
|  65|0x00000000d4100000, 0x00000000d4200000, 0x00000000d4200000|100%| O|  |TAMS 0x00000000d4200000, 0x00000000d4100000| Untracked 
|  66|0x00000000d4200000, 0x00000000d4300000, 0x00000000d4300000|100%| O|  |TAMS 0x00000000d4300000, 0x00000000d4200000| Untracked 
|  67|0x00000000d4300000, 0x00000000d4400000, 0x00000000d4400000|100%| O|  |TAMS 0x00000000d4400000, 0x00000000d4300000| Untracked 
|  68|0x00000000d4400000, 0x00000000d4500000, 0x00000000d4500000|100%| O|  |TAMS 0x00000000d4500000, 0x00000000d4400000| Untracked 
|  69|0x00000000d4500000, 0x00000000d4600000, 0x00000000d4600000|100%| O|  |TAMS 0x00000000d4600000, 0x00000000d4500000| Updating 
|  70|0x00000000d4600000, 0x00000000d4700000, 0x00000000d4700000|100%| O|  |TAMS 0x00000000d4700000, 0x00000000d4600000| Untracked 
|  71|0x00000000d4700000, 0x00000000d4800000, 0x00000000d4800000|100%| O|  |TAMS 0x00000000d4800000, 0x00000000d4700000| Untracked 
|  72|0x00000000d4800000, 0x00000000d4900000, 0x00000000d4900000|100%| O|  |TAMS 0x00000000d4900000, 0x00000000d4800000| Untracked 
|  73|0x00000000d4900000, 0x00000000d4a00000, 0x00000000d4a00000|100%| O|  |TAMS 0x00000000d4a00000, 0x00000000d4900000| Untracked 
|  74|0x00000000d4a00000, 0x00000000d4b00000, 0x00000000d4b00000|100%| O|  |TAMS 0x00000000d4b00000, 0x00000000d4a00000| Updating 
|  75|0x00000000d4b00000, 0x00000000d4c00000, 0x00000000d4c00000|100%| O|  |TAMS 0x00000000d4c00000, 0x00000000d4b00000| Untracked 
|  76|0x00000000d4c00000, 0x00000000d4d00000, 0x00000000d4d00000|100%| O|  |TAMS 0x00000000d4d00000, 0x00000000d4c00000| Untracked 
|  77|0x00000000d4d00000, 0x00000000d4e00000, 0x00000000d4e00000|100%| O|  |TAMS 0x00000000d4e00000, 0x00000000d4d00000| Untracked 
|  78|0x00000000d4e00000, 0x00000000d4f00000, 0x00000000d4f00000|100%| O|  |TAMS 0x00000000d4f00000, 0x00000000d4e00000| Updating 
|  79|0x00000000d4f00000, 0x00000000d5000000, 0x00000000d5000000|100%| O|  |TAMS 0x00000000d5000000, 0x00000000d4f00000| Untracked 
|  80|0x00000000d5000000, 0x00000000d5100000, 0x00000000d5100000|100%| O|  |TAMS 0x00000000d5100000, 0x00000000d5000000| Updating 
|  81|0x00000000d5100000, 0x00000000d5200000, 0x00000000d5200000|100%| O|  |TAMS 0x00000000d5200000, 0x00000000d5100000| Untracked 
|  82|0x00000000d5200000, 0x00000000d5300000, 0x00000000d5300000|100%| O|  |TAMS 0x00000000d5300000, 0x00000000d5200000| Untracked 
|  83|0x00000000d5300000, 0x00000000d5400000, 0x00000000d5400000|100%| O|  |TAMS 0x00000000d5400000, 0x00000000d5300000| Untracked 
|  84|0x00000000d5400000, 0x00000000d5500000, 0x00000000d5500000|100%| O|  |TAMS 0x00000000d5500000, 0x00000000d5400000| Updating 
|  85|0x00000000d5500000, 0x00000000d5600000, 0x00000000d5600000|100%| O|  |TAMS 0x00000000d5600000, 0x00000000d5500000| Untracked 
|  86|0x00000000d5600000, 0x00000000d5700000, 0x00000000d5700000|100%| O|  |TAMS 0x00000000d5700000, 0x00000000d5600000| Untracked 
|  87|0x00000000d5700000, 0x00000000d5800000, 0x00000000d5800000|100%| O|  |TAMS 0x00000000d5800000, 0x00000000d5700000| Untracked 
|  88|0x00000000d5800000, 0x00000000d5900000, 0x00000000d5900000|100%| O|  |TAMS 0x00000000d5900000, 0x00000000d5800000| Untracked 
|  89|0x00000000d5900000, 0x00000000d5a00000, 0x00000000d5a00000|100%| O|  |TAMS 0x00000000d5a00000, 0x00000000d5900000| Updating 
|  90|0x00000000d5a00000, 0x00000000d5b00000, 0x00000000d5b00000|100%| O|  |TAMS 0x00000000d5b00000, 0x00000000d5a00000| Updating 
|  91|0x00000000d5b00000, 0x00000000d5c00000, 0x00000000d5c00000|100%| O|  |TAMS 0x00000000d5c00000, 0x00000000d5b00000| Untracked 
|  92|0x00000000d5c00000, 0x00000000d5d00000, 0x00000000d5d00000|100%| O|  |TAMS 0x00000000d5d00000, 0x00000000d5c00000| Untracked 
|  93|0x00000000d5d00000, 0x00000000d5e00000, 0x00000000d5e00000|100%| O|  |TAMS 0x00000000d5e00000, 0x00000000d5d00000| Untracked 
|  94|0x00000000d5e00000, 0x00000000d5f00000, 0x00000000d5f00000|100%| O|  |TAMS 0x00000000d5f00000, 0x00000000d5e00000| Untracked 
|  95|0x00000000d5f00000, 0x00000000d6000000, 0x00000000d6000000|100%| O|  |TAMS 0x00000000d6000000, 0x00000000d5f00000| Untracked 
|  96|0x00000000d6000000, 0x00000000d6100000, 0x00000000d6100000|100%| O|  |TAMS 0x00000000d6100000, 0x00000000d6000000| Untracked 
|  97|0x00000000d6100000, 0x00000000d6200000, 0x00000000d6200000|100%| O|  |TAMS 0x00000000d6200000, 0x00000000d6100000| Untracked 
|  98|0x00000000d6200000, 0x00000000d6300000, 0x00000000d6300000|100%| O|  |TAMS 0x00000000d6300000, 0x00000000d6200000| Untracked 
|  99|0x00000000d6300000, 0x00000000d6400000, 0x00000000d6400000|100%| O|  |TAMS 0x00000000d6400000, 0x00000000d6300000| Untracked 
| 100|0x00000000d6400000, 0x00000000d6500000, 0x00000000d6500000|100%| O|  |TAMS 0x00000000d6500000, 0x00000000d6400000| Untracked 
| 101|0x00000000d6500000, 0x00000000d6600000, 0x00000000d6600000|100%| O|  |TAMS 0x00000000d6600000, 0x00000000d6500000| Updating 
| 102|0x00000000d6600000, 0x00000000d6700000, 0x00000000d6700000|100%| O|  |TAMS 0x00000000d6700000, 0x00000000d6600000| Untracked 
| 103|0x00000000d6700000, 0x00000000d6800000, 0x00000000d6800000|100%| O|  |TAMS 0x00000000d6800000, 0x00000000d6700000| Untracked 
| 104|0x00000000d6800000, 0x00000000d6900000, 0x00000000d6900000|100%| O|  |TAMS 0x00000000d6900000, 0x00000000d6800000| Untracked 
| 105|0x00000000d6900000, 0x00000000d6a00000, 0x00000000d6a00000|100%| O|  |TAMS 0x00000000d6a00000, 0x00000000d6900000| Updating 
| 106|0x00000000d6a00000, 0x00000000d6b00000, 0x00000000d6b00000|100%| O|  |TAMS 0x00000000d6b00000, 0x00000000d6a00000| Untracked 
| 107|0x00000000d6b00000, 0x00000000d6c00000, 0x00000000d6c00000|100%|HS|  |TAMS 0x00000000d6c00000, 0x00000000d6b00000| Complete 
| 108|0x00000000d6c00000, 0x00000000d6d00000, 0x00000000d6d00000|100%|HC|  |TAMS 0x00000000d6d00000, 0x00000000d6c00000| Complete 
| 109|0x00000000d6d00000, 0x00000000d6e00000, 0x00000000d6e00000|100%| O|  |TAMS 0x00000000d6e00000, 0x00000000d6d00000| Updating 
| 110|0x00000000d6e00000, 0x00000000d6f00000, 0x00000000d6f00000|100%| O|  |TAMS 0x00000000d6f00000, 0x00000000d6e00000| Updating 
| 111|0x00000000d6f00000, 0x00000000d7000000, 0x00000000d7000000|100%| O|  |TAMS 0x00000000d7000000, 0x00000000d6f00000| Untracked 
| 112|0x00000000d7000000, 0x00000000d7100000, 0x00000000d7100000|100%| O|  |TAMS 0x00000000d7100000, 0x00000000d7000000| Untracked 
| 113|0x00000000d7100000, 0x00000000d7200000, 0x00000000d7200000|100%| O|  |TAMS 0x00000000d7200000, 0x00000000d7100000| Updating 
| 114|0x00000000d7200000, 0x00000000d7300000, 0x00000000d7300000|100%| O|  |TAMS 0x00000000d7300000, 0x00000000d7200000| Untracked 
| 115|0x00000000d7300000, 0x00000000d7400000, 0x00000000d7400000|100%| O|  |TAMS 0x00000000d7400000, 0x00000000d7300000| Untracked 
| 116|0x00000000d7400000, 0x00000000d7500000, 0x00000000d7500000|100%| O|  |TAMS 0x00000000d7500000, 0x00000000d7400000| Untracked 
| 117|0x00000000d7500000, 0x00000000d7600000, 0x00000000d7600000|100%| O|  |TAMS 0x00000000d7600000, 0x00000000d7500000| Untracked 
| 118|0x00000000d7600000, 0x00000000d7700000, 0x00000000d7700000|100%| O|  |TAMS 0x00000000d7700000, 0x00000000d7600000| Untracked 
| 119|0x00000000d7700000, 0x00000000d7800000, 0x00000000d7800000|100%| O|  |TAMS 0x00000000d7800000, 0x00000000d7700000| Untracked 
| 120|0x00000000d7800000, 0x00000000d7900000, 0x00000000d7900000|100%| O|  |TAMS 0x00000000d7900000, 0x00000000d7800000| Untracked 
| 121|0x00000000d7900000, 0x00000000d7a00000, 0x00000000d7a00000|100%|HS|  |TAMS 0x00000000d7a00000, 0x00000000d7900000| Complete 
| 122|0x00000000d7a00000, 0x00000000d7b00000, 0x00000000d7b00000|100%|HC|  |TAMS 0x00000000d7b00000, 0x00000000d7a00000| Complete 
| 123|0x00000000d7b00000, 0x00000000d7c00000, 0x00000000d7c00000|100%|HC|  |TAMS 0x00000000d7c00000, 0x00000000d7b00000| Complete 
| 124|0x00000000d7c00000, 0x00000000d7d00000, 0x00000000d7d00000|100%| O|  |TAMS 0x00000000d7d00000, 0x00000000d7c00000| Untracked 
| 125|0x00000000d7d00000, 0x00000000d7e00000, 0x00000000d7e00000|100%| O|  |TAMS 0x00000000d7e00000, 0x00000000d7d00000| Untracked 
| 126|0x00000000d7e00000, 0x00000000d7f00000, 0x00000000d7f00000|100%| O|  |TAMS 0x00000000d7f00000, 0x00000000d7e00000| Untracked 
| 127|0x00000000d7f00000, 0x00000000d8000000, 0x00000000d8000000|100%| O|  |TAMS 0x00000000d8000000, 0x00000000d7f00000| Untracked 
| 128|0x00000000d8000000, 0x00000000d8100000, 0x00000000d8100000|100%| O|  |TAMS 0x00000000d8100000, 0x00000000d8000000| Untracked 
| 129|0x00000000d8100000, 0x00000000d8200000, 0x00000000d8200000|100%| O|  |TAMS 0x00000000d8200000, 0x00000000d8100000| Untracked 
| 130|0x00000000d8200000, 0x00000000d8300000, 0x00000000d8300000|100%| O|  |TAMS 0x00000000d8300000, 0x00000000d8200000| Untracked 
| 131|0x00000000d8300000, 0x00000000d8400000, 0x00000000d8400000|100%| O|  |TAMS 0x00000000d8400000, 0x00000000d8300000| Updating 
| 132|0x00000000d8400000, 0x00000000d8500000, 0x00000000d8500000|100%| O|  |TAMS 0x00000000d8500000, 0x00000000d8400000| Untracked 
| 133|0x00000000d8500000, 0x00000000d8600000, 0x00000000d8600000|100%| O|  |TAMS 0x00000000d8600000, 0x00000000d8500000| Untracked 
| 134|0x00000000d8600000, 0x00000000d8700000, 0x00000000d8700000|100%| O|  |TAMS 0x00000000d8700000, 0x00000000d8600000| Untracked 
| 135|0x00000000d8700000, 0x00000000d8800000, 0x00000000d8800000|100%| O|  |TAMS 0x00000000d8800000, 0x00000000d8700000| Untracked 
| 136|0x00000000d8800000, 0x00000000d8900000, 0x00000000d8900000|100%| O|  |TAMS 0x00000000d8900000, 0x00000000d8800000| Untracked 
| 137|0x00000000d8900000, 0x00000000d8a00000, 0x00000000d8a00000|100%| O|  |TAMS 0x00000000d8a00000, 0x00000000d8900000| Untracked 
| 138|0x00000000d8a00000, 0x00000000d8b00000, 0x00000000d8b00000|100%| O|  |TAMS 0x00000000d8b00000, 0x00000000d8a00000| Untracked 
| 139|0x00000000d8b00000, 0x00000000d8c00000, 0x00000000d8c00000|100%| O|  |TAMS 0x00000000d8c00000, 0x00000000d8b00000| Updating 
| 140|0x00000000d8c00000, 0x00000000d8d00000, 0x00000000d8d00000|100%| O|  |TAMS 0x00000000d8d00000, 0x00000000d8c00000| Untracked 
| 141|0x00000000d8d00000, 0x00000000d8e00000, 0x00000000d8e00000|100%| O|  |TAMS 0x00000000d8e00000, 0x00000000d8d00000| Updating 
| 142|0x00000000d8e00000, 0x00000000d8f00000, 0x00000000d8f00000|100%| O|  |TAMS 0x00000000d8f00000, 0x00000000d8e00000| Untracked 
| 143|0x00000000d8f00000, 0x00000000d9000000, 0x00000000d9000000|100%| O|  |TAMS 0x00000000d9000000, 0x00000000d8f00000| Untracked 
| 144|0x00000000d9000000, 0x00000000d9100000, 0x00000000d9100000|100%| O|  |TAMS 0x00000000d9100000, 0x00000000d9000000| Untracked 
| 145|0x00000000d9100000, 0x00000000d9200000, 0x00000000d9200000|100%| O|  |TAMS 0x00000000d9200000, 0x00000000d9100000| Untracked 
| 146|0x00000000d9200000, 0x00000000d9300000, 0x00000000d9300000|100%| O|  |TAMS 0x00000000d9300000, 0x00000000d9200000| Untracked 
| 147|0x00000000d9300000, 0x00000000d9400000, 0x00000000d9400000|100%| O|  |TAMS 0x00000000d9400000, 0x00000000d9300000| Untracked 
| 148|0x00000000d9400000, 0x00000000d9500000, 0x00000000d9500000|100%| O|  |TAMS 0x00000000d9500000, 0x00000000d9400000| Untracked 
| 149|0x00000000d9500000, 0x00000000d9600000, 0x00000000d9600000|100%| O|  |TAMS 0x00000000d9600000, 0x00000000d9500000| Untracked 
| 150|0x00000000d9600000, 0x00000000d9700000, 0x00000000d9700000|100%| O|  |TAMS 0x00000000d9700000, 0x00000000d9600000| Untracked 
| 151|0x00000000d9700000, 0x00000000d9800000, 0x00000000d9800000|100%| O|  |TAMS 0x00000000d9800000, 0x00000000d9700000| Updating 
| 152|0x00000000d9800000, 0x00000000d9900000, 0x00000000d9900000|100%| O|  |TAMS 0x00000000d9900000, 0x00000000d9800000| Untracked 
| 153|0x00000000d9900000, 0x00000000d9a00000, 0x00000000d9a00000|100%| O|  |TAMS 0x00000000d9a00000, 0x00000000d9900000| Updating 
| 154|0x00000000d9a00000, 0x00000000d9b00000, 0x00000000d9b00000|100%|HS|  |TAMS 0x00000000d9b00000, 0x00000000d9a00000| Complete 
| 155|0x00000000d9b00000, 0x00000000d9c00000, 0x00000000d9c00000|100%|HC|  |TAMS 0x00000000d9c00000, 0x00000000d9b00000| Complete 
| 156|0x00000000d9c00000, 0x00000000d9d00000, 0x00000000d9d00000|100%| O|  |TAMS 0x00000000d9d00000, 0x00000000d9c00000| Untracked 
| 157|0x00000000d9d00000, 0x00000000d9e00000, 0x00000000d9e00000|100%| O|  |TAMS 0x00000000d9e00000, 0x00000000d9d00000| Untracked 
| 158|0x00000000d9e00000, 0x00000000d9f00000, 0x00000000d9f00000|100%| O|  |TAMS 0x00000000d9f00000, 0x00000000d9e00000| Untracked 
| 159|0x00000000d9f00000, 0x00000000da000000, 0x00000000da000000|100%| O|  |TAMS 0x00000000da000000, 0x00000000d9f00000| Untracked 
| 160|0x00000000da000000, 0x00000000da100000, 0x00000000da100000|100%| O|  |TAMS 0x00000000da100000, 0x00000000da000000| Untracked 
| 161|0x00000000da100000, 0x00000000da200000, 0x00000000da200000|100%| O|  |TAMS 0x00000000da200000, 0x00000000da100000| Untracked 
| 162|0x00000000da200000, 0x00000000da300000, 0x00000000da300000|100%| O|  |TAMS 0x00000000da300000, 0x00000000da200000| Untracked 
| 163|0x00000000da300000, 0x00000000da400000, 0x00000000da400000|100%| O|  |TAMS 0x00000000da400000, 0x00000000da300000| Untracked 
| 164|0x00000000da400000, 0x00000000da500000, 0x00000000da500000|100%| O|  |TAMS 0x00000000da500000, 0x00000000da400000| Untracked 
| 165|0x00000000da500000, 0x00000000da600000, 0x00000000da600000|100%| O|  |TAMS 0x00000000da600000, 0x00000000da500000| Untracked 
| 166|0x00000000da600000, 0x00000000da700000, 0x00000000da700000|100%| O|  |TAMS 0x00000000da700000, 0x00000000da600000| Untracked 
| 167|0x00000000da700000, 0x00000000da800000, 0x00000000da800000|100%| O|  |TAMS 0x00000000da800000, 0x00000000da700000| Untracked 
| 168|0x00000000da800000, 0x00000000da900000, 0x00000000da900000|100%| O|  |TAMS 0x00000000da900000, 0x00000000da800000| Updating 
| 169|0x00000000da900000, 0x00000000daa00000, 0x00000000daa00000|100%|HS|  |TAMS 0x00000000daa00000, 0x00000000da900000| Complete 
| 170|0x00000000daa00000, 0x00000000dab00000, 0x00000000dab00000|100%|HC|  |TAMS 0x00000000dab00000, 0x00000000daa00000| Complete 
| 171|0x00000000dab00000, 0x00000000dac00000, 0x00000000dac00000|100%| O|  |TAMS 0x00000000dac00000, 0x00000000dab00000| Untracked 
| 172|0x00000000dac00000, 0x00000000dad00000, 0x00000000dad00000|100%| O|  |TAMS 0x00000000dad00000, 0x00000000dac00000| Untracked 
| 173|0x00000000dad00000, 0x00000000dae00000, 0x00000000dae00000|100%| O|  |TAMS 0x00000000dae00000, 0x00000000dad00000| Untracked 
| 174|0x00000000dae00000, 0x00000000daf00000, 0x00000000daf00000|100%| O|  |TAMS 0x00000000daf00000, 0x00000000dae00000| Untracked 
| 175|0x00000000daf00000, 0x00000000db000000, 0x00000000db000000|100%| O|  |TAMS 0x00000000db000000, 0x00000000daf00000| Untracked 
| 176|0x00000000db000000, 0x00000000db100000, 0x00000000db100000|100%| O|  |TAMS 0x00000000db100000, 0x00000000db000000| Untracked 
| 177|0x00000000db100000, 0x00000000db200000, 0x00000000db200000|100%| O|  |TAMS 0x00000000db200000, 0x00000000db100000| Untracked 
| 178|0x00000000db200000, 0x00000000db300000, 0x00000000db300000|100%| O|  |TAMS 0x00000000db300000, 0x00000000db200000| Untracked 
| 179|0x00000000db300000, 0x00000000db400000, 0x00000000db400000|100%| O|  |TAMS 0x00000000db400000, 0x00000000db300000| Untracked 
| 180|0x00000000db400000, 0x00000000db500000, 0x00000000db500000|100%| O|  |TAMS 0x00000000db500000, 0x00000000db400000| Untracked 
| 181|0x00000000db500000, 0x00000000db600000, 0x00000000db600000|100%| O|  |TAMS 0x00000000db600000, 0x00000000db500000| Untracked 
| 182|0x00000000db600000, 0x00000000db700000, 0x00000000db700000|100%| O|  |TAMS 0x00000000db700000, 0x00000000db600000| Untracked 
| 183|0x00000000db700000, 0x00000000db800000, 0x00000000db800000|100%| O|  |TAMS 0x00000000db800000, 0x00000000db700000| Untracked 
| 184|0x00000000db800000, 0x00000000db900000, 0x00000000db900000|100%| O|  |TAMS 0x00000000db900000, 0x00000000db800000| Untracked 
| 185|0x00000000db900000, 0x00000000dba00000, 0x00000000dba00000|100%| O|  |TAMS 0x00000000dba00000, 0x00000000db900000| Untracked 
| 186|0x00000000dba00000, 0x00000000dbb00000, 0x00000000dbb00000|100%| O|  |TAMS 0x00000000dbb00000, 0x00000000dba00000| Untracked 
| 187|0x00000000dbb00000, 0x00000000dbc00000, 0x00000000dbc00000|100%| O|  |TAMS 0x00000000dbc00000, 0x00000000dbb00000| Untracked 
| 188|0x00000000dbc00000, 0x00000000dbd00000, 0x00000000dbd00000|100%| O|  |TAMS 0x00000000dbd00000, 0x00000000dbc00000| Untracked 
| 189|0x00000000dbd00000, 0x00000000dbe00000, 0x00000000dbe00000|100%| O|  |TAMS 0x00000000dbe00000, 0x00000000dbd00000| Untracked 
| 190|0x00000000dbe00000, 0x00000000dbf00000, 0x00000000dbf00000|100%| O|  |TAMS 0x00000000dbf00000, 0x00000000dbe00000| Untracked 
| 191|0x00000000dbf00000, 0x00000000dc000000, 0x00000000dc000000|100%| O|  |TAMS 0x00000000dc000000, 0x00000000dbf00000| Untracked 
| 192|0x00000000dc000000, 0x00000000dc100000, 0x00000000dc100000|100%| O|  |TAMS 0x00000000dc100000, 0x00000000dc000000| Untracked 
| 193|0x00000000dc100000, 0x00000000dc200000, 0x00000000dc200000|100%| O|  |TAMS 0x00000000dc200000, 0x00000000dc100000| Updating 
| 194|0x00000000dc200000, 0x00000000dc300000, 0x00000000dc300000|100%| O|  |TAMS 0x00000000dc300000, 0x00000000dc200000| Untracked 
| 195|0x00000000dc300000, 0x00000000dc400000, 0x00000000dc400000|100%|HS|  |TAMS 0x00000000dc400000, 0x00000000dc300000| Complete 
| 196|0x00000000dc400000, 0x00000000dc500000, 0x00000000dc500000|100%|HC|  |TAMS 0x00000000dc500000, 0x00000000dc400000| Complete 
| 197|0x00000000dc500000, 0x00000000dc600000, 0x00000000dc600000|100%| O|  |TAMS 0x00000000dc600000, 0x00000000dc500000| Untracked 
| 198|0x00000000dc600000, 0x00000000dc700000, 0x00000000dc700000|100%| O|  |TAMS 0x00000000dc700000, 0x00000000dc600000| Untracked 
| 199|0x00000000dc700000, 0x00000000dc800000, 0x00000000dc800000|100%| O|  |TAMS 0x00000000dc800000, 0x00000000dc700000| Untracked 
| 200|0x00000000dc800000, 0x00000000dc900000, 0x00000000dc900000|100%| O|  |TAMS 0x00000000dc900000, 0x00000000dc800000| Untracked 
| 201|0x00000000dc900000, 0x00000000dca00000, 0x00000000dca00000|100%| O|  |TAMS 0x00000000dca00000, 0x00000000dc900000| Untracked 
| 202|0x00000000dca00000, 0x00000000dcb00000, 0x00000000dcb00000|100%| O|  |TAMS 0x00000000dcb00000, 0x00000000dca00000| Untracked 
| 203|0x00000000dcb00000, 0x00000000dcc00000, 0x00000000dcc00000|100%| O|  |TAMS 0x00000000dcc00000, 0x00000000dcb00000| Untracked 
| 204|0x00000000dcc00000, 0x00000000dcd00000, 0x00000000dcd00000|100%| O|  |TAMS 0x00000000dcd00000, 0x00000000dcc00000| Untracked 
| 205|0x00000000dcd00000, 0x00000000dce00000, 0x00000000dce00000|100%| O|  |TAMS 0x00000000dce00000, 0x00000000dcd00000| Untracked 
| 206|0x00000000dce00000, 0x00000000dcf00000, 0x00000000dcf00000|100%| O|  |TAMS 0x00000000dcf00000, 0x00000000dce00000| Untracked 
| 207|0x00000000dcf00000, 0x00000000dd000000, 0x00000000dd000000|100%| O|  |TAMS 0x00000000dd000000, 0x00000000dcf00000| Untracked 
| 208|0x00000000dd000000, 0x00000000dd100000, 0x00000000dd100000|100%| O|  |TAMS 0x00000000dd100000, 0x00000000dd000000| Untracked 
| 209|0x00000000dd100000, 0x00000000dd200000, 0x00000000dd200000|100%| O|  |TAMS 0x00000000dd200000, 0x00000000dd100000| Untracked 
| 210|0x00000000dd200000, 0x00000000dd300000, 0x00000000dd300000|100%| O|  |TAMS 0x00000000dd300000, 0x00000000dd200000| Untracked 
| 211|0x00000000dd300000, 0x00000000dd400000, 0x00000000dd400000|100%| O|  |TAMS 0x00000000dd400000, 0x00000000dd300000| Untracked 
| 212|0x00000000dd400000, 0x00000000dd500000, 0x00000000dd500000|100%| O|  |TAMS 0x00000000dd500000, 0x00000000dd400000| Untracked 
| 213|0x00000000dd500000, 0x00000000dd600000, 0x00000000dd600000|100%| O|  |TAMS 0x00000000dd600000, 0x00000000dd500000| Updating 
| 214|0x00000000dd600000, 0x00000000dd700000, 0x00000000dd700000|100%| O|  |TAMS 0x00000000dd700000, 0x00000000dd600000| Untracked 
| 215|0x00000000dd700000, 0x00000000dd800000, 0x00000000dd800000|100%| O|  |TAMS 0x00000000dd800000, 0x00000000dd700000| Untracked 
| 216|0x00000000dd800000, 0x00000000dd900000, 0x00000000dd900000|100%| O|  |TAMS 0x00000000dd900000, 0x00000000dd800000| Untracked 
| 217|0x00000000dd900000, 0x00000000dda00000, 0x00000000dda00000|100%| O|  |TAMS 0x00000000dda00000, 0x00000000dd900000| Untracked 
| 218|0x00000000dda00000, 0x00000000ddb00000, 0x00000000ddb00000|100%| O|  |TAMS 0x00000000ddb00000, 0x00000000dda00000| Untracked 
| 219|0x00000000ddb00000, 0x00000000ddc00000, 0x00000000ddc00000|100%| O|  |TAMS 0x00000000ddc00000, 0x00000000ddb00000| Untracked 
| 220|0x00000000ddc00000, 0x00000000ddd00000, 0x00000000ddd00000|100%| O|  |TAMS 0x00000000ddd00000, 0x00000000ddc00000| Untracked 
| 221|0x00000000ddd00000, 0x00000000dde00000, 0x00000000dde00000|100%| O|  |TAMS 0x00000000dde00000, 0x00000000ddd00000| Untracked 
| 222|0x00000000dde00000, 0x00000000ddf00000, 0x00000000ddf00000|100%| O|  |TAMS 0x00000000ddf00000, 0x00000000dde00000| Untracked 
| 223|0x00000000ddf00000, 0x00000000de000000, 0x00000000de000000|100%| O|  |TAMS 0x00000000de000000, 0x00000000ddf00000| Untracked 
| 224|0x00000000de000000, 0x00000000de100000, 0x00000000de100000|100%| O|  |TAMS 0x00000000de100000, 0x00000000de000000| Untracked 
| 225|0x00000000de100000, 0x00000000de200000, 0x00000000de200000|100%| O|  |TAMS 0x00000000de200000, 0x00000000de100000| Untracked 
| 226|0x00000000de200000, 0x00000000de300000, 0x00000000de300000|100%| O|  |TAMS 0x00000000de300000, 0x00000000de200000| Untracked 
| 227|0x00000000de300000, 0x00000000de400000, 0x00000000de400000|100%| O|  |TAMS 0x00000000de400000, 0x00000000de300000| Untracked 
| 228|0x00000000de400000, 0x00000000de500000, 0x00000000de500000|100%| O|  |TAMS 0x00000000de500000, 0x00000000de400000| Updating 
| 229|0x00000000de500000, 0x00000000de600000, 0x00000000de600000|100%| O|  |TAMS 0x00000000de600000, 0x00000000de500000| Untracked 
| 230|0x00000000de600000, 0x00000000de700000, 0x00000000de700000|100%| O|  |TAMS 0x00000000de700000, 0x00000000de600000| Untracked 
| 231|0x00000000de700000, 0x00000000de800000, 0x00000000de800000|100%| O|  |TAMS 0x00000000de800000, 0x00000000de700000| Untracked 
| 232|0x00000000de800000, 0x00000000de900000, 0x00000000de900000|100%| O|  |TAMS 0x00000000de900000, 0x00000000de800000| Untracked 
| 233|0x00000000de900000, 0x00000000dea00000, 0x00000000dea00000|100%| O|  |TAMS 0x00000000de9c9e00, 0x00000000de900000| Untracked 
| 234|0x00000000dea00000, 0x00000000dea00000, 0x00000000deb00000|  0%| F|  |TAMS 0x00000000dea00000, 0x00000000dea00000| Untracked 
| 235|0x00000000deb00000, 0x00000000deb00000, 0x00000000dec00000|  0%| F|  |TAMS 0x00000000deb00000, 0x00000000deb00000| Untracked 
| 236|0x00000000dec00000, 0x00000000dec00000, 0x00000000ded00000|  0%| F|  |TAMS 0x00000000dec00000, 0x00000000dec00000| Untracked 
| 237|0x00000000ded00000, 0x00000000ded00000, 0x00000000dee00000|  0%| F|  |TAMS 0x00000000ded00000, 0x00000000ded00000| Untracked 
| 238|0x00000000dee00000, 0x00000000dee00000, 0x00000000def00000|  0%| F|  |TAMS 0x00000000dee00000, 0x00000000dee00000| Untracked 
| 239|0x00000000def00000, 0x00000000df000000, 0x00000000df000000|100%| O|  |TAMS 0x00000000def00000, 0x00000000def00000| Untracked 
| 240|0x00000000df000000, 0x00000000df100000, 0x00000000df100000|100%| O|  |TAMS 0x00000000df000000, 0x00000000df000000| Untracked 
| 241|0x00000000df100000, 0x00000000df200000, 0x00000000df200000|100%| O|  |TAMS 0x00000000df100000, 0x00000000df100000| Untracked 
| 242|0x00000000df200000, 0x00000000df300000, 0x00000000df300000|100%| O|  |TAMS 0x00000000df200000, 0x00000000df200000| Untracked 
| 243|0x00000000df300000, 0x00000000df400000, 0x00000000df400000|100%| O|  |TAMS 0x00000000df300000, 0x00000000df300000| Untracked 
| 244|0x00000000df400000, 0x00000000df500000, 0x00000000df500000|100%| O|  |TAMS 0x00000000df400000, 0x00000000df400000| Untracked 
| 245|0x00000000df500000, 0x00000000df500000, 0x00000000df600000|  0%| F|  |TAMS 0x00000000df500000, 0x00000000df500000| Untracked 
| 246|0x00000000df600000, 0x00000000df600000, 0x00000000df700000|  0%| F|  |TAMS 0x00000000df600000, 0x00000000df600000| Untracked 
| 247|0x00000000df700000, 0x00000000df700000, 0x00000000df800000|  0%| F|  |TAMS 0x00000000df700000, 0x00000000df700000| Untracked 
| 248|0x00000000df800000, 0x00000000df800000, 0x00000000df900000|  0%| F|  |TAMS 0x00000000df800000, 0x00000000df800000| Untracked 
| 249|0x00000000df900000, 0x00000000df900000, 0x00000000dfa00000|  0%| F|  |TAMS 0x00000000df900000, 0x00000000df900000| Untracked 
| 250|0x00000000dfa00000, 0x00000000dfa00000, 0x00000000dfb00000|  0%| F|  |TAMS 0x00000000dfa00000, 0x00000000dfa00000| Untracked 
| 251|0x00000000dfb00000, 0x00000000dfb00000, 0x00000000dfc00000|  0%| F|  |TAMS 0x00000000dfb00000, 0x00000000dfb00000| Untracked 
| 252|0x00000000dfc00000, 0x00000000dfc00000, 0x00000000dfd00000|  0%| F|  |TAMS 0x00000000dfc00000, 0x00000000dfc00000| Untracked 
| 253|0x00000000dfd00000, 0x00000000dfd00000, 0x00000000dfe00000|  0%| F|  |TAMS 0x00000000dfd00000, 0x00000000dfd00000| Untracked 
| 254|0x00000000dfe00000, 0x00000000dfe00000, 0x00000000dff00000|  0%| F|  |TAMS 0x00000000dfe00000, 0x00000000dfe00000| Untracked 
| 255|0x00000000dff00000, 0x00000000dff00000, 0x00000000e0000000|  0%| F|  |TAMS 0x00000000dff00000, 0x00000000dff00000| Untracked 
| 256|0x00000000e0000000, 0x00000000e0000000, 0x00000000e0100000|  0%| F|  |TAMS 0x00000000e0000000, 0x00000000e0000000| Untracked 
| 257|0x00000000e0100000, 0x00000000e0100000, 0x00000000e0200000|  0%| F|  |TAMS 0x00000000e0100000, 0x00000000e0100000| Untracked 
| 258|0x00000000e0200000, 0x00000000e0200000, 0x00000000e0300000|  0%| F|  |TAMS 0x00000000e0200000, 0x00000000e0200000| Untracked 
| 259|0x00000000e0300000, 0x00000000e0300000, 0x00000000e0400000|  0%| F|  |TAMS 0x00000000e0300000, 0x00000000e0300000| Untracked 
| 260|0x00000000e0400000, 0x00000000e0400000, 0x00000000e0500000|  0%| F|  |TAMS 0x00000000e0400000, 0x00000000e0400000| Untracked 
| 261|0x00000000e0500000, 0x00000000e0500000, 0x00000000e0600000|  0%| F|  |TAMS 0x00000000e0500000, 0x00000000e0500000| Untracked 
| 262|0x00000000e0600000, 0x00000000e0600000, 0x00000000e0700000|  0%| F|  |TAMS 0x00000000e0600000, 0x00000000e0600000| Untracked 
| 263|0x00000000e0700000, 0x00000000e0700000, 0x00000000e0800000|  0%| F|  |TAMS 0x00000000e0700000, 0x00000000e0700000| Untracked 
| 264|0x00000000e0800000, 0x00000000e0800000, 0x00000000e0900000|  0%| F|  |TAMS 0x00000000e0800000, 0x00000000e0800000| Untracked 
| 265|0x00000000e0900000, 0x00000000e0900000, 0x00000000e0a00000|  0%| F|  |TAMS 0x00000000e0900000, 0x00000000e0900000| Untracked 
| 266|0x00000000e0a00000, 0x00000000e0a00000, 0x00000000e0b00000|  0%| F|  |TAMS 0x00000000e0a00000, 0x00000000e0a00000| Untracked 
| 267|0x00000000e0b00000, 0x00000000e0b00000, 0x00000000e0c00000|  0%| F|  |TAMS 0x00000000e0b00000, 0x00000000e0b00000| Untracked 
| 268|0x00000000e0c00000, 0x00000000e0c00000, 0x00000000e0d00000|  0%| F|  |TAMS 0x00000000e0c00000, 0x00000000e0c00000| Untracked 
| 269|0x00000000e0d00000, 0x00000000e0d00000, 0x00000000e0e00000|  0%| F|  |TAMS 0x00000000e0d00000, 0x00000000e0d00000| Untracked 
| 270|0x00000000e0e00000, 0x00000000e0e00000, 0x00000000e0f00000|  0%| F|  |TAMS 0x00000000e0e00000, 0x00000000e0e00000| Untracked 
| 271|0x00000000e0f00000, 0x00000000e0f00000, 0x00000000e1000000|  0%| F|  |TAMS 0x00000000e0f00000, 0x00000000e0f00000| Untracked 
| 272|0x00000000e1000000, 0x00000000e1000000, 0x00000000e1100000|  0%| F|  |TAMS 0x00000000e1000000, 0x00000000e1000000| Untracked 
| 273|0x00000000e1100000, 0x00000000e1100000, 0x00000000e1200000|  0%| F|  |TAMS 0x00000000e1100000, 0x00000000e1100000| Untracked 
| 274|0x00000000e1200000, 0x00000000e1200000, 0x00000000e1300000|  0%| F|  |TAMS 0x00000000e1200000, 0x00000000e1200000| Untracked 
| 275|0x00000000e1300000, 0x00000000e1300000, 0x00000000e1400000|  0%| F|  |TAMS 0x00000000e1300000, 0x00000000e1300000| Untracked 
| 276|0x00000000e1400000, 0x00000000e1400000, 0x00000000e1500000|  0%| F|  |TAMS 0x00000000e1400000, 0x00000000e1400000| Untracked 
| 277|0x00000000e1500000, 0x00000000e1500000, 0x00000000e1600000|  0%| F|  |TAMS 0x00000000e1500000, 0x00000000e1500000| Untracked 
| 278|0x00000000e1600000, 0x00000000e1600000, 0x00000000e1700000|  0%| F|  |TAMS 0x00000000e1600000, 0x00000000e1600000| Untracked 
| 279|0x00000000e1700000, 0x00000000e1700000, 0x00000000e1800000|  0%| F|  |TAMS 0x00000000e1700000, 0x00000000e1700000| Untracked 
| 280|0x00000000e1800000, 0x00000000e1800000, 0x00000000e1900000|  0%| F|  |TAMS 0x00000000e1800000, 0x00000000e1800000| Untracked 
| 281|0x00000000e1900000, 0x00000000e1a00000, 0x00000000e1a00000|100%| S|CS|TAMS 0x00000000e1900000, 0x00000000e1900000| Complete 
| 282|0x00000000e1a00000, 0x00000000e1a00000, 0x00000000e1b00000|  0%| F|  |TAMS 0x00000000e1a00000, 0x00000000e1a00000| Untracked 
| 283|0x00000000e1b00000, 0x00000000e1b00000, 0x00000000e1c00000|  0%| F|  |TAMS 0x00000000e1b00000, 0x00000000e1b00000| Untracked 
| 284|0x00000000e1c00000, 0x00000000e1c00000, 0x00000000e1d00000|  0%| F|  |TAMS 0x00000000e1c00000, 0x00000000e1c00000| Untracked 
| 285|0x00000000e1d00000, 0x00000000e1d00000, 0x00000000e1e00000|  0%| F|  |TAMS 0x00000000e1d00000, 0x00000000e1d00000| Untracked 
| 286|0x00000000e1e00000, 0x00000000e1e00000, 0x00000000e1f00000|  0%| F|  |TAMS 0x00000000e1e00000, 0x00000000e1e00000| Untracked 
| 287|0x00000000e1f00000, 0x00000000e1f00000, 0x00000000e2000000|  0%| F|  |TAMS 0x00000000e1f00000, 0x00000000e1f00000| Untracked 
| 288|0x00000000e2000000, 0x00000000e2000000, 0x00000000e2100000|  0%| F|  |TAMS 0x00000000e2000000, 0x00000000e2000000| Untracked 
| 289|0x00000000e2100000, 0x00000000e2200000, 0x00000000e2200000|100%| S|CS|TAMS 0x00000000e2100000, 0x00000000e2100000| Complete 
| 290|0x00000000e2200000, 0x00000000e2300000, 0x00000000e2300000|100%| S|CS|TAMS 0x00000000e2200000, 0x00000000e2200000| Complete 
| 291|0x00000000e2300000, 0x00000000e2400000, 0x00000000e2400000|100%| S|CS|TAMS 0x00000000e2300000, 0x00000000e2300000| Complete 
| 292|0x00000000e2400000, 0x00000000e2500000, 0x00000000e2500000|100%| S|CS|TAMS 0x00000000e2400000, 0x00000000e2400000| Complete 
| 293|0x00000000e2500000, 0x00000000e2600000, 0x00000000e2600000|100%| S|CS|TAMS 0x00000000e2500000, 0x00000000e2500000| Complete 
| 294|0x00000000e2600000, 0x00000000e2700000, 0x00000000e2700000|100%| S|CS|TAMS 0x00000000e2600000, 0x00000000e2600000| Complete 
| 295|0x00000000e2700000, 0x00000000e2800000, 0x00000000e2800000|100%| S|CS|TAMS 0x00000000e2700000, 0x00000000e2700000| Complete 
| 296|0x00000000e2800000, 0x00000000e2900000, 0x00000000e2900000|100%| S|CS|TAMS 0x00000000e2800000, 0x00000000e2800000| Complete 
| 297|0x00000000e2900000, 0x00000000e2a00000, 0x00000000e2a00000|100%| S|CS|TAMS 0x00000000e2900000, 0x00000000e2900000| Complete 
| 298|0x00000000e2a00000, 0x00000000e2b00000, 0x00000000e2b00000|100%| S|CS|TAMS 0x00000000e2a00000, 0x00000000e2a00000| Complete 
| 299|0x00000000e2b00000, 0x00000000e2b00000, 0x00000000e2c00000|  0%| F|  |TAMS 0x00000000e2b00000, 0x00000000e2b00000| Untracked 
| 300|0x00000000e2c00000, 0x00000000e2c00000, 0x00000000e2d00000|  0%| F|  |TAMS 0x00000000e2c00000, 0x00000000e2c00000| Untracked 
| 301|0x00000000e2d00000, 0x00000000e2d00000, 0x00000000e2e00000|  0%| F|  |TAMS 0x00000000e2d00000, 0x00000000e2d00000| Untracked 
| 302|0x00000000e2e00000, 0x00000000e2e00000, 0x00000000e2f00000|  0%| F|  |TAMS 0x00000000e2e00000, 0x00000000e2e00000| Untracked 
| 303|0x00000000e2f00000, 0x00000000e3000000, 0x00000000e3000000|100%| S|CS|TAMS 0x00000000e2f00000, 0x00000000e2f00000| Complete 
| 304|0x00000000e3000000, 0x00000000e3100000, 0x00000000e3100000|100%| S|CS|TAMS 0x00000000e3000000, 0x00000000e3000000| Complete 
| 305|0x00000000e3100000, 0x00000000e3100000, 0x00000000e3200000|  0%| F|  |TAMS 0x00000000e3100000, 0x00000000e3100000| Untracked 
| 306|0x00000000e3200000, 0x00000000e3200000, 0x00000000e3300000|  0%| F|  |TAMS 0x00000000e3200000, 0x00000000e3200000| Untracked 
| 307|0x00000000e3300000, 0x00000000e3300000, 0x00000000e3400000|  0%| F|  |TAMS 0x00000000e3300000, 0x00000000e3300000| Untracked 
| 308|0x00000000e3400000, 0x00000000e3400000, 0x00000000e3500000|  0%| F|  |TAMS 0x00000000e3400000, 0x00000000e3400000| Untracked 
| 309|0x00000000e3500000, 0x00000000e3500000, 0x00000000e3600000|  0%| F|  |TAMS 0x00000000e3500000, 0x00000000e3500000| Untracked 
| 310|0x00000000e3600000, 0x00000000e3600000, 0x00000000e3700000|  0%| F|  |TAMS 0x00000000e3600000, 0x00000000e3600000| Untracked 
| 311|0x00000000e3700000, 0x00000000e3700000, 0x00000000e3800000|  0%| F|  |TAMS 0x00000000e3700000, 0x00000000e3700000| Untracked 
| 312|0x00000000e3800000, 0x00000000e3800000, 0x00000000e3900000|  0%| F|  |TAMS 0x00000000e3800000, 0x00000000e3800000| Untracked 
| 313|0x00000000e3900000, 0x00000000e3900000, 0x00000000e3a00000|  0%| F|  |TAMS 0x00000000e3900000, 0x00000000e3900000| Untracked 
| 314|0x00000000e3a00000, 0x00000000e3a00000, 0x00000000e3b00000|  0%| F|  |TAMS 0x00000000e3a00000, 0x00000000e3a00000| Untracked 
| 315|0x00000000e3b00000, 0x00000000e3b00000, 0x00000000e3c00000|  0%| F|  |TAMS 0x00000000e3b00000, 0x00000000e3b00000| Untracked 
| 316|0x00000000e3c00000, 0x00000000e3c00000, 0x00000000e3d00000|  0%| F|  |TAMS 0x00000000e3c00000, 0x00000000e3c00000| Untracked 
| 317|0x00000000e3d00000, 0x00000000e3d00000, 0x00000000e3e00000|  0%| F|  |TAMS 0x00000000e3d00000, 0x00000000e3d00000| Untracked 
| 318|0x00000000e3e00000, 0x00000000e3e00000, 0x00000000e3f00000|  0%| F|  |TAMS 0x00000000e3e00000, 0x00000000e3e00000| Untracked 
| 319|0x00000000e3f00000, 0x00000000e3f00000, 0x00000000e4000000|  0%| F|  |TAMS 0x00000000e3f00000, 0x00000000e3f00000| Untracked 
| 320|0x00000000e4000000, 0x00000000e4000000, 0x00000000e4100000|  0%| F|  |TAMS 0x00000000e4000000, 0x00000000e4000000| Untracked 
| 321|0x00000000e4100000, 0x00000000e4100000, 0x00000000e4200000|  0%| F|  |TAMS 0x00000000e4100000, 0x00000000e4100000| Untracked 
| 322|0x00000000e4200000, 0x00000000e4200000, 0x00000000e4300000|  0%| F|  |TAMS 0x00000000e4200000, 0x00000000e4200000| Untracked 
| 323|0x00000000e4300000, 0x00000000e4300000, 0x00000000e4400000|  0%| F|  |TAMS 0x00000000e4300000, 0x00000000e4300000| Untracked 
| 324|0x00000000e4400000, 0x00000000e4400000, 0x00000000e4500000|  0%| F|  |TAMS 0x00000000e4400000, 0x00000000e4400000| Untracked 
| 325|0x00000000e4500000, 0x00000000e4500000, 0x00000000e4600000|  0%| F|  |TAMS 0x00000000e4500000, 0x00000000e4500000| Untracked 
| 326|0x00000000e4600000, 0x00000000e4600000, 0x00000000e4700000|  0%| F|  |TAMS 0x00000000e4600000, 0x00000000e4600000| Untracked 
| 327|0x00000000e4700000, 0x00000000e4700000, 0x00000000e4800000|  0%| F|  |TAMS 0x00000000e4700000, 0x00000000e4700000| Untracked 
| 328|0x00000000e4800000, 0x00000000e4800000, 0x00000000e4900000|  0%| F|  |TAMS 0x00000000e4800000, 0x00000000e4800000| Untracked 
| 329|0x00000000e4900000, 0x00000000e4900000, 0x00000000e4a00000|  0%| F|  |TAMS 0x00000000e4900000, 0x00000000e4900000| Untracked 
| 330|0x00000000e4a00000, 0x00000000e4a00000, 0x00000000e4b00000|  0%| F|  |TAMS 0x00000000e4a00000, 0x00000000e4a00000| Untracked 
| 331|0x00000000e4b00000, 0x00000000e4b00000, 0x00000000e4c00000|  0%| F|  |TAMS 0x00000000e4b00000, 0x00000000e4b00000| Untracked 
| 332|0x00000000e4c00000, 0x00000000e4c00000, 0x00000000e4d00000|  0%| F|  |TAMS 0x00000000e4c00000, 0x00000000e4c00000| Untracked 
| 333|0x00000000e4d00000, 0x00000000e4d00000, 0x00000000e4e00000|  0%| F|  |TAMS 0x00000000e4d00000, 0x00000000e4d00000| Untracked 
| 334|0x00000000e4e00000, 0x00000000e4e00000, 0x00000000e4f00000|  0%| F|  |TAMS 0x00000000e4e00000, 0x00000000e4e00000| Untracked 
| 335|0x00000000e4f00000, 0x00000000e4f00000, 0x00000000e5000000|  0%| F|  |TAMS 0x00000000e4f00000, 0x00000000e4f00000| Untracked 
| 336|0x00000000e5000000, 0x00000000e5000000, 0x00000000e5100000|  0%| F|  |TAMS 0x00000000e5000000, 0x00000000e5000000| Untracked 
| 337|0x00000000e5100000, 0x00000000e5100000, 0x00000000e5200000|  0%| F|  |TAMS 0x00000000e5100000, 0x00000000e5100000| Untracked 
| 338|0x00000000e5200000, 0x00000000e5200000, 0x00000000e5300000|  0%| F|  |TAMS 0x00000000e5200000, 0x00000000e5200000| Untracked 
| 339|0x00000000e5300000, 0x00000000e5300000, 0x00000000e5400000|  0%| F|  |TAMS 0x00000000e5300000, 0x00000000e5300000| Untracked 
| 340|0x00000000e5400000, 0x00000000e5400000, 0x00000000e5500000|  0%| F|  |TAMS 0x00000000e5400000, 0x00000000e5400000| Untracked 
| 341|0x00000000e5500000, 0x00000000e5500000, 0x00000000e5600000|  0%| F|  |TAMS 0x00000000e5500000, 0x00000000e5500000| Untracked 
| 342|0x00000000e5600000, 0x00000000e5600000, 0x00000000e5700000|  0%| F|  |TAMS 0x00000000e5600000, 0x00000000e5600000| Untracked 
| 343|0x00000000e5700000, 0x00000000e5700000, 0x00000000e5800000|  0%| F|  |TAMS 0x00000000e5700000, 0x00000000e5700000| Untracked 
| 344|0x00000000e5800000, 0x00000000e5800000, 0x00000000e5900000|  0%| F|  |TAMS 0x00000000e5800000, 0x00000000e5800000| Untracked 
| 345|0x00000000e5900000, 0x00000000e5900000, 0x00000000e5a00000|  0%| F|  |TAMS 0x00000000e5900000, 0x00000000e5900000| Untracked 
| 346|0x00000000e5a00000, 0x00000000e5a00000, 0x00000000e5b00000|  0%| F|  |TAMS 0x00000000e5a00000, 0x00000000e5a00000| Untracked 
| 347|0x00000000e5b00000, 0x00000000e5b00000, 0x00000000e5c00000|  0%| F|  |TAMS 0x00000000e5b00000, 0x00000000e5b00000| Untracked 
| 348|0x00000000e5c00000, 0x00000000e5c00000, 0x00000000e5d00000|  0%| F|  |TAMS 0x00000000e5c00000, 0x00000000e5c00000| Untracked 
| 349|0x00000000e5d00000, 0x00000000e5d00000, 0x00000000e5e00000|  0%| F|  |TAMS 0x00000000e5d00000, 0x00000000e5d00000| Untracked 
| 350|0x00000000e5e00000, 0x00000000e5e00000, 0x00000000e5f00000|  0%| F|  |TAMS 0x00000000e5e00000, 0x00000000e5e00000| Untracked 
| 351|0x00000000e5f00000, 0x00000000e5f00000, 0x00000000e6000000|  0%| F|  |TAMS 0x00000000e5f00000, 0x00000000e5f00000| Untracked 
| 352|0x00000000e6000000, 0x00000000e6000000, 0x00000000e6100000|  0%| F|  |TAMS 0x00000000e6000000, 0x00000000e6000000| Untracked 
| 353|0x00000000e6100000, 0x00000000e6100000, 0x00000000e6200000|  0%| F|  |TAMS 0x00000000e6100000, 0x00000000e6100000| Untracked 
| 354|0x00000000e6200000, 0x00000000e6200000, 0x00000000e6300000|  0%| F|  |TAMS 0x00000000e6200000, 0x00000000e6200000| Untracked 
| 355|0x00000000e6300000, 0x00000000e6300000, 0x00000000e6400000|  0%| F|  |TAMS 0x00000000e6300000, 0x00000000e6300000| Untracked 
| 356|0x00000000e6400000, 0x00000000e6400000, 0x00000000e6500000|  0%| F|  |TAMS 0x00000000e6400000, 0x00000000e6400000| Untracked 
| 357|0x00000000e6500000, 0x00000000e6500000, 0x00000000e6600000|  0%| F|  |TAMS 0x00000000e6500000, 0x00000000e6500000| Untracked 
| 358|0x00000000e6600000, 0x00000000e6600000, 0x00000000e6700000|  0%| F|  |TAMS 0x00000000e6600000, 0x00000000e6600000| Untracked 
| 359|0x00000000e6700000, 0x00000000e6700000, 0x00000000e6800000|  0%| F|  |TAMS 0x00000000e6700000, 0x00000000e6700000| Untracked 
| 360|0x00000000e6800000, 0x00000000e6800000, 0x00000000e6900000|  0%| F|  |TAMS 0x00000000e6800000, 0x00000000e6800000| Untracked 
| 361|0x00000000e6900000, 0x00000000e6900000, 0x00000000e6a00000|  0%| F|  |TAMS 0x00000000e6900000, 0x00000000e6900000| Untracked 
| 362|0x00000000e6a00000, 0x00000000e6a00000, 0x00000000e6b00000|  0%| F|  |TAMS 0x00000000e6a00000, 0x00000000e6a00000| Untracked 
| 363|0x00000000e6b00000, 0x00000000e6b00000, 0x00000000e6c00000|  0%| F|  |TAMS 0x00000000e6b00000, 0x00000000e6b00000| Untracked 
| 364|0x00000000e6c00000, 0x00000000e6c00000, 0x00000000e6d00000|  0%| F|  |TAMS 0x00000000e6c00000, 0x00000000e6c00000| Untracked 
| 365|0x00000000e6d00000, 0x00000000e6d00000, 0x00000000e6e00000|  0%| F|  |TAMS 0x00000000e6d00000, 0x00000000e6d00000| Untracked 
| 366|0x00000000e6e00000, 0x00000000e6e00000, 0x00000000e6f00000|  0%| F|  |TAMS 0x00000000e6e00000, 0x00000000e6e00000| Untracked 
| 367|0x00000000e6f00000, 0x00000000e6f00000, 0x00000000e7000000|  0%| F|  |TAMS 0x00000000e6f00000, 0x00000000e6f00000| Untracked 
| 368|0x00000000e7000000, 0x00000000e7000000, 0x00000000e7100000|  0%| F|  |TAMS 0x00000000e7000000, 0x00000000e7000000| Untracked 
| 369|0x00000000e7100000, 0x00000000e7100000, 0x00000000e7200000|  0%| F|  |TAMS 0x00000000e7100000, 0x00000000e7100000| Untracked 
| 370|0x00000000e7200000, 0x00000000e7200000, 0x00000000e7300000|  0%| F|  |TAMS 0x00000000e7200000, 0x00000000e7200000| Untracked 
| 371|0x00000000e7300000, 0x00000000e7300000, 0x00000000e7400000|  0%| F|  |TAMS 0x00000000e7300000, 0x00000000e7300000| Untracked 
| 372|0x00000000e7400000, 0x00000000e7400000, 0x00000000e7500000|  0%| F|  |TAMS 0x00000000e7400000, 0x00000000e7400000| Untracked 
| 373|0x00000000e7500000, 0x00000000e7500000, 0x00000000e7600000|  0%| F|  |TAMS 0x00000000e7500000, 0x00000000e7500000| Untracked 
| 374|0x00000000e7600000, 0x00000000e7600000, 0x00000000e7700000|  0%| F|  |TAMS 0x00000000e7600000, 0x00000000e7600000| Untracked 
| 375|0x00000000e7700000, 0x00000000e7700000, 0x00000000e7800000|  0%| F|  |TAMS 0x00000000e7700000, 0x00000000e7700000| Untracked 
| 376|0x00000000e7800000, 0x00000000e7800000, 0x00000000e7900000|  0%| F|  |TAMS 0x00000000e7800000, 0x00000000e7800000| Untracked 
| 377|0x00000000e7900000, 0x00000000e7900000, 0x00000000e7a00000|  0%| F|  |TAMS 0x00000000e7900000, 0x00000000e7900000| Untracked 
| 378|0x00000000e7a00000, 0x00000000e7a00000, 0x00000000e7b00000|  0%| F|  |TAMS 0x00000000e7a00000, 0x00000000e7a00000| Untracked 
| 379|0x00000000e7b00000, 0x00000000e7b00000, 0x00000000e7c00000|  0%| F|  |TAMS 0x00000000e7b00000, 0x00000000e7b00000| Untracked 
| 380|0x00000000e7c00000, 0x00000000e7c00000, 0x00000000e7d00000|  0%| F|  |TAMS 0x00000000e7c00000, 0x00000000e7c00000| Untracked 
| 381|0x00000000e7d00000, 0x00000000e7d00000, 0x00000000e7e00000|  0%| F|  |TAMS 0x00000000e7d00000, 0x00000000e7d00000| Untracked 
| 382|0x00000000e7e00000, 0x00000000e7e00000, 0x00000000e7f00000|  0%| F|  |TAMS 0x00000000e7e00000, 0x00000000e7e00000| Untracked 
| 383|0x00000000e7f00000, 0x00000000e7f00000, 0x00000000e8000000|  0%| F|  |TAMS 0x00000000e7f00000, 0x00000000e7f00000| Untracked 
| 384|0x00000000e8000000, 0x00000000e8080ab0, 0x00000000e8100000| 50%| E|  |TAMS 0x00000000e8000000, 0x00000000e8000000| Complete 
| 385|0x00000000e8100000, 0x00000000e8200000, 0x00000000e8200000|100%| E|CS|TAMS 0x00000000e8100000, 0x00000000e8100000| Complete 
| 386|0x00000000e8200000, 0x00000000e8300000, 0x00000000e8300000|100%| E|CS|TAMS 0x00000000e8200000, 0x00000000e8200000| Complete 
| 387|0x00000000e8300000, 0x00000000e8400000, 0x00000000e8400000|100%| E|CS|TAMS 0x00000000e8300000, 0x00000000e8300000| Complete 
| 388|0x00000000e8400000, 0x00000000e8500000, 0x00000000e8500000|100%| E|CS|TAMS 0x00000000e8400000, 0x00000000e8400000| Complete 
| 389|0x00000000e8500000, 0x00000000e8600000, 0x00000000e8600000|100%| E|CS|TAMS 0x00000000e8500000, 0x00000000e8500000| Complete 
| 390|0x00000000e8600000, 0x00000000e8700000, 0x00000000e8700000|100%| E|CS|TAMS 0x00000000e8600000, 0x00000000e8600000| Complete 
| 391|0x00000000e8700000, 0x00000000e8800000, 0x00000000e8800000|100%| E|CS|TAMS 0x00000000e8700000, 0x00000000e8700000| Complete 
| 392|0x00000000e8800000, 0x00000000e8900000, 0x00000000e8900000|100%| E|CS|TAMS 0x00000000e8800000, 0x00000000e8800000| Complete 
| 393|0x00000000e8900000, 0x00000000e8a00000, 0x00000000e8a00000|100%| E|CS|TAMS 0x00000000e8900000, 0x00000000e8900000| Complete 
| 394|0x00000000e8a00000, 0x00000000e8b00000, 0x00000000e8b00000|100%| E|CS|TAMS 0x00000000e8a00000, 0x00000000e8a00000| Complete 
| 395|0x00000000e8b00000, 0x00000000e8c00000, 0x00000000e8c00000|100%| E|CS|TAMS 0x00000000e8b00000, 0x00000000e8b00000| Complete 
| 396|0x00000000e8c00000, 0x00000000e8d00000, 0x00000000e8d00000|100%| E|CS|TAMS 0x00000000e8c00000, 0x00000000e8c00000| Complete 
| 397|0x00000000e8d00000, 0x00000000e8e00000, 0x00000000e8e00000|100%| E|CS|TAMS 0x00000000e8d00000, 0x00000000e8d00000| Complete 
| 398|0x00000000e8e00000, 0x00000000e8f00000, 0x00000000e8f00000|100%| E|CS|TAMS 0x00000000e8e00000, 0x00000000e8e00000| Complete 
| 399|0x00000000e8f00000, 0x00000000e9000000, 0x00000000e9000000|100%| E|CS|TAMS 0x00000000e8f00000, 0x00000000e8f00000| Complete 
| 400|0x00000000e9000000, 0x00000000e9100000, 0x00000000e9100000|100%| E|CS|TAMS 0x00000000e9000000, 0x00000000e9000000| Complete 
| 401|0x00000000e9100000, 0x00000000e9200000, 0x00000000e9200000|100%| E|CS|TAMS 0x00000000e9100000, 0x00000000e9100000| Complete 
| 402|0x00000000e9200000, 0x00000000e9300000, 0x00000000e9300000|100%| E|CS|TAMS 0x00000000e9200000, 0x00000000e9200000| Complete 
| 403|0x00000000e9300000, 0x00000000e9400000, 0x00000000e9400000|100%| E|CS|TAMS 0x00000000e9300000, 0x00000000e9300000| Complete 
| 404|0x00000000e9400000, 0x00000000e9500000, 0x00000000e9500000|100%| E|CS|TAMS 0x00000000e9400000, 0x00000000e9400000| Complete 
| 766|0x00000000ffe00000, 0x00000000ffe75000, 0x00000000fff00000| 45%|OA|  |TAMS 0x00000000ffe75000, 0x00000000ffe00000| Untracked 
| 767|0x00000000fff00000, 0x00000000fff78000, 0x0000000100000000| 46%|CA|  |TAMS 0x00000000fff78000, 0x00000000fff00000| Untracked 

Card table byte_map: [0x00007fb47ca8a000,0x00007fb47cc0a000] _byte_map_base: 0x00007fb47c40a000

Marking Bits (Prev, Next): (CMBitMap*) 0x00007fb478050230, (CMBitMap*) 0x00007fb4780501f0
 Prev Bits: [0x00007fb45fd11000, 0x00007fb460911000)
 Next Bits: [0x00007fb460911000, 0x00007fb461511000)

Polling page: 0x00007fb47eb4d000

Metaspace:

Usage:
  Non-class:    154.65 MB used.
      Class:     22.66 MB used.
       Both:    177.30 MB used.

Virtual space:
  Non-class space:      192.00 MB reserved,     155.19 MB ( 81%) committed,  3 nodes.
      Class space:      208.00 MB reserved,      23.19 MB ( 11%) committed,  1 nodes.
             Both:      400.00 MB reserved,     178.38 MB ( 45%) committed. 

Chunk freelists:
   Non-Class:  4.75 MB
       Class:  8.67 MB
        Both:  13.42 MB

MaxMetaspaceSize: 256.00 MB
CompressedClassSpaceSize: 208.00 MB
Initial GC threshold: 21.00 MB
Current GC threshold: 256.00 MB
CDS: on
MetaspaceReclaimPolicy: balanced
 - commit_granule_bytes: 65536.
 - commit_granule_words: 8192.
 - virtual_space_node_default_size: 8388608.
 - enlarge_chunks_in_place: 1.
 - new_chunks_are_fully_committed: 0.
 - uncommit_free_chunks: 1.
 - use_allocation_guard: 0.
 - handle_deallocations: 1.


Internal statistics:

num_allocs_failed_limit: 27.
num_arena_births: 1634.
num_arena_deaths: 4.
num_vsnodes_births: 4.
num_vsnodes_deaths: 0.
num_space_committed: 2854.
num_space_uncommitted: 3.
num_chunks_returned_to_freelist: 55.
num_chunks_taken_from_freelist: 8825.
num_chunk_merges: 26.
num_chunk_splits: 6436.
num_chunks_enlarged: 4846.
num_inconsistent_stats: 0.

CodeHeap 'non-profiled nmethods': size=120036Kb used=11536Kb max_used=11536Kb free=108500Kb
 bounds [0x00007fb468fd8000, 0x00007fb469b28000, 0x00007fb470511000]
CodeHeap 'profiled nmethods': size=120032Kb used=55649Kb max_used=56164Kb free=64382Kb
 bounds [0x00007fb461511000, 0x00007fb464c01000, 0x00007fb468a49000]
CodeHeap 'non-nmethods': size=5692Kb used=1862Kb max_used=1933Kb free=3829Kb
 bounds [0x00007fb468a49000, 0x00007fb468cb9000, 0x00007fb468fd8000]
 total_blobs=24748 nmethods=23778 adapters=880
 compilation: enabled
              stopped_count=0, restarted_count=0
 full_count=0

Compilation events (20 events):
Event: 177.482 Thread 0x00007fb4780abff0 32550       4       java.util.Arrays::asList (9 bytes)
Event: 177.484 Thread 0x00007fb4780abff0 nmethod 32550 0x00007fb469b18410 code [0x00007fb469b185a0, 0x00007fb469b186f8]
Event: 177.484 Thread 0x00007fb4780abff0 32462       4       java.util.zip.ZipCoder::hash (36 bytes)
Event: 177.488 Thread 0x00007fb4780abff0 nmethod 32462 0x00007fb469b18810 code [0x00007fb469b189a0, 0x00007fb469b18cc8]
Event: 177.488 Thread 0x00007fb4780abff0 32494       4       java.io.UnixFileSystem::prefixLength (15 bytes)
Event: 177.489 Thread 0x00007fb4780abff0 nmethod 32494 0x00007fb469b18f10 code [0x00007fb469b190a0, 0x00007fb469b19178]
Event: 177.489 Thread 0x00007fb4780abff0 32481       4       java.io.ObjectStreamClass::requireInitialized (19 bytes)
Event: 177.489 Thread 0x00007fb4780abff0 nmethod 32481 0x00007fb469b19290 code [0x00007fb469b19420, 0x00007fb469b194b8]
Event: 177.489 Thread 0x00007fb4780abff0 32435       4       org.objectweb.asm.Type::getType (122 bytes)
Event: 177.497 Thread 0x00007fb4780abff0 nmethod 32435 0x00007fb469b19590 code [0x00007fb469b197a0, 0x00007fb469b1a288]
Event: 177.497 Thread 0x00007fb4780abff0 32434       4       org.objectweb.asm.MethodWriter::visitLdcInsn (215 bytes)
Event: 177.501 Thread 0x00007fb4780abff0 nmethod 32434 0x00007fb469b1a790 code [0x00007fb469b1a960, 0x00007fb469b1adf0]
Event: 177.501 Thread 0x00007fb4780abff0 32449       4       java.io.Bits::putInt (36 bytes)
Event: 177.501 Thread 0x00007fb4780abff0 nmethod 32449 0x00007fb469b1b290 code [0x00007fb469b1b420, 0x00007fb469b1b518]
Event: 177.501 Thread 0x00007fb4780abff0 32554       4       org.gradle.internal.classpath.Instrumented$1::fileOpened (1 bytes)
Event: 177.502 Thread 0x00007fb4780abff0 nmethod 32554 0x00007fb469b1b610 code [0x00007fb469b1b780, 0x00007fb469b1b7f8]
Event: 177.502 Thread 0x00007fb4780abff0 32520       4       sun.nio.ch.FileDispatcherImpl::read (8 bytes)
Event: 177.502 Thread 0x00007fb4780abff0 nmethod 32520 0x00007fb469b1b910 code [0x00007fb469b1baa0, 0x00007fb469b1bb48]
Event: 177.517 Thread 0x00007fb4780abff0 32584       4       java.lang.StringConcatHelper::newString (67 bytes)
Event: 177.519 Thread 0x00007fb4780abff0 nmethod 32584 0x00007fb469b1bc10 code [0x00007fb469b1bda0, 0x00007fb469b1bef8]

GC Heap History (20 events):
Event: 144.375 GC heap before
{Heap before GC invocations=81 (full 0):
 garbage-first heap   total 368640K, used 219998K [0x00000000d0000000, 0x0000000100000000)
  region size 1024K, 18 young (18432K), 13 survivors (13312K)
 Metaspace       used 167864K, committed 168896K, reserved 409600K
  class space    used 21414K, committed 21952K, reserved 212992K
}
Event: 144.396 GC heap after
{Heap after GC invocations=82 (full 0):
 garbage-first heap   total 368640K, used 213596K [0x00000000d0000000, 0x0000000100000000)
  region size 1024K, 1 young (1024K), 1 survivors (1024K)
 Metaspace       used 167864K, committed 168896K, reserved 409600K
  class space    used 21414K, committed 21952K, reserved 212992K
}
Event: 149.718 GC heap before
{Heap before GC invocations=82 (full 0):
 garbage-first heap   total 368640K, used 302684K [0x00000000d0000000, 0x0000000100000000)
  region size 1024K, 88 young (90112K), 1 survivors (1024K)
 Metaspace       used 168889K, committed 169920K, reserved 409600K
  class space    used 21479K, committed 22016K, reserved 212992K
}
Event: 149.784 GC heap after
{Heap after GC invocations=83 (full 0):
 garbage-first heap   total 368640K, used 219740K [0x00000000d0000000, 0x0000000100000000)
  region size 1024K, 7 young (7168K), 7 survivors (7168K)
 Metaspace       used 168889K, committed 169920K, reserved 409600K
  class space    used 21479K, committed 22016K, reserved 212992K
}
Event: 153.275 GC heap before
{Heap before GC invocations=83 (full 0):
 garbage-first heap   total 368640K, used 306780K [0x00000000d0000000, 0x0000000100000000)
  region size 1024K, 92 young (94208K), 7 survivors (7168K)
 Metaspace       used 169346K, committed 170432K, reserved 409600K
  class space    used 21483K, committed 22016K, reserved 212992K
}
Event: 153.298 GC heap after
{Heap after GC invocations=84 (full 0):
 garbage-first heap   total 368640K, used 225958K [0x00000000d0000000, 0x0000000100000000)
  region size 1024K, 6 young (6144K), 6 survivors (6144K)
 Metaspace       used 169346K, committed 170432K, reserved 409600K
  class space    used 21483K, committed 22016K, reserved 212992K
}
Event: 156.883 GC heap before
{Heap before GC invocations=84 (full 0):
 garbage-first heap   total 368640K, used 309926K [0x00000000d0000000, 0x0000000100000000)
  region size 1024K, 88 young (90112K), 6 survivors (6144K)
 Metaspace       used 169701K, committed 170752K, reserved 409600K
  class space    used 21504K, committed 22016K, reserved 212992K
}
Event: 156.910 GC heap after
{Heap after GC invocations=85 (full 0):
 garbage-first heap   total 368640K, used 230054K [0x00000000d0000000, 0x0000000100000000)
  region size 1024K, 10 young (10240K), 10 survivors (10240K)
 Metaspace       used 169701K, committed 170752K, reserved 409600K
  class space    used 21504K, committed 22016K, reserved 212992K
}
Event: 161.073 GC heap before
{Heap before GC invocations=86 (full 0):
 garbage-first heap   total 416768K, used 307878K [0x00000000d0000000, 0x0000000100000000)
  region size 1024K, 86 young (88064K), 10 survivors (10240K)
 Metaspace       used 169895K, committed 170944K, reserved 409600K
  class space    used 21507K, committed 22016K, reserved 212992K
}
Event: 161.100 GC heap after
{Heap after GC invocations=87 (full 0):
 garbage-first heap   total 416768K, used 234055K [0x00000000d0000000, 0x0000000100000000)
  region size 1024K, 9 young (9216K), 9 survivors (9216K)
 Metaspace       used 169895K, committed 170944K, reserved 409600K
  class space    used 21507K, committed 22016K, reserved 212992K
}
Event: 161.497 GC heap before
{Heap before GC invocations=87 (full 0):
 garbage-first heap   total 416768K, used 245319K [0x00000000d0000000, 0x0000000100000000)
  region size 1024K, 20 young (20480K), 9 survivors (9216K)
 Metaspace       used 169925K, committed 171008K, reserved 409600K
  class space    used 21507K, committed 22016K, reserved 212992K
}
Event: 161.575 GC heap after
{Heap after GC invocations=88 (full 0):
 garbage-first heap   total 416768K, used 233396K [0x00000000d0000000, 0x0000000100000000)
  region size 1024K, 1 young (1024K), 1 survivors (1024K)
 Metaspace       used 169925K, committed 171008K, reserved 409600K
  class space    used 21507K, committed 22016K, reserved 212992K
}
Event: 165.415 GC heap before
{Heap before GC invocations=88 (full 0):
 garbage-first heap   total 416768K, used 351156K [0x00000000d0000000, 0x0000000100000000)
  region size 1024K, 116 young (118784K), 1 survivors (1024K)
 Metaspace       used 170199K, committed 171264K, reserved 409600K
  class space    used 21516K, committed 22016K, reserved 212992K
}
Event: 165.483 GC heap after
{Heap after GC invocations=89 (full 0):
 garbage-first heap   total 416768K, used 240551K [0x00000000d0000000, 0x0000000100000000)
  region size 1024K, 8 young (8192K), 8 survivors (8192K)
 Metaspace       used 170199K, committed 171264K, reserved 409600K
  class space    used 21516K, committed 22016K, reserved 212992K
}
Event: 169.206 GC heap before
{Heap before GC invocations=89 (full 0):
 garbage-first heap   total 416768K, used 349095K [0x00000000d0000000, 0x0000000100000000)
  region size 1024K, 114 young (116736K), 8 survivors (8192K)
 Metaspace       used 170856K, committed 171904K, reserved 409600K
  class space    used 21550K, committed 22080K, reserved 212992K
}
Event: 169.291 GC heap after
{Heap after GC invocations=90 (full 0):
 garbage-first heap   total 416768K, used 247535K [0x00000000d0000000, 0x0000000100000000)
  region size 1024K, 14 young (14336K), 14 survivors (14336K)
 Metaspace       used 170856K, committed 171904K, reserved 409600K
  class space    used 21550K, committed 22080K, reserved 212992K
}
Event: 172.894 GC heap before
{Heap before GC invocations=90 (full 0):
 garbage-first heap   total 416768K, used 351983K [0x00000000d0000000, 0x0000000100000000)
  region size 1024K, 116 young (118784K), 14 survivors (14336K)
 Metaspace       used 177178K, committed 178240K, reserved 409600K
  class space    used 22633K, committed 23168K, reserved 212992K
}
Event: 172.979 GC heap after
{Heap after GC invocations=91 (full 0):
 garbage-first heap   total 416768K, used 251611K [0x00000000d0000000, 0x0000000100000000)
  region size 1024K, 11 young (11264K), 11 survivors (11264K)
 Metaspace       used 177178K, committed 178240K, reserved 409600K
  class space    used 22633K, committed 23168K, reserved 212992K
}
Event: 176.341 GC heap before
{Heap before GC invocations=91 (full 0):
 garbage-first heap   total 416768K, used 358107K [0x00000000d0000000, 0x0000000100000000)
  region size 1024K, 111 young (113664K), 11 survivors (11264K)
 Metaspace       used 180421K, committed 181568K, reserved 409600K
  class space    used 23063K, committed 23616K, reserved 212992K
}
Event: 176.412 GC heap after
{Heap after GC invocations=92 (full 0):
 garbage-first heap   total 416768K, used 260020K [0x00000000d0000000, 0x0000000100000000)
  region size 1024K, 13 young (13312K), 13 survivors (13312K)
 Metaspace       used 180421K, committed 181568K, reserved 409600K
  class space    used 23063K, committed 23616K, reserved 212992K
}

Dll operation events (16 events):
Event: 0.003 Loaded shared library /usr/lib/jvm/java-17-openjdk-amd64/lib/libjava.so
Event: 0.079 Loaded shared library /usr/lib/jvm/java-17-openjdk-amd64/lib/libjsvml.so
Event: 0.207 Loaded shared library /usr/lib/jvm/java-17-openjdk-amd64/lib/libzip.so
Event: 0.208 Loaded shared library /usr/lib/jvm/java-17-openjdk-amd64/lib/libinstrument.so
Event: 0.210 Loaded shared library /usr/lib/jvm/java-17-openjdk-amd64/lib/libnio.so
Event: 0.215 Loaded shared library /usr/lib/jvm/java-17-openjdk-amd64/lib/libzip.so
Event: 0.419 Loaded shared library /usr/lib/jvm/java-17-openjdk-amd64/lib/libjimage.so
Event: 0.582 Loaded shared library /usr/lib/jvm/java-17-openjdk-amd64/lib/libverify.so
Event: 0.776 Loaded shared library /usr/lib/jvm/java-17-openjdk-amd64/lib/libnet.so
Event: 0.777 Loaded shared library /root/.gradle/native/c067742578af261105cb4f569cf0c3c89f3d7b1fecec35dd04571415982c5e48/linux-amd64/libnative-platform.so
Event: 0.783 Loaded shared library /root/.gradle/native/38dada09dfb8b06ba9b0570ebf7e218e3eb74d4ef43ca46872605cf95ebc2f47/linux-amd64/libnative-platform-file-events.so
Event: 1.679 Loaded shared library /usr/lib/jvm/java-17-openjdk-amd64/lib/libmanagement.so
Event: 1.680 Loaded shared library /usr/lib/jvm/java-17-openjdk-amd64/lib/libmanagement_ext.so
Event: 1.909 Loaded shared library /usr/lib/jvm/java-17-openjdk-amd64/lib/libextnet.so
Event: 27.419 Loaded shared library /tmp/native-platform17186170926739654374dir/libnative-platform.so
Event: 28.409 Loaded shared library /usr/lib/jvm/java-17-openjdk-amd64/lib/librmi.so

Deoptimization events (20 events):
Event: 176.417 Thread 0x000056270eaa7c40 DEOPT PACKING pc=0x00007fb462c93753 sp=0x00007fb4341dd770
Event: 176.417 Thread 0x000056270eaa7c40 DEOPT UNPACKING pc=0x00007fb468aa364f sp=0x00007fb4341dcc40 mode 0
Event: 176.418 Thread 0x000056270eaa7c40 DEOPT PACKING pc=0x00007fb462c93753 sp=0x00007fb4341dd770
Event: 176.418 Thread 0x000056270eaa7c40 DEOPT UNPACKING pc=0x00007fb468aa364f sp=0x00007fb4341dcc40 mode 0
Event: 176.421 Thread 0x000056270eaa7c40 DEOPT PACKING pc=0x00007fb462c93753 sp=0x00007fb4341dd770
Event: 176.421 Thread 0x000056270eaa7c40 DEOPT UNPACKING pc=0x00007fb468aa364f sp=0x00007fb4341dcc40 mode 0
Event: 176.480 Thread 0x000056270eaa7c40 DEOPT PACKING pc=0x00007fb462c93753 sp=0x00007fb4341dd6c0
Event: 176.480 Thread 0x000056270eaa7c40 DEOPT UNPACKING pc=0x00007fb468aa364f sp=0x00007fb4341dcb90 mode 0
Event: 176.481 Thread 0x000056270eaa7c40 DEOPT PACKING pc=0x00007fb462c93753 sp=0x00007fb4341dd6c0
Event: 176.481 Thread 0x000056270eaa7c40 DEOPT UNPACKING pc=0x00007fb468aa364f sp=0x00007fb4341dcb90 mode 0
Event: 176.481 Thread 0x000056270eaa7c40 DEOPT PACKING pc=0x00007fb462c93753 sp=0x00007fb4341dd6c0
Event: 176.481 Thread 0x000056270eaa7c40 DEOPT UNPACKING pc=0x00007fb468aa364f sp=0x00007fb4341dcb90 mode 0
Event: 176.482 Thread 0x000056270eaa7c40 DEOPT PACKING pc=0x00007fb462c93753 sp=0x00007fb4341dd6c0
Event: 176.482 Thread 0x000056270eaa7c40 DEOPT UNPACKING pc=0x00007fb468aa364f sp=0x00007fb4341dcb90 mode 0
Event: 176.482 Thread 0x000056270eaa7c40 DEOPT PACKING pc=0x00007fb462c93753 sp=0x00007fb4341dd6c0
Event: 176.482 Thread 0x000056270eaa7c40 DEOPT UNPACKING pc=0x00007fb468aa364f sp=0x00007fb4341dcb90 mode 0
Event: 176.483 Thread 0x000056270eaa7c40 DEOPT PACKING pc=0x00007fb462c93753 sp=0x00007fb4341dd6c0
Event: 176.483 Thread 0x000056270eaa7c40 DEOPT UNPACKING pc=0x00007fb468aa364f sp=0x00007fb4341dcb90 mode 0
Event: 176.483 Thread 0x000056270eaa7c40 DEOPT PACKING pc=0x00007fb462c93753 sp=0x00007fb4341dd6c0
Event: 176.483 Thread 0x000056270eaa7c40 DEOPT UNPACKING pc=0x00007fb468aa364f sp=0x00007fb4341dcb90 mode 0

Classes loaded (20 events):
Event: 170.900 Loading class com/sun/org/apache/xerces/internal/dom/CommentImpl
Event: 170.900 Loading class org/w3c/dom/Comment
Event: 170.900 Loading class org/w3c/dom/Comment done
Event: 170.900 Loading class com/sun/org/apache/xerces/internal/dom/CommentImpl done
Event: 174.479 Loading class java/util/zip/GZIPInputStream$1
Event: 174.482 Loading class java/util/zip/GZIPInputStream$1 done
Event: 175.095 Loading class com/sun/org/apache/xerces/internal/dom/DeferredDocumentImpl
Event: 175.096 Loading class com/sun/org/apache/xerces/internal/dom/DeferredNode
Event: 175.096 Loading class com/sun/org/apache/xerces/internal/dom/DeferredNode done
Event: 175.098 Loading class com/sun/org/apache/xerces/internal/dom/DeferredDocumentImpl done
Event: 175.098 Loading class com/sun/org/apache/xerces/internal/dom/DeferredDocumentImpl$RefCount
Event: 175.098 Loading class com/sun/org/apache/xerces/internal/dom/DeferredDocumentImpl$RefCount done
Event: 175.099 Loading class com/sun/org/apache/xerces/internal/dom/DeferredElementNSImpl
Event: 175.101 Loading class com/sun/org/apache/xerces/internal/dom/DeferredElementNSImpl done
Event: 175.101 Loading class com/sun/org/apache/xerces/internal/dom/DeferredTextImpl
Event: 175.101 Loading class com/sun/org/apache/xerces/internal/dom/DeferredTextImpl done
Event: 175.101 Loading class com/sun/org/apache/xerces/internal/dom/DeferredAttrNSImpl
Event: 175.101 Loading class com/sun/org/apache/xerces/internal/dom/DeferredAttrNSImpl done
Event: 176.586 Loading class java/nio/file/FileTreeIterator
Event: 176.586 Loading class java/nio/file/FileTreeIterator done

Classes unloaded (20 events):
Event: 138.911 Thread 0x00007fb47809c0d0 Unloading class 0x00007fb43c1bdc20 'androidx/compose/runtime/lint/ProduceStateDetector'
Event: 138.911 Thread 0x00007fb47809c0d0 Unloading class 0x00007fb43c1bda18 'androidx/compose/runtime/lint/MutableCollectionMutableStateDetector$Companion'
Event: 138.911 Thread 0x00007fb47809c0d0 Unloading class 0x00007fb43c1bd518 'androidx/compose/runtime/lint/MutableCollectionMutableStateDetector'
Event: 138.911 Thread 0x00007fb47809c0d0 Unloading class 0x00007fb43c1bd310 'androidx/compose/runtime/lint/CompositionLocalNamingDetector$Companion'
Event: 138.911 Thread 0x00007fb47809c0d0 Unloading class 0x00007fb43c1bce10 'androidx/compose/runtime/lint/CompositionLocalNamingDetector'
Event: 138.911 Thread 0x00007fb47809c0d0 Unloading class 0x00007fb43c1bcc08 'androidx/compose/runtime/lint/ComposableStateFlowValueDetector$Companion'
Event: 138.911 Thread 0x00007fb47809c0d0 Unloading class 0x00007fb43c1bc708 'androidx/compose/runtime/lint/ComposableStateFlowValueDetector'
Event: 138.911 Thread 0x00007fb47809c0d0 Unloading class 0x00007fb43c1bc500 'androidx/compose/runtime/lint/ComposableNamingDetector$Companion'
Event: 138.911 Thread 0x00007fb47809c0d0 Unloading class 0x00007fb43c1bc000 'androidx/compose/runtime/lint/ComposableNamingDetector'
Event: 138.911 Thread 0x00007fb47809c0d0 Unloading class 0x00007fb43c1bbc28 'androidx/compose/runtime/lint/ComposableLambdaParameterDetector$Companion'
Event: 138.911 Thread 0x00007fb47809c0d0 Unloading class 0x00007fb43c1bb728 'androidx/compose/runtime/lint/ComposableLambdaParameterDetector'
Event: 138.911 Thread 0x00007fb47809c0d0 Unloading class 0x00007fb43c1bb520 'androidx/compose/runtime/lint/ComposableFlowOperatorDetector$Companion'
Event: 138.911 Thread 0x00007fb47809c0d0 Unloading class 0x00007fb43c1bb020 'androidx/compose/runtime/lint/ComposableFlowOperatorDetector'
Event: 138.911 Thread 0x00007fb47809c0d0 Unloading class 0x00007fb43c1bae18 'androidx/compose/runtime/lint/ComposableCoroutineCreationDetector$Companion'
Event: 138.911 Thread 0x00007fb47809c0d0 Unloading class 0x00007fb43c1ba918 'androidx/compose/runtime/lint/ComposableCoroutineCreationDetector'
Event: 138.911 Thread 0x00007fb47809c0d0 Unloading class 0x00007fb43c1ba710 'androidx/compose/runtime/lint/AutoboxingStateCreationDetector$Companion'
Event: 138.911 Thread 0x00007fb47809c0d0 Unloading class 0x00007fb43c1ba208 'androidx/compose/runtime/lint/AutoboxingStateCreationDetector'
Event: 138.911 Thread 0x00007fb47809c0d0 Unloading class 0x00007fb43c1ba000 'androidx/compose/runtime/lint/AutoboxingStateValuePropertyDetector$Companion'
Event: 138.911 Thread 0x00007fb47809c0d0 Unloading class 0x00007fb43c1b9a68 'androidx/compose/runtime/lint/AutoboxingStateValuePropertyDetector'
Event: 138.911 Thread 0x00007fb47809c0d0 Unloading class 0x00007fb43c1b9800 'androidx/compose/runtime/lint/RuntimeIssueRegistry'

Classes redefined (0 events):
No events

Internal exceptions (20 events):
Event: 162.904 Thread 0x000056270eaa7c40 Implicit null exception at 0x00007fb469982347 to 0x00007fb469983220
Event: 171.197 Thread 0x000056270eaa7c40 Implicit null exception at 0x00007fb46941084c to 0x00007fb469410a44
Event: 171.217 Thread 0x000056270eaa7c40 Implicit null exception at 0x00007fb4699ff4b3 to 0x00007fb4699ff628
Event: 171.491 Thread 0x000056270eaa7c40 Implicit null exception at 0x00007fb46965d18c to 0x00007fb46965d3f8
Event: 175.112 Thread 0x00007fb44e3a7650 Exception <a 'java/lang/NoSuchMethodError'{0x00000000e69ef418}: 'java.lang.Object java.lang.invoke.DirectMethodHandle$Holder.invokeSpecial(java.lang.Object, java.lang.Object, java.lang.Object, java.lang.Object, int, java.lang.Object)'> (0x00000000e69ef418) 
thrown [./src/hotspot/share/interpreter/linkResolver.cpp, line 758]
Event: 175.112 Thread 0x00007fb44e3a7650 Exception <a 'java/lang/NoSuchMethodError'{0x00000000e69f39c0}: 'java.lang.Object java.lang.invoke.Invokers$Holder.invokeExact_MT(java.lang.Object, java.lang.Object, java.lang.Object, int, java.lang.Object, java.lang.Object)'> (0x00000000e69f39c0) 
thrown [./src/hotspot/share/interpreter/linkResolver.cpp, line 758]
Event: 175.124 Thread 0x00007fb44e3a7650 Exception <a 'sun/nio/fs/UnixException'{0x00000000e5b908f8}> (0x00000000e5b908f8) 
thrown [./src/hotspot/share/prims/jni.cpp, line 516]
Event: 175.472 Thread 0x00007fb44e3a7650 Exception <a 'sun/nio/fs/UnixException'{0x00000000e53e9f38}> (0x00000000e53e9f38) 
thrown [./src/hotspot/share/prims/jni.cpp, line 516]
Event: 175.477 Thread 0x00007fb44e3a7650 Exception <a 'sun/nio/fs/UnixException'{0x00000000e53f35e8}> (0x00000000e53f35e8) 
thrown [./src/hotspot/share/prims/jni.cpp, line 516]
Event: 175.479 Thread 0x00007fb44e3a7650 Exception <a 'sun/nio/fs/UnixException'{0x00000000e53fb270}> (0x00000000e53fb270) 
thrown [./src/hotspot/share/prims/jni.cpp, line 516]
Event: 175.498 Thread 0x00007fb44e3a7650 Implicit null exception at 0x00007fb469962148 to 0x00007fb469962854
Event: 176.278 Thread 0x00007fb44e3a7650 Exception <a 'sun/nio/fs/UnixException'{0x00000000e34c7900}> (0x00000000e34c7900) 
thrown [./src/hotspot/share/prims/jni.cpp, line 516]
Event: 176.278 Thread 0x00007fb44e3a7650 Exception <a 'sun/nio/fs/UnixException'{0x00000000e34c8188}> (0x00000000e34c8188) 
thrown [./src/hotspot/share/prims/jni.cpp, line 516]
Event: 176.278 Thread 0x00007fb44e3a7650 Exception <a 'sun/nio/fs/UnixException'{0x00000000e34c8a10}> (0x00000000e34c8a10) 
thrown [./src/hotspot/share/prims/jni.cpp, line 516]
Event: 176.278 Thread 0x00007fb44e3a7650 Exception <a 'sun/nio/fs/UnixException'{0x00000000e34c9298}> (0x00000000e34c9298) 
thrown [./src/hotspot/share/prims/jni.cpp, line 516]
Event: 176.279 Thread 0x00007fb44e3a7650 Exception <a 'sun/nio/fs/UnixException'{0x00000000e34c9aa0}> (0x00000000e34c9aa0) 
thrown [./src/hotspot/share/prims/jni.cpp, line 516]
Event: 176.279 Thread 0x00007fb44e3a7650 Exception <a 'sun/nio/fs/UnixException'{0x00000000e34ca288}> (0x00000000e34ca288) 
thrown [./src/hotspot/share/prims/jni.cpp, line 516]
Event: 176.279 Thread 0x00007fb44e3a7650 Exception <a 'sun/nio/fs/UnixException'{0x00000000e34caa90}> (0x00000000e34caa90) 
thrown [./src/hotspot/share/prims/jni.cpp, line 516]
Event: 176.279 Thread 0x00007fb44e3a7650 Exception <a 'sun/nio/fs/UnixException'{0x00000000e34cb278}> (0x00000000e34cb278) 
thrown [./src/hotspot/share/prims/jni.cpp, line 516]
Event: 176.317 Thread 0x00007fb44e3a7650 Exception <a 'java/lang/NoSuchMethodError'{0x00000000e325f808}: static Lcom/android/build/gradle/internal/tasks/DexArchiveBuilderTaskDelegate$ClasspathServiceKey;.<clinit>()V> (0x00000000e325f808) 
thrown [./src/hotspot/share/prims/jni.cpp, line 1112]

VM Operations (20 events):
Event: 173.415 Executing VM operation: HandshakeAllThreads done
Event: 174.407 Executing VM operation: HandshakeAllThreads
Event: 174.408 Executing VM operation: HandshakeAllThreads done
Event: 174.408 Executing VM operation: Cleanup
Event: 174.408 Executing VM operation: Cleanup done
Event: 174.732 Executing VM operation: HandshakeAllThreads
Event: 174.732 Executing VM operation: HandshakeAllThreads done
Event: 175.189 Executing VM operation: HandshakeAllThreads
Event: 175.189 Executing VM operation: HandshakeAllThreads done
Event: 175.286 Executing VM operation: ICBufferFull
Event: 175.286 Executing VM operation: ICBufferFull done
Event: 176.255 Executing VM operation: ICBufferFull
Event: 176.256 Executing VM operation: ICBufferFull done
Event: 176.341 Executing VM operation: G1CollectForAllocation
Event: 176.412 Executing VM operation: G1CollectForAllocation done
Event: 177.419 Executing VM operation: Cleanup
Event: 177.472 Executing VM operation: Cleanup done
Event: 177.527 Executing VM operation: HandshakeAllThreads
Event: 177.528 Executing VM operation: HandshakeAllThreads done
Event: 177.634 Executing VM operation: G1PauseRemark

Memory protections (20 events):
Event: 24.114 Protecting memory [0x00007fb4348ea000,0x00007fb4348ee000] with protection modes 0
Event: 24.420 Protecting memory [0x00007fb4347e9000,0x00007fb4347ed000] with protection modes 0
Event: 24.508 Protecting memory [0x00007fb4346e8000,0x00007fb4346ec000] with protection modes 0
Event: 24.700 Protecting memory [0x00007fb4345e7000,0x00007fb4345eb000] with protection modes 0
Event: 25.021 Protecting memory [0x00007fb4344e6000,0x00007fb4344ea000] with protection modes 0
Event: 25.082 Protecting memory [0x00007fb4343e5000,0x00007fb4343e9000] with protection modes 0
Event: 25.276 Protecting memory [0x00007fb4342e4000,0x00007fb4342e8000] with protection modes 0
Event: 25.775 Protecting memory [0x00007fb4341e3000,0x00007fb4341e7000] with protection modes 0
Event: 27.289 Protecting memory [0x00007fb4340e2000,0x00007fb4340e6000] with protection modes 0
Event: 27.489 Protecting memory [0x00007fb45ce10000,0x00007fb45ce14000] with protection modes 0
Event: 27.489 Protecting memory [0x00007fb40bf00000,0x00007fb40bf04000] with protection modes 0
Event: 28.399 Protecting memory [0x00007fb40bf00000,0x00007fb40bf04000] with protection modes 0
Event: 28.415 Protecting memory [0x00007fb40bb00000,0x00007fb40bb04000] with protection modes 0
Event: 28.417 Protecting memory [0x00007fb40b9ff000,0x00007fb40ba03000] with protection modes 0
Event: 28.616 Protecting memory [0x00007fb40b8fe000,0x00007fb40b902000] with protection modes 0
Event: 28.683 Protecting memory [0x00007fb40b7fd000,0x00007fb40b801000] with protection modes 0
Event: 28.804 Protecting memory [0x00007fb40b6fc000,0x00007fb40b700000] with protection modes 0
Event: 110.299 Protecting memory [0x00007fb40b5fb000,0x00007fb40b5ff000] with protection modes 0
Event: 110.333 Protecting memory [0x00007fb40b4fa000,0x00007fb40b4fe000] with protection modes 0
Event: 174.882 Protecting memory [0x00007fb40bb00000,0x00007fb40bb04000] with protection modes 0

Nmethod flushes (20 events):
Event: 175.304 Thread 0x00007fb4780ae990 flushing  nmethod 0x00007fb464873710
Event: 175.304 Thread 0x00007fb4780ae990 flushing  nmethod 0x00007fb464874010
Event: 175.304 Thread 0x00007fb4780ae990 flushing  nmethod 0x00007fb464875d10
Event: 175.304 Thread 0x00007fb4780ae990 flushing  nmethod 0x00007fb464878690
Event: 175.304 Thread 0x00007fb4780ae990 flushing  nmethod 0x00007fb46487d390
Event: 175.304 Thread 0x00007fb4780ae990 flushing  nmethod 0x00007fb4648c8a90
Event: 175.304 Thread 0x00007fb4780ae990 flushing  nmethod 0x00007fb4648cdd10
Event: 175.304 Thread 0x00007fb4780ae990 flushing  nmethod 0x00007fb4648d4b10
Event: 175.304 Thread 0x00007fb4780ae990 flushing  nmethod 0x00007fb46490ed10
Event: 175.304 Thread 0x00007fb4780ae990 flushing  nmethod 0x00007fb464917b90
Event: 175.304 Thread 0x00007fb4780ae990 flushing  nmethod 0x00007fb46491e490
Event: 175.304 Thread 0x00007fb4780ae990 flushing  nmethod 0x00007fb46491ea10
Event: 175.304 Thread 0x00007fb4780ae990 flushing  nmethod 0x00007fb46491ee90
Event: 175.304 Thread 0x00007fb4780ae990 flushing  nmethod 0x00007fb464920690
Event: 175.304 Thread 0x00007fb4780ae990 flushing  nmethod 0x00007fb464922310
Event: 175.305 Thread 0x00007fb4780ae990 flushing  nmethod 0x00007fb464941210
Event: 175.305 Thread 0x00007fb4780ae990 flushing  nmethod 0x00007fb464942710
Event: 175.305 Thread 0x00007fb4780ae990 flushing  nmethod 0x00007fb464944190
Event: 175.305 Thread 0x00007fb4780ae990 flushing  nmethod 0x00007fb46494e990
Event: 175.306 Thread 0x00007fb4780ae990 flushing  nmethod 0x00007fb464a3b010

Events (20 events):
Event: 24.501 Thread 0x00007fb44e3a7650 Thread added: 0x000056270e9af920
Event: 24.692 Thread 0x00007fb44e3a7650 Thread added: 0x000056270e9b6710
Event: 25.015 Thread 0x00007fb44e3a7650 Thread added: 0x000056270e9bbb40
Event: 25.072 Thread 0x00007fb44e3a7650 Thread added: 0x000056270e9c8bb0
Event: 25.220 Thread 0x00007fb44e3a7650 Thread added: 0x000056270e9c2e30
Event: 25.715 Thread 0x00007fb44e3a7650 Thread added: 0x000056270e9cede0
Event: 27.288 Thread 0x00007fb44e3a7650 Thread added: 0x000056270eaa7c40
Event: 27.487 Thread 0x000056270eaa7c40 Thread added: 0x00007fb448063ef0
Event: 27.489 Thread 0x000056270eaa7c40 Thread added: 0x00007fb448066920
Event: 28.182 Thread 0x00007fb448066920 Thread exited: 0x00007fb448066920
Event: 28.395 Thread 0x000056270eaa7c40 Thread added: 0x00007fb448075770
Event: 28.409 Thread 0x000056270eaa7c40 Thread added: 0x00007fb448086940
Event: 28.415 Thread 0x000056270eaa7c40 Thread added: 0x00007fb448088ac0
Event: 28.616 Thread 0x000056270eaa7c40 Thread added: 0x00007fb448098e50
Event: 28.617 Thread 0x000056270eaa7c40 Thread added: 0x00007fb44809a0a0
Event: 28.804 Thread 0x00007fb448098e50 Thread added: 0x00007fb4140043d0
Event: 110.299 Thread 0x00007fb44e3a7650 Thread added: 0x000056270ebef570
Event: 110.332 Thread 0x00007fb44e3a7650 Thread added: 0x000056270eb04660
Event: 110.490 Thread 0x00007fb448086940 Thread exited: 0x00007fb448086940
Event: 174.882 Thread 0x000056270eaa7c40 Thread added: 0x00007fb449b67b40


Dynamic libraries:
d0000000-e9500000 rw-p 00000000 00:00 0 
eca00000-ffe00000 ---p 00000000 00:00 0 
ffe00000-ffe75000 rw-p 00c7a000 00:25 13853                              /usr/lib/jvm/java-17-openjdk-amd64/lib/server/classes.jsa
ffe75000-fff00000 rw-p 00000000 00:00 0 
fff00000-fff78000 rw-p 00c02000 00:25 13853                              /usr/lib/jvm/java-17-openjdk-amd64/lib/server/classes.jsa
fff78000-100000000 rw-p 00000000 00:00 0 
56270d730000-56270d731000 r--p 00000000 00:25 13495                      /usr/lib/jvm/java-17-openjdk-amd64/bin/java
56270d731000-56270d732000 r-xp 00001000 00:25 13495                      /usr/lib/jvm/java-17-openjdk-amd64/bin/java
56270d732000-56270d733000 r--p 00002000 00:25 13495                      /usr/lib/jvm/java-17-openjdk-amd64/bin/java
56270d733000-56270d734000 r--p 00002000 00:25 13495                      /usr/lib/jvm/java-17-openjdk-amd64/bin/java
56270d734000-56270d735000 rw-p 00003000 00:25 13495                      /usr/lib/jvm/java-17-openjdk-amd64/bin/java
56270e8cf000-56270f185000 rw-p 00000000 00:00 0                          [heap]
7fb3ff000000-7fb400b40000 rw-p 00000000 00:00 0 
7fb400b40000-7fb403000000 ---p 00000000 00:00 0 
7fb403a0a000-7fb40b4f9000 r--s 00000000 00:25 13844                      /usr/lib/jvm/java-17-openjdk-amd64/lib/modules
7fb40b4f9000-7fb40b4fa000 ---p 00000000 00:00 0 
7fb40b4fa000-7fb40b4fe000 ---p 00000000 00:00 0 
7fb40b4fe000-7fb40b5fa000 rw-p 00000000 00:00 0 
7fb40b5fa000-7fb40b5fb000 ---p 00000000 00:00 0 
7fb40b5fb000-7fb40b5ff000 ---p 00000000 00:00 0 
7fb40b5ff000-7fb40b6fb000 rw-p 00000000 00:00 0 
7fb40b6fb000-7fb40b6fc000 ---p 00000000 00:00 0 
7fb40b6fc000-7fb40b700000 ---p 00000000 00:00 0 
7fb40b700000-7fb40b7fc000 rw-p 00000000 00:00 0 
7fb40b7fc000-7fb40b7fd000 ---p 00000000 00:00 0 
7fb40b7fd000-7fb40b801000 ---p 00000000 00:00 0 
7fb40b801000-7fb40b8fd000 rw-p 00000000 00:00 0 
7fb40b8fd000-7fb40b8fe000 ---p 00000000 00:00 0 
7fb40b8fe000-7fb40b902000 ---p 00000000 00:00 0 
7fb40b902000-7fb40b9fe000 rw-p 00000000 00:00 0 
7fb40b9fe000-7fb40b9ff000 ---p 00000000 00:00 0 
7fb40b9ff000-7fb40ba03000 ---p 00000000 00:00 0 
7fb40ba03000-7fb40baff000 rw-p 00000000 00:00 0 
7fb40baff000-7fb40bb00000 ---p 00000000 00:00 0 
7fb40bb00000-7fb40bb04000 ---p 00000000 00:00 0 
7fb40bb04000-7fb40bc00000 rw-p 00000000 00:00 0 
7fb40bc00000-7fb40bc05000 r-xp 00000000 fe:00 4386                       /tmp/native-platform17186170926739654374dir/libnative-platform.so
7fb40bc05000-7fb40be04000 ---p 00005000 fe:00 4386                       /tmp/native-platform17186170926739654374dir/libnative-platform.so
7fb40be04000-7fb40be05000 rw-p 00004000 fe:00 4386                       /tmp/native-platform17186170926739654374dir/libnative-platform.so
7fb40beff000-7fb40bf00000 ---p 00000000 00:00 0 
7fb40bf00000-7fb40bf04000 ---p 00000000 00:00 0 
7fb40bf04000-7fb40c400000 rw-p 00000000 00:00 0 
7fb40c400000-7fb40cf00000 rw-p 00000000 00:00 0 
7fb40cf00000-7fb40cfc0000 rw-p 00000000 00:00 0 
7fb40cfc0000-7fb40e720000 rw-p 00000000 00:00 0 
7fb40e720000-7fb40f1c0000 rw-p 00000000 00:00 0 
7fb40f1c0000-7fb40ff80000 rw-p 00000000 00:00 0 
7fb40ff80000-7fb40fff0000 rw-p 00000000 00:00 0 
7fb40fff0000-7fb410000000 ---p 00000000 00:00 0 
7fb410000000-7fb4115b2000 rw-p 00000000 00:00 0 
7fb4115b2000-7fb414000000 ---p 00000000 00:00 0 
7fb414000000-7fb414102000 rw-p 00000000 00:00 0 
7fb414102000-7fb418000000 ---p 00000000 00:00 0 
7fb418000000-7fb418086000 rw-p 00000000 00:00 0 
7fb418086000-7fb41c000000 ---p 00000000 00:00 0 
7fb41c000000-7fb41deae000 rw-p 00000000 00:00 0 
7fb41deae000-7fb420000000 ---p 00000000 00:00 0 
7fb420000000-7fb420170000 rw-p 00000000 00:00 0 
7fb420170000-7fb424000000 ---p 00000000 00:00 0 
7fb424000000-7fb4240aa000 rw-p 00000000 00:00 0 
7fb4240aa000-7fb428000000 ---p 00000000 00:00 0 
7fb428000000-7fb428049000 rw-p 00000000 00:00 0 
7fb428049000-7fb42c000000 ---p 00000000 00:00 0 
7fb42c000000-7fb42c021000 rw-p 00000000 00:00 0 
7fb42c021000-7fb430000000 ---p 00000000 00:00 0 
7fb430000000-7fb4304f6000 rw-p 00000000 00:00 0 
7fb4304f6000-7fb434000000 ---p 00000000 00:00 0 
7fb4340e1000-7fb4340e2000 ---p 00000000 00:00 0 
7fb4340e2000-7fb4340e6000 ---p 00000000 00:00 0 
7fb4340e6000-7fb4341e2000 rw-p 00000000 00:00 0 
7fb4341e2000-7fb4341e3000 ---p 00000000 00:00 0 
7fb4341e3000-7fb4341e7000 ---p 00000000 00:00 0 
7fb4341e7000-7fb4342e3000 rw-p 00000000 00:00 0 
7fb4342e3000-7fb4342e4000 ---p 00000000 00:00 0 
7fb4342e4000-7fb4342e8000 ---p 00000000 00:00 0 
7fb4342e8000-7fb4343e4000 rw-p 00000000 00:00 0 
7fb4343e4000-7fb4343e5000 ---p 00000000 00:00 0 
7fb4343e5000-7fb4343e9000 ---p 00000000 00:00 0 
7fb4343e9000-7fb4344e5000 rw-p 00000000 00:00 0 
7fb4344e5000-7fb4344e6000 ---p 00000000 00:00 0 
7fb4344e6000-7fb4344ea000 ---p 00000000 00:00 0 
7fb4344ea000-7fb4345e6000 rw-p 00000000 00:00 0 
7fb4345e6000-7fb4345e7000 ---p 00000000 00:00 0 
7fb4345e7000-7fb4345eb000 ---p 00000000 00:00 0 
7fb4345eb000-7fb4346e7000 rw-p 00000000 00:00 0 
7fb4346e7000-7fb4346e8000 ---p 00000000 00:00 0 
7fb4346e8000-7fb4346ec000 ---p 00000000 00:00 0 
7fb4346ec000-7fb4347e8000 rw-p 00000000 00:00 0 
7fb4347e8000-7fb4347e9000 ---p 00000000 00:00 0 
7fb4347e9000-7fb4347ed000 ---p 00000000 00:00 0 
7fb4347ed000-7fb4348e9000 rw-p 00000000 00:00 0 
7fb4348e9000-7fb4348ea000 ---p 00000000 00:00 0 
7fb4348ea000-7fb4348ee000 ---p 00000000 00:00 0 
7fb4348ee000-7fb4349ea000 rw-p 00000000 00:00 0 
7fb4349ea000-7fb4349eb000 ---p 00000000 00:00 0 
7fb4349eb000-7fb4349ef000 ---p 00000000 00:00 0 
7fb4349ef000-7fb434aeb000 rw-p 00000000 00:00 0 
7fb434aeb000-7fb434aec000 ---p 00000000 00:00 0 
7fb434aec000-7fb434af0000 ---p 00000000 00:00 0 
7fb434af0000-7fb434bec000 rw-p 00000000 00:00 0 
7fb434bec000-7fb434bed000 ---p 00000000 00:00 0 
7fb434bed000-7fb434bf1000 ---p 00000000 00:00 0 
7fb434bf1000-7fb434ced000 rw-p 00000000 00:00 0 
7fb434ced000-7fb434cee000 ---p 00000000 00:00 0 
7fb434cee000-7fb434cf2000 ---p 00000000 00:00 0 
7fb434cf2000-7fb434dee000 rw-p 00000000 00:00 0 
7fb434dee000-7fb434def000 ---p 00000000 00:00 0 
7fb434def000-7fb434df3000 ---p 00000000 00:00 0 
7fb434df3000-7fb434eef000 rw-p 00000000 00:00 0 
7fb434eef000-7fb434ef0000 ---p 00000000 00:00 0 
7fb434ef0000-7fb434ef4000 ---p 00000000 00:00 0 
7fb434ef4000-7fb434ff0000 rw-p 00000000 00:00 0 
7fb434ff0000-7fb434ff1000 ---p 00000000 00:00 0 
7fb434ff1000-7fb434ff5000 ---p 00000000 00:00 0 
7fb434ff5000-7fb4350f1000 rw-p 00000000 00:00 0 
7fb4350f1000-7fb4350f2000 ---p 00000000 00:00 0 
7fb4350f2000-7fb4350f6000 ---p 00000000 00:00 0 
7fb4350f6000-7fb4351f2000 rw-p 00000000 00:00 0 
7fb4351f2000-7fb4351f3000 ---p 00000000 00:00 0 
7fb4351f3000-7fb4351f7000 ---p 00000000 00:00 0 
7fb4351f7000-7fb4352f3000 rw-p 00000000 00:00 0 
7fb4352f3000-7fb4352f4000 ---p 00000000 00:00 0 
7fb4352f4000-7fb4352f8000 ---p 00000000 00:00 0 
7fb4352f8000-7fb4353f4000 rw-p 00000000 00:00 0 
7fb4353f4000-7fb4353f5000 ---p 00000000 00:00 0 
7fb4353f5000-7fb4353f9000 ---p 00000000 00:00 0 
7fb4353f9000-7fb4354f5000 rw-p 00000000 00:00 0 
7fb4354f5000-7fb4354f6000 ---p 00000000 00:00 0 
7fb4354f6000-7fb4355f6000 rw-p 00000000 00:00 0 
7fb4355f6000-7fb4355f7000 ---p 00000000 00:00 0 
7fb4355f7000-7fb4355fb000 ---p 00000000 00:00 0 
7fb4355fb000-7fb4356f7000 rw-p 00000000 00:00 0 
7fb4356f7000-7fb4356f8000 ---p 00000000 00:00 0 
7fb4356f8000-7fb4356fc000 ---p 00000000 00:00 0 
7fb4356fc000-7fb4357f8000 rw-p 00000000 00:00 0 
7fb4357f8000-7fb4357f9000 ---p 00000000 00:00 0 
7fb4357f9000-7fb4357fd000 ---p 00000000 00:00 0 
7fb4357fd000-7fb4358f9000 rw-p 00000000 00:00 0 
7fb4358f9000-7fb4358fa000 ---p 00000000 00:00 0 
7fb4358fa000-7fb4358fe000 ---p 00000000 00:00 0 
7fb4358fe000-7fb4359fa000 rw-p 00000000 00:00 0 
7fb4359fa000-7fb4359fb000 ---p 00000000 00:00 0 
7fb4359fb000-7fb4359ff000 ---p 00000000 00:00 0 
7fb4359ff000-7fb435afb000 rw-p 00000000 00:00 0 
7fb435afb000-7fb435afc000 ---p 00000000 00:00 0 
7fb435afc000-7fb435b00000 ---p 00000000 00:00 0 
7fb435b00000-7fb435bfc000 rw-p 00000000 00:00 0 
7fb435bfc000-7fb435bfd000 ---p 00000000 00:00 0 
7fb435bfd000-7fb435c01000 ---p 00000000 00:00 0 
7fb435c01000-7fb435cfd000 rw-p 00000000 00:00 0 
7fb435cfd000-7fb435cfe000 ---p 00000000 00:00 0 
7fb435cfe000-7fb435d02000 ---p 00000000 00:00 0 
7fb435d02000-7fb435dfe000 rw-p 00000000 00:00 0 
7fb435dfe000-7fb435dff000 ---p 00000000 00:00 0 
7fb435dff000-7fb435e03000 ---p 00000000 00:00 0 
7fb435e03000-7fb435eff000 rw-p 00000000 00:00 0 
7fb435eff000-7fb435f00000 ---p 00000000 00:00 0 
7fb435f00000-7fb435f04000 ---p 00000000 00:00 0 
7fb435f04000-7fb436400000 rw-p 00000000 00:00 0 
7fb436400000-7fb436980000 rw-p 00000000 00:00 0 
7fb436980000-7fb436a00000 rw-p 00000000 00:00 0 
7fb436a00000-7fb436e00000 rw-p 00000000 00:00 0 
7fb436e00000-7fb437700000 rw-p 00000000 00:00 0 
7fb437700000-7fb437900000 rw-p 00000000 00:00 0 
7fb437900000-7fb437a00000 rw-p 00000000 00:00 0 
7fb437a00000-7fb438700000 rw-p 00000000 00:00 0 
7fb438700000-7fb438800000 rw-p 00000000 00:00 0 
7fb438800000-7fb438b00000 rw-p 00000000 00:00 0 
7fb438b00000-7fb438c00000 rw-p 00000000 00:00 0 
7fb438c00000-7fb438f00000 rw-p 00000000 00:00 0 
7fb438f00000-7fb439000000 rw-p 00000000 00:00 0 
7fb439000000-7fb439f00000 rw-p 00000000 00:00 0 
7fb439f00000-7fb43a000000 rw-p 00000000 00:00 0 
7fb43a000000-7fb43a455000 rw-p 00001000 00:25 13853                      /usr/lib/jvm/java-17-openjdk-amd64/lib/server/classes.jsa
7fb43a455000-7fb43abca000 rw-p 00456000 00:25 13853                      /usr/lib/jvm/java-17-openjdk-amd64/lib/server/classes.jsa
7fb43abca000-7fb43b000000 ---p 00000000 00:00 0 
7fb43b000000-7fb43b040000 rw-p 00000000 00:00 0 
7fb43b040000-7fb43b080000 rw-p 00000000 00:00 0 
7fb43b080000-7fb43b140000 rw-p 00000000 00:00 0 
7fb43b140000-7fb43b180000 rw-p 00000000 00:00 0 
7fb43b180000-7fb43b440000 rw-p 00000000 00:00 0 
7fb43b440000-7fb43b740000 rw-p 00000000 00:00 0 
7fb43b740000-7fb43b780000 rw-p 00000000 00:00 0 
7fb43b780000-7fb43b900000 rw-p 00000000 00:00 0 
7fb43b900000-7fb43bb40000 rw-p 00000000 00:00 0 
7fb43bb40000-7fb43bb80000 rw-p 00000000 00:00 0 
7fb43bb80000-7fb43c210000 rw-p 00000000 00:00 0 
7fb43c210000-7fb43c240000 ---p 00000000 00:00 0 
7fb43c240000-7fb43c760000 rw-p 00000000 00:00 0 
7fb43c760000-7fb448000000 ---p 00000000 00:00 0 
7fb448000000-7fb449b6d000 rw-p 00000000 00:00 0 
7fb449b6d000-7fb44c000000 ---p 00000000 00:00 0 
7fb44c000000-7fb44e3af000 rw-p 00000000 00:00 0 
7fb44e3af000-7fb450000000 ---p 00000000 00:00 0 
7fb450000000-7fb450021000 rw-p 00000000 00:00 0 
7fb450021000-7fb454000000 ---p 00000000 00:00 0 
7fb454000000-7fb45408a000 rw-p 00000000 00:00 0 
7fb45408a000-7fb458000000 ---p 00000000 00:00 0 
7fb458000000-7fb4580d9000 rw-p 00000000 00:00 0 
7fb4580d9000-7fb45c000000 ---p 00000000 00:00 0 
7fb45c0f9000-7fb45c0fa000 ---p 00000000 00:00 0 
7fb45c0fa000-7fb45c0fe000 ---p 00000000 00:00 0 
7fb45c0fe000-7fb45c1fa000 rw-p 00000000 00:00 0 
7fb45c1fa000-7fb45c1fb000 ---p 00000000 00:00 0 
7fb45c1fb000-7fb45c1ff000 ---p 00000000 00:00 0 
7fb45c1ff000-7fb45c2fb000 rw-p 00000000 00:00 0 
7fb45c2fb000-7fb45c2fc000 ---p 00000000 00:00 0 
7fb45c2fc000-7fb45c300000 ---p 00000000 00:00 0 
7fb45c300000-7fb45c3fc000 rw-p 00000000 00:00 0 
7fb45c3fc000-7fb45c3fd000 ---p 00000000 00:00 0 
7fb45c3fd000-7fb45c401000 ---p 00000000 00:00 0 
7fb45c401000-7fb45c4fd000 rw-p 00000000 00:00 0 
7fb45c4fd000-7fb45c4fe000 ---p 00000000 00:00 0 
7fb45c4fe000-7fb45c502000 ---p 00000000 00:00 0 
7fb45c502000-7fb45c5fe000 rw-p 00000000 00:00 0 
7fb45c5fe000-7fb45c5ff000 ---p 00000000 00:00 0 
7fb45c5ff000-7fb45c603000 ---p 00000000 00:00 0 
7fb45c603000-7fb45c6ff000 rw-p 00000000 00:00 0 
7fb45c6ff000-7fb45c700000 ---p 00000000 00:00 0 
7fb45c700000-7fb45c704000 ---p 00000000 00:00 0 
7fb45c704000-7fb45c800000 rw-p 00000000 00:00 0 
7fb45c800000-7fb45c853000 r-xp 00000000 fe:00 396867                     /root/.gradle/native/38dada09dfb8b06ba9b0570ebf7e218e3eb74d4ef43ca46872605cf95ebc2f47/linux-amd64/libnative-platform-file-events.so
7fb45c853000-7fb45ca52000 ---p 00053000 fe:00 396867                     /root/.gradle/native/38dada09dfb8b06ba9b0570ebf7e218e3eb74d4ef43ca46872605cf95ebc2f47/linux-amd64/libnative-platform-file-events.so
7fb45ca52000-7fb45ca53000 r--p 00052000 fe:00 396867                     /root/.gradle/native/38dada09dfb8b06ba9b0570ebf7e218e3eb74d4ef43ca46872605cf95ebc2f47/linux-amd64/libnative-platform-file-events.so
7fb45ca53000-7fb45ca55000 rw-p 00053000 fe:00 396867                     /root/.gradle/native/38dada09dfb8b06ba9b0570ebf7e218e3eb74d4ef43ca46872605cf95ebc2f47/linux-amd64/libnative-platform-file-events.so
7fb45caff000-7fb45cb00000 ---p 00000000 00:00 0 
7fb45cb00000-7fb45cb04000 ---p 00000000 00:00 0 
7fb45cb04000-7fb45cc00000 rw-p 00000000 00:00 0 
7fb45cc00000-7fb45cc05000 r-xp 00000000 fe:00 396850                     /root/.gradle/native/c067742578af261105cb4f569cf0c3c89f3d7b1fecec35dd04571415982c5e48/linux-amd64/libnative-platform.so
7fb45cc05000-7fb45ce05000 ---p 00005000 fe:00 396850                     /root/.gradle/native/c067742578af261105cb4f569cf0c3c89f3d7b1fecec35dd04571415982c5e48/linux-amd64/libnative-platform.so
7fb45ce05000-7fb45ce06000 r--p 00005000 fe:00 396850                     /root/.gradle/native/c067742578af261105cb4f569cf0c3c89f3d7b1fecec35dd04571415982c5e48/linux-amd64/libnative-platform.so
7fb45ce06000-7fb45ce07000 rw-p 00006000 fe:00 396850                     /root/.gradle/native/c067742578af261105cb4f569cf0c3c89f3d7b1fecec35dd04571415982c5e48/linux-amd64/libnative-platform.so
7fb45ce0a000-7fb45ce0b000 r--p 00000000 00:25 13837                      /usr/lib/jvm/java-17-openjdk-amd64/lib/librmi.so
7fb45ce0b000-7fb45ce0c000 r-xp 00001000 00:25 13837                      /usr/lib/jvm/java-17-openjdk-amd64/lib/librmi.so
7fb45ce0c000-7fb45ce0d000 r--p 00002000 00:25 13837                      /usr/lib/jvm/java-17-openjdk-amd64/lib/librmi.so
7fb45ce0d000-7fb45ce0e000 r--p 00002000 00:25 13837                      /usr/lib/jvm/java-17-openjdk-amd64/lib/librmi.so
7fb45ce0e000-7fb45ce0f000 rw-p 00003000 00:25 13837                      /usr/lib/jvm/java-17-openjdk-amd64/lib/librmi.so
7fb45ce0f000-7fb45ce10000 ---p 00000000 00:00 0 
7fb45ce10000-7fb45ce14000 ---p 00000000 00:00 0 
7fb45ce14000-7fb45ce32000 rw-p 00000000 00:00 0 
7fb45ce32000-7fb45ce33000 ---p 00000000 00:00 0 
7fb45ce33000-7fb45ce37000 ---p 00000000 00:00 0 
7fb45ce37000-7fb45cf33000 rw-p 00000000 00:00 0 
7fb45cf33000-7fb45cf34000 ---p 00000000 00:00 0 
7fb45cf34000-7fb45d034000 rw-p 00000000 00:00 0 
7fb45d034000-7fb45d035000 ---p 00000000 00:00 0 
7fb45d035000-7fb45d135000 rw-p 00000000 00:00 0 
7fb45d135000-7fb45d136000 ---p 00000000 00:00 0 
7fb45d136000-7fb45d13a000 ---p 00000000 00:00 0 
7fb45d13a000-7fb45d236000 rw-p 00000000 00:00 0 
7fb45d236000-7fb45d237000 ---p 00000000 00:00 0 
7fb45d237000-7fb45d23b000 ---p 00000000 00:00 0 
7fb45d23b000-7fb45d337000 rw-p 00000000 00:00 0 
7fb45d337000-7fb45d338000 ---p 00000000 00:00 0 
7fb45d338000-7fb45d33c000 ---p 00000000 00:00 0 
7fb45d33c000-7fb45d438000 rw-p 00000000 00:00 0 
7fb45d438000-7fb45d439000 ---p 00000000 00:00 0 
7fb45d439000-7fb45d43d000 ---p 00000000 00:00 0 
7fb45d43d000-7fb45d539000 rw-p 00000000 00:00 0 
7fb45d539000-7fb45d53a000 ---p 00000000 00:00 0 
7fb45d53a000-7fb45d53e000 ---p 00000000 00:00 0 
7fb45d53e000-7fb45d63a000 rw-p 00000000 00:00 0 
7fb45d63a000-7fb45d63b000 ---p 00000000 00:00 0 
7fb45d63b000-7fb45d63f000 ---p 00000000 00:00 0 
7fb45d63f000-7fb45d73b000 rw-p 00000000 00:00 0 
7fb45d73b000-7fb45d73c000 ---p 00000000 00:00 0 
7fb45d73c000-7fb45d740000 ---p 00000000 00:00 0 
7fb45d740000-7fb45d83c000 rw-p 00000000 00:00 0 
7fb45d83c000-7fb45d83d000 ---p 00000000 00:00 0 
7fb45d83d000-7fb45d841000 ---p 00000000 00:00 0 
7fb45d841000-7fb45d93d000 rw-p 00000000 00:00 0 
7fb45d93d000-7fb45d93e000 ---p 00000000 00:00 0 
7fb45d93e000-7fb45d942000 ---p 00000000 00:00 0 
7fb45d942000-7fb45da3e000 rw-p 00000000 00:00 0 
7fb45da3e000-7fb45da3f000 ---p 00000000 00:00 0 
7fb45da3f000-7fb45da43000 ---p 00000000 00:00 0 
7fb45da43000-7fb45db3f000 rw-p 00000000 00:00 0 
7fb45db3f000-7fb45db40000 ---p 00000000 00:00 0 
7fb45db40000-7fb45dc40000 rw-p 00000000 00:00 0 
7fb45dc40000-7fb45dc45000 r--p 00000000 00:25 13828                      /usr/lib/jvm/java-17-openjdk-amd64/lib/libjsvml.so
7fb45dc45000-7fb45dc86000 r-xp 00005000 00:25 13828                      /usr/lib/jvm/java-17-openjdk-amd64/lib/libjsvml.so
7fb45dc86000-7fb45dd0f000 r--p 00046000 00:25 13828                      /usr/lib/jvm/java-17-openjdk-amd64/lib/libjsvml.so
7fb45dd0f000-7fb45dd10000 r--p 000ce000 00:25 13828                      /usr/lib/jvm/java-17-openjdk-amd64/lib/libjsvml.so
7fb45dd10000-7fb45dd11000 rw-p 000cf000 00:25 13828                      /usr/lib/jvm/java-17-openjdk-amd64/lib/libjsvml.so
7fb45dd11000-7fb460365000 rw-p 00000000 00:00 0 
7fb460365000-7fb460909000 ---p 00000000 00:00 0 
7fb460909000-7fb460f65000 rw-p 00000000 00:00 0 
7fb460f65000-7fb461509000 ---p 00000000 00:00 0 
7fb461509000-7fb461511000 rw-p 00000000 00:00 0 
7fb461511000-7fb464c01000 rwxp 00000000 00:00 0 
7fb464c01000-7fb468a49000 ---p 00000000 00:00 0 
7fb468a49000-7fb468cb9000 rwxp 00000000 00:00 0 
7fb468cb9000-7fb468fd8000 ---p 00000000 00:00 0 
7fb468fd8000-7fb469b28000 rwxp 00000000 00:00 0 
7fb469b28000-7fb470511000 ---p 00000000 00:00 0 
7fb470511000-7fb478000000 r--s 00000000 00:25 13844                      /usr/lib/jvm/java-17-openjdk-amd64/lib/modules
7fb478000000-7fb479265000 rw-p 00000000 00:00 0 
7fb479265000-7fb47c000000 ---p 00000000 00:00 0 
7fb47c004000-7fb47c005000 r--p 00000000 00:25 13813                      /usr/lib/jvm/java-17-openjdk-amd64/lib/libextnet.so
7fb47c005000-7fb47c006000 r-xp 00001000 00:25 13813                      /usr/lib/jvm/java-17-openjdk-amd64/lib/libextnet.so
7fb47c006000-7fb47c007000 r--p 00002000 00:25 13813                      /usr/lib/jvm/java-17-openjdk-amd64/lib/libextnet.so
7fb47c007000-7fb47c008000 r--p 00002000 00:25 13813                      /usr/lib/jvm/java-17-openjdk-amd64/lib/libextnet.so
7fb47c008000-7fb47c009000 rw-p 00003000 00:25 13813                      /usr/lib/jvm/java-17-openjdk-amd64/lib/libextnet.so
7fb47c009000-7fb47c00b000 r--p 00000000 00:25 13832                      /usr/lib/jvm/java-17-openjdk-amd64/lib/libmanagement_ext.so
7fb47c00b000-7fb47c00e000 r-xp 00002000 00:25 13832                      /usr/lib/jvm/java-17-openjdk-amd64/lib/libmanagement_ext.so
7fb47c00e000-7fb47c00f000 r--p 00005000 00:25 13832                      /usr/lib/jvm/java-17-openjdk-amd64/lib/libmanagement_ext.so
7fb47c00f000-7fb47c010000 r--p 00006000 00:25 13832                      /usr/lib/jvm/java-17-openjdk-amd64/lib/libmanagement_ext.so
7fb47c010000-7fb47c011000 rw-p 00007000 00:25 13832                      /usr/lib/jvm/java-17-openjdk-amd64/lib/libmanagement_ext.so
7fb47c011000-7fb47c012000 r--p 00000000 00:25 18162                      /usr/lib/x86_64-linux-gnu/libpthread.so.0
7fb47c012000-7fb47c013000 r-xp 00001000 00:25 18162                      /usr/lib/x86_64-linux-gnu/libpthread.so.0
7fb47c013000-7fb47c014000 r--p 00002000 00:25 18162                      /usr/lib/x86_64-linux-gnu/libpthread.so.0
7fb47c014000-7fb47c015000 r--p 00002000 00:25 18162                      /usr/lib/x86_64-linux-gnu/libpthread.so.0
7fb47c015000-7fb47c016000 rw-p 00003000 00:25 18162                      /usr/lib/x86_64-linux-gnu/libpthread.so.0
7fb47c016000-7fb47c01a000 r--p 00000000 00:25 13842                      /usr/lib/jvm/java-17-openjdk-amd64/lib/libverify.so
7fb47c01a000-7fb47c021000 r-xp 00004000 00:25 13842                      /usr/lib/jvm/java-17-openjdk-amd64/lib/libverify.so
7fb47c021000-7fb47c023000 r--p 0000b000 00:25 13842                      /usr/lib/jvm/java-17-openjdk-amd64/lib/libverify.so
7fb47c023000-7fb47c025000 r--p 0000c000 00:25 13842                      /usr/lib/jvm/java-17-openjdk-amd64/lib/libverify.so
7fb47c025000-7fb47c026000 rw-p 0000e000 00:25 13842                      /usr/lib/jvm/java-17-openjdk-amd64/lib/libverify.so
7fb47c026000-7fb47c02a000 r--p 00000000 00:25 13834                      /usr/lib/jvm/java-17-openjdk-amd64/lib/libnet.so
7fb47c02a000-7fb47c038000 r-xp 00004000 00:25 13834                      /usr/lib/jvm/java-17-openjdk-amd64/lib/libnet.so
7fb47c038000-7fb47c03c000 r--p 00012000 00:25 13834                      /usr/lib/jvm/java-17-openjdk-amd64/lib/libnet.so
7fb47c03c000-7fb47c03d000 r--p 00015000 00:25 13834                      /usr/lib/jvm/java-17-openjdk-amd64/lib/libnet.so
7fb47c03d000-7fb47c03e000 rw-p 00016000 00:25 13834                      /usr/lib/jvm/java-17-openjdk-amd64/lib/libnet.so
7fb47c03e000-7fb47c095000 r--p 00000000 00:25 13893                      /usr/lib/locale/C.utf8/LC_CTYPE
7fb47c095000-7fb47c171000 rw-p 00000000 00:00 0 
7fb47c1b5000-7fb47c1b7000 r--p 00000000 00:25 13830                      /usr/lib/jvm/java-17-openjdk-amd64/lib/libmanagement.so
7fb47c1b7000-7fb47c1b8000 r-xp 00002000 00:25 13830                      /usr/lib/jvm/java-17-openjdk-amd64/lib/libmanagement.so
7fb47c1b8000-7fb47c1b9000 r--p 00003000 00:25 13830                      /usr/lib/jvm/java-17-openjdk-amd64/lib/libmanagement.so
7fb47c1b9000-7fb47c1ba000 r--p 00003000 00:25 13830                      /usr/lib/jvm/java-17-openjdk-amd64/lib/libmanagement.so
7fb47c1ba000-7fb47c1bb000 rw-p 00004000 00:25 13830                      /usr/lib/jvm/java-17-openjdk-amd64/lib/libmanagement.so
7fb47c1bb000-7fb47c1c2000 r--p 00000000 00:25 13835                      /usr/lib/jvm/java-17-openjdk-amd64/lib/libnio.so
7fb47c1c2000-7fb47c1cb000 r-xp 00007000 00:25 13835                      /usr/lib/jvm/java-17-openjdk-amd64/lib/libnio.so
7fb47c1cb000-7fb47c1cf000 r--p 00010000 00:25 13835                      /usr/lib/jvm/java-17-openjdk-amd64/lib/libnio.so
7fb47c1cf000-7fb47c1d0000 r--p 00014000 00:25 13835                      /usr/lib/jvm/java-17-openjdk-amd64/lib/libnio.so
7fb47c1d0000-7fb47c1d1000 rw-p 00015000 00:25 13835                      /usr/lib/jvm/java-17-openjdk-amd64/lib/libnio.so
7fb47c1d1000-7fb47c1d3000 r--p 00000000 00:25 13843                      /usr/lib/jvm/java-17-openjdk-amd64/lib/libzip.so
7fb47c1d3000-7fb47c1d7000 r-xp 00002000 00:25 13843                      /usr/lib/jvm/java-17-openjdk-amd64/lib/libzip.so
7fb47c1d7000-7fb47c1d9000 r--p 00006000 00:25 13843                      /usr/lib/jvm/java-17-openjdk-amd64/lib/libzip.so
7fb47c1d9000-7fb47c1da000 r--p 00007000 00:25 13843                      /usr/lib/jvm/java-17-openjdk-amd64/lib/libzip.so
7fb47c1da000-7fb47c1db000 rw-p 00008000 00:25 13843                      /usr/lib/jvm/java-17-openjdk-amd64/lib/libzip.so
7fb47c1db000-7fb47c1dc000 r--p 00000000 00:25 13899                      /usr/lib/locale/C.utf8/LC_NUMERIC
7fb47c1dc000-7fb47c1dd000 r--p 00000000 00:25 13902                      /usr/lib/locale/C.utf8/LC_TIME
7fb47c1dd000-7fb47c1de000 r--p 00000000 00:25 13892                      /usr/lib/locale/C.utf8/LC_COLLATE
7fb47c1de000-7fb47c1df000 r--p 00000000 00:25 13897                      /usr/lib/locale/C.utf8/LC_MONETARY
7fb47c1df000-7fb47c1e0000 r--p 00000000 00:25 13896                      /usr/lib/locale/C.utf8/LC_MESSAGES/SYS_LC_MESSAGES
7fb47c1e0000-7fb47c1e1000 r--p 00000000 00:25 13900                      /usr/lib/locale/C.utf8/LC_PAPER
7fb47c1e1000-7fb47c1e2000 r--p 00000000 00:25 13898                      /usr/lib/locale/C.utf8/LC_NAME
7fb47c1e2000-7fb47c1e9000 r--s 00000000 00:25 17585                      /usr/lib/x86_64-linux-gnu/gconv/gconv-modules.cache
7fb47c1e9000-7fb47c1ea000 ---p 00000000 00:00 0 
7fb47c1ea000-7fb47c2ea000 rw-p 00000000 00:00 0 
7fb47c2ea000-7fb47c2eb000 ---p 00000000 00:00 0 
7fb47c2eb000-7fb47c5ed000 rw-p 00000000 00:00 0 
7fb47c5ed000-7fb47c5ee000 ---p 00000000 00:00 0 
7fb47c5ee000-7fb47c6ee000 rw-p 00000000 00:00 0 
7fb47c6ee000-7fb47c6ef000 ---p 00000000 00:00 0 
7fb47c6ef000-7fb47c7ef000 rw-p 00000000 00:00 0 
7fb47c7ef000-7fb47c7f0000 ---p 00000000 00:00 0 
7fb47c7f0000-7fb47c9d5000 rw-p 00000000 00:00 0 
7fb47c9d5000-7fb47ca89000 ---p 00000000 00:00 0 
7fb47ca89000-7fb47cb55000 rw-p 00000000 00:00 0 
7fb47cb55000-7fb47cc09000 ---p 00000000 00:00 0 
7fb47cc09000-7fb47ccd5000 rw-p 00000000 00:00 0 
7fb47ccd5000-7fb47cd89000 ---p 00000000 00:00 0 
7fb47cd89000-7fb47cfa3000 rw-p 00000000 00:00 0 
7fb47cfa3000-7fb47d077000 ---p 00000000 00:00 0 
7fb47d077000-7fb47d0e5000 rw-p 00000000 00:00 0 
7fb47d0e5000-7fb47d162000 ---p 00000000 00:00 0 
7fb47d162000-7fb47d167000 rw-p 00000000 00:00 0 
7fb47d167000-7fb47d16e000 ---p 00000000 00:00 0 
7fb47d16e000-7fb47d176000 rw-s 00000000 fe:00 393902                     /tmp/hsperfdata_root/23896
7fb47d176000-7fb47d182000 r--p 00000000 00:25 13820                      /usr/lib/jvm/java-17-openjdk-amd64/lib/libjava.so
7fb47d182000-7fb47d193000 r-xp 0000c000 00:25 13820                      /usr/lib/jvm/java-17-openjdk-amd64/lib/libjava.so
7fb47d193000-7fb47d199000 r--p 0001d000 00:25 13820                      /usr/lib/jvm/java-17-openjdk-amd64/lib/libjava.so
7fb47d199000-7fb47d19a000 r--p 00022000 00:25 13820                      /usr/lib/jvm/java-17-openjdk-amd64/lib/libjava.so
7fb47d19a000-7fb47d19b000 rw-p 00023000 00:25 13820                      /usr/lib/jvm/java-17-openjdk-amd64/lib/libjava.so
7fb47d19b000-7fb47d19c000 rw-p 00000000 00:00 0 
7fb47d19c000-7fb47d19d000 r--p 00000000 00:25 13815                      /usr/lib/jvm/java-17-openjdk-amd64/lib/libinstrument.so
7fb47d19d000-7fb47d1a3000 r-xp 00001000 00:25 13815                      /usr/lib/jvm/java-17-openjdk-amd64/lib/libinstrument.so
7fb47d1a3000-7fb47d1a6000 r--p 00007000 00:25 13815                      /usr/lib/jvm/java-17-openjdk-amd64/lib/libinstrument.so
7fb47d1a6000-7fb47d1a7000 r--p 00009000 00:25 13815                      /usr/lib/jvm/java-17-openjdk-amd64/lib/libinstrument.so
7fb47d1a7000-7fb47d1a8000 rw-p 0000a000 00:25 13815                      /usr/lib/jvm/java-17-openjdk-amd64/lib/libinstrument.so
7fb47d1a8000-7fb47d1aa000 r--p 00000000 00:25 13824                      /usr/lib/jvm/java-17-openjdk-amd64/lib/libjimage.so
7fb47d1aa000-7fb47d1ad000 r-xp 00002000 00:25 13824                      /usr/lib/jvm/java-17-openjdk-amd64/lib/libjimage.so
7fb47d1ad000-7fb47d1ae000 r--p 00005000 00:25 13824                      /usr/lib/jvm/java-17-openjdk-amd64/lib/libjimage.so
7fb47d1ae000-7fb47d1af000 r--p 00006000 00:25 13824                      /usr/lib/jvm/java-17-openjdk-amd64/lib/libjimage.so
7fb47d1af000-7fb47d1b0000 rw-p 00007000 00:25 13824                      /usr/lib/jvm/java-17-openjdk-amd64/lib/libjimage.so
7fb47d1b0000-7fb47d1b4000 ---p 00000000 00:00 0 
7fb47d1b4000-7fb47d2b0000 rw-p 00000000 00:00 0 
7fb47d2b0000-7fb47d2b3000 r--p 00000000 00:25 17971                      /usr/lib/x86_64-linux-gnu/libgcc_s.so.1
7fb47d2b3000-7fb47d2ca000 r-xp 00003000 00:25 17971                      /usr/lib/x86_64-linux-gnu/libgcc_s.so.1
7fb47d2ca000-7fb47d2ce000 r--p 0001a000 00:25 17971                      /usr/lib/x86_64-linux-gnu/libgcc_s.so.1
7fb47d2ce000-7fb47d2cf000 r--p 0001d000 00:25 17971                      /usr/lib/x86_64-linux-gnu/libgcc_s.so.1
7fb47d2cf000-7fb47d2d0000 rw-p 0001e000 00:25 17971                      /usr/lib/x86_64-linux-gnu/libgcc_s.so.1
7fb47d2d0000-7fb47d2e0000 r--p 00000000 00:25 18072                      /usr/lib/x86_64-linux-gnu/libm.so.6
7fb47d2e0000-7fb47d354000 r-xp 00010000 00:25 18072                      /usr/lib/x86_64-linux-gnu/libm.so.6
7fb47d354000-7fb47d3ae000 r--p 00084000 00:25 18072                      /usr/lib/x86_64-linux-gnu/libm.so.6
7fb47d3ae000-7fb47d3af000 r--p 000dd000 00:25 18072                      /usr/lib/x86_64-linux-gnu/libm.so.6
7fb47d3af000-7fb47d3b0000 rw-p 000de000 00:25 18072                      /usr/lib/x86_64-linux-gnu/libm.so.6
7fb47d3b0000-7fb47d449000 r--p 00000000 00:25 18239                      /usr/lib/x86_64-linux-gnu/libstdc++.so.6.0.30
7fb47d449000-7fb47d54a000 r-xp 00099000 00:25 18239                      /usr/lib/x86_64-linux-gnu/libstdc++.so.6.0.30
7fb47d54a000-7fb47d5b9000 r--p 0019a000 00:25 18239                      /usr/lib/x86_64-linux-gnu/libstdc++.so.6.0.30
7fb47d5b9000-7fb47d5c4000 r--p 00209000 00:25 18239                      /usr/lib/x86_64-linux-gnu/libstdc++.so.6.0.30
7fb47d5c4000-7fb47d5c7000 rw-p 00214000 00:25 18239                      /usr/lib/x86_64-linux-gnu/libstdc++.so.6.0.30
7fb47d5c7000-7fb47d5ca000 rw-p 00000000 00:00 0 
7fb47d5ca000-7fb47d81b000 r--p 00000000 00:25 13856                      /usr/lib/jvm/java-17-openjdk-amd64/lib/server/libjvm.so
7fb47d81b000-7fb47e56d000 r-xp 00251000 00:25 13856                      /usr/lib/jvm/java-17-openjdk-amd64/lib/server/libjvm.so
7fb47e56d000-7fb47e7ef000 r--p 00fa3000 00:25 13856                      /usr/lib/jvm/java-17-openjdk-amd64/lib/server/libjvm.so
7fb47e7ef000-7fb47e8a7000 r--p 01225000 00:25 13856                      /usr/lib/jvm/java-17-openjdk-amd64/lib/server/libjvm.so
7fb47e8a7000-7fb47e8dc000 rw-p 012dd000 00:25 13856                      /usr/lib/jvm/java-17-openjdk-amd64/lib/server/libjvm.so
7fb47e8dc000-7fb47e938000 rw-p 00000000 00:00 0 
7fb47e938000-7fb47e95e000 r--p 00000000 00:25 17860                      /usr/lib/x86_64-linux-gnu/libc.so.6
7fb47e95e000-7fb47eab4000 r-xp 00026000 00:25 17860                      /usr/lib/x86_64-linux-gnu/libc.so.6
7fb47eab4000-7fb47eb07000 r--p 0017c000 00:25 17860                      /usr/lib/x86_64-linux-gnu/libc.so.6
7fb47eb07000-7fb47eb0b000 r--p 001cf000 00:25 17860                      /usr/lib/x86_64-linux-gnu/libc.so.6
7fb47eb0b000-7fb47eb0d000 rw-p 001d3000 00:25 17860                      /usr/lib/x86_64-linux-gnu/libc.so.6
7fb47eb0d000-7fb47eb1a000 rw-p 00000000 00:00 0 
7fb47eb1a000-7fb47eb1c000 r--p 00000000 00:25 13825                      /usr/lib/jvm/java-17-openjdk-amd64/lib/libjli.so
7fb47eb1c000-7fb47eb25000 r-xp 00002000 00:25 13825                      /usr/lib/jvm/java-17-openjdk-amd64/lib/libjli.so
7fb47eb25000-7fb47eb28000 r--p 0000b000 00:25 13825                      /usr/lib/jvm/java-17-openjdk-amd64/lib/libjli.so
7fb47eb28000-7fb47eb29000 r--p 0000d000 00:25 13825                      /usr/lib/jvm/java-17-openjdk-amd64/lib/libjli.so
7fb47eb29000-7fb47eb2a000 rw-p 0000e000 00:25 13825                      /usr/lib/jvm/java-17-openjdk-amd64/lib/libjli.so
7fb47eb2a000-7fb47eb2d000 r--p 00000000 00:25 1006                       /usr/lib/x86_64-linux-gnu/libz.so.1.2.13
7fb47eb2d000-7fb47eb40000 r-xp 00003000 00:25 1006                       /usr/lib/x86_64-linux-gnu/libz.so.1.2.13
7fb47eb40000-7fb47eb47000 r--p 00016000 00:25 1006                       /usr/lib/x86_64-linux-gnu/libz.so.1.2.13
7fb47eb47000-7fb47eb48000 r--p 0001c000 00:25 1006                       /usr/lib/x86_64-linux-gnu/libz.so.1.2.13
7fb47eb48000-7fb47eb49000 rw-p 0001d000 00:25 1006                       /usr/lib/x86_64-linux-gnu/libz.so.1.2.13
7fb47eb49000-7fb47eb4a000 r--p 00000000 00:25 13891                      /usr/lib/locale/C.utf8/LC_ADDRESS
7fb47eb4a000-7fb47eb4b000 r--p 00000000 00:25 13901                      /usr/lib/locale/C.utf8/LC_TELEPHONE
7fb47eb4b000-7fb47eb4c000 r--p 00000000 00:25 13895                      /usr/lib/locale/C.utf8/LC_MEASUREMENT
7fb47eb4c000-7fb47eb4d000 r--p 00000000 00:25 13894                      /usr/lib/locale/C.utf8/LC_IDENTIFICATION
7fb47eb4d000-7fb47eb4e000 ---p 00000000 00:00 0 
7fb47eb4e000-7fb47eb4f000 r--p 00000000 00:00 0 
7fb47eb4f000-7fb47eb50000 ---p 00000000 00:00 0 
7fb47eb50000-7fb47eb52000 rw-p 00000000 00:00 0 
7fb47eb52000-7fb47eb53000 r--p 00000000 00:25 17646                      /usr/lib/x86_64-linux-gnu/ld-linux-x86-64.so.2
7fb47eb53000-7fb47eb79000 r-xp 00001000 00:25 17646                      /usr/lib/x86_64-linux-gnu/ld-linux-x86-64.so.2
7fb47eb79000-7fb47eb83000 r--p 00027000 00:25 17646                      /usr/lib/x86_64-linux-gnu/ld-linux-x86-64.so.2
7fb47eb83000-7fb47eb85000 r--p 00031000 00:25 17646                      /usr/lib/x86_64-linux-gnu/ld-linux-x86-64.so.2
7fb47eb85000-7fb47eb87000 rw-p 00033000 00:25 17646                      /usr/lib/x86_64-linux-gnu/ld-linux-x86-64.so.2
7ffc71d25000-7ffc71d46000 rw-p 00000000 00:00 0                          [stack]
7ffc71dde000-7ffc71de1000 r--p 00000000 00:00 0                          [vvar]
7ffc71de1000-7ffc71de3000 r-xp 00000000 00:00 0                          [vdso]
ffffffffff600000-ffffffffff601000 r-xp 00000000 00:00 0                  [vsyscall]


VM Arguments:
jvm_args: -XX:MaxMetaspaceSize=256m --add-opens=java.base/java.util=ALL-UNNAMED --add-opens=java.base/java.lang=ALL-UNNAMED --add-opens=java.base/java.lang.invoke=ALL-UNNAMED --add-opens=java.prefs/java.util.prefs=ALL-UNNAMED --add-opens=java.base/java.nio.charset=ALL-UNNAMED --add-opens=java.base/java.net=ALL-UNNAMED --add-opens=java.base/java.util.concurrent.atomic=ALL-UNNAMED -Xmx768m -Dfile.encoding=UTF-8 -Duser.country -Duser.language=en -Duser.variant -javaagent:/root/.gradle/wrapper/dists/gradle-8.5-bin/5t9huq95ubn472n8rpzujfbqh/gradle-8.5/lib/agents/gradle-instrumentation-agent-8.5.jar 
java_command: org.gradle.launcher.daemon.bootstrap.GradleDaemon 8.5
java_class_path (initial): /root/.gradle/wrapper/dists/gradle-8.5-bin/5t9huq95ubn472n8rpzujfbqh/gradle-8.5/lib/gradle-launcher-8.5.jar
Launcher Type: SUN_STANDARD

[Global flags]
     intx CICompilerCount                          = 2                                         {product} {ergonomic}
   size_t CompressedClassSpaceSize                 = 218103808                                 {product} {ergonomic}
     uint ConcGCThreads                            = 1                                         {product} {ergonomic}
     uint G1ConcRefinementThreads                  = 2                                         {product} {ergonomic}
   size_t G1HeapRegionSize                         = 1048576                                   {product} {ergonomic}
    uintx GCDrainStackTargetSize                   = 64                                        {product} {ergonomic}
   size_t InitialHeapSize                          = 33554432                                  {product} {ergonomic}
   size_t MarkStackSize                            = 4194304                                   {product} {ergonomic}
   size_t MaxHeapSize                              = 805306368                                 {product} {command line}
   size_t MaxMetaspaceSize                         = 268435456                                 {product} {command line}
   size_t MaxNewSize                               = 482344960                                 {product} {ergonomic}
   size_t MinHeapDeltaBytes                        = 1048576                                   {product} {ergonomic}
   size_t MinHeapSize                              = 8388608                                   {product} {ergonomic}
    uintx NonNMethodCodeHeapSize                   = 5826188                                {pd product} {ergonomic}
    uintx NonProfiledCodeHeapSize                  = 122916026                              {pd product} {ergonomic}
    uintx ProfiledCodeHeapSize                     = 122916026                              {pd product} {ergonomic}
    uintx ReservedCodeCacheSize                    = 251658240                              {pd product} {ergonomic}
     bool SegmentedCodeCache                       = true                                      {product} {ergonomic}
   size_t SoftMaxHeapSize                          = 805306368                              {manageable} {ergonomic}
     bool UseCompressedClassPointers               = true                           {product lp64_product} {ergonomic}
     bool UseCompressedOops                        = true                           {product lp64_product} {ergonomic}
     bool UseG1GC                                  = true                                      {product} {ergonomic}

Logging:
Log output configuration:
 #0: stdout all=warning uptime,level,tags
 #1: stderr all=off uptime,level,tags

Environment Variables:
JAVA_HOME=/usr/lib/jvm/java-17-openjdk-amd64
PATH=/usr/local/sbin:/usr/local/bin:/usr/sbin:/usr/bin:/sbin:/bin
SHELL=/bin/bash
LANG=C.UTF-8
LC_ALL=C.UTF-8
TERM=tmux-256color

Active Locale:
LC_ALL=C.UTF-8
LC_COLLATE=C.UTF-8
LC_CTYPE=C.UTF-8
LC_MESSAGES=C.UTF-8
LC_MONETARY=C.UTF-8
LC_NUMERIC=C.UTF-8
LC_TIME=C.UTF-8

Signal Handlers:
   SIGSEGV: crash_handler in libjvm.so, mask=11100100010111111101111111111110, flags=SA_RESTART|SA_SIGINFO, unblocked
    SIGBUS: crash_handler in libjvm.so, mask=11100100010111111101111111111110, flags=SA_RESTART|SA_SIGINFO, unblocked
    SIGFPE: crash_handler in libjvm.so, mask=11100100010111111101111111111110, flags=SA_RESTART|SA_SIGINFO, unblocked
   SIGPIPE: javaSignalHandler in libjvm.so, mask=11100100010111111101111111111110, flags=SA_RESTART|SA_SIGINFO, unblocked
   SIGXFSZ: javaSignalHandler in libjvm.so, mask=11100100010111111101111111111110, flags=SA_RESTART|SA_SIGINFO, unblocked
    SIGILL: crash_handler in libjvm.so, mask=11100100010111111101111111111110, flags=SA_RESTART|SA_SIGINFO, unblocked
   SIGUSR2: SR_handler in libjvm.so, mask=00100000000000000000000000000000, flags=SA_RESTART|SA_SIGINFO, unblocked
    SIGHUP: UserHandler in libjvm.so, mask=11100100010111111101111111111110, flags=SA_RESTART|SA_SIGINFO, unblocked
    SIGINT: UserHandler in libjvm.so, mask=11100100010111111101111111111110, flags=SA_RESTART|SA_SIGINFO, unblocked
   SIGTERM: UserHandler in libjvm.so, mask=11100100010111111101111111111110, flags=SA_RESTART|SA_SIGINFO, unblocked
   SIGQUIT: UserHandler in libjvm.so, mask=11100100010111111101111111111110, flags=SA_RESTART|SA_SIGINFO, unblocked
   SIGTRAP: crash_handler in libjvm.so, mask=11100100010111111101111111111110, flags=SA_RESTART|SA_SIGINFO, unblocked


Periodic native trim disabled


---------------  S Y S T E M  ---------------

OS:
PRETTY_NAME="Debian GNU/Linux 12 (bookworm)"
NAME="Debian GNU/Linux"
VERSION_ID="12"
VERSION="12 (bookworm)"
VERSION_CODENAME=bookworm
ID=debian
HOME_URL="https://www.debian.org/"
SUPPORT_URL="https://www.debian.org/support"
BUG_REPORT_URL="https://bugs.debian.org/"
uname: Linux 4.19.91-c8dfc93.al7.x86_64 #1 SMP Tue Sep 26 10:25:51 UTC 2023 x86_64
OS uptime: 0 days 4:07 hours
libc: glibc 2.36 NPTL 2.36 
rlimit (soft/hard): STACK 8192k/infinity , CORE 0k/0k , NPROC 100000/100000 , NOFILE 100000/100000 , AS infinity/infinity , CPU infinity/infinity , DATA infinity/infinity , FSIZE infinity/infinity , MEMLOCK 64k/64k
load average: 2.42 1.25 0.68

/proc/meminfo:
MemTotal:        2152516 kB
MemFree:           34368 kB
MemAvailable:      20348 kB
Buffers:            1692 kB
Cached:            18572 kB
SwapCached:            0 kB
Active:          2022708 kB
Inactive:           9676 kB
Active(anon):    2012240 kB
Inactive(anon):       16 kB
Active(file):      10468 kB
Inactive(file):     9660 kB
Unevictable:           0 kB
Mlocked:               0 kB
SwapTotal:             0 kB
SwapFree:              0 kB
Dirty:               240 kB
Writeback:             0 kB
AnonPages:       2012220 kB
Mapped:            14276 kB
Shmem:                36 kB
Slab:              33296 kB
SReclaimable:      19280 kB
SUnreclaim:        14016 kB
KernelStack:        3776 kB
PageTables:         6220 kB
NFS_Unstable:          0 kB
Bounce:                0 kB
WritebackTmp:          0 kB
CommitLimit:     1076256 kB
Committed_AS:    2385908 kB
VmallocTotal:   34359738367 kB
VmallocUsed:           0 kB
VmallocChunk:          0 kB
Percpu:              384 kB
AnonHugePages:    212992 kB
ShmemHugePages:        0 kB
ShmemPmdMapped:        0 kB
HugePages_Total:       0
HugePages_Free:        0
HugePages_Rsvd:        0
HugePages_Surp:        0
Hugepagesize:       2048 kB
Hugetlb:               0 kB
DirectMap4k:        8192 kB
DirectMap2M:     2523136 kB
DirectMap1G:           0 kB

/sys/kernel/mm/transparent_hugepage/enabled: [always] madvise never
/sys/kernel/mm/transparent_hugepage/hpage_pmd_size: 2097152
/sys/kernel/mm/transparent_hugepage/defrag (defrag/compaction efforts parameter): always defer defer+madvise madvise [never]

Process Memory:
Virtual Size: 2819668K (peak: 2890324K)
Resident Set Size: 848436K (peak: 848472K) (anon: 836968K, file: 11468K, shmem: 0K)
Swapped out: 0K
C-Heap outstanding allocations: 124140K, retained: 37659K
glibc malloc tunables: (default)

/proc/sys/kernel/threads-max (system-wide limit on the number of threads): 1129
/proc/sys/vm/max_map_count (maximum number of memory map areas a process may have): 65530
/proc/sys/vm/swappiness (control to define how aggressively the kernel swaps out anonymous memory): 60
/proc/sys/kernel/pid_max (system-wide limit on number of process identifiers): 32768

container (cgroup) information:
container_type: cgroupv1
cpu_cpuset_cpus: 0-1
cpu_memory_nodes: 0
active_processor_count: 2
cpu_quota: no quota
cpu_period: 100000
cpu_shares: 12288
memory_limit_in_bytes: 2097152 k
memory_and_swap_limit_in_bytes: unlimited
memory_soft_limit_in_bytes: unlimited
memory_usage_in_bytes: 2051344 k
memory_max_usage_in_bytes: 2058376 k
rss_usage_in_bytes: 2001496 k
cache_usage_in_bytes: 20208 k
kernel_memory_limit_in_bytes: unlimited
kernel_memory_usage_in_bytes: 29288 k
kernel_memory_max_usage_in_bytes: 103676 k
maximum number of tasks: unlimited
current number of tasks: 159

KVM virtualization detected
Steal ticks since vm start: 17045
Steal ticks percentage since vm start:  0.477

CPU: total 2 (initial active 2) (2 cores per cpu, 1 threads per core) family 6 model 85 stepping 7 microcode 0x1, cx8, cmov, fxsr, mmx, 3dnowpref, sse, sse2, sse3, ssse3, sse4.1, sse4.2, popcnt, lzcnt, tsc, tscinvbit, avx, avx2, aes, erms, clmul, bmi1, bmi2, adx, avx512f, avx512dq, avx512cd, avx512bw, avx512vl, fma, vzeroupper, avx512_vnni, clflush, clflushopt, clwb, hv
CPU Model and flags from /proc/cpuinfo:
model name	: Intel(R) Xeon(R) Processor @ 2.50GHz
flags		: fpu vme de pse tsc msr pae mce cx8 apic sep mtrr pge mca cmov pat pse36 clflush mmx fxsr sse sse2 ss ht syscall nx pdpe1gb rdtscp lm constant_tsc rep_good nopl xtopology nonstop_tsc cpuid tsc_known_freq pni pclmulqdq ssse3 fma cx16 pcid sse4_1 sse4_2 x2apic movbe popcnt tsc_deadline_timer aes xsave avx f16c rdrand hypervisor lahf_lm abm 3dnowprefetch cpuid_fault invpcid_single ssbd ibrs ibpb stibp ibrs_enhanced fsgsbase tsc_adjust bmi1 avx2 smep bmi2 erms invpcid mpx avx512f avx512dq rdseed adx smap clflushopt clwb avx512cd avx512bw avx512vl xsaveopt xsavec xgetbv1 xsaves umip avx512_vnni md_clear arch_capabilities

Online cpus: 0-1
Offline cpus: 
BIOS frequency limitation: <Not Available>
Frequency switch latency (ns): <Not Available>
Available cpu frequencies: <Not Available>
Current governor: <Not Available>
Core performance/turbo boost: <Not Available>

Memory: 4k page, physical 2097152k(45808k free), swap 0k(0k free)
Page Sizes: 4k

vm_info: OpenJDK 64-Bit Server VM (17.0.20+8-1-deb12u1-Debian) for linux-amd64 JRE (17.0.20+8-1-deb12u1-Debian), built on Jul 28 2026 07:08:51 by "buildd" with gcc 12.2.0

END.
